index,experiment,sample_index,filename,source_text,target_text,input_noise_standard_deviation,input_noise_seed,masking_proportion,masked_square,masked_token_indices,style_mask_seed,generation_seed,ocr_predicted_text,ACC,NED,CER,character_1_correct,character_2_correct,character_3_correct,character_4_correct,character_5_correct,input_path,output_path
0,proportion,0,47442.png,nigre,a6uhq,7.558796336230698,3003,0.0,,[],100042,200042,aaculng,0.0,0.2857142857142857,1.0,1.0,0.0,0.0,0.0,0.0,/home/ekim339/projects/SD3.5/experiments/style_encoder/results/inputs/0000_47442.png,/home/ekim339/projects/SD3.5/experiments/style_encoder/results/generated/proportions/mask-0p0/0000.png
1,proportion,0,47442.png,nigre,a6uhq,7.558796336230698,3003,0.1,,[],100043,200042,aquhq,0.0,0.8,0.2,1.0,0.0,1.0,1.0,1.0,/home/ekim339/projects/SD3.5/experiments/style_encoder/results/inputs/0000_47442.png,/home/ekim339/projects/SD3.5/experiments/style_encoder/results/generated/proportions/mask-0p1/0000.png
2,proportion,0,47442.png,nigre,a6uhq,7.558796336230698,3003,0.3,,[],100045,200042,aouhq,0.0,0.8,0.2,1.0,0.0,1.0,1.0,1.0,/home/ekim339/projects/SD3.5/experiments/style_encoder/results/inputs/0000_47442.png,/home/ekim339/projects/SD3.5/experiments/style_encoder/results/generated/proportions/mask-0p3/0000.png
3,proportion,0,47442.png,nigre,a6uhq,7.558796336230698,3003,0.5,,[],100047,200042,acuhq,0.0,0.8,0.2,1.0,0.0,1.0,1.0,1.0,/home/ekim339/projects/SD3.5/experiments/style_encoder/results/inputs/0000_47442.png,/home/ekim339/projects/SD3.5/experiments/style_encoder/results/generated/proportions/mask-0p5/0000.png
4,proportion,0,47442.png,nigre,a6uhq,7.558796336230698,3003,0.7,,[],100049,200042,acuhq,0.0,0.8,0.2,1.0,0.0,1.0,1.0,1.0,/home/ekim339/projects/SD3.5/experiments/style_encoder/results/inputs/0000_47442.png,/home/ekim339/projects/SD3.5/experiments/style_encoder/results/generated/proportions/mask-0p7/0000.png
5,patch,0,47442.png,nigre,a6uhq,7.558796336230698,3003,0.0,,[],,200042,aaculng,0.0,0.2857142857142857,1.0,1.0,0.0,0.0,0.0,0.0,/home/ekim339/projects/SD3.5/experiments/style_encoder/results/inputs/0000_47442.png,/home/ekim339/projects/SD3.5/experiments/style_encoder/results/generated/patches/none/0000.png
6,patch,0,47442.png,nigre,a6uhq,7.558796336230698,3003,0.0,"[0, 0]","[0, 1, 2, 3, 16, 17, 18, 19, 32, 33, 34, 35, 48, 49, 50, 51]",,200042,aquhq,0.0,0.8,0.2,1.0,0.0,1.0,1.0,1.0,/home/ekim339/projects/SD3.5/experiments/style_encoder/results/inputs/0000_47442.png,/home/ekim339/projects/SD3.5/experiments/style_encoder/results/generated/patches/r0c0/0000.png
7,patch,0,47442.png,nigre,a6uhq,7.558796336230698,3003,0.0,"[0, 1]","[4, 5, 6, 7, 20, 21, 22, 23, 36, 37, 38, 39, 52, 53, 54, 55]",,200042,anauhgar,0.0,0.375,1.0,1.0,0.0,0.0,0.0,0.0,/home/ekim339/projects/SD3.5/experiments/style_encoder/results/inputs/0000_47442.png,/home/ekim339/projects/SD3.5/experiments/style_encoder/results/generated/patches/r0c1/0000.png
8,patch,0,47442.png,nigre,a6uhq,7.558796336230698,3003,0.0,"[0, 2]","[8, 9, 10, 11, 24, 25, 26, 27, 40, 41, 42, 43, 56, 57, 58, 59]",,200042,aqauhq,0.0,0.6666666666666667,0.4,1.0,0.0,0.0,0.0,0.0,/home/ekim339/projects/SD3.5/experiments/style_encoder/results/inputs/0000_47442.png,/home/ekim339/projects/SD3.5/experiments/style_encoder/results/generated/patches/r0c2/0000.png
9,patch,0,47442.png,nigre,a6uhq,7.558796336230698,3003,0.0,"[0, 3]","[12, 13, 14, 15, 28, 29, 30, 31, 44, 45, 46, 47, 60, 61, 62, 63]",,200042,aarguhya,0.0,0.375,1.0,1.0,0.0,0.0,0.0,0.0,/home/ekim339/projects/SD3.5/experiments/style_encoder/results/inputs/0000_47442.png,/home/ekim339/projects/SD3.5/experiments/style_encoder/results/generated/patches/r0c3/0000.png
10,patch,0,47442.png,nigre,a6uhq,7.558796336230698,3003,0.0,"[1, 0]","[64, 65, 66, 67, 80, 81, 82, 83, 96, 97, 98, 99, 112, 113, 114, 115]",,200042,acuhq,0.0,0.8,0.2,1.0,0.0,1.0,1.0,1.0,/home/ekim339/projects/SD3.5/experiments/style_encoder/results/inputs/0000_47442.png,/home/ekim339/projects/SD3.5/experiments/style_encoder/results/generated/patches/r1c0/0000.png
11,patch,0,47442.png,nigre,a6uhq,7.558796336230698,3003,0.0,"[1, 1]","[68, 69, 70, 71, 84, 85, 86, 87, 100, 101, 102, 103, 116, 117, 118, 119]",,200042,aaquiqaa,0.0,0.375,1.0,1.0,0.0,0.0,0.0,0.0,/home/ekim339/projects/SD3.5/experiments/style_encoder/results/inputs/0000_47442.png,/home/ekim339/projects/SD3.5/experiments/style_encoder/results/generated/patches/r1c1/0000.png
12,patch,0,47442.png,nigre,a6uhq,7.558796336230698,3003,0.0,"[1, 2]","[72, 73, 74, 75, 88, 89, 90, 91, 104, 105, 106, 107, 120, 121, 122, 123]",,200042,aaduhqja,0.0,0.5,0.8,1.0,0.0,0.0,0.0,0.0,/home/ekim339/projects/SD3.5/experiments/style_encoder/results/inputs/0000_47442.png,/home/ekim339/projects/SD3.5/experiments/style_encoder/results/generated/patches/r1c2/0000.png
13,patch,0,47442.png,nigre,a6uhq,7.558796336230698,3003,0.0,"[1, 3]","[76, 77, 78, 79, 92, 93, 94, 95, 108, 109, 110, 111, 124, 125, 126, 127]",,200042,aquiq,0.0,0.6,0.4,1.0,0.0,1.0,0.0,1.0,/home/ekim339/projects/SD3.5/experiments/style_encoder/results/inputs/0000_47442.png,/home/ekim339/projects/SD3.5/experiments/style_encoder/results/generated/patches/r1c3/0000.png
14,patch,0,47442.png,nigre,a6uhq,7.558796336230698,3003,0.0,"[2, 0]","[128, 129, 130, 131, 144, 145, 146, 147, 160, 161, 162, 163, 176, 177, 178, 179]",,200042,acuhq,0.0,0.8,0.2,1.0,0.0,1.0,1.0,1.0,/home/ekim339/projects/SD3.5/experiments/style_encoder/results/inputs/0000_47442.png,/home/ekim339/projects/SD3.5/experiments/style_encoder/results/generated/patches/r2c0/0000.png
15,patch,0,47442.png,nigre,a6uhq,7.558796336230698,3003,0.0,"[2, 1]","[132, 133, 134, 135, 148, 149, 150, 151, 164, 165, 166, 167, 180, 181, 182, 183]",,200042,anguhqa,0.0,0.5714285714285714,0.6,1.0,0.0,0.0,0.0,0.0,/home/ekim339/projects/SD3.5/experiments/style_encoder/results/inputs/0000_47442.png,/home/ekim339/projects/SD3.5/experiments/style_encoder/results/generated/patches/r2c1/0000.png
16,patch,0,47442.png,nigre,a6uhq,7.558796336230698,3003,0.0,"[2, 2]","[136, 137, 138, 139, 152, 153, 154, 155, 168, 169, 170, 171, 184, 185, 186, 187]",,200042,anguhqa,0.0,0.5714285714285714,0.6,1.0,0.0,0.0,0.0,0.0,/home/ekim339/projects/SD3.5/experiments/style_encoder/results/inputs/0000_47442.png,/home/ekim339/projects/SD3.5/experiments/style_encoder/results/generated/patches/r2c2/0000.png
17,patch,0,47442.png,nigre,a6uhq,7.558796336230698,3003,0.0,"[2, 3]","[140, 141, 142, 143, 156, 157, 158, 159, 172, 173, 174, 175, 188, 189, 190, 191]",,200042,aquiq,0.0,0.6,0.4,1.0,0.0,1.0,0.0,1.0,/home/ekim339/projects/SD3.5/experiments/style_encoder/results/inputs/0000_47442.png,/home/ekim339/projects/SD3.5/experiments/style_encoder/results/generated/patches/r2c3/0000.png
18,patch,0,47442.png,nigre,a6uhq,7.558796336230698,3003,0.0,"[3, 0]","[192, 193, 194, 195, 208, 209, 210, 211, 224, 225, 226, 227, 240, 241, 242, 243]",,200042,aquhq,0.0,0.8,0.2,1.0,0.0,1.0,1.0,1.0,/home/ekim339/projects/SD3.5/experiments/style_encoder/results/inputs/0000_47442.png,/home/ekim339/projects/SD3.5/experiments/style_encoder/results/generated/patches/r3c0/0000.png
19,patch,0,47442.png,nigre,a6uhq,7.558796336230698,3003,0.0,"[3, 1]","[196, 197, 198, 199, 212, 213, 214, 215, 228, 229, 230, 231, 244, 245, 246, 247]",,200042,anrihqa,0.0,0.4285714285714286,0.8,1.0,0.0,0.0,0.0,0.0,/home/ekim339/projects/SD3.5/experiments/style_encoder/results/inputs/0000_47442.png,/home/ekim339/projects/SD3.5/experiments/style_encoder/results/generated/patches/r3c1/0000.png
20,patch,0,47442.png,nigre,a6uhq,7.558796336230698,3003,0.0,"[3, 2]","[200, 201, 202, 203, 216, 217, 218, 219, 232, 233, 234, 235, 248, 249, 250, 251]",,200042,aariuhga,0.0,0.375,1.0,1.0,0.0,0.0,0.0,0.0,/home/ekim339/projects/SD3.5/experiments/style_encoder/results/inputs/0000_47442.png,/home/ekim339/projects/SD3.5/experiments/style_encoder/results/generated/patches/r3c2/0000.png
21,patch,0,47442.png,nigre,a6uhq,7.558796336230698,3003,0.0,"[3, 3]","[204, 205, 206, 207, 220, 221, 222, 223, 236, 237, 238, 239, 252, 253, 254, 255]",,200042,aicruhg,0.0,0.4285714285714286,0.8,1.0,0.0,0.0,0.0,0.0,/home/ekim339/projects/SD3.5/experiments/style_encoder/results/inputs/0000_47442.png,/home/ekim339/projects/SD3.5/experiments/style_encoder/results/generated/patches/r3c3/0000.png
22,proportion,1,09864.png,manit,sahr6,9.288307491545766,3004,0.0,,[],100052,200043,sahro,0.0,0.8,0.2,1.0,1.0,1.0,1.0,0.0,/home/ekim339/projects/SD3.5/experiments/style_encoder/results/inputs/0001_09864.png,/home/ekim339/projects/SD3.5/experiments/style_encoder/results/generated/proportions/mask-0p0/0001.png
23,proportion,1,09864.png,manit,sahr6,9.288307491545766,3004,0.1,,[],100053,200043,sahro,0.0,0.8,0.2,1.0,1.0,1.0,1.0,0.0,/home/ekim339/projects/SD3.5/experiments/style_encoder/results/inputs/0001_09864.png,/home/ekim339/projects/SD3.5/experiments/style_encoder/results/generated/proportions/mask-0p1/0001.png
24,proportion,1,09864.png,manit,sahr6,9.288307491545766,3004,0.3,,[],100055,200043,sahro,0.0,0.8,0.2,1.0,1.0,1.0,1.0,0.0,/home/ekim339/projects/SD3.5/experiments/style_encoder/results/inputs/0001_09864.png,/home/ekim339/projects/SD3.5/experiments/style_encoder/results/generated/proportions/mask-0p3/0001.png
25,proportion,1,09864.png,manit,sahr6,9.288307491545766,3004,0.5,,[],100057,200043,sahro,0.0,0.8,0.2,1.0,1.0,1.0,1.0,0.0,/home/ekim339/projects/SD3.5/experiments/style_encoder/results/inputs/0001_09864.png,/home/ekim339/projects/SD3.5/experiments/style_encoder/results/generated/proportions/mask-0p5/0001.png
26,proportion,1,09864.png,manit,sahr6,9.288307491545766,3004,0.7,,[],100059,200043,sahro,0.0,0.8,0.2,1.0,1.0,1.0,1.0,0.0,/home/ekim339/projects/SD3.5/experiments/style_encoder/results/inputs/0001_09864.png,/home/ekim339/projects/SD3.5/experiments/style_encoder/results/generated/proportions/mask-0p7/0001.png
27,patch,1,09864.png,manit,sahr6,9.288307491545766,3004,0.0,,[],,200043,sahro,0.0,0.8,0.2,1.0,1.0,1.0,1.0,0.0,/home/ekim339/projects/SD3.5/experiments/style_encoder/results/inputs/0001_09864.png,/home/ekim339/projects/SD3.5/experiments/style_encoder/results/generated/patches/none/0001.png
28,patch,1,09864.png,manit,sahr6,9.288307491545766,3004,0.0,"[0, 0]","[0, 1, 2, 3, 16, 17, 18, 19, 32, 33, 34, 35, 48, 49, 50, 51]",,200043,sahro,0.0,0.8,0.2,1.0,1.0,1.0,1.0,0.0,/home/ekim339/projects/SD3.5/experiments/style_encoder/results/inputs/0001_09864.png,/home/ekim339/projects/SD3.5/experiments/style_encoder/results/generated/patches/r0c0/0001.png
29,patch,1,09864.png,manit,sahr6,9.288307491545766,3004,0.0,"[0, 1]","[4, 5, 6, 7, 20, 21, 22, 23, 36, 37, 38, 39, 52, 53, 54, 55]",,200043,sahro,0.0,0.8,0.2,1.0,1.0,1.0,1.0,0.0,/home/ekim339/projects/SD3.5/experiments/style_encoder/results/inputs/0001_09864.png,/home/ekim339/projects/SD3.5/experiments/style_encoder/results/generated/patches/r0c1/0001.png
30,patch,1,09864.png,manit,sahr6,9.288307491545766,3004,0.0,"[0, 2]","[8, 9, 10, 11, 24, 25, 26, 27, 40, 41, 42, 43, 56, 57, 58, 59]",,200043,sahro,0.0,0.8,0.2,1.0,1.0,1.0,1.0,0.0,/home/ekim339/projects/SD3.5/experiments/style_encoder/results/inputs/0001_09864.png,/home/ekim339/projects/SD3.5/experiments/style_encoder/results/generated/patches/r0c2/0001.png
31,patch,1,09864.png,manit,sahr6,9.288307491545766,3004,0.0,"[0, 3]","[12, 13, 14, 15, 28, 29, 30, 31, 44, 45, 46, 47, 60, 61, 62, 63]",,200043,sahro,0.0,0.8,0.2,1.0,1.0,1.0,1.0,0.0,/home/ekim339/projects/SD3.5/experiments/style_encoder/results/inputs/0001_09864.png,/home/ekim339/projects/SD3.5/experiments/style_encoder/results/generated/patches/r0c3/0001.png
32,patch,1,09864.png,manit,sahr6,9.288307491545766,3004,0.0,"[1, 0]","[64, 65, 66, 67, 80, 81, 82, 83, 96, 97, 98, 99, 112, 113, 114, 115]",,200043,sahro,0.0,0.8,0.2,1.0,1.0,1.0,1.0,0.0,/home/ekim339/projects/SD3.5/experiments/style_encoder/results/inputs/0001_09864.png,/home/ekim339/projects/SD3.5/experiments/style_encoder/results/generated/patches/r1c0/0001.png
33,patch,1,09864.png,manit,sahr6,9.288307491545766,3004,0.0,"[1, 1]","[68, 69, 70, 71, 84, 85, 86, 87, 100, 101, 102, 103, 116, 117, 118, 119]",,200043,sahro,0.0,0.8,0.2,1.0,1.0,1.0,1.0,0.0,/home/ekim339/projects/SD3.5/experiments/style_encoder/results/inputs/0001_09864.png,/home/ekim339/projects/SD3.5/experiments/style_encoder/results/generated/patches/r1c1/0001.png
34,patch,1,09864.png,manit,sahr6,9.288307491545766,3004,0.0,"[1, 2]","[72, 73, 74, 75, 88, 89, 90, 91, 104, 105, 106, 107, 120, 121, 122, 123]",,200043,sahro,0.0,0.8,0.2,1.0,1.0,1.0,1.0,0.0,/home/ekim339/projects/SD3.5/experiments/style_encoder/results/inputs/0001_09864.png,/home/ekim339/projects/SD3.5/experiments/style_encoder/results/generated/patches/r1c2/0001.png
35,patch,1,09864.png,manit,sahr6,9.288307491545766,3004,0.0,"[1, 3]","[76, 77, 78, 79, 92, 93, 94, 95, 108, 109, 110, 111, 124, 125, 126, 127]",,200043,sahro,0.0,0.8,0.2,1.0,1.0,1.0,1.0,0.0,/home/ekim339/projects/SD3.5/experiments/style_encoder/results/inputs/0001_09864.png,/home/ekim339/projects/SD3.5/experiments/style_encoder/results/generated/patches/r1c3/0001.png
36,patch,1,09864.png,manit,sahr6,9.288307491545766,3004,0.0,"[2, 0]","[128, 129, 130, 131, 144, 145, 146, 147, 160, 161, 162, 163, 176, 177, 178, 179]",,200043,sahro,0.0,0.8,0.2,1.0,1.0,1.0,1.0,0.0,/home/ekim339/projects/SD3.5/experiments/style_encoder/results/inputs/0001_09864.png,/home/ekim339/projects/SD3.5/experiments/style_encoder/results/generated/patches/r2c0/0001.png
37,patch,1,09864.png,manit,sahr6,9.288307491545766,3004,0.0,"[2, 1]","[132, 133, 134, 135, 148, 149, 150, 151, 164, 165, 166, 167, 180, 181, 182, 183]",,200043,sahro,0.0,0.8,0.2,1.0,1.0,1.0,1.0,0.0,/home/ekim339/projects/SD3.5/experiments/style_encoder/results/inputs/0001_09864.png,/home/ekim339/projects/SD3.5/experiments/style_encoder/results/generated/patches/r2c1/0001.png
38,patch,1,09864.png,manit,sahr6,9.288307491545766,3004,0.0,"[2, 2]","[136, 137, 138, 139, 152, 153, 154, 155, 168, 169, 170, 171, 184, 185, 186, 187]",,200043,sahro,0.0,0.8,0.2,1.0,1.0,1.0,1.0,0.0,/home/ekim339/projects/SD3.5/experiments/style_encoder/results/inputs/0001_09864.png,/home/ekim339/projects/SD3.5/experiments/style_encoder/results/generated/patches/r2c2/0001.png
39,patch,1,09864.png,manit,sahr6,9.288307491545766,3004,0.0,"[2, 3]","[140, 141, 142, 143, 156, 157, 158, 159, 172, 173, 174, 175, 188, 189, 190, 191]",,200043,sahro,0.0,0.8,0.2,1.0,1.0,1.0,1.0,0.0,/home/ekim339/projects/SD3.5/experiments/style_encoder/results/inputs/0001_09864.png,/home/ekim339/projects/SD3.5/experiments/style_encoder/results/generated/patches/r2c3/0001.png
40,patch,1,09864.png,manit,sahr6,9.288307491545766,3004,0.0,"[3, 0]","[192, 193, 194, 195, 208, 209, 210, 211, 224, 225, 226, 227, 240, 241, 242, 243]",,200043,sahro,0.0,0.8,0.2,1.0,1.0,1.0,1.0,0.0,/home/ekim339/projects/SD3.5/experiments/style_encoder/results/inputs/0001_09864.png,/home/ekim339/projects/SD3.5/experiments/style_encoder/results/generated/patches/r3c0/0001.png
41,patch,1,09864.png,manit,sahr6,9.288307491545766,3004,0.0,"[3, 1]","[196, 197, 198, 199, 212, 213, 214, 215, 228, 229, 230, 231, 244, 245, 246, 247]",,200043,sahro,0.0,0.8,0.2,1.0,1.0,1.0,1.0,0.0,/home/ekim339/projects/SD3.5/experiments/style_encoder/results/inputs/0001_09864.png,/home/ekim339/projects/SD3.5/experiments/style_encoder/results/generated/patches/r3c1/0001.png
42,patch,1,09864.png,manit,sahr6,9.288307491545766,3004,0.0,"[3, 2]","[200, 201, 202, 203, 216, 217, 218, 219, 232, 233, 234, 235, 248, 249, 250, 251]",,200043,sahro,0.0,0.8,0.2,1.0,1.0,1.0,1.0,0.0,/home/ekim339/projects/SD3.5/experiments/style_encoder/results/inputs/0001_09864.png,/home/ekim339/projects/SD3.5/experiments/style_encoder/results/generated/patches/r3c2/0001.png
43,patch,1,09864.png,manit,sahr6,9.288307491545766,3004,0.0,"[3, 3]","[204, 205, 206, 207, 220, 221, 222, 223, 236, 237, 238, 239, 252, 253, 254, 255]",,200043,sahro,0.0,0.8,0.2,1.0,1.0,1.0,1.0,0.0,/home/ekim339/projects/SD3.5/experiments/style_encoder/results/inputs/0001_09864.png,/home/ekim339/projects/SD3.5/experiments/style_encoder/results/generated/patches/r3c3/0001.png
44,proportion,2,05542.png,ruine,tedvx,8.707976256871737,3005,0.0,,[],100062,200044,tedux,0.0,0.8,0.2,1.0,1.0,1.0,0.0,1.0,/home/ekim339/projects/SD3.5/experiments/style_encoder/results/inputs/0002_05542.png,/home/ekim339/projects/SD3.5/experiments/style_encoder/results/generated/proportions/mask-0p0/0002.png
45,proportion,2,05542.png,ruine,tedvx,8.707976256871737,3005,0.1,,[],100063,200044,tedux,0.0,0.8,0.2,1.0,1.0,1.0,0.0,1.0,/home/ekim339/projects/SD3.5/experiments/style_encoder/results/inputs/0002_05542.png,/home/ekim339/projects/SD3.5/experiments/style_encoder/results/generated/proportions/mask-0p1/0002.png
46,proportion,2,05542.png,ruine,tedvx,8.707976256871737,3005,0.3,,[],100065,200044,tedux,0.0,0.8,0.2,1.0,1.0,1.0,0.0,1.0,/home/ekim339/projects/SD3.5/experiments/style_encoder/results/inputs/0002_05542.png,/home/ekim339/projects/SD3.5/experiments/style_encoder/results/generated/proportions/mask-0p3/0002.png
47,proportion,2,05542.png,ruine,tedvx,8.707976256871737,3005,0.5,,[],100067,200044,tedux,0.0,0.8,0.2,1.0,1.0,1.0,0.0,1.0,/home/ekim339/projects/SD3.5/experiments/style_encoder/results/inputs/0002_05542.png,/home/ekim339/projects/SD3.5/experiments/style_encoder/results/generated/proportions/mask-0p5/0002.png
48,proportion,2,05542.png,ruine,tedvx,8.707976256871737,3005,0.7,,[],100069,200044,tedvx,1.0,1.0,0.0,1.0,1.0,1.0,1.0,1.0,/home/ekim339/projects/SD3.5/experiments/style_encoder/results/inputs/0002_05542.png,/home/ekim339/projects/SD3.5/experiments/style_encoder/results/generated/proportions/mask-0p7/0002.png
49,patch,2,05542.png,ruine,tedvx,8.707976256871737,3005,0.0,,[],,200044,tedux,0.0,0.8,0.2,1.0,1.0,1.0,0.0,1.0,/home/ekim339/projects/SD3.5/experiments/style_encoder/results/inputs/0002_05542.png,/home/ekim339/projects/SD3.5/experiments/style_encoder/results/generated/patches/none/0002.png
50,patch,2,05542.png,ruine,tedvx,8.707976256871737,3005,0.0,"[0, 0]","[0, 1, 2, 3, 16, 17, 18, 19, 32, 33, 34, 35, 48, 49, 50, 51]",,200044,tedux,0.0,0.8,0.2,1.0,1.0,1.0,0.0,1.0,/home/ekim339/projects/SD3.5/experiments/style_encoder/results/inputs/0002_05542.png,/home/ekim339/projects/SD3.5/experiments/style_encoder/results/generated/patches/r0c0/0002.png
51,patch,2,05542.png,ruine,tedvx,8.707976256871737,3005,0.0,"[0, 1]","[4, 5, 6, 7, 20, 21, 22, 23, 36, 37, 38, 39, 52, 53, 54, 55]",,200044,tedux,0.0,0.8,0.2,1.0,1.0,1.0,0.0,1.0,/home/ekim339/projects/SD3.5/experiments/style_encoder/results/inputs/0002_05542.png,/home/ekim339/projects/SD3.5/experiments/style_encoder/results/generated/patches/r0c1/0002.png
52,patch,2,05542.png,ruine,tedvx,8.707976256871737,3005,0.0,"[0, 2]","[8, 9, 10, 11, 24, 25, 26, 27, 40, 41, 42, 43, 56, 57, 58, 59]",,200044,tedux,0.0,0.8,0.2,1.0,1.0,1.0,0.0,1.0,/home/ekim339/projects/SD3.5/experiments/style_encoder/results/inputs/0002_05542.png,/home/ekim339/projects/SD3.5/experiments/style_encoder/results/generated/patches/r0c2/0002.png
53,patch,2,05542.png,ruine,tedvx,8.707976256871737,3005,0.0,"[0, 3]","[12, 13, 14, 15, 28, 29, 30, 31, 44, 45, 46, 47, 60, 61, 62, 63]",,200044,tedux,0.0,0.8,0.2,1.0,1.0,1.0,0.0,1.0,/home/ekim339/projects/SD3.5/experiments/style_encoder/results/inputs/0002_05542.png,/home/ekim339/projects/SD3.5/experiments/style_encoder/results/generated/patches/r0c3/0002.png
54,patch,2,05542.png,ruine,tedvx,8.707976256871737,3005,0.0,"[1, 0]","[64, 65, 66, 67, 80, 81, 82, 83, 96, 97, 98, 99, 112, 113, 114, 115]",,200044,tedux,0.0,0.8,0.2,1.0,1.0,1.0,0.0,1.0,/home/ekim339/projects/SD3.5/experiments/style_encoder/results/inputs/0002_05542.png,/home/ekim339/projects/SD3.5/experiments/style_encoder/results/generated/patches/r1c0/0002.png
55,patch,2,05542.png,ruine,tedvx,8.707976256871737,3005,0.0,"[1, 1]","[68, 69, 70, 71, 84, 85, 86, 87, 100, 101, 102, 103, 116, 117, 118, 119]",,200044,tedux,0.0,0.8,0.2,1.0,1.0,1.0,0.0,1.0,/home/ekim339/projects/SD3.5/experiments/style_encoder/results/inputs/0002_05542.png,/home/ekim339/projects/SD3.5/experiments/style_encoder/results/generated/patches/r1c1/0002.png
56,patch,2,05542.png,ruine,tedvx,8.707976256871737,3005,0.0,"[1, 2]","[72, 73, 74, 75, 88, 89, 90, 91, 104, 105, 106, 107, 120, 121, 122, 123]",,200044,tedux,0.0,0.8,0.2,1.0,1.0,1.0,0.0,1.0,/home/ekim339/projects/SD3.5/experiments/style_encoder/results/inputs/0002_05542.png,/home/ekim339/projects/SD3.5/experiments/style_encoder/results/generated/patches/r1c2/0002.png
57,patch,2,05542.png,ruine,tedvx,8.707976256871737,3005,0.0,"[1, 3]","[76, 77, 78, 79, 92, 93, 94, 95, 108, 109, 110, 111, 124, 125, 126, 127]",,200044,tedux,0.0,0.8,0.2,1.0,1.0,1.0,0.0,1.0,/home/ekim339/projects/SD3.5/experiments/style_encoder/results/inputs/0002_05542.png,/home/ekim339/projects/SD3.5/experiments/style_encoder/results/generated/patches/r1c3/0002.png
58,patch,2,05542.png,ruine,tedvx,8.707976256871737,3005,0.0,"[2, 0]","[128, 129, 130, 131, 144, 145, 146, 147, 160, 161, 162, 163, 176, 177, 178, 179]",,200044,tedux,0.0,0.8,0.2,1.0,1.0,1.0,0.0,1.0,/home/ekim339/projects/SD3.5/experiments/style_encoder/results/inputs/0002_05542.png,/home/ekim339/projects/SD3.5/experiments/style_encoder/results/generated/patches/r2c0/0002.png
59,patch,2,05542.png,ruine,tedvx,8.707976256871737,3005,0.0,"[2, 1]","[132, 133, 134, 135, 148, 149, 150, 151, 164, 165, 166, 167, 180, 181, 182, 183]",,200044,tedux,0.0,0.8,0.2,1.0,1.0,1.0,0.0,1.0,/home/ekim339/projects/SD3.5/experiments/style_encoder/results/inputs/0002_05542.png,/home/ekim339/projects/SD3.5/experiments/style_encoder/results/generated/patches/r2c1/0002.png
60,patch,2,05542.png,ruine,tedvx,8.707976256871737,3005,0.0,"[2, 2]","[136, 137, 138, 139, 152, 153, 154, 155, 168, 169, 170, 171, 184, 185, 186, 187]",,200044,tedvx,1.0,1.0,0.0,1.0,1.0,1.0,1.0,1.0,/home/ekim339/projects/SD3.5/experiments/style_encoder/results/inputs/0002_05542.png,/home/ekim339/projects/SD3.5/experiments/style_encoder/results/generated/patches/r2c2/0002.png
61,patch,2,05542.png,ruine,tedvx,8.707976256871737,3005,0.0,"[2, 3]","[140, 141, 142, 143, 156, 157, 158, 159, 172, 173, 174, 175, 188, 189, 190, 191]",,200044,tedux,0.0,0.8,0.2,1.0,1.0,1.0,0.0,1.0,/home/ekim339/projects/SD3.5/experiments/style_encoder/results/inputs/0002_05542.png,/home/ekim339/projects/SD3.5/experiments/style_encoder/results/generated/patches/r2c3/0002.png
62,patch,2,05542.png,ruine,tedvx,8.707976256871737,3005,0.0,"[3, 0]","[192, 193, 194, 195, 208, 209, 210, 211, 224, 225, 226, 227, 240, 241, 242, 243]",,200044,tedux,0.0,0.8,0.2,1.0,1.0,1.0,0.0,1.0,/home/ekim339/projects/SD3.5/experiments/style_encoder/results/inputs/0002_05542.png,/home/ekim339/projects/SD3.5/experiments/style_encoder/results/generated/patches/r3c0/0002.png
63,patch,2,05542.png,ruine,tedvx,8.707976256871737,3005,0.0,"[3, 1]","[196, 197, 198, 199, 212, 213, 214, 215, 228, 229, 230, 231, 244, 245, 246, 247]",,200044,tedux,0.0,0.8,0.2,1.0,1.0,1.0,0.0,1.0,/home/ekim339/projects/SD3.5/experiments/style_encoder/results/inputs/0002_05542.png,/home/ekim339/projects/SD3.5/experiments/style_encoder/results/generated/patches/r3c1/0002.png
64,patch,2,05542.png,ruine,tedvx,8.707976256871737,3005,0.0,"[3, 2]","[200, 201, 202, 203, 216, 217, 218, 219, 232, 233, 234, 235, 248, 249, 250, 251]",,200044,tedux,0.0,0.8,0.2,1.0,1.0,1.0,0.0,1.0,/home/ekim339/projects/SD3.5/experiments/style_encoder/results/inputs/0002_05542.png,/home/ekim339/projects/SD3.5/experiments/style_encoder/results/generated/patches/r3c2/0002.png
65,patch,2,05542.png,ruine,tedvx,8.707976256871737,3005,0.0,"[3, 3]","[204, 205, 206, 207, 220, 221, 222, 223, 236, 237, 238, 239, 252, 253, 254, 255]",,200044,tedux,0.0,0.8,0.2,1.0,1.0,1.0,0.0,1.0,/home/ekim339/projects/SD3.5/experiments/style_encoder/results/inputs/0002_05542.png,/home/ekim339/projects/SD3.5/experiments/style_encoder/results/generated/patches/r3c3/0002.png
66,proportion,3,30959.png,diddy,wb4al,7.694703836711488,3006,0.0,,[],100072,200045,wbial,0.0,0.8,0.2,1.0,1.0,0.0,1.0,1.0,/home/ekim339/projects/SD3.5/experiments/style_encoder/results/inputs/0003_30959.png,/home/ekim339/projects/SD3.5/experiments/style_encoder/results/generated/proportions/mask-0p0/0003.png
67,proportion,3,30959.png,diddy,wb4al,7.694703836711488,3006,0.1,,[],100073,200045,wbizl,0.0,0.6,0.4,1.0,1.0,0.0,0.0,1.0,/home/ekim339/projects/SD3.5/experiments/style_encoder/results/inputs/0003_30959.png,/home/ekim339/projects/SD3.5/experiments/style_encoder/results/generated/proportions/mask-0p1/0003.png
68,proportion,3,30959.png,diddy,wb4al,7.694703836711488,3006,0.3,,[],100075,200045,n6zal,0.0,0.4,0.6,0.0,0.0,0.0,1.0,1.0,/home/ekim339/projects/SD3.5/experiments/style_encoder/results/inputs/0003_30959.png,/home/ekim339/projects/SD3.5/experiments/style_encoder/results/generated/proportions/mask-0p3/0003.png
69,proportion,3,30959.png,diddy,wb4al,7.694703836711488,3006,0.5,,[],100077,200045,w6cal,0.0,0.6,0.4,1.0,0.0,0.0,1.0,1.0,/home/ekim339/projects/SD3.5/experiments/style_encoder/results/inputs/0003_30959.png,/home/ekim339/projects/SD3.5/experiments/style_encoder/results/generated/proportions/mask-0p5/0003.png
70,proportion,3,30959.png,diddy,wb4al,7.694703836711488,3006,0.7,,[],100079,200045,wbra,0.0,0.6,0.4,1.0,1.0,0.0,1.0,0.0,/home/ekim339/projects/SD3.5/experiments/style_encoder/results/inputs/0003_30959.png,/home/ekim339/projects/SD3.5/experiments/style_encoder/results/generated/proportions/mask-0p7/0003.png
71,patch,3,30959.png,diddy,wb4al,7.694703836711488,3006,0.0,,[],,200045,wbial,0.0,0.8,0.2,1.0,1.0,0.0,1.0,1.0,/home/ekim339/projects/SD3.5/experiments/style_encoder/results/inputs/0003_30959.png,/home/ekim339/projects/SD3.5/experiments/style_encoder/results/generated/patches/none/0003.png
72,patch,3,30959.png,diddy,wb4al,7.694703836711488,3006,0.0,"[0, 0]","[0, 1, 2, 3, 16, 17, 18, 19, 32, 33, 34, 35, 48, 49, 50, 51]",,200045,wbral,0.0,0.8,0.2,1.0,1.0,0.0,1.0,1.0,/home/ekim339/projects/SD3.5/experiments/style_encoder/results/inputs/0003_30959.png,/home/ekim339/projects/SD3.5/experiments/style_encoder/results/generated/patches/r0c0/0003.png
73,patch,3,30959.png,diddy,wb4al,7.694703836711488,3006,0.0,"[0, 1]","[4, 5, 6, 7, 20, 21, 22, 23, 36, 37, 38, 39, 52, 53, 54, 55]",,200045,wbral,0.0,0.8,0.2,1.0,1.0,0.0,1.0,1.0,/home/ekim339/projects/SD3.5/experiments/style_encoder/results/inputs/0003_30959.png,/home/ekim339/projects/SD3.5/experiments/style_encoder/results/generated/patches/r0c1/0003.png
74,patch,3,30959.png,diddy,wb4al,7.694703836711488,3006,0.0,"[0, 2]","[8, 9, 10, 11, 24, 25, 26, 27, 40, 41, 42, 43, 56, 57, 58, 59]",,200045,wbzal,0.0,0.8,0.2,1.0,1.0,0.0,1.0,1.0,/home/ekim339/projects/SD3.5/experiments/style_encoder/results/inputs/0003_30959.png,/home/ekim339/projects/SD3.5/experiments/style_encoder/results/generated/patches/r0c2/0003.png
75,patch,3,30959.png,diddy,wb4al,7.694703836711488,3006,0.0,"[0, 3]","[12, 13, 14, 15, 28, 29, 30, 31, 44, 45, 46, 47, 60, 61, 62, 63]",,200045,wbral,0.0,0.8,0.2,1.0,1.0,0.0,1.0,1.0,/home/ekim339/projects/SD3.5/experiments/style_encoder/results/inputs/0003_30959.png,/home/ekim339/projects/SD3.5/experiments/style_encoder/results/generated/patches/r0c3/0003.png
76,patch,3,30959.png,diddy,wb4al,7.694703836711488,3006,0.0,"[1, 0]","[64, 65, 66, 67, 80, 81, 82, 83, 96, 97, 98, 99, 112, 113, 114, 115]",,200045,wbral,0.0,0.8,0.2,1.0,1.0,0.0,1.0,1.0,/home/ekim339/projects/SD3.5/experiments/style_encoder/results/inputs/0003_30959.png,/home/ekim339/projects/SD3.5/experiments/style_encoder/results/generated/patches/r1c0/0003.png
77,patch,3,30959.png,diddy,wb4al,7.694703836711488,3006,0.0,"[1, 1]","[68, 69, 70, 71, 84, 85, 86, 87, 100, 101, 102, 103, 116, 117, 118, 119]",,200045,wbza,0.0,0.6,0.4,1.0,1.0,0.0,1.0,0.0,/home/ekim339/projects/SD3.5/experiments/style_encoder/results/inputs/0003_30959.png,/home/ekim339/projects/SD3.5/experiments/style_encoder/results/generated/patches/r1c1/0003.png
78,patch,3,30959.png,diddy,wb4al,7.694703836711488,3006,0.0,"[1, 2]","[72, 73, 74, 75, 88, 89, 90, 91, 104, 105, 106, 107, 120, 121, 122, 123]",,200045,wbza,0.0,0.6,0.4,1.0,1.0,0.0,1.0,0.0,/home/ekim339/projects/SD3.5/experiments/style_encoder/results/inputs/0003_30959.png,/home/ekim339/projects/SD3.5/experiments/style_encoder/results/generated/patches/r1c2/0003.png
79,patch,3,30959.png,diddy,wb4al,7.694703836711488,3006,0.0,"[1, 3]","[76, 77, 78, 79, 92, 93, 94, 95, 108, 109, 110, 111, 124, 125, 126, 127]",,200045,wbaal,0.0,0.8,0.2,1.0,1.0,0.0,1.0,1.0,/home/ekim339/projects/SD3.5/experiments/style_encoder/results/inputs/0003_30959.png,/home/ekim339/projects/SD3.5/experiments/style_encoder/results/generated/patches/r1c3/0003.png
80,patch,3,30959.png,diddy,wb4al,7.694703836711488,3006,0.0,"[2, 0]","[128, 129, 130, 131, 144, 145, 146, 147, 160, 161, 162, 163, 176, 177, 178, 179]",,200045,wbral,0.0,0.8,0.2,1.0,1.0,0.0,1.0,1.0,/home/ekim339/projects/SD3.5/experiments/style_encoder/results/inputs/0003_30959.png,/home/ekim339/projects/SD3.5/experiments/style_encoder/results/generated/patches/r2c0/0003.png
81,patch,3,30959.png,diddy,wb4al,7.694703836711488,3006,0.0,"[2, 1]","[132, 133, 134, 135, 148, 149, 150, 151, 164, 165, 166, 167, 180, 181, 182, 183]",,200045,wbcal,0.0,0.8,0.2,1.0,1.0,0.0,1.0,1.0,/home/ekim339/projects/SD3.5/experiments/style_encoder/results/inputs/0003_30959.png,/home/ekim339/projects/SD3.5/experiments/style_encoder/results/generated/patches/r2c1/0003.png
82,patch,3,30959.png,diddy,wb4al,7.694703836711488,3006,0.0,"[2, 2]","[136, 137, 138, 139, 152, 153, 154, 155, 168, 169, 170, 171, 184, 185, 186, 187]",,200045,wbzal,0.0,0.8,0.2,1.0,1.0,0.0,1.0,1.0,/home/ekim339/projects/SD3.5/experiments/style_encoder/results/inputs/0003_30959.png,/home/ekim339/projects/SD3.5/experiments/style_encoder/results/generated/patches/r2c2/0003.png
83,patch,3,30959.png,diddy,wb4al,7.694703836711488,3006,0.0,"[2, 3]","[140, 141, 142, 143, 156, 157, 158, 159, 172, 173, 174, 175, 188, 189, 190, 191]",,200045,wbaal,0.0,0.8,0.2,1.0,1.0,0.0,1.0,1.0,/home/ekim339/projects/SD3.5/experiments/style_encoder/results/inputs/0003_30959.png,/home/ekim339/projects/SD3.5/experiments/style_encoder/results/generated/patches/r2c3/0003.png
84,patch,3,30959.png,diddy,wb4al,7.694703836711488,3006,0.0,"[3, 0]","[192, 193, 194, 195, 208, 209, 210, 211, 224, 225, 226, 227, 240, 241, 242, 243]",,200045,wbral,0.0,0.8,0.2,1.0,1.0,0.0,1.0,1.0,/home/ekim339/projects/SD3.5/experiments/style_encoder/results/inputs/0003_30959.png,/home/ekim339/projects/SD3.5/experiments/style_encoder/results/generated/patches/r3c0/0003.png
85,patch,3,30959.png,diddy,wb4al,7.694703836711488,3006,0.0,"[3, 1]","[196, 197, 198, 199, 212, 213, 214, 215, 228, 229, 230, 231, 244, 245, 246, 247]",,200045,wbnal,0.0,0.8,0.2,1.0,1.0,0.0,1.0,1.0,/home/ekim339/projects/SD3.5/experiments/style_encoder/results/inputs/0003_30959.png,/home/ekim339/projects/SD3.5/experiments/style_encoder/results/generated/patches/r3c1/0003.png
86,patch,3,30959.png,diddy,wb4al,7.694703836711488,3006,0.0,"[3, 2]","[200, 201, 202, 203, 216, 217, 218, 219, 232, 233, 234, 235, 248, 249, 250, 251]",,200045,wbnal,0.0,0.8,0.2,1.0,1.0,0.0,1.0,1.0,/home/ekim339/projects/SD3.5/experiments/style_encoder/results/inputs/0003_30959.png,/home/ekim339/projects/SD3.5/experiments/style_encoder/results/generated/patches/r3c2/0003.png
87,patch,3,30959.png,diddy,wb4al,7.694703836711488,3006,0.0,"[3, 3]","[204, 205, 206, 207, 220, 221, 222, 223, 236, 237, 238, 239, 252, 253, 254, 255]",,200045,wbya,0.0,0.6,0.4,1.0,1.0,0.0,1.0,0.0,/home/ekim339/projects/SD3.5/experiments/style_encoder/results/inputs/0003_30959.png,/home/ekim339/projects/SD3.5/experiments/style_encoder/results/generated/patches/r3c3/0003.png
88,proportion,4,37280.png,bagon,zx67z,10.905270975252217,3007,0.0,,[],100082,200046,zxozz,0.0,0.6,0.4,1.0,1.0,0.0,0.0,1.0,/home/ekim339/projects/SD3.5/experiments/style_encoder/results/inputs/0004_37280.png,/home/ekim339/projects/SD3.5/experiments/style_encoder/results/generated/proportions/mask-0p0/0004.png
89,proportion,4,37280.png,bagon,zx67z,10.905270975252217,3007,0.1,,[],100083,200046,zxozz,0.0,0.6,0.4,1.0,1.0,0.0,0.0,1.0,/home/ekim339/projects/SD3.5/experiments/style_encoder/results/inputs/0004_37280.png,/home/ekim339/projects/SD3.5/experiments/style_encoder/results/generated/proportions/mask-0p1/0004.png
90,proportion,4,37280.png,bagon,zx67z,10.905270975252217,3007,0.3,,[],100085,200046,zxozz,0.0,0.6,0.4,1.0,1.0,0.0,0.0,1.0,/home/ekim339/projects/SD3.5/experiments/style_encoder/results/inputs/0004_37280.png,/home/ekim339/projects/SD3.5/experiments/style_encoder/results/generated/proportions/mask-0p3/0004.png
91,proportion,4,37280.png,bagon,zx67z,10.905270975252217,3007,0.5,,[],100087,200046,zx0zz,0.0,0.6,0.4,1.0,1.0,0.0,0.0,1.0,/home/ekim339/projects/SD3.5/experiments/style_encoder/results/inputs/0004_37280.png,/home/ekim339/projects/SD3.5/experiments/style_encoder/results/generated/proportions/mask-0p5/0004.png
92,proportion,4,37280.png,bagon,zx67z,10.905270975252217,3007,0.7,,[],100089,200046,zxozz,0.0,0.6,0.4,1.0,1.0,0.0,0.0,1.0,/home/ekim339/projects/SD3.5/experiments/style_encoder/results/inputs/0004_37280.png,/home/ekim339/projects/SD3.5/experiments/style_encoder/results/generated/proportions/mask-0p7/0004.png
93,patch,4,37280.png,bagon,zx67z,10.905270975252217,3007,0.0,,[],,200046,zxozz,0.0,0.6,0.4,1.0,1.0,0.0,0.0,1.0,/home/ekim339/projects/SD3.5/experiments/style_encoder/results/inputs/0004_37280.png,/home/ekim339/projects/SD3.5/experiments/style_encoder/results/generated/patches/none/0004.png
94,patch,4,37280.png,bagon,zx67z,10.905270975252217,3007,0.0,"[0, 0]","[0, 1, 2, 3, 16, 17, 18, 19, 32, 33, 34, 35, 48, 49, 50, 51]",,200046,zxozz,0.0,0.6,0.4,1.0,1.0,0.0,0.0,1.0,/home/ekim339/projects/SD3.5/experiments/style_encoder/results/inputs/0004_37280.png,/home/ekim339/projects/SD3.5/experiments/style_encoder/results/generated/patches/r0c0/0004.png
95,patch,4,37280.png,bagon,zx67z,10.905270975252217,3007,0.0,"[0, 1]","[4, 5, 6, 7, 20, 21, 22, 23, 36, 37, 38, 39, 52, 53, 54, 55]",,200046,zxozz,0.0,0.6,0.4,1.0,1.0,0.0,0.0,1.0,/home/ekim339/projects/SD3.5/experiments/style_encoder/results/inputs/0004_37280.png,/home/ekim339/projects/SD3.5/experiments/style_encoder/results/generated/patches/r0c1/0004.png
96,patch,4,37280.png,bagon,zx67z,10.905270975252217,3007,0.0,"[0, 2]","[8, 9, 10, 11, 24, 25, 26, 27, 40, 41, 42, 43, 56, 57, 58, 59]",,200046,zxozz,0.0,0.6,0.4,1.0,1.0,0.0,0.0,1.0,/home/ekim339/projects/SD3.5/experiments/style_encoder/results/inputs/0004_37280.png,/home/ekim339/projects/SD3.5/experiments/style_encoder/results/generated/patches/r0c2/0004.png
97,patch,4,37280.png,bagon,zx67z,10.905270975252217,3007,0.0,"[0, 3]","[12, 13, 14, 15, 28, 29, 30, 31, 44, 45, 46, 47, 60, 61, 62, 63]",,200046,zxozz,0.0,0.6,0.4,1.0,1.0,0.0,0.0,1.0,/home/ekim339/projects/SD3.5/experiments/style_encoder/results/inputs/0004_37280.png,/home/ekim339/projects/SD3.5/experiments/style_encoder/results/generated/patches/r0c3/0004.png
98,patch,4,37280.png,bagon,zx67z,10.905270975252217,3007,0.0,"[1, 0]","[64, 65, 66, 67, 80, 81, 82, 83, 96, 97, 98, 99, 112, 113, 114, 115]",,200046,zxozz,0.0,0.6,0.4,1.0,1.0,0.0,0.0,1.0,/home/ekim339/projects/SD3.5/experiments/style_encoder/results/inputs/0004_37280.png,/home/ekim339/projects/SD3.5/experiments/style_encoder/results/generated/patches/r1c0/0004.png
99,patch,4,37280.png,bagon,zx67z,10.905270975252217,3007,0.0,"[1, 1]","[68, 69, 70, 71, 84, 85, 86, 87, 100, 101, 102, 103, 116, 117, 118, 119]",,200046,zxozz,0.0,0.6,0.4,1.0,1.0,0.0,0.0,1.0,/home/ekim339/projects/SD3.5/experiments/style_encoder/results/inputs/0004_37280.png,/home/ekim339/projects/SD3.5/experiments/style_encoder/results/generated/patches/r1c1/0004.png
100,patch,4,37280.png,bagon,zx67z,10.905270975252217,3007,0.0,"[1, 2]","[72, 73, 74, 75, 88, 89, 90, 91, 104, 105, 106, 107, 120, 121, 122, 123]",,200046,zxozz,0.0,0.6,0.4,1.0,1.0,0.0,0.0,1.0,/home/ekim339/projects/SD3.5/experiments/style_encoder/results/inputs/0004_37280.png,/home/ekim339/projects/SD3.5/experiments/style_encoder/results/generated/patches/r1c2/0004.png
101,patch,4,37280.png,bagon,zx67z,10.905270975252217,3007,0.0,"[1, 3]","[76, 77, 78, 79, 92, 93, 94, 95, 108, 109, 110, 111, 124, 125, 126, 127]",,200046,zxozz,0.0,0.6,0.4,1.0,1.0,0.0,0.0,1.0,/home/ekim339/projects/SD3.5/experiments/style_encoder/results/inputs/0004_37280.png,/home/ekim339/projects/SD3.5/experiments/style_encoder/results/generated/patches/r1c3/0004.png
102,patch,4,37280.png,bagon,zx67z,10.905270975252217,3007,0.0,"[2, 0]","[128, 129, 130, 131, 144, 145, 146, 147, 160, 161, 162, 163, 176, 177, 178, 179]",,200046,zxozz,0.0,0.6,0.4,1.0,1.0,0.0,0.0,1.0,/home/ekim339/projects/SD3.5/experiments/style_encoder/results/inputs/0004_37280.png,/home/ekim339/projects/SD3.5/experiments/style_encoder/results/generated/patches/r2c0/0004.png
103,patch,4,37280.png,bagon,zx67z,10.905270975252217,3007,0.0,"[2, 1]","[132, 133, 134, 135, 148, 149, 150, 151, 164, 165, 166, 167, 180, 181, 182, 183]",,200046,zxozz,0.0,0.6,0.4,1.0,1.0,0.0,0.0,1.0,/home/ekim339/projects/SD3.5/experiments/style_encoder/results/inputs/0004_37280.png,/home/ekim339/projects/SD3.5/experiments/style_encoder/results/generated/patches/r2c1/0004.png
104,patch,4,37280.png,bagon,zx67z,10.905270975252217,3007,0.0,"[2, 2]","[136, 137, 138, 139, 152, 153, 154, 155, 168, 169, 170, 171, 184, 185, 186, 187]",,200046,zxazz,0.0,0.6,0.4,1.0,1.0,0.0,0.0,1.0,/home/ekim339/projects/SD3.5/experiments/style_encoder/results/inputs/0004_37280.png,/home/ekim339/projects/SD3.5/experiments/style_encoder/results/generated/patches/r2c2/0004.png
105,patch,4,37280.png,bagon,zx67z,10.905270975252217,3007,0.0,"[2, 3]","[140, 141, 142, 143, 156, 157, 158, 159, 172, 173, 174, 175, 188, 189, 190, 191]",,200046,zxozz,0.0,0.6,0.4,1.0,1.0,0.0,0.0,1.0,/home/ekim339/projects/SD3.5/experiments/style_encoder/results/inputs/0004_37280.png,/home/ekim339/projects/SD3.5/experiments/style_encoder/results/generated/patches/r2c3/0004.png
106,patch,4,37280.png,bagon,zx67z,10.905270975252217,3007,0.0,"[3, 0]","[192, 193, 194, 195, 208, 209, 210, 211, 224, 225, 226, 227, 240, 241, 242, 243]",,200046,zxozz,0.0,0.6,0.4,1.0,1.0,0.0,0.0,1.0,/home/ekim339/projects/SD3.5/experiments/style_encoder/results/inputs/0004_37280.png,/home/ekim339/projects/SD3.5/experiments/style_encoder/results/generated/patches/r3c0/0004.png
107,patch,4,37280.png,bagon,zx67z,10.905270975252217,3007,0.0,"[3, 1]","[196, 197, 198, 199, 212, 213, 214, 215, 228, 229, 230, 231, 244, 245, 246, 247]",,200046,zxozz,0.0,0.6,0.4,1.0,1.0,0.0,0.0,1.0,/home/ekim339/projects/SD3.5/experiments/style_encoder/results/inputs/0004_37280.png,/home/ekim339/projects/SD3.5/experiments/style_encoder/results/generated/patches/r3c1/0004.png
108,patch,4,37280.png,bagon,zx67z,10.905270975252217,3007,0.0,"[3, 2]","[200, 201, 202, 203, 216, 217, 218, 219, 232, 233, 234, 235, 248, 249, 250, 251]",,200046,zxozz,0.0,0.6,0.4,1.0,1.0,0.0,0.0,1.0,/home/ekim339/projects/SD3.5/experiments/style_encoder/results/inputs/0004_37280.png,/home/ekim339/projects/SD3.5/experiments/style_encoder/results/generated/patches/r3c2/0004.png
109,patch,4,37280.png,bagon,zx67z,10.905270975252217,3007,0.0,"[3, 3]","[204, 205, 206, 207, 220, 221, 222, 223, 236, 237, 238, 239, 252, 253, 254, 255]",,200046,zxozz,0.0,0.6,0.4,1.0,1.0,0.0,0.0,1.0,/home/ekim339/projects/SD3.5/experiments/style_encoder/results/inputs/0004_37280.png,/home/ekim339/projects/SD3.5/experiments/style_encoder/results/generated/patches/r3c3/0004.png
110,proportion,5,04843.png,Gumme,c28aq,11.068709741097946,3008,0.0,,[],100092,200047,equiq,0.0,0.19999999999999996,0.8,0.0,0.0,0.0,0.0,1.0,/home/ekim339/projects/SD3.5/experiments/style_encoder/results/inputs/0005_04843.png,/home/ekim339/projects/SD3.5/experiments/style_encoder/results/generated/proportions/mask-0p0/0005.png
111,proportion,5,04843.png,Gumme,c28aq,11.068709741097946,3008,0.1,,[],100093,200047,eqbaq,0.0,0.4,0.6,0.0,0.0,0.0,1.0,1.0,/home/ekim339/projects/SD3.5/experiments/style_encoder/results/inputs/0005_04843.png,/home/ekim339/projects/SD3.5/experiments/style_encoder/results/generated/proportions/mask-0p1/0005.png
112,proportion,5,04843.png,Gumme,c28aq,11.068709741097946,3008,0.3,,[],100095,200047,eqbaq,0.0,0.4,0.6,0.0,0.0,0.0,1.0,1.0,/home/ekim339/projects/SD3.5/experiments/style_encoder/results/inputs/0005_04843.png,/home/ekim339/projects/SD3.5/experiments/style_encoder/results/generated/proportions/mask-0p3/0005.png
113,proportion,5,04843.png,Gumme,c28aq,11.068709741097946,3008,0.5,,[],100097,200047,cqbaq,0.0,0.6,0.4,1.0,0.0,0.0,1.0,1.0,/home/ekim339/projects/SD3.5/experiments/style_encoder/results/inputs/0005_04843.png,/home/ekim339/projects/SD3.5/experiments/style_encoder/results/generated/proportions/mask-0p5/0005.png
114,proportion,5,04843.png,Gumme,c28aq,11.068709741097946,3008,0.7,,[],100099,200047,cqaaq,0.0,0.6,0.4,1.0,0.0,0.0,1.0,1.0,/home/ekim339/projects/SD3.5/experiments/style_encoder/results/inputs/0005_04843.png,/home/ekim339/projects/SD3.5/experiments/style_encoder/results/generated/proportions/mask-0p7/0005.png
115,patch,5,04843.png,Gumme,c28aq,11.068709741097946,3008,0.0,,[],,200047,equiq,0.0,0.19999999999999996,0.8,0.0,0.0,0.0,0.0,1.0,/home/ekim339/projects/SD3.5/experiments/style_encoder/results/inputs/0005_04843.png,/home/ekim339/projects/SD3.5/experiments/style_encoder/results/generated/patches/none/0005.png
116,patch,5,04843.png,Gumme,c28aq,11.068709741097946,3008,0.0,"[0, 0]","[0, 1, 2, 3, 16, 17, 18, 19, 32, 33, 34, 35, 48, 49, 50, 51]",,200047,cqbaq,0.0,0.6,0.4,1.0,0.0,0.0,1.0,1.0,/home/ekim339/projects/SD3.5/experiments/style_encoder/results/inputs/0005_04843.png,/home/ekim339/projects/SD3.5/experiments/style_encoder/results/generated/patches/r0c0/0005.png
117,patch,5,04843.png,Gumme,c28aq,11.068709741097946,3008,0.0,"[0, 1]","[4, 5, 6, 7, 20, 21, 22, 23, 36, 37, 38, 39, 52, 53, 54, 55]",,200047,eybag,0.0,0.19999999999999996,0.8,0.0,0.0,0.0,1.0,0.0,/home/ekim339/projects/SD3.5/experiments/style_encoder/results/inputs/0005_04843.png,/home/ekim339/projects/SD3.5/experiments/style_encoder/results/generated/patches/r0c1/0005.png
118,patch,5,04843.png,Gumme,c28aq,11.068709741097946,3008,0.0,"[0, 2]","[8, 9, 10, 11, 24, 25, 26, 27, 40, 41, 42, 43, 56, 57, 58, 59]",,200047,cqbaq,0.0,0.6,0.4,1.0,0.0,0.0,1.0,1.0,/home/ekim339/projects/SD3.5/experiments/style_encoder/results/inputs/0005_04843.png,/home/ekim339/projects/SD3.5/experiments/style_encoder/results/generated/patches/r0c2/0005.png
119,patch,5,04843.png,Gumme,c28aq,11.068709741097946,3008,0.0,"[0, 3]","[12, 13, 14, 15, 28, 29, 30, 31, 44, 45, 46, 47, 60, 61, 62, 63]",,200047,cqbaq,0.0,0.6,0.4,1.0,0.0,0.0,1.0,1.0,/home/ekim339/projects/SD3.5/experiments/style_encoder/results/inputs/0005_04843.png,/home/ekim339/projects/SD3.5/experiments/style_encoder/results/generated/patches/r0c3/0005.png
120,patch,5,04843.png,Gumme,c28aq,11.068709741097946,3008,0.0,"[1, 0]","[64, 65, 66, 67, 80, 81, 82, 83, 96, 97, 98, 99, 112, 113, 114, 115]",,200047,cqbaq,0.0,0.6,0.4,1.0,0.0,0.0,1.0,1.0,/home/ekim339/projects/SD3.5/experiments/style_encoder/results/inputs/0005_04843.png,/home/ekim339/projects/SD3.5/experiments/style_encoder/results/generated/patches/r1c0/0005.png
121,patch,5,04843.png,Gumme,c28aq,11.068709741097946,3008,0.0,"[1, 1]","[68, 69, 70, 71, 84, 85, 86, 87, 100, 101, 102, 103, 116, 117, 118, 119]",,200047,eqbaq,0.0,0.4,0.6,0.0,0.0,0.0,1.0,1.0,/home/ekim339/projects/SD3.5/experiments/style_encoder/results/inputs/0005_04843.png,/home/ekim339/projects/SD3.5/experiments/style_encoder/results/generated/patches/r1c1/0005.png
122,patch,5,04843.png,Gumme,c28aq,11.068709741097946,3008,0.0,"[1, 2]","[72, 73, 74, 75, 88, 89, 90, 91, 104, 105, 106, 107, 120, 121, 122, 123]",,200047,eqraq,0.0,0.4,0.6,0.0,0.0,0.0,1.0,1.0,/home/ekim339/projects/SD3.5/experiments/style_encoder/results/inputs/0005_04843.png,/home/ekim339/projects/SD3.5/experiments/style_encoder/results/generated/patches/r1c2/0005.png
123,patch,5,04843.png,Gumme,c28aq,11.068709741097946,3008,0.0,"[1, 3]","[76, 77, 78, 79, 92, 93, 94, 95, 108, 109, 110, 111, 124, 125, 126, 127]",,200047,eqbaq,0.0,0.4,0.6,0.0,0.0,0.0,1.0,1.0,/home/ekim339/projects/SD3.5/experiments/style_encoder/results/inputs/0005_04843.png,/home/ekim339/projects/SD3.5/experiments/style_encoder/results/generated/patches/r1c3/0005.png
124,patch,5,04843.png,Gumme,c28aq,11.068709741097946,3008,0.0,"[2, 0]","[128, 129, 130, 131, 144, 145, 146, 147, 160, 161, 162, 163, 176, 177, 178, 179]",,200047,eqbaq,0.0,0.4,0.6,0.0,0.0,0.0,1.0,1.0,/home/ekim339/projects/SD3.5/experiments/style_encoder/results/inputs/0005_04843.png,/home/ekim339/projects/SD3.5/experiments/style_encoder/results/generated/patches/r2c0/0005.png
125,patch,5,04843.png,Gumme,c28aq,11.068709741097946,3008,0.0,"[2, 1]","[132, 133, 134, 135, 148, 149, 150, 151, 164, 165, 166, 167, 180, 181, 182, 183]",,200047,equaq,0.0,0.4,0.6,0.0,0.0,0.0,1.0,1.0,/home/ekim339/projects/SD3.5/experiments/style_encoder/results/inputs/0005_04843.png,/home/ekim339/projects/SD3.5/experiments/style_encoder/results/generated/patches/r2c1/0005.png
126,patch,5,04843.png,Gumme,c28aq,11.068709741097946,3008,0.0,"[2, 2]","[136, 137, 138, 139, 152, 153, 154, 155, 168, 169, 170, 171, 184, 185, 186, 187]",,200047,eqpaq,0.0,0.4,0.6,0.0,0.0,0.0,1.0,1.0,/home/ekim339/projects/SD3.5/experiments/style_encoder/results/inputs/0005_04843.png,/home/ekim339/projects/SD3.5/experiments/style_encoder/results/generated/patches/r2c2/0005.png
127,patch,5,04843.png,Gumme,c28aq,11.068709741097946,3008,0.0,"[2, 3]","[140, 141, 142, 143, 156, 157, 158, 159, 172, 173, 174, 175, 188, 189, 190, 191]",,200047,cgraq,0.0,0.6,0.4,1.0,0.0,0.0,1.0,1.0,/home/ekim339/projects/SD3.5/experiments/style_encoder/results/inputs/0005_04843.png,/home/ekim339/projects/SD3.5/experiments/style_encoder/results/generated/patches/r2c3/0005.png
128,patch,5,04843.png,Gumme,c28aq,11.068709741097946,3008,0.0,"[3, 0]","[192, 193, 194, 195, 208, 209, 210, 211, 224, 225, 226, 227, 240, 241, 242, 243]",,200047,cobaq,0.0,0.6,0.4,1.0,0.0,0.0,1.0,1.0,/home/ekim339/projects/SD3.5/experiments/style_encoder/results/inputs/0005_04843.png,/home/ekim339/projects/SD3.5/experiments/style_encoder/results/generated/patches/r3c0/0005.png
129,patch,5,04843.png,Gumme,c28aq,11.068709741097946,3008,0.0,"[3, 1]","[196, 197, 198, 199, 212, 213, 214, 215, 228, 229, 230, 231, 244, 245, 246, 247]",,200047,cubaq,0.0,0.6,0.4,1.0,0.0,0.0,1.0,1.0,/home/ekim339/projects/SD3.5/experiments/style_encoder/results/inputs/0005_04843.png,/home/ekim339/projects/SD3.5/experiments/style_encoder/results/generated/patches/r3c1/0005.png
130,patch,5,04843.png,Gumme,c28aq,11.068709741097946,3008,0.0,"[3, 2]","[200, 201, 202, 203, 216, 217, 218, 219, 232, 233, 234, 235, 248, 249, 250, 251]",,200047,eqbaq,0.0,0.4,0.6,0.0,0.0,0.0,1.0,1.0,/home/ekim339/projects/SD3.5/experiments/style_encoder/results/inputs/0005_04843.png,/home/ekim339/projects/SD3.5/experiments/style_encoder/results/generated/patches/r3c2/0005.png
131,patch,5,04843.png,Gumme,c28aq,11.068709741097946,3008,0.0,"[3, 3]","[204, 205, 206, 207, 220, 221, 222, 223, 236, 237, 238, 239, 252, 253, 254, 255]",,200047,cqbaq,0.0,0.6,0.4,1.0,0.0,0.0,1.0,1.0,/home/ekim339/projects/SD3.5/experiments/style_encoder/results/inputs/0005_04843.png,/home/ekim339/projects/SD3.5/experiments/style_encoder/results/generated/patches/r3c3/0005.png
132,proportion,6,06577.png,crawl,w93bu,2.5440715215792324,3009,0.0,,[],100102,200048,wesbu,0.0,0.6,0.4,1.0,0.0,0.0,1.0,1.0,/home/ekim339/projects/SD3.5/experiments/style_encoder/results/inputs/0006_06577.png,/home/ekim339/projects/SD3.5/experiments/style_encoder/results/generated/proportions/mask-0p0/0006.png
133,proportion,6,06577.png,crawl,w93bu,2.5440715215792324,3009,0.1,,[],100103,200048,wnsbu,0.0,0.6,0.4,1.0,0.0,0.0,1.0,1.0,/home/ekim339/projects/SD3.5/experiments/style_encoder/results/inputs/0006_06577.png,/home/ekim339/projects/SD3.5/experiments/style_encoder/results/generated/proportions/mask-0p1/0006.png
134,proportion,6,06577.png,crawl,w93bu,2.5440715215792324,3009,0.3,,[],100105,200048,wasbu,0.0,0.6,0.4,1.0,0.0,0.0,1.0,1.0,/home/ekim339/projects/SD3.5/experiments/style_encoder/results/inputs/0006_06577.png,/home/ekim339/projects/SD3.5/experiments/style_encoder/results/generated/proportions/mask-0p3/0006.png
135,proportion,6,06577.png,crawl,w93bu,2.5440715215792324,3009,0.5,,[],100107,200048,wasbur,0.0,0.5,0.6,1.0,0.0,0.0,1.0,1.0,/home/ekim339/projects/SD3.5/experiments/style_encoder/results/inputs/0006_06577.png,/home/ekim339/projects/SD3.5/experiments/style_encoder/results/generated/proportions/mask-0p5/0006.png
136,proportion,6,06577.png,crawl,w93bu,2.5440715215792324,3009,0.7,,[],100109,200048,wvsbu,0.0,0.6,0.4,1.0,0.0,0.0,1.0,1.0,/home/ekim339/projects/SD3.5/experiments/style_encoder/results/inputs/0006_06577.png,/home/ekim339/projects/SD3.5/experiments/style_encoder/results/generated/proportions/mask-0p7/0006.png
137,patch,6,06577.png,crawl,w93bu,2.5440715215792324,3009,0.0,,[],,200048,wesbu,0.0,0.6,0.4,1.0,0.0,0.0,1.0,1.0,/home/ekim339/projects/SD3.5/experiments/style_encoder/results/inputs/0006_06577.png,/home/ekim339/projects/SD3.5/experiments/style_encoder/results/generated/patches/none/0006.png
138,patch,6,06577.png,crawl,w93bu,2.5440715215792324,3009,0.0,"[0, 0]","[0, 1, 2, 3, 16, 17, 18, 19, 32, 33, 34, 35, 48, 49, 50, 51]",,200048,wnsbu,0.0,0.6,0.4,1.0,0.0,0.0,1.0,1.0,/home/ekim339/projects/SD3.5/experiments/style_encoder/results/inputs/0006_06577.png,/home/ekim339/projects/SD3.5/experiments/style_encoder/results/generated/patches/r0c0/0006.png
139,patch,6,06577.png,crawl,w93bu,2.5440715215792324,3009,0.0,"[0, 1]","[4, 5, 6, 7, 20, 21, 22, 23, 36, 37, 38, 39, 52, 53, 54, 55]",,200048,wrsbu,0.0,0.6,0.4,1.0,0.0,0.0,1.0,1.0,/home/ekim339/projects/SD3.5/experiments/style_encoder/results/inputs/0006_06577.png,/home/ekim339/projects/SD3.5/experiments/style_encoder/results/generated/patches/r0c1/0006.png
140,patch,6,06577.png,crawl,w93bu,2.5440715215792324,3009,0.0,"[0, 2]","[8, 9, 10, 11, 24, 25, 26, 27, 40, 41, 42, 43, 56, 57, 58, 59]",,200048,wasbu,0.0,0.6,0.4,1.0,0.0,0.0,1.0,1.0,/home/ekim339/projects/SD3.5/experiments/style_encoder/results/inputs/0006_06577.png,/home/ekim339/projects/SD3.5/experiments/style_encoder/results/generated/patches/r0c2/0006.png
141,patch,6,06577.png,crawl,w93bu,2.5440715215792324,3009,0.0,"[0, 3]","[12, 13, 14, 15, 28, 29, 30, 31, 44, 45, 46, 47, 60, 61, 62, 63]",,200048,wasbu,0.0,0.6,0.4,1.0,0.0,0.0,1.0,1.0,/home/ekim339/projects/SD3.5/experiments/style_encoder/results/inputs/0006_06577.png,/home/ekim339/projects/SD3.5/experiments/style_encoder/results/generated/patches/r0c3/0006.png
142,patch,6,06577.png,crawl,w93bu,2.5440715215792324,3009,0.0,"[1, 0]","[64, 65, 66, 67, 80, 81, 82, 83, 96, 97, 98, 99, 112, 113, 114, 115]",,200048,wnsbu,0.0,0.6,0.4,1.0,0.0,0.0,1.0,1.0,/home/ekim339/projects/SD3.5/experiments/style_encoder/results/inputs/0006_06577.png,/home/ekim339/projects/SD3.5/experiments/style_encoder/results/generated/patches/r1c0/0006.png
143,patch,6,06577.png,crawl,w93bu,2.5440715215792324,3009,0.0,"[1, 1]","[68, 69, 70, 71, 84, 85, 86, 87, 100, 101, 102, 103, 116, 117, 118, 119]",,200048,wesbu,0.0,0.6,0.4,1.0,0.0,0.0,1.0,1.0,/home/ekim339/projects/SD3.5/experiments/style_encoder/results/inputs/0006_06577.png,/home/ekim339/projects/SD3.5/experiments/style_encoder/results/generated/patches/r1c1/0006.png
144,patch,6,06577.png,crawl,w93bu,2.5440715215792324,3009,0.0,"[1, 2]","[72, 73, 74, 75, 88, 89, 90, 91, 104, 105, 106, 107, 120, 121, 122, 123]",,200048,wesbu,0.0,0.6,0.4,1.0,0.0,0.0,1.0,1.0,/home/ekim339/projects/SD3.5/experiments/style_encoder/results/inputs/0006_06577.png,/home/ekim339/projects/SD3.5/experiments/style_encoder/results/generated/patches/r1c2/0006.png
145,patch,6,06577.png,crawl,w93bu,2.5440715215792324,3009,0.0,"[1, 3]","[76, 77, 78, 79, 92, 93, 94, 95, 108, 109, 110, 111, 124, 125, 126, 127]",,200048,webbu,0.0,0.6,0.4,1.0,0.0,0.0,1.0,1.0,/home/ekim339/projects/SD3.5/experiments/style_encoder/results/inputs/0006_06577.png,/home/ekim339/projects/SD3.5/experiments/style_encoder/results/generated/patches/r1c3/0006.png
146,patch,6,06577.png,crawl,w93bu,2.5440715215792324,3009,0.0,"[2, 0]","[128, 129, 130, 131, 144, 145, 146, 147, 160, 161, 162, 163, 176, 177, 178, 179]",,200048,wiebu,0.0,0.6,0.4,1.0,0.0,0.0,1.0,1.0,/home/ekim339/projects/SD3.5/experiments/style_encoder/results/inputs/0006_06577.png,/home/ekim339/projects/SD3.5/experiments/style_encoder/results/generated/patches/r2c0/0006.png
147,patch,6,06577.png,crawl,w93bu,2.5440715215792324,3009,0.0,"[2, 1]","[132, 133, 134, 135, 148, 149, 150, 151, 164, 165, 166, 167, 180, 181, 182, 183]",,200048,wasbu,0.0,0.6,0.4,1.0,0.0,0.0,1.0,1.0,/home/ekim339/projects/SD3.5/experiments/style_encoder/results/inputs/0006_06577.png,/home/ekim339/projects/SD3.5/experiments/style_encoder/results/generated/patches/r2c1/0006.png
148,patch,6,06577.png,crawl,w93bu,2.5440715215792324,3009,0.0,"[2, 2]","[136, 137, 138, 139, 152, 153, 154, 155, 168, 169, 170, 171, 184, 185, 186, 187]",,200048,wrbbu,0.0,0.6,0.4,1.0,0.0,0.0,1.0,1.0,/home/ekim339/projects/SD3.5/experiments/style_encoder/results/inputs/0006_06577.png,/home/ekim339/projects/SD3.5/experiments/style_encoder/results/generated/patches/r2c2/0006.png
149,patch,6,06577.png,crawl,w93bu,2.5440715215792324,3009,0.0,"[2, 3]","[140, 141, 142, 143, 156, 157, 158, 159, 172, 173, 174, 175, 188, 189, 190, 191]",,200048,webbu,0.0,0.6,0.4,1.0,0.0,0.0,1.0,1.0,/home/ekim339/projects/SD3.5/experiments/style_encoder/results/inputs/0006_06577.png,/home/ekim339/projects/SD3.5/experiments/style_encoder/results/generated/patches/r2c3/0006.png
150,patch,6,06577.png,crawl,w93bu,2.5440715215792324,3009,0.0,"[3, 0]","[192, 193, 194, 195, 208, 209, 210, 211, 224, 225, 226, 227, 240, 241, 242, 243]",,200048,wrbb,0.0,0.4,0.6,1.0,0.0,0.0,1.0,0.0,/home/ekim339/projects/SD3.5/experiments/style_encoder/results/inputs/0006_06577.png,/home/ekim339/projects/SD3.5/experiments/style_encoder/results/generated/patches/r3c0/0006.png
151,patch,6,06577.png,crawl,w93bu,2.5440715215792324,3009,0.0,"[3, 1]","[196, 197, 198, 199, 212, 213, 214, 215, 228, 229, 230, 231, 244, 245, 246, 247]",,200048,wesbu,0.0,0.6,0.4,1.0,0.0,0.0,1.0,1.0,/home/ekim339/projects/SD3.5/experiments/style_encoder/results/inputs/0006_06577.png,/home/ekim339/projects/SD3.5/experiments/style_encoder/results/generated/patches/r3c1/0006.png
152,patch,6,06577.png,crawl,w93bu,2.5440715215792324,3009,0.0,"[3, 2]","[200, 201, 202, 203, 216, 217, 218, 219, 232, 233, 234, 235, 248, 249, 250, 251]",,200048,wesbu,0.0,0.6,0.4,1.0,0.0,0.0,1.0,1.0,/home/ekim339/projects/SD3.5/experiments/style_encoder/results/inputs/0006_06577.png,/home/ekim339/projects/SD3.5/experiments/style_encoder/results/generated/patches/r3c2/0006.png
153,patch,6,06577.png,crawl,w93bu,2.5440715215792324,3009,0.0,"[3, 3]","[204, 205, 206, 207, 220, 221, 222, 223, 236, 237, 238, 239, 252, 253, 254, 255]",,200048,wasbu,0.0,0.6,0.4,1.0,0.0,0.0,1.0,1.0,/home/ekim339/projects/SD3.5/experiments/style_encoder/results/inputs/0006_06577.png,/home/ekim339/projects/SD3.5/experiments/style_encoder/results/generated/patches/r3c3/0006.png
154,proportion,7,25609.png,tared,qyw2c,11.32649138237307,3010,0.0,,[],100112,200049,qywzc,0.0,0.8,0.2,1.0,1.0,1.0,0.0,1.0,/home/ekim339/projects/SD3.5/experiments/style_encoder/results/inputs/0007_25609.png,/home/ekim339/projects/SD3.5/experiments/style_encoder/results/generated/proportions/mask-0p0/0007.png
155,proportion,7,25609.png,tared,qyw2c,11.32649138237307,3010,0.1,,[],100113,200049,gywzc,0.0,0.6,0.4,0.0,1.0,1.0,0.0,1.0,/home/ekim339/projects/SD3.5/experiments/style_encoder/results/inputs/0007_25609.png,/home/ekim339/projects/SD3.5/experiments/style_encoder/results/generated/proportions/mask-0p1/0007.png
156,proportion,7,25609.png,tared,qyw2c,11.32649138237307,3010,0.3,,[],100115,200049,qywzc,0.0,0.8,0.2,1.0,1.0,1.0,0.0,1.0,/home/ekim339/projects/SD3.5/experiments/style_encoder/results/inputs/0007_25609.png,/home/ekim339/projects/SD3.5/experiments/style_encoder/results/generated/proportions/mask-0p3/0007.png
157,proportion,7,25609.png,tared,qyw2c,11.32649138237307,3010,0.5,,[],100117,200049,gywzc,0.0,0.6,0.4,0.0,1.0,1.0,0.0,1.0,/home/ekim339/projects/SD3.5/experiments/style_encoder/results/inputs/0007_25609.png,/home/ekim339/projects/SD3.5/experiments/style_encoder/results/generated/proportions/mask-0p5/0007.png
158,proportion,7,25609.png,tared,qyw2c,11.32649138237307,3010,0.7,,[],100119,200049,qywzc,0.0,0.8,0.2,1.0,1.0,1.0,0.0,1.0,/home/ekim339/projects/SD3.5/experiments/style_encoder/results/inputs/0007_25609.png,/home/ekim339/projects/SD3.5/experiments/style_encoder/results/generated/proportions/mask-0p7/0007.png
159,patch,7,25609.png,tared,qyw2c,11.32649138237307,3010,0.0,,[],,200049,qywzc,0.0,0.8,0.2,1.0,1.0,1.0,0.0,1.0,/home/ekim339/projects/SD3.5/experiments/style_encoder/results/inputs/0007_25609.png,/home/ekim339/projects/SD3.5/experiments/style_encoder/results/generated/patches/none/0007.png
160,patch,7,25609.png,tared,qyw2c,11.32649138237307,3010,0.0,"[0, 0]","[0, 1, 2, 3, 16, 17, 18, 19, 32, 33, 34, 35, 48, 49, 50, 51]",,200049,qywzc,0.0,0.8,0.2,1.0,1.0,1.0,0.0,1.0,/home/ekim339/projects/SD3.5/experiments/style_encoder/results/inputs/0007_25609.png,/home/ekim339/projects/SD3.5/experiments/style_encoder/results/generated/patches/r0c0/0007.png
161,patch,7,25609.png,tared,qyw2c,11.32649138237307,3010,0.0,"[0, 1]","[4, 5, 6, 7, 20, 21, 22, 23, 36, 37, 38, 39, 52, 53, 54, 55]",,200049,qywzc,0.0,0.8,0.2,1.0,1.0,1.0,0.0,1.0,/home/ekim339/projects/SD3.5/experiments/style_encoder/results/inputs/0007_25609.png,/home/ekim339/projects/SD3.5/experiments/style_encoder/results/generated/patches/r0c1/0007.png
162,patch,7,25609.png,tared,qyw2c,11.32649138237307,3010,0.0,"[0, 2]","[8, 9, 10, 11, 24, 25, 26, 27, 40, 41, 42, 43, 56, 57, 58, 59]",,200049,qywzcc,0.0,0.6666666666666667,0.4,1.0,1.0,1.0,0.0,1.0,/home/ekim339/projects/SD3.5/experiments/style_encoder/results/inputs/0007_25609.png,/home/ekim339/projects/SD3.5/experiments/style_encoder/results/generated/patches/r0c2/0007.png
163,patch,7,25609.png,tared,qyw2c,11.32649138237307,3010,0.0,"[0, 3]","[12, 13, 14, 15, 28, 29, 30, 31, 44, 45, 46, 47, 60, 61, 62, 63]",,200049,qywzc,0.0,0.8,0.2,1.0,1.0,1.0,0.0,1.0,/home/ekim339/projects/SD3.5/experiments/style_encoder/results/inputs/0007_25609.png,/home/ekim339/projects/SD3.5/experiments/style_encoder/results/generated/patches/r0c3/0007.png
164,patch,7,25609.png,tared,qyw2c,11.32649138237307,3010,0.0,"[1, 0]","[64, 65, 66, 67, 80, 81, 82, 83, 96, 97, 98, 99, 112, 113, 114, 115]",,200049,qywzc,0.0,0.8,0.2,1.0,1.0,1.0,0.0,1.0,/home/ekim339/projects/SD3.5/experiments/style_encoder/results/inputs/0007_25609.png,/home/ekim339/projects/SD3.5/experiments/style_encoder/results/generated/patches/r1c0/0007.png
165,patch,7,25609.png,tared,qyw2c,11.32649138237307,3010,0.0,"[1, 1]","[68, 69, 70, 71, 84, 85, 86, 87, 100, 101, 102, 103, 116, 117, 118, 119]",,200049,qywzc,0.0,0.8,0.2,1.0,1.0,1.0,0.0,1.0,/home/ekim339/projects/SD3.5/experiments/style_encoder/results/inputs/0007_25609.png,/home/ekim339/projects/SD3.5/experiments/style_encoder/results/generated/patches/r1c1/0007.png
166,patch,7,25609.png,tared,qyw2c,11.32649138237307,3010,0.0,"[1, 2]","[72, 73, 74, 75, 88, 89, 90, 91, 104, 105, 106, 107, 120, 121, 122, 123]",,200049,qywzc,0.0,0.8,0.2,1.0,1.0,1.0,0.0,1.0,/home/ekim339/projects/SD3.5/experiments/style_encoder/results/inputs/0007_25609.png,/home/ekim339/projects/SD3.5/experiments/style_encoder/results/generated/patches/r1c2/0007.png
167,patch,7,25609.png,tared,qyw2c,11.32649138237307,3010,0.0,"[1, 3]","[76, 77, 78, 79, 92, 93, 94, 95, 108, 109, 110, 111, 124, 125, 126, 127]",,200049,gywzc,0.0,0.6,0.4,0.0,1.0,1.0,0.0,1.0,/home/ekim339/projects/SD3.5/experiments/style_encoder/results/inputs/0007_25609.png,/home/ekim339/projects/SD3.5/experiments/style_encoder/results/generated/patches/r1c3/0007.png
168,patch,7,25609.png,tared,qyw2c,11.32649138237307,3010,0.0,"[2, 0]","[128, 129, 130, 131, 144, 145, 146, 147, 160, 161, 162, 163, 176, 177, 178, 179]",,200049,qywzc,0.0,0.8,0.2,1.0,1.0,1.0,0.0,1.0,/home/ekim339/projects/SD3.5/experiments/style_encoder/results/inputs/0007_25609.png,/home/ekim339/projects/SD3.5/experiments/style_encoder/results/generated/patches/r2c0/0007.png
169,patch,7,25609.png,tared,qyw2c,11.32649138237307,3010,0.0,"[2, 1]","[132, 133, 134, 135, 148, 149, 150, 151, 164, 165, 166, 167, 180, 181, 182, 183]",,200049,qywzc,0.0,0.8,0.2,1.0,1.0,1.0,0.0,1.0,/home/ekim339/projects/SD3.5/experiments/style_encoder/results/inputs/0007_25609.png,/home/ekim339/projects/SD3.5/experiments/style_encoder/results/generated/patches/r2c1/0007.png
170,patch,7,25609.png,tared,qyw2c,11.32649138237307,3010,0.0,"[2, 2]","[136, 137, 138, 139, 152, 153, 154, 155, 168, 169, 170, 171, 184, 185, 186, 187]",,200049,qywzc,0.0,0.8,0.2,1.0,1.0,1.0,0.0,1.0,/home/ekim339/projects/SD3.5/experiments/style_encoder/results/inputs/0007_25609.png,/home/ekim339/projects/SD3.5/experiments/style_encoder/results/generated/patches/r2c2/0007.png
171,patch,7,25609.png,tared,qyw2c,11.32649138237307,3010,0.0,"[2, 3]","[140, 141, 142, 143, 156, 157, 158, 159, 172, 173, 174, 175, 188, 189, 190, 191]",,200049,gyvizc,0.0,0.33333333333333337,0.8,0.0,1.0,0.0,0.0,0.0,/home/ekim339/projects/SD3.5/experiments/style_encoder/results/inputs/0007_25609.png,/home/ekim339/projects/SD3.5/experiments/style_encoder/results/generated/patches/r2c3/0007.png
172,patch,7,25609.png,tared,qyw2c,11.32649138237307,3010,0.0,"[3, 0]","[192, 193, 194, 195, 208, 209, 210, 211, 224, 225, 226, 227, 240, 241, 242, 243]",,200049,qywzc,0.0,0.8,0.2,1.0,1.0,1.0,0.0,1.0,/home/ekim339/projects/SD3.5/experiments/style_encoder/results/inputs/0007_25609.png,/home/ekim339/projects/SD3.5/experiments/style_encoder/results/generated/patches/r3c0/0007.png
173,patch,7,25609.png,tared,qyw2c,11.32649138237307,3010,0.0,"[3, 1]","[196, 197, 198, 199, 212, 213, 214, 215, 228, 229, 230, 231, 244, 245, 246, 247]",,200049,qywzc,0.0,0.8,0.2,1.0,1.0,1.0,0.0,1.0,/home/ekim339/projects/SD3.5/experiments/style_encoder/results/inputs/0007_25609.png,/home/ekim339/projects/SD3.5/experiments/style_encoder/results/generated/patches/r3c1/0007.png
174,patch,7,25609.png,tared,qyw2c,11.32649138237307,3010,0.0,"[3, 2]","[200, 201, 202, 203, 216, 217, 218, 219, 232, 233, 234, 235, 248, 249, 250, 251]",,200049,qywzc,0.0,0.8,0.2,1.0,1.0,1.0,0.0,1.0,/home/ekim339/projects/SD3.5/experiments/style_encoder/results/inputs/0007_25609.png,/home/ekim339/projects/SD3.5/experiments/style_encoder/results/generated/patches/r3c2/0007.png
175,patch,7,25609.png,tared,qyw2c,11.32649138237307,3010,0.0,"[3, 3]","[204, 205, 206, 207, 220, 221, 222, 223, 236, 237, 238, 239, 252, 253, 254, 255]",,200049,qywzc,0.0,0.8,0.2,1.0,1.0,1.0,0.0,1.0,/home/ekim339/projects/SD3.5/experiments/style_encoder/results/inputs/0007_25609.png,/home/ekim339/projects/SD3.5/experiments/style_encoder/results/generated/patches/r3c3/0007.png
176,proportion,8,25813.png,scarp,hsy04,2.55652060007871,3011,0.0,,[],100122,200050,hsyor,0.0,0.6,0.4,1.0,1.0,1.0,0.0,0.0,/home/ekim339/projects/SD3.5/experiments/style_encoder/results/inputs/0008_25813.png,/home/ekim339/projects/SD3.5/experiments/style_encoder/results/generated/proportions/mask-0p0/0008.png
177,proportion,8,25813.png,scarp,hsy04,2.55652060007871,3011,0.1,,[],100123,200050,hsyol,0.0,0.6,0.4,1.0,1.0,1.0,0.0,0.0,/home/ekim339/projects/SD3.5/experiments/style_encoder/results/inputs/0008_25813.png,/home/ekim339/projects/SD3.5/experiments/style_encoder/results/generated/proportions/mask-0p1/0008.png
178,proportion,8,25813.png,scarp,hsy04,2.55652060007871,3011,0.3,,[],100125,200050,hsyon,0.0,0.6,0.4,1.0,1.0,1.0,0.0,0.0,/home/ekim339/projects/SD3.5/experiments/style_encoder/results/inputs/0008_25813.png,/home/ekim339/projects/SD3.5/experiments/style_encoder/results/generated/proportions/mask-0p3/0008.png
179,proportion,8,25813.png,scarp,hsy04,2.55652060007871,3011,0.5,,[],100127,200050,hsyo0,0.0,0.6,0.4,1.0,1.0,1.0,0.0,0.0,/home/ekim339/projects/SD3.5/experiments/style_encoder/results/inputs/0008_25813.png,/home/ekim339/projects/SD3.5/experiments/style_encoder/results/generated/proportions/mask-0p5/0008.png
180,proportion,8,25813.png,scarp,hsy04,2.55652060007871,3011,0.7,,[],100129,200050,hsyon,0.0,0.6,0.4,1.0,1.0,1.0,0.0,0.0,/home/ekim339/projects/SD3.5/experiments/style_encoder/results/inputs/0008_25813.png,/home/ekim339/projects/SD3.5/experiments/style_encoder/results/generated/proportions/mask-0p7/0008.png
181,patch,8,25813.png,scarp,hsy04,2.55652060007871,3011,0.0,,[],,200050,hsyor,0.0,0.6,0.4,1.0,1.0,1.0,0.0,0.0,/home/ekim339/projects/SD3.5/experiments/style_encoder/results/inputs/0008_25813.png,/home/ekim339/projects/SD3.5/experiments/style_encoder/results/generated/patches/none/0008.png
182,patch,8,25813.png,scarp,hsy04,2.55652060007871,3011,0.0,"[0, 0]","[0, 1, 2, 3, 16, 17, 18, 19, 32, 33, 34, 35, 48, 49, 50, 51]",,200050,hsyon,0.0,0.6,0.4,1.0,1.0,1.0,0.0,0.0,/home/ekim339/projects/SD3.5/experiments/style_encoder/results/inputs/0008_25813.png,/home/ekim339/projects/SD3.5/experiments/style_encoder/results/generated/patches/r0c0/0008.png
183,patch,8,25813.png,scarp,hsy04,2.55652060007871,3011,0.0,"[0, 1]","[4, 5, 6, 7, 20, 21, 22, 23, 36, 37, 38, 39, 52, 53, 54, 55]",,200050,hsyor,0.0,0.6,0.4,1.0,1.0,1.0,0.0,0.0,/home/ekim339/projects/SD3.5/experiments/style_encoder/results/inputs/0008_25813.png,/home/ekim339/projects/SD3.5/experiments/style_encoder/results/generated/patches/r0c1/0008.png
184,patch,8,25813.png,scarp,hsy04,2.55652060007871,3011,0.0,"[0, 2]","[8, 9, 10, 11, 24, 25, 26, 27, 40, 41, 42, 43, 56, 57, 58, 59]",,200050,hsyor,0.0,0.6,0.4,1.0,1.0,1.0,0.0,0.0,/home/ekim339/projects/SD3.5/experiments/style_encoder/results/inputs/0008_25813.png,/home/ekim339/projects/SD3.5/experiments/style_encoder/results/generated/patches/r0c2/0008.png
185,patch,8,25813.png,scarp,hsy04,2.55652060007871,3011,0.0,"[0, 3]","[12, 13, 14, 15, 28, 29, 30, 31, 44, 45, 46, 47, 60, 61, 62, 63]",,200050,hsyor,0.0,0.6,0.4,1.0,1.0,1.0,0.0,0.0,/home/ekim339/projects/SD3.5/experiments/style_encoder/results/inputs/0008_25813.png,/home/ekim339/projects/SD3.5/experiments/style_encoder/results/generated/patches/r0c3/0008.png
186,patch,8,25813.png,scarp,hsy04,2.55652060007871,3011,0.0,"[1, 0]","[64, 65, 66, 67, 80, 81, 82, 83, 96, 97, 98, 99, 112, 113, 114, 115]",,200050,hsyon,0.0,0.6,0.4,1.0,1.0,1.0,0.0,0.0,/home/ekim339/projects/SD3.5/experiments/style_encoder/results/inputs/0008_25813.png,/home/ekim339/projects/SD3.5/experiments/style_encoder/results/generated/patches/r1c0/0008.png
187,patch,8,25813.png,scarp,hsy04,2.55652060007871,3011,0.0,"[1, 1]","[68, 69, 70, 71, 84, 85, 86, 87, 100, 101, 102, 103, 116, 117, 118, 119]",,200050,hsyop,0.0,0.6,0.4,1.0,1.0,1.0,0.0,0.0,/home/ekim339/projects/SD3.5/experiments/style_encoder/results/inputs/0008_25813.png,/home/ekim339/projects/SD3.5/experiments/style_encoder/results/generated/patches/r1c1/0008.png
188,patch,8,25813.png,scarp,hsy04,2.55652060007871,3011,0.0,"[1, 2]","[72, 73, 74, 75, 88, 89, 90, 91, 104, 105, 106, 107, 120, 121, 122, 123]",,200050,hsyol,0.0,0.6,0.4,1.0,1.0,1.0,0.0,0.0,/home/ekim339/projects/SD3.5/experiments/style_encoder/results/inputs/0008_25813.png,/home/ekim339/projects/SD3.5/experiments/style_encoder/results/generated/patches/r1c2/0008.png
189,patch,8,25813.png,scarp,hsy04,2.55652060007871,3011,0.0,"[1, 3]","[76, 77, 78, 79, 92, 93, 94, 95, 108, 109, 110, 111, 124, 125, 126, 127]",,200050,hsyol,0.0,0.6,0.4,1.0,1.0,1.0,0.0,0.0,/home/ekim339/projects/SD3.5/experiments/style_encoder/results/inputs/0008_25813.png,/home/ekim339/projects/SD3.5/experiments/style_encoder/results/generated/patches/r1c3/0008.png
190,patch,8,25813.png,scarp,hsy04,2.55652060007871,3011,0.0,"[2, 0]","[128, 129, 130, 131, 144, 145, 146, 147, 160, 161, 162, 163, 176, 177, 178, 179]",,200050,hsyon,0.0,0.6,0.4,1.0,1.0,1.0,0.0,0.0,/home/ekim339/projects/SD3.5/experiments/style_encoder/results/inputs/0008_25813.png,/home/ekim339/projects/SD3.5/experiments/style_encoder/results/generated/patches/r2c0/0008.png
191,patch,8,25813.png,scarp,hsy04,2.55652060007871,3011,0.0,"[2, 1]","[132, 133, 134, 135, 148, 149, 150, 151, 164, 165, 166, 167, 180, 181, 182, 183]",,200050,hisyol,0.0,0.5,0.6,1.0,0.0,0.0,0.0,0.0,/home/ekim339/projects/SD3.5/experiments/style_encoder/results/inputs/0008_25813.png,/home/ekim339/projects/SD3.5/experiments/style_encoder/results/generated/patches/r2c1/0008.png
192,patch,8,25813.png,scarp,hsy04,2.55652060007871,3011,0.0,"[2, 2]","[136, 137, 138, 139, 152, 153, 154, 155, 168, 169, 170, 171, 184, 185, 186, 187]",,200050,hsyol,0.0,0.6,0.4,1.0,1.0,1.0,0.0,0.0,/home/ekim339/projects/SD3.5/experiments/style_encoder/results/inputs/0008_25813.png,/home/ekim339/projects/SD3.5/experiments/style_encoder/results/generated/patches/r2c2/0008.png
193,patch,8,25813.png,scarp,hsy04,2.55652060007871,3011,0.0,"[2, 3]","[140, 141, 142, 143, 156, 157, 158, 159, 172, 173, 174, 175, 188, 189, 190, 191]",,200050,hsyor,0.0,0.6,0.4,1.0,1.0,1.0,0.0,0.0,/home/ekim339/projects/SD3.5/experiments/style_encoder/results/inputs/0008_25813.png,/home/ekim339/projects/SD3.5/experiments/style_encoder/results/generated/patches/r2c3/0008.png
194,patch,8,25813.png,scarp,hsy04,2.55652060007871,3011,0.0,"[3, 0]","[192, 193, 194, 195, 208, 209, 210, 211, 224, 225, 226, 227, 240, 241, 242, 243]",,200050,hsyo,0.0,0.6,0.4,1.0,1.0,1.0,0.0,0.0,/home/ekim339/projects/SD3.5/experiments/style_encoder/results/inputs/0008_25813.png,/home/ekim339/projects/SD3.5/experiments/style_encoder/results/generated/patches/r3c0/0008.png
195,patch,8,25813.png,scarp,hsy04,2.55652060007871,3011,0.0,"[3, 1]","[196, 197, 198, 199, 212, 213, 214, 215, 228, 229, 230, 231, 244, 245, 246, 247]",,200050,hsyor,0.0,0.6,0.4,1.0,1.0,1.0,0.0,0.0,/home/ekim339/projects/SD3.5/experiments/style_encoder/results/inputs/0008_25813.png,/home/ekim339/projects/SD3.5/experiments/style_encoder/results/generated/patches/r3c1/0008.png
196,patch,8,25813.png,scarp,hsy04,2.55652060007871,3011,0.0,"[3, 2]","[200, 201, 202, 203, 216, 217, 218, 219, 232, 233, 234, 235, 248, 249, 250, 251]",,200050,hsyon,0.0,0.6,0.4,1.0,1.0,1.0,0.0,0.0,/home/ekim339/projects/SD3.5/experiments/style_encoder/results/inputs/0008_25813.png,/home/ekim339/projects/SD3.5/experiments/style_encoder/results/generated/patches/r3c2/0008.png
197,patch,8,25813.png,scarp,hsy04,2.55652060007871,3011,0.0,"[3, 3]","[204, 205, 206, 207, 220, 221, 222, 223, 236, 237, 238, 239, 252, 253, 254, 255]",,200050,hsyor,0.0,0.6,0.4,1.0,1.0,1.0,0.0,0.0,/home/ekim339/projects/SD3.5/experiments/style_encoder/results/inputs/0008_25813.png,/home/ekim339/projects/SD3.5/experiments/style_encoder/results/generated/patches/r3c3/0008.png
198,proportion,9,44196.png,LINUX,1f6im,4.473118207168584,3012,0.0,,[],100132,200051,looi,0.0,0.19999999999999996,0.8,0.0,0.0,0.0,1.0,0.0,/home/ekim339/projects/SD3.5/experiments/style_encoder/results/inputs/0009_44196.png,/home/ekim339/projects/SD3.5/experiments/style_encoder/results/generated/proportions/mask-0p0/0009.png
199,proportion,9,44196.png,LINUX,1f6im,4.473118207168584,3012,0.1,,[],100133,200051,liccmm,0.0,0.16666666666666663,1.0,0.0,0.0,0.0,0.0,1.0,/home/ekim339/projects/SD3.5/experiments/style_encoder/results/inputs/0009_44196.png,/home/ekim339/projects/SD3.5/experiments/style_encoder/results/generated/proportions/mask-0p1/0009.png
200,proportion,9,44196.png,LINUX,1f6im,4.473118207168584,3012,0.3,,[],100135,200051,ibm,0.0,0.19999999999999996,0.8,0.0,0.0,0.0,0.0,0.0,/home/ekim339/projects/SD3.5/experiments/style_encoder/results/inputs/0009_44196.png,/home/ekim339/projects/SD3.5/experiments/style_encoder/results/generated/proportions/mask-0p3/0009.png
201,proportion,9,44196.png,LINUX,1f6im,4.473118207168584,3012,0.5,,[],100137,200051,fbim,0.0,0.6,0.4,0.0,0.0,0.0,0.0,0.0,/home/ekim339/projects/SD3.5/experiments/style_encoder/results/inputs/0009_44196.png,/home/ekim339/projects/SD3.5/experiments/style_encoder/results/generated/proportions/mask-0p5/0009.png
202,proportion,9,44196.png,LINUX,1f6im,4.473118207168584,3012,0.7,,[],100139,200051,ifcim,0.0,0.6,0.4,0.0,1.0,0.0,1.0,1.0,/home/ekim339/projects/SD3.5/experiments/style_encoder/results/inputs/0009_44196.png,/home/ekim339/projects/SD3.5/experiments/style_encoder/results/generated/proportions/mask-0p7/0009.png
203,patch,9,44196.png,LINUX,1f6im,4.473118207168584,3012,0.0,,[],,200051,looi,0.0,0.19999999999999996,0.8,0.0,0.0,0.0,1.0,0.0,/home/ekim339/projects/SD3.5/experiments/style_encoder/results/inputs/0009_44196.png,/home/ekim339/projects/SD3.5/experiments/style_encoder/results/generated/patches/none/0009.png
204,patch,9,44196.png,LINUX,1f6im,4.473118207168584,3012,0.0,"[0, 0]","[0, 1, 2, 3, 16, 17, 18, 19, 32, 33, 34, 35, 48, 49, 50, 51]",,200051,iftim,0.0,0.6,0.4,0.0,1.0,0.0,1.0,1.0,/home/ekim339/projects/SD3.5/experiments/style_encoder/results/inputs/0009_44196.png,/home/ekim339/projects/SD3.5/experiments/style_encoder/results/generated/patches/r0c0/0009.png
205,patch,9,44196.png,LINUX,1f6im,4.473118207168584,3012,0.0,"[0, 1]","[4, 5, 6, 7, 20, 21, 22, 23, 36, 37, 38, 39, 52, 53, 54, 55]",,200051,form,0.0,0.4,0.6,0.0,0.0,0.0,0.0,0.0,/home/ekim339/projects/SD3.5/experiments/style_encoder/results/inputs/0009_44196.png,/home/ekim339/projects/SD3.5/experiments/style_encoder/results/generated/patches/r0c1/0009.png
206,patch,9,44196.png,LINUX,1f6im,4.473118207168584,3012,0.0,"[0, 2]","[8, 9, 10, 11, 24, 25, 26, 27, 40, 41, 42, 43, 56, 57, 58, 59]",,200051,foim,0.0,0.6,0.4,0.0,0.0,0.0,0.0,0.0,/home/ekim339/projects/SD3.5/experiments/style_encoder/results/inputs/0009_44196.png,/home/ekim339/projects/SD3.5/experiments/style_encoder/results/generated/patches/r0c2/0009.png
207,patch,9,44196.png,LINUX,1f6im,4.473118207168584,3012,0.0,"[0, 3]","[12, 13, 14, 15, 28, 29, 30, 31, 44, 45, 46, 47, 60, 61, 62, 63]",,200051,ifoim,0.0,0.6,0.4,0.0,1.0,0.0,1.0,1.0,/home/ekim339/projects/SD3.5/experiments/style_encoder/results/inputs/0009_44196.png,/home/ekim339/projects/SD3.5/experiments/style_encoder/results/generated/patches/r0c3/0009.png
208,patch,9,44196.png,LINUX,1f6im,4.473118207168584,3012,0.0,"[1, 0]","[64, 65, 66, 67, 80, 81, 82, 83, 96, 97, 98, 99, 112, 113, 114, 115]",,200051,ifbim,0.0,0.6,0.4,0.0,1.0,0.0,1.0,1.0,/home/ekim339/projects/SD3.5/experiments/style_encoder/results/inputs/0009_44196.png,/home/ekim339/projects/SD3.5/experiments/style_encoder/results/generated/patches/r1c0/0009.png
209,patch,9,44196.png,LINUX,1f6im,4.473118207168584,3012,0.0,"[1, 1]","[68, 69, 70, 71, 84, 85, 86, 87, 100, 101, 102, 103, 116, 117, 118, 119]",,200051,ifcimm,0.0,0.5,0.6,0.0,1.0,0.0,1.0,1.0,/home/ekim339/projects/SD3.5/experiments/style_encoder/results/inputs/0009_44196.png,/home/ekim339/projects/SD3.5/experiments/style_encoder/results/generated/patches/r1c1/0009.png
210,patch,9,44196.png,LINUX,1f6im,4.473118207168584,3012,0.0,"[1, 2]","[72, 73, 74, 75, 88, 89, 90, 91, 104, 105, 106, 107, 120, 121, 122, 123]",,200051,lccimu,0.0,0.33333333333333337,0.8,0.0,0.0,0.0,1.0,1.0,/home/ekim339/projects/SD3.5/experiments/style_encoder/results/inputs/0009_44196.png,/home/ekim339/projects/SD3.5/experiments/style_encoder/results/generated/patches/r1c2/0009.png
211,patch,9,44196.png,LINUX,1f6im,4.473118207168584,3012,0.0,"[1, 3]","[76, 77, 78, 79, 92, 93, 94, 95, 108, 109, 110, 111, 124, 125, 126, 127]",,200051,ifbim,0.0,0.6,0.4,0.0,1.0,0.0,1.0,1.0,/home/ekim339/projects/SD3.5/experiments/style_encoder/results/inputs/0009_44196.png,/home/ekim339/projects/SD3.5/experiments/style_encoder/results/generated/patches/r1c3/0009.png
212,patch,9,44196.png,LINUX,1f6im,4.473118207168584,3012,0.0,"[2, 0]","[128, 129, 130, 131, 144, 145, 146, 147, 160, 161, 162, 163, 176, 177, 178, 179]",,200051,ifbim,0.0,0.6,0.4,0.0,1.0,0.0,1.0,1.0,/home/ekim339/projects/SD3.5/experiments/style_encoder/results/inputs/0009_44196.png,/home/ekim339/projects/SD3.5/experiments/style_encoder/results/generated/patches/r2c0/0009.png
213,patch,9,44196.png,LINUX,1f6im,4.473118207168584,3012,0.0,"[2, 1]","[132, 133, 134, 135, 148, 149, 150, 151, 164, 165, 166, 167, 180, 181, 182, 183]",,200051,lifcimu,0.0,0.4285714285714286,0.8,0.0,0.0,0.0,0.0,0.0,/home/ekim339/projects/SD3.5/experiments/style_encoder/results/inputs/0009_44196.png,/home/ekim339/projects/SD3.5/experiments/style_encoder/results/generated/patches/r2c1/0009.png
214,patch,9,44196.png,LINUX,1f6im,4.473118207168584,3012,0.0,"[2, 2]","[136, 137, 138, 139, 152, 153, 154, 155, 168, 169, 170, 171, 184, 185, 186, 187]",,200051,iicimn,0.0,0.33333333333333337,0.8,0.0,0.0,0.0,1.0,1.0,/home/ekim339/projects/SD3.5/experiments/style_encoder/results/inputs/0009_44196.png,/home/ekim339/projects/SD3.5/experiments/style_encoder/results/generated/patches/r2c2/0009.png
215,patch,9,44196.png,LINUX,1f6im,4.473118207168584,3012,0.0,"[2, 3]","[140, 141, 142, 143, 156, 157, 158, 159, 172, 173, 174, 175, 188, 189, 190, 191]",,200051,jfii,0.0,0.4,0.6,0.0,1.0,0.0,1.0,0.0,/home/ekim339/projects/SD3.5/experiments/style_encoder/results/inputs/0009_44196.png,/home/ekim339/projects/SD3.5/experiments/style_encoder/results/generated/patches/r2c3/0009.png
216,patch,9,44196.png,LINUX,1f6im,4.473118207168584,3012,0.0,"[3, 0]","[192, 193, 194, 195, 208, 209, 210, 211, 224, 225, 226, 227, 240, 241, 242, 243]",,200051,ifbim,0.0,0.6,0.4,0.0,1.0,0.0,1.0,1.0,/home/ekim339/projects/SD3.5/experiments/style_encoder/results/inputs/0009_44196.png,/home/ekim339/projects/SD3.5/experiments/style_encoder/results/generated/patches/r3c0/0009.png
217,patch,9,44196.png,LINUX,1f6im,4.473118207168584,3012,0.0,"[3, 1]","[196, 197, 198, 199, 212, 213, 214, 215, 228, 229, 230, 231, 244, 245, 246, 247]",,200051,foim,0.0,0.6,0.4,0.0,0.0,0.0,0.0,0.0,/home/ekim339/projects/SD3.5/experiments/style_encoder/results/inputs/0009_44196.png,/home/ekim339/projects/SD3.5/experiments/style_encoder/results/generated/patches/r3c1/0009.png
218,patch,9,44196.png,LINUX,1f6im,4.473118207168584,3012,0.0,"[3, 2]","[200, 201, 202, 203, 216, 217, 218, 219, 232, 233, 234, 235, 248, 249, 250, 251]",,200051,ifcim,0.0,0.6,0.4,0.0,1.0,0.0,1.0,1.0,/home/ekim339/projects/SD3.5/experiments/style_encoder/results/inputs/0009_44196.png,/home/ekim339/projects/SD3.5/experiments/style_encoder/results/generated/patches/r3c2/0009.png
219,patch,9,44196.png,LINUX,1f6im,4.473118207168584,3012,0.0,"[3, 3]","[204, 205, 206, 207, 220, 221, 222, 223, 236, 237, 238, 239, 252, 253, 254, 255]",,200051,ffcim,0.0,0.6,0.4,0.0,1.0,0.0,1.0,1.0,/home/ekim339/projects/SD3.5/experiments/style_encoder/results/inputs/0009_44196.png,/home/ekim339/projects/SD3.5/experiments/style_encoder/results/generated/patches/r3c3/0009.png
220,proportion,10,23074.png,fears,l8d7s,7.323542951159396,3013,0.0,,[],100142,200052,ledzs,0.0,0.6,0.4,1.0,0.0,1.0,0.0,1.0,/home/ekim339/projects/SD3.5/experiments/style_encoder/results/inputs/0010_23074.png,/home/ekim339/projects/SD3.5/experiments/style_encoder/results/generated/proportions/mask-0p0/0010.png
221,proportion,10,23074.png,fears,l8d7s,7.323542951159396,3013,0.1,,[],100143,200052,ledzs,0.0,0.6,0.4,1.0,0.0,1.0,0.0,1.0,/home/ekim339/projects/SD3.5/experiments/style_encoder/results/inputs/0010_23074.png,/home/ekim339/projects/SD3.5/experiments/style_encoder/results/generated/proportions/mask-0p1/0010.png
222,proportion,10,23074.png,fears,l8d7s,7.323542951159396,3013,0.3,,[],100145,200052,ledrs,0.0,0.6,0.4,1.0,0.0,1.0,0.0,1.0,/home/ekim339/projects/SD3.5/experiments/style_encoder/results/inputs/0010_23074.png,/home/ekim339/projects/SD3.5/experiments/style_encoder/results/generated/proportions/mask-0p3/0010.png
223,proportion,10,23074.png,fears,l8d7s,7.323542951159396,3013,0.5,,[],100147,200052,ledrs,0.0,0.6,0.4,1.0,0.0,1.0,0.0,1.0,/home/ekim339/projects/SD3.5/experiments/style_encoder/results/inputs/0010_23074.png,/home/ekim339/projects/SD3.5/experiments/style_encoder/results/generated/proportions/mask-0p5/0010.png
224,proportion,10,23074.png,fears,l8d7s,7.323542951159396,3013,0.7,,[],100149,200052,ledrs,0.0,0.6,0.4,1.0,0.0,1.0,0.0,1.0,/home/ekim339/projects/SD3.5/experiments/style_encoder/results/inputs/0010_23074.png,/home/ekim339/projects/SD3.5/experiments/style_encoder/results/generated/proportions/mask-0p7/0010.png
225,patch,10,23074.png,fears,l8d7s,7.323542951159396,3013,0.0,,[],,200052,ledzs,0.0,0.6,0.4,1.0,0.0,1.0,0.0,1.0,/home/ekim339/projects/SD3.5/experiments/style_encoder/results/inputs/0010_23074.png,/home/ekim339/projects/SD3.5/experiments/style_encoder/results/generated/patches/none/0010.png
226,patch,10,23074.png,fears,l8d7s,7.323542951159396,3013,0.0,"[0, 0]","[0, 1, 2, 3, 16, 17, 18, 19, 32, 33, 34, 35, 48, 49, 50, 51]",,200052,ledzs,0.0,0.6,0.4,1.0,0.0,1.0,0.0,1.0,/home/ekim339/projects/SD3.5/experiments/style_encoder/results/inputs/0010_23074.png,/home/ekim339/projects/SD3.5/experiments/style_encoder/results/generated/patches/r0c0/0010.png
227,patch,10,23074.png,fears,l8d7s,7.323542951159396,3013,0.0,"[0, 1]","[4, 5, 6, 7, 20, 21, 22, 23, 36, 37, 38, 39, 52, 53, 54, 55]",,200052,ledzs,0.0,0.6,0.4,1.0,0.0,1.0,0.0,1.0,/home/ekim339/projects/SD3.5/experiments/style_encoder/results/inputs/0010_23074.png,/home/ekim339/projects/SD3.5/experiments/style_encoder/results/generated/patches/r0c1/0010.png
228,patch,10,23074.png,fears,l8d7s,7.323542951159396,3013,0.0,"[0, 2]","[8, 9, 10, 11, 24, 25, 26, 27, 40, 41, 42, 43, 56, 57, 58, 59]",,200052,ledzs,0.0,0.6,0.4,1.0,0.0,1.0,0.0,1.0,/home/ekim339/projects/SD3.5/experiments/style_encoder/results/inputs/0010_23074.png,/home/ekim339/projects/SD3.5/experiments/style_encoder/results/generated/patches/r0c2/0010.png
229,patch,10,23074.png,fears,l8d7s,7.323542951159396,3013,0.0,"[0, 3]","[12, 13, 14, 15, 28, 29, 30, 31, 44, 45, 46, 47, 60, 61, 62, 63]",,200052,ledzs,0.0,0.6,0.4,1.0,0.0,1.0,0.0,1.0,/home/ekim339/projects/SD3.5/experiments/style_encoder/results/inputs/0010_23074.png,/home/ekim339/projects/SD3.5/experiments/style_encoder/results/generated/patches/r0c3/0010.png
230,patch,10,23074.png,fears,l8d7s,7.323542951159396,3013,0.0,"[1, 0]","[64, 65, 66, 67, 80, 81, 82, 83, 96, 97, 98, 99, 112, 113, 114, 115]",,200052,ledzs,0.0,0.6,0.4,1.0,0.0,1.0,0.0,1.0,/home/ekim339/projects/SD3.5/experiments/style_encoder/results/inputs/0010_23074.png,/home/ekim339/projects/SD3.5/experiments/style_encoder/results/generated/patches/r1c0/0010.png
231,patch,10,23074.png,fears,l8d7s,7.323542951159396,3013,0.0,"[1, 1]","[68, 69, 70, 71, 84, 85, 86, 87, 100, 101, 102, 103, 116, 117, 118, 119]",,200052,ledzs,0.0,0.6,0.4,1.0,0.0,1.0,0.0,1.0,/home/ekim339/projects/SD3.5/experiments/style_encoder/results/inputs/0010_23074.png,/home/ekim339/projects/SD3.5/experiments/style_encoder/results/generated/patches/r1c1/0010.png
232,patch,10,23074.png,fears,l8d7s,7.323542951159396,3013,0.0,"[1, 2]","[72, 73, 74, 75, 88, 89, 90, 91, 104, 105, 106, 107, 120, 121, 122, 123]",,200052,leds,0.0,0.6,0.4,1.0,0.0,1.0,0.0,0.0,/home/ekim339/projects/SD3.5/experiments/style_encoder/results/inputs/0010_23074.png,/home/ekim339/projects/SD3.5/experiments/style_encoder/results/generated/patches/r1c2/0010.png
233,patch,10,23074.png,fears,l8d7s,7.323542951159396,3013,0.0,"[1, 3]","[76, 77, 78, 79, 92, 93, 94, 95, 108, 109, 110, 111, 124, 125, 126, 127]",,200052,ledzs,0.0,0.6,0.4,1.0,0.0,1.0,0.0,1.0,/home/ekim339/projects/SD3.5/experiments/style_encoder/results/inputs/0010_23074.png,/home/ekim339/projects/SD3.5/experiments/style_encoder/results/generated/patches/r1c3/0010.png
234,patch,10,23074.png,fears,l8d7s,7.323542951159396,3013,0.0,"[2, 0]","[128, 129, 130, 131, 144, 145, 146, 147, 160, 161, 162, 163, 176, 177, 178, 179]",,200052,ledzs,0.0,0.6,0.4,1.0,0.0,1.0,0.0,1.0,/home/ekim339/projects/SD3.5/experiments/style_encoder/results/inputs/0010_23074.png,/home/ekim339/projects/SD3.5/experiments/style_encoder/results/generated/patches/r2c0/0010.png
235,patch,10,23074.png,fears,l8d7s,7.323542951159396,3013,0.0,"[2, 1]","[132, 133, 134, 135, 148, 149, 150, 151, 164, 165, 166, 167, 180, 181, 182, 183]",,200052,tears,0.0,0.19999999999999996,0.8,0.0,0.0,0.0,0.0,1.0,/home/ekim339/projects/SD3.5/experiments/style_encoder/results/inputs/0010_23074.png,/home/ekim339/projects/SD3.5/experiments/style_encoder/results/generated/patches/r2c1/0010.png
236,patch,10,23074.png,fears,l8d7s,7.323542951159396,3013,0.0,"[2, 2]","[136, 137, 138, 139, 152, 153, 154, 155, 168, 169, 170, 171, 184, 185, 186, 187]",,200052,ledzs,0.0,0.6,0.4,1.0,0.0,1.0,0.0,1.0,/home/ekim339/projects/SD3.5/experiments/style_encoder/results/inputs/0010_23074.png,/home/ekim339/projects/SD3.5/experiments/style_encoder/results/generated/patches/r2c2/0010.png
237,patch,10,23074.png,fears,l8d7s,7.323542951159396,3013,0.0,"[2, 3]","[140, 141, 142, 143, 156, 157, 158, 159, 172, 173, 174, 175, 188, 189, 190, 191]",,200052,ledzs,0.0,0.6,0.4,1.0,0.0,1.0,0.0,1.0,/home/ekim339/projects/SD3.5/experiments/style_encoder/results/inputs/0010_23074.png,/home/ekim339/projects/SD3.5/experiments/style_encoder/results/generated/patches/r2c3/0010.png
238,patch,10,23074.png,fears,l8d7s,7.323542951159396,3013,0.0,"[3, 0]","[192, 193, 194, 195, 208, 209, 210, 211, 224, 225, 226, 227, 240, 241, 242, 243]",,200052,ledzs,0.0,0.6,0.4,1.0,0.0,1.0,0.0,1.0,/home/ekim339/projects/SD3.5/experiments/style_encoder/results/inputs/0010_23074.png,/home/ekim339/projects/SD3.5/experiments/style_encoder/results/generated/patches/r3c0/0010.png
239,patch,10,23074.png,fears,l8d7s,7.323542951159396,3013,0.0,"[3, 1]","[196, 197, 198, 199, 212, 213, 214, 215, 228, 229, 230, 231, 244, 245, 246, 247]",,200052,ledzs,0.0,0.6,0.4,1.0,0.0,1.0,0.0,1.0,/home/ekim339/projects/SD3.5/experiments/style_encoder/results/inputs/0010_23074.png,/home/ekim339/projects/SD3.5/experiments/style_encoder/results/generated/patches/r3c1/0010.png
240,patch,10,23074.png,fears,l8d7s,7.323542951159396,3013,0.0,"[3, 2]","[200, 201, 202, 203, 216, 217, 218, 219, 232, 233, 234, 235, 248, 249, 250, 251]",,200052,tears,0.0,0.19999999999999996,0.8,0.0,0.0,0.0,0.0,1.0,/home/ekim339/projects/SD3.5/experiments/style_encoder/results/inputs/0010_23074.png,/home/ekim339/projects/SD3.5/experiments/style_encoder/results/generated/patches/r3c2/0010.png
241,patch,10,23074.png,fears,l8d7s,7.323542951159396,3013,0.0,"[3, 3]","[204, 205, 206, 207, 220, 221, 222, 223, 236, 237, 238, 239, 252, 253, 254, 255]",,200052,ledzs,0.0,0.6,0.4,1.0,0.0,1.0,0.0,1.0,/home/ekim339/projects/SD3.5/experiments/style_encoder/results/inputs/0010_23074.png,/home/ekim339/projects/SD3.5/experiments/style_encoder/results/generated/patches/r3c3/0010.png
242,proportion,11,16799.png,tudor,jlo9v,11.087793837904204,3014,0.0,,[],100152,200053,jloov,0.0,0.8,0.2,1.0,1.0,1.0,0.0,1.0,/home/ekim339/projects/SD3.5/experiments/style_encoder/results/inputs/0011_16799.png,/home/ekim339/projects/SD3.5/experiments/style_encoder/results/generated/proportions/mask-0p0/0011.png
243,proportion,11,16799.png,tudor,jlo9v,11.087793837904204,3014,0.1,,[],100153,200053,jloov,0.0,0.8,0.2,1.0,1.0,1.0,0.0,1.0,/home/ekim339/projects/SD3.5/experiments/style_encoder/results/inputs/0011_16799.png,/home/ekim339/projects/SD3.5/experiments/style_encoder/results/generated/proportions/mask-0p1/0011.png
244,proportion,11,16799.png,tudor,jlo9v,11.087793837904204,3014,0.3,,[],100155,200053,jlovv,0.0,0.8,0.2,1.0,1.0,1.0,0.0,1.0,/home/ekim339/projects/SD3.5/experiments/style_encoder/results/inputs/0011_16799.png,/home/ekim339/projects/SD3.5/experiments/style_encoder/results/generated/proportions/mask-0p3/0011.png
245,proportion,11,16799.png,tudor,jlo9v,11.087793837904204,3014,0.5,,[],100157,200053,jorr,0.0,0.4,0.6,1.0,0.0,0.0,0.0,0.0,/home/ekim339/projects/SD3.5/experiments/style_encoder/results/inputs/0011_16799.png,/home/ekim339/projects/SD3.5/experiments/style_encoder/results/generated/proportions/mask-0p5/0011.png
246,proportion,11,16799.png,tudor,jlo9v,11.087793837904204,3014,0.7,,[],100159,200053,flory,0.0,0.4,0.6,0.0,1.0,1.0,0.0,0.0,/home/ekim339/projects/SD3.5/experiments/style_encoder/results/inputs/0011_16799.png,/home/ekim339/projects/SD3.5/experiments/style_encoder/results/generated/proportions/mask-0p7/0011.png
247,patch,11,16799.png,tudor,jlo9v,11.087793837904204,3014,0.0,,[],,200053,jloov,0.0,0.8,0.2,1.0,1.0,1.0,0.0,1.0,/home/ekim339/projects/SD3.5/experiments/style_encoder/results/inputs/0011_16799.png,/home/ekim339/projects/SD3.5/experiments/style_encoder/results/generated/patches/none/0011.png
248,patch,11,16799.png,tudor,jlo9v,11.087793837904204,3014,0.0,"[0, 0]","[0, 1, 2, 3, 16, 17, 18, 19, 32, 33, 34, 35, 48, 49, 50, 51]",,200053,jloov,0.0,0.8,0.2,1.0,1.0,1.0,0.0,1.0,/home/ekim339/projects/SD3.5/experiments/style_encoder/results/inputs/0011_16799.png,/home/ekim339/projects/SD3.5/experiments/style_encoder/results/generated/patches/r0c0/0011.png
249,patch,11,16799.png,tudor,jlo9v,11.087793837904204,3014,0.0,"[0, 1]","[4, 5, 6, 7, 20, 21, 22, 23, 36, 37, 38, 39, 52, 53, 54, 55]",,200053,jlorv,0.0,0.8,0.2,1.0,1.0,1.0,0.0,1.0,/home/ekim339/projects/SD3.5/experiments/style_encoder/results/inputs/0011_16799.png,/home/ekim339/projects/SD3.5/experiments/style_encoder/results/generated/patches/r0c1/0011.png
250,patch,11,16799.png,tudor,jlo9v,11.087793837904204,3014,0.0,"[0, 2]","[8, 9, 10, 11, 24, 25, 26, 27, 40, 41, 42, 43, 56, 57, 58, 59]",,200053,jlorv,0.0,0.8,0.2,1.0,1.0,1.0,0.0,1.0,/home/ekim339/projects/SD3.5/experiments/style_encoder/results/inputs/0011_16799.png,/home/ekim339/projects/SD3.5/experiments/style_encoder/results/generated/patches/r0c2/0011.png
251,patch,11,16799.png,tudor,jlo9v,11.087793837904204,3014,0.0,"[0, 3]","[12, 13, 14, 15, 28, 29, 30, 31, 44, 45, 46, 47, 60, 61, 62, 63]",,200053,jlorv,0.0,0.8,0.2,1.0,1.0,1.0,0.0,1.0,/home/ekim339/projects/SD3.5/experiments/style_encoder/results/inputs/0011_16799.png,/home/ekim339/projects/SD3.5/experiments/style_encoder/results/generated/patches/r0c3/0011.png
252,patch,11,16799.png,tudor,jlo9v,11.087793837904204,3014,0.0,"[1, 0]","[64, 65, 66, 67, 80, 81, 82, 83, 96, 97, 98, 99, 112, 113, 114, 115]",,200053,jloov,0.0,0.8,0.2,1.0,1.0,1.0,0.0,1.0,/home/ekim339/projects/SD3.5/experiments/style_encoder/results/inputs/0011_16799.png,/home/ekim339/projects/SD3.5/experiments/style_encoder/results/generated/patches/r1c0/0011.png
253,patch,11,16799.png,tudor,jlo9v,11.087793837904204,3014,0.0,"[1, 1]","[68, 69, 70, 71, 84, 85, 86, 87, 100, 101, 102, 103, 116, 117, 118, 119]",,200053,jloov,0.0,0.8,0.2,1.0,1.0,1.0,0.0,1.0,/home/ekim339/projects/SD3.5/experiments/style_encoder/results/inputs/0011_16799.png,/home/ekim339/projects/SD3.5/experiments/style_encoder/results/generated/patches/r1c1/0011.png
254,patch,11,16799.png,tudor,jlo9v,11.087793837904204,3014,0.0,"[1, 2]","[72, 73, 74, 75, 88, 89, 90, 91, 104, 105, 106, 107, 120, 121, 122, 123]",,200053,jloov,0.0,0.8,0.2,1.0,1.0,1.0,0.0,1.0,/home/ekim339/projects/SD3.5/experiments/style_encoder/results/inputs/0011_16799.png,/home/ekim339/projects/SD3.5/experiments/style_encoder/results/generated/patches/r1c2/0011.png
255,patch,11,16799.png,tudor,jlo9v,11.087793837904204,3014,0.0,"[1, 3]","[76, 77, 78, 79, 92, 93, 94, 95, 108, 109, 110, 111, 124, 125, 126, 127]",,200053,jloev,0.0,0.8,0.2,1.0,1.0,1.0,0.0,1.0,/home/ekim339/projects/SD3.5/experiments/style_encoder/results/inputs/0011_16799.png,/home/ekim339/projects/SD3.5/experiments/style_encoder/results/generated/patches/r1c3/0011.png
256,patch,11,16799.png,tudor,jlo9v,11.087793837904204,3014,0.0,"[2, 0]","[128, 129, 130, 131, 144, 145, 146, 147, 160, 161, 162, 163, 176, 177, 178, 179]",,200053,jloov,0.0,0.8,0.2,1.0,1.0,1.0,0.0,1.0,/home/ekim339/projects/SD3.5/experiments/style_encoder/results/inputs/0011_16799.png,/home/ekim339/projects/SD3.5/experiments/style_encoder/results/generated/patches/r2c0/0011.png
257,patch,11,16799.png,tudor,jlo9v,11.087793837904204,3014,0.0,"[2, 1]","[132, 133, 134, 135, 148, 149, 150, 151, 164, 165, 166, 167, 180, 181, 182, 183]",,200053,jlocv,0.0,0.8,0.2,1.0,1.0,1.0,0.0,1.0,/home/ekim339/projects/SD3.5/experiments/style_encoder/results/inputs/0011_16799.png,/home/ekim339/projects/SD3.5/experiments/style_encoder/results/generated/patches/r2c1/0011.png
258,patch,11,16799.png,tudor,jlo9v,11.087793837904204,3014,0.0,"[2, 2]","[136, 137, 138, 139, 152, 153, 154, 155, 168, 169, 170, 171, 184, 185, 186, 187]",,200053,jloov,0.0,0.8,0.2,1.0,1.0,1.0,0.0,1.0,/home/ekim339/projects/SD3.5/experiments/style_encoder/results/inputs/0011_16799.png,/home/ekim339/projects/SD3.5/experiments/style_encoder/results/generated/patches/r2c2/0011.png
259,patch,11,16799.png,tudor,jlo9v,11.087793837904204,3014,0.0,"[2, 3]","[140, 141, 142, 143, 156, 157, 158, 159, 172, 173, 174, 175, 188, 189, 190, 191]",,200053,jloev,0.0,0.8,0.2,1.0,1.0,1.0,0.0,1.0,/home/ekim339/projects/SD3.5/experiments/style_encoder/results/inputs/0011_16799.png,/home/ekim339/projects/SD3.5/experiments/style_encoder/results/generated/patches/r2c3/0011.png
260,patch,11,16799.png,tudor,jlo9v,11.087793837904204,3014,0.0,"[3, 0]","[192, 193, 194, 195, 208, 209, 210, 211, 224, 225, 226, 227, 240, 241, 242, 243]",,200053,jloov,0.0,0.8,0.2,1.0,1.0,1.0,0.0,1.0,/home/ekim339/projects/SD3.5/experiments/style_encoder/results/inputs/0011_16799.png,/home/ekim339/projects/SD3.5/experiments/style_encoder/results/generated/patches/r3c0/0011.png
261,patch,11,16799.png,tudor,jlo9v,11.087793837904204,3014,0.0,"[3, 1]","[196, 197, 198, 199, 212, 213, 214, 215, 228, 229, 230, 231, 244, 245, 246, 247]",,200053,jloov,0.0,0.8,0.2,1.0,1.0,1.0,0.0,1.0,/home/ekim339/projects/SD3.5/experiments/style_encoder/results/inputs/0011_16799.png,/home/ekim339/projects/SD3.5/experiments/style_encoder/results/generated/patches/r3c1/0011.png
262,patch,11,16799.png,tudor,jlo9v,11.087793837904204,3014,0.0,"[3, 2]","[200, 201, 202, 203, 216, 217, 218, 219, 232, 233, 234, 235, 248, 249, 250, 251]",,200053,jloov,0.0,0.8,0.2,1.0,1.0,1.0,0.0,1.0,/home/ekim339/projects/SD3.5/experiments/style_encoder/results/inputs/0011_16799.png,/home/ekim339/projects/SD3.5/experiments/style_encoder/results/generated/patches/r3c2/0011.png
263,patch,11,16799.png,tudor,jlo9v,11.087793837904204,3014,0.0,"[3, 3]","[204, 205, 206, 207, 220, 221, 222, 223, 236, 237, 238, 239, 252, 253, 254, 255]",,200053,jloov,0.0,0.8,0.2,1.0,1.0,1.0,0.0,1.0,/home/ekim339/projects/SD3.5/experiments/style_encoder/results/inputs/0011_16799.png,/home/ekim339/projects/SD3.5/experiments/style_encoder/results/generated/patches/r3c3/0011.png
264,proportion,12,36368.png,rindy,rboce,2.096288107318485,3015,0.0,,[],100162,200054,rboce,1.0,1.0,0.0,1.0,1.0,1.0,1.0,1.0,/home/ekim339/projects/SD3.5/experiments/style_encoder/results/inputs/0012_36368.png,/home/ekim339/projects/SD3.5/experiments/style_encoder/results/generated/proportions/mask-0p0/0012.png
265,proportion,12,36368.png,rindy,rboce,2.096288107318485,3015,0.1,,[],100163,200054,rboce,1.0,1.0,0.0,1.0,1.0,1.0,1.0,1.0,/home/ekim339/projects/SD3.5/experiments/style_encoder/results/inputs/0012_36368.png,/home/ekim339/projects/SD3.5/experiments/style_encoder/results/generated/proportions/mask-0p1/0012.png
266,proportion,12,36368.png,rindy,rboce,2.096288107318485,3015,0.3,,[],100165,200054,rboce,1.0,1.0,0.0,1.0,1.0,1.0,1.0,1.0,/home/ekim339/projects/SD3.5/experiments/style_encoder/results/inputs/0012_36368.png,/home/ekim339/projects/SD3.5/experiments/style_encoder/results/generated/proportions/mask-0p3/0012.png
267,proportion,12,36368.png,rindy,rboce,2.096288107318485,3015,0.5,,[],100167,200054,rboce,1.0,1.0,0.0,1.0,1.0,1.0,1.0,1.0,/home/ekim339/projects/SD3.5/experiments/style_encoder/results/inputs/0012_36368.png,/home/ekim339/projects/SD3.5/experiments/style_encoder/results/generated/proportions/mask-0p5/0012.png
268,proportion,12,36368.png,rindy,rboce,2.096288107318485,3015,0.7,,[],100169,200054,rboce,1.0,1.0,0.0,1.0,1.0,1.0,1.0,1.0,/home/ekim339/projects/SD3.5/experiments/style_encoder/results/inputs/0012_36368.png,/home/ekim339/projects/SD3.5/experiments/style_encoder/results/generated/proportions/mask-0p7/0012.png
269,patch,12,36368.png,rindy,rboce,2.096288107318485,3015,0.0,,[],,200054,rboce,1.0,1.0,0.0,1.0,1.0,1.0,1.0,1.0,/home/ekim339/projects/SD3.5/experiments/style_encoder/results/inputs/0012_36368.png,/home/ekim339/projects/SD3.5/experiments/style_encoder/results/generated/patches/none/0012.png
270,patch,12,36368.png,rindy,rboce,2.096288107318485,3015,0.0,"[0, 0]","[0, 1, 2, 3, 16, 17, 18, 19, 32, 33, 34, 35, 48, 49, 50, 51]",,200054,rboce,1.0,1.0,0.0,1.0,1.0,1.0,1.0,1.0,/home/ekim339/projects/SD3.5/experiments/style_encoder/results/inputs/0012_36368.png,/home/ekim339/projects/SD3.5/experiments/style_encoder/results/generated/patches/r0c0/0012.png
271,patch,12,36368.png,rindy,rboce,2.096288107318485,3015,0.0,"[0, 1]","[4, 5, 6, 7, 20, 21, 22, 23, 36, 37, 38, 39, 52, 53, 54, 55]",,200054,rboce,1.0,1.0,0.0,1.0,1.0,1.0,1.0,1.0,/home/ekim339/projects/SD3.5/experiments/style_encoder/results/inputs/0012_36368.png,/home/ekim339/projects/SD3.5/experiments/style_encoder/results/generated/patches/r0c1/0012.png
272,patch,12,36368.png,rindy,rboce,2.096288107318485,3015,0.0,"[0, 2]","[8, 9, 10, 11, 24, 25, 26, 27, 40, 41, 42, 43, 56, 57, 58, 59]",,200054,rboce,1.0,1.0,0.0,1.0,1.0,1.0,1.0,1.0,/home/ekim339/projects/SD3.5/experiments/style_encoder/results/inputs/0012_36368.png,/home/ekim339/projects/SD3.5/experiments/style_encoder/results/generated/patches/r0c2/0012.png
273,patch,12,36368.png,rindy,rboce,2.096288107318485,3015,0.0,"[0, 3]","[12, 13, 14, 15, 28, 29, 30, 31, 44, 45, 46, 47, 60, 61, 62, 63]",,200054,rboce,1.0,1.0,0.0,1.0,1.0,1.0,1.0,1.0,/home/ekim339/projects/SD3.5/experiments/style_encoder/results/inputs/0012_36368.png,/home/ekim339/projects/SD3.5/experiments/style_encoder/results/generated/patches/r0c3/0012.png
274,patch,12,36368.png,rindy,rboce,2.096288107318485,3015,0.0,"[1, 0]","[64, 65, 66, 67, 80, 81, 82, 83, 96, 97, 98, 99, 112, 113, 114, 115]",,200054,rboce,1.0,1.0,0.0,1.0,1.0,1.0,1.0,1.0,/home/ekim339/projects/SD3.5/experiments/style_encoder/results/inputs/0012_36368.png,/home/ekim339/projects/SD3.5/experiments/style_encoder/results/generated/patches/r1c0/0012.png
275,patch,12,36368.png,rindy,rboce,2.096288107318485,3015,0.0,"[1, 1]","[68, 69, 70, 71, 84, 85, 86, 87, 100, 101, 102, 103, 116, 117, 118, 119]",,200054,rboce,1.0,1.0,0.0,1.0,1.0,1.0,1.0,1.0,/home/ekim339/projects/SD3.5/experiments/style_encoder/results/inputs/0012_36368.png,/home/ekim339/projects/SD3.5/experiments/style_encoder/results/generated/patches/r1c1/0012.png
276,patch,12,36368.png,rindy,rboce,2.096288107318485,3015,0.0,"[1, 2]","[72, 73, 74, 75, 88, 89, 90, 91, 104, 105, 106, 107, 120, 121, 122, 123]",,200054,rboce,1.0,1.0,0.0,1.0,1.0,1.0,1.0,1.0,/home/ekim339/projects/SD3.5/experiments/style_encoder/results/inputs/0012_36368.png,/home/ekim339/projects/SD3.5/experiments/style_encoder/results/generated/patches/r1c2/0012.png
277,patch,12,36368.png,rindy,rboce,2.096288107318485,3015,0.0,"[1, 3]","[76, 77, 78, 79, 92, 93, 94, 95, 108, 109, 110, 111, 124, 125, 126, 127]",,200054,rboce,1.0,1.0,0.0,1.0,1.0,1.0,1.0,1.0,/home/ekim339/projects/SD3.5/experiments/style_encoder/results/inputs/0012_36368.png,/home/ekim339/projects/SD3.5/experiments/style_encoder/results/generated/patches/r1c3/0012.png
278,patch,12,36368.png,rindy,rboce,2.096288107318485,3015,0.0,"[2, 0]","[128, 129, 130, 131, 144, 145, 146, 147, 160, 161, 162, 163, 176, 177, 178, 179]",,200054,rboce,1.0,1.0,0.0,1.0,1.0,1.0,1.0,1.0,/home/ekim339/projects/SD3.5/experiments/style_encoder/results/inputs/0012_36368.png,/home/ekim339/projects/SD3.5/experiments/style_encoder/results/generated/patches/r2c0/0012.png
279,patch,12,36368.png,rindy,rboce,2.096288107318485,3015,0.0,"[2, 1]","[132, 133, 134, 135, 148, 149, 150, 151, 164, 165, 166, 167, 180, 181, 182, 183]",,200054,rboce,1.0,1.0,0.0,1.0,1.0,1.0,1.0,1.0,/home/ekim339/projects/SD3.5/experiments/style_encoder/results/inputs/0012_36368.png,/home/ekim339/projects/SD3.5/experiments/style_encoder/results/generated/patches/r2c1/0012.png
280,patch,12,36368.png,rindy,rboce,2.096288107318485,3015,0.0,"[2, 2]","[136, 137, 138, 139, 152, 153, 154, 155, 168, 169, 170, 171, 184, 185, 186, 187]",,200054,rboce,1.0,1.0,0.0,1.0,1.0,1.0,1.0,1.0,/home/ekim339/projects/SD3.5/experiments/style_encoder/results/inputs/0012_36368.png,/home/ekim339/projects/SD3.5/experiments/style_encoder/results/generated/patches/r2c2/0012.png
281,patch,12,36368.png,rindy,rboce,2.096288107318485,3015,0.0,"[2, 3]","[140, 141, 142, 143, 156, 157, 158, 159, 172, 173, 174, 175, 188, 189, 190, 191]",,200054,rboce,1.0,1.0,0.0,1.0,1.0,1.0,1.0,1.0,/home/ekim339/projects/SD3.5/experiments/style_encoder/results/inputs/0012_36368.png,/home/ekim339/projects/SD3.5/experiments/style_encoder/results/generated/patches/r2c3/0012.png
282,patch,12,36368.png,rindy,rboce,2.096288107318485,3015,0.0,"[3, 0]","[192, 193, 194, 195, 208, 209, 210, 211, 224, 225, 226, 227, 240, 241, 242, 243]",,200054,rboce,1.0,1.0,0.0,1.0,1.0,1.0,1.0,1.0,/home/ekim339/projects/SD3.5/experiments/style_encoder/results/inputs/0012_36368.png,/home/ekim339/projects/SD3.5/experiments/style_encoder/results/generated/patches/r3c0/0012.png
283,patch,12,36368.png,rindy,rboce,2.096288107318485,3015,0.0,"[3, 1]","[196, 197, 198, 199, 212, 213, 214, 215, 228, 229, 230, 231, 244, 245, 246, 247]",,200054,rboce,1.0,1.0,0.0,1.0,1.0,1.0,1.0,1.0,/home/ekim339/projects/SD3.5/experiments/style_encoder/results/inputs/0012_36368.png,/home/ekim339/projects/SD3.5/experiments/style_encoder/results/generated/patches/r3c1/0012.png
284,patch,12,36368.png,rindy,rboce,2.096288107318485,3015,0.0,"[3, 2]","[200, 201, 202, 203, 216, 217, 218, 219, 232, 233, 234, 235, 248, 249, 250, 251]",,200054,rboce,1.0,1.0,0.0,1.0,1.0,1.0,1.0,1.0,/home/ekim339/projects/SD3.5/experiments/style_encoder/results/inputs/0012_36368.png,/home/ekim339/projects/SD3.5/experiments/style_encoder/results/generated/patches/r3c2/0012.png
285,patch,12,36368.png,rindy,rboce,2.096288107318485,3015,0.0,"[3, 3]","[204, 205, 206, 207, 220, 221, 222, 223, 236, 237, 238, 239, 252, 253, 254, 255]",,200054,rboce,1.0,1.0,0.0,1.0,1.0,1.0,1.0,1.0,/home/ekim339/projects/SD3.5/experiments/style_encoder/results/inputs/0012_36368.png,/home/ekim339/projects/SD3.5/experiments/style_encoder/results/generated/patches/r3c3/0012.png
286,proportion,13,07514.png,video,p6uvu,9.650125384576352,3016,0.0,,[],100172,200055,pppduvuuu,0.0,0.4444444444444444,1.0,1.0,0.0,0.0,0.0,1.0,/home/ekim339/projects/SD3.5/experiments/style_encoder/results/inputs/0013_07514.png,/home/ekim339/projects/SD3.5/experiments/style_encoder/results/generated/proportions/mask-0p0/0013.png
287,proportion,13,07514.png,video,p6uvu,9.650125384576352,3016,0.1,,[],100173,200055,pppbuvuru,0.0,0.4444444444444444,1.0,1.0,0.0,0.0,0.0,1.0,/home/ekim339/projects/SD3.5/experiments/style_encoder/results/inputs/0013_07514.png,/home/ekim339/projects/SD3.5/experiments/style_encoder/results/generated/proportions/mask-0p1/0013.png
288,proportion,13,07514.png,video,p6uvu,9.650125384576352,3016,0.3,,[],100175,200055,pouvu,0.0,0.8,0.2,1.0,0.0,1.0,1.0,1.0,/home/ekim339/projects/SD3.5/experiments/style_encoder/results/inputs/0013_07514.png,/home/ekim339/projects/SD3.5/experiments/style_encoder/results/generated/proportions/mask-0p3/0013.png
289,proportion,13,07514.png,video,p6uvu,9.650125384576352,3016,0.5,,[],100177,200055,pouvu,0.0,0.8,0.2,1.0,0.0,1.0,1.0,1.0,/home/ekim339/projects/SD3.5/experiments/style_encoder/results/inputs/0013_07514.png,/home/ekim339/projects/SD3.5/experiments/style_encoder/results/generated/proportions/mask-0p5/0013.png
290,proportion,13,07514.png,video,p6uvu,9.650125384576352,3016,0.7,,[],100179,200055,pouvu,0.0,0.8,0.2,1.0,0.0,1.0,1.0,1.0,/home/ekim339/projects/SD3.5/experiments/style_encoder/results/inputs/0013_07514.png,/home/ekim339/projects/SD3.5/experiments/style_encoder/results/generated/proportions/mask-0p7/0013.png
291,patch,13,07514.png,video,p6uvu,9.650125384576352,3016,0.0,,[],,200055,pppduvuuu,0.0,0.4444444444444444,1.0,1.0,0.0,0.0,0.0,1.0,/home/ekim339/projects/SD3.5/experiments/style_encoder/results/inputs/0013_07514.png,/home/ekim339/projects/SD3.5/experiments/style_encoder/results/generated/patches/none/0013.png
292,patch,13,07514.png,video,p6uvu,9.650125384576352,3016,0.0,"[0, 0]","[0, 1, 2, 3, 16, 17, 18, 19, 32, 33, 34, 35, 48, 49, 50, 51]",,200055,ppppuvuuu,0.0,0.4444444444444444,1.0,1.0,0.0,0.0,0.0,1.0,/home/ekim339/projects/SD3.5/experiments/style_encoder/results/inputs/0013_07514.png,/home/ekim339/projects/SD3.5/experiments/style_encoder/results/generated/patches/r0c0/0013.png
293,patch,13,07514.png,video,p6uvu,9.650125384576352,3016,0.0,"[0, 1]","[4, 5, 6, 7, 20, 21, 22, 23, 36, 37, 38, 39, 52, 53, 54, 55]",,200055,ppppuvuuu,0.0,0.4444444444444444,1.0,1.0,0.0,0.0,0.0,1.0,/home/ekim339/projects/SD3.5/experiments/style_encoder/results/inputs/0013_07514.png,/home/ekim339/projects/SD3.5/experiments/style_encoder/results/generated/patches/r0c1/0013.png
294,patch,13,07514.png,video,p6uvu,9.650125384576352,3016,0.0,"[0, 2]","[8, 9, 10, 11, 24, 25, 26, 27, 40, 41, 42, 43, 56, 57, 58, 59]",,200055,pmpbuvuuu,0.0,0.4444444444444444,1.0,1.0,0.0,0.0,0.0,1.0,/home/ekim339/projects/SD3.5/experiments/style_encoder/results/inputs/0013_07514.png,/home/ekim339/projects/SD3.5/experiments/style_encoder/results/generated/patches/r0c2/0013.png
295,patch,13,07514.png,video,p6uvu,9.650125384576352,3016,0.0,"[0, 3]","[12, 13, 14, 15, 28, 29, 30, 31, 44, 45, 46, 47, 60, 61, 62, 63]",,200055,pppduvuuu,0.0,0.4444444444444444,1.0,1.0,0.0,0.0,0.0,1.0,/home/ekim339/projects/SD3.5/experiments/style_encoder/results/inputs/0013_07514.png,/home/ekim339/projects/SD3.5/experiments/style_encoder/results/generated/patches/r0c3/0013.png
296,patch,13,07514.png,video,p6uvu,9.650125384576352,3016,0.0,"[1, 0]","[64, 65, 66, 67, 80, 81, 82, 83, 96, 97, 98, 99, 112, 113, 114, 115]",,200055,pauvu,0.0,0.8,0.2,1.0,0.0,1.0,1.0,1.0,/home/ekim339/projects/SD3.5/experiments/style_encoder/results/inputs/0013_07514.png,/home/ekim339/projects/SD3.5/experiments/style_encoder/results/generated/patches/r1c0/0013.png
297,patch,13,07514.png,video,p6uvu,9.650125384576352,3016,0.0,"[1, 1]","[68, 69, 70, 71, 84, 85, 86, 87, 100, 101, 102, 103, 116, 117, 118, 119]",,200055,pupduvulu,0.0,0.4444444444444444,1.0,1.0,0.0,0.0,0.0,1.0,/home/ekim339/projects/SD3.5/experiments/style_encoder/results/inputs/0013_07514.png,/home/ekim339/projects/SD3.5/experiments/style_encoder/results/generated/patches/r1c1/0013.png
298,patch,13,07514.png,video,p6uvu,9.650125384576352,3016,0.0,"[1, 2]","[72, 73, 74, 75, 88, 89, 90, 91, 104, 105, 106, 107, 120, 121, 122, 123]",,200055,pppouvuiu,0.0,0.4444444444444444,1.0,1.0,0.0,0.0,0.0,1.0,/home/ekim339/projects/SD3.5/experiments/style_encoder/results/inputs/0013_07514.png,/home/ekim339/projects/SD3.5/experiments/style_encoder/results/generated/patches/r1c2/0013.png
299,patch,13,07514.png,video,p6uvu,9.650125384576352,3016,0.0,"[1, 3]","[76, 77, 78, 79, 92, 93, 94, 95, 108, 109, 110, 111, 124, 125, 126, 127]",,200055,pouvu,0.0,0.8,0.2,1.0,0.0,1.0,1.0,1.0,/home/ekim339/projects/SD3.5/experiments/style_encoder/results/inputs/0013_07514.png,/home/ekim339/projects/SD3.5/experiments/style_encoder/results/generated/patches/r1c3/0013.png
300,patch,13,07514.png,video,p6uvu,9.650125384576352,3016,0.0,"[2, 0]","[128, 129, 130, 131, 144, 145, 146, 147, 160, 161, 162, 163, 176, 177, 178, 179]",,200055,pauvu,0.0,0.8,0.2,1.0,0.0,1.0,1.0,1.0,/home/ekim339/projects/SD3.5/experiments/style_encoder/results/inputs/0013_07514.png,/home/ekim339/projects/SD3.5/experiments/style_encoder/results/generated/patches/r2c0/0013.png
301,patch,13,07514.png,video,p6uvu,9.650125384576352,3016,0.0,"[2, 1]","[132, 133, 134, 135, 148, 149, 150, 151, 164, 165, 166, 167, 180, 181, 182, 183]",,200055,pppouvulu,0.0,0.4444444444444444,1.0,1.0,0.0,0.0,0.0,1.0,/home/ekim339/projects/SD3.5/experiments/style_encoder/results/inputs/0013_07514.png,/home/ekim339/projects/SD3.5/experiments/style_encoder/results/generated/patches/r2c1/0013.png
302,patch,13,07514.png,video,p6uvu,9.650125384576352,3016,0.0,"[2, 2]","[136, 137, 138, 139, 152, 153, 154, 155, 168, 169, 170, 171, 184, 185, 186, 187]",,200055,pupouvuuu,0.0,0.4444444444444444,1.0,1.0,0.0,0.0,0.0,1.0,/home/ekim339/projects/SD3.5/experiments/style_encoder/results/inputs/0013_07514.png,/home/ekim339/projects/SD3.5/experiments/style_encoder/results/generated/patches/r2c2/0013.png
303,patch,13,07514.png,video,p6uvu,9.650125384576352,3016,0.0,"[2, 3]","[140, 141, 142, 143, 156, 157, 158, 159, 172, 173, 174, 175, 188, 189, 190, 191]",,200055,pouvu,0.0,0.8,0.2,1.0,0.0,1.0,1.0,1.0,/home/ekim339/projects/SD3.5/experiments/style_encoder/results/inputs/0013_07514.png,/home/ekim339/projects/SD3.5/experiments/style_encoder/results/generated/patches/r2c3/0013.png
304,patch,13,07514.png,video,p6uvu,9.650125384576352,3016,0.0,"[3, 0]","[192, 193, 194, 195, 208, 209, 210, 211, 224, 225, 226, 227, 240, 241, 242, 243]",,200055,pppnuvuuu,0.0,0.4444444444444444,1.0,1.0,0.0,0.0,0.0,1.0,/home/ekim339/projects/SD3.5/experiments/style_encoder/results/inputs/0013_07514.png,/home/ekim339/projects/SD3.5/experiments/style_encoder/results/generated/patches/r3c0/0013.png
305,patch,13,07514.png,video,p6uvu,9.650125384576352,3016,0.0,"[3, 1]","[196, 197, 198, 199, 212, 213, 214, 215, 228, 229, 230, 231, 244, 245, 246, 247]",,200055,pppouvuuu,0.0,0.4444444444444444,1.0,1.0,0.0,0.0,0.0,1.0,/home/ekim339/projects/SD3.5/experiments/style_encoder/results/inputs/0013_07514.png,/home/ekim339/projects/SD3.5/experiments/style_encoder/results/generated/patches/r3c1/0013.png
306,patch,13,07514.png,video,p6uvu,9.650125384576352,3016,0.0,"[3, 2]","[200, 201, 202, 203, 216, 217, 218, 219, 232, 233, 234, 235, 248, 249, 250, 251]",,200055,pppauvu11d,0.0,0.4,1.2,1.0,0.0,0.0,0.0,1.0,/home/ekim339/projects/SD3.5/experiments/style_encoder/results/inputs/0013_07514.png,/home/ekim339/projects/SD3.5/experiments/style_encoder/results/generated/patches/r3c2/0013.png
307,patch,13,07514.png,video,p6uvu,9.650125384576352,3016,0.0,"[3, 3]","[204, 205, 206, 207, 220, 221, 222, 223, 236, 237, 238, 239, 252, 253, 254, 255]",,200055,pipoouuuiuu,0.0,0.2727272727272727,1.6,1.0,0.0,0.0,0.0,0.0,/home/ekim339/projects/SD3.5/experiments/style_encoder/results/inputs/0013_07514.png,/home/ekim339/projects/SD3.5/experiments/style_encoder/results/generated/patches/r3c3/0013.png
308,proportion,14,41939.png,copra,1a7j8,9.088794867233933,3017,0.0,,[],100182,200056,jaljp,0.0,0.4,0.6,0.0,1.0,0.0,1.0,0.0,/home/ekim339/projects/SD3.5/experiments/style_encoder/results/inputs/0014_41939.png,/home/ekim339/projects/SD3.5/experiments/style_encoder/results/generated/proportions/mask-0p0/0014.png
309,proportion,14,41939.png,copra,1a7j8,9.088794867233933,3017,0.1,,[],100183,200056,jaljp,0.0,0.4,0.6,0.0,1.0,0.0,1.0,0.0,/home/ekim339/projects/SD3.5/experiments/style_encoder/results/inputs/0014_41939.png,/home/ekim339/projects/SD3.5/experiments/style_encoder/results/generated/proportions/mask-0p1/0014.png
310,proportion,14,41939.png,copra,1a7j8,9.088794867233933,3017,0.3,,[],100185,200056,laljo,0.0,0.4,0.6,0.0,1.0,0.0,1.0,0.0,/home/ekim339/projects/SD3.5/experiments/style_encoder/results/inputs/0014_41939.png,/home/ekim339/projects/SD3.5/experiments/style_encoder/results/generated/proportions/mask-0p3/0014.png
311,proportion,14,41939.png,copra,1a7j8,9.088794867233933,3017,0.5,,[],100187,200056,lajje,0.0,0.4,0.6,0.0,1.0,0.0,1.0,0.0,/home/ekim339/projects/SD3.5/experiments/style_encoder/results/inputs/0014_41939.png,/home/ekim339/projects/SD3.5/experiments/style_encoder/results/generated/proportions/mask-0p5/0014.png
312,proportion,14,41939.png,copra,1a7j8,9.088794867233933,3017,0.7,,[],100189,200056,lafje,0.0,0.4,0.6,0.0,1.0,0.0,1.0,0.0,/home/ekim339/projects/SD3.5/experiments/style_encoder/results/inputs/0014_41939.png,/home/ekim339/projects/SD3.5/experiments/style_encoder/results/generated/proportions/mask-0p7/0014.png
313,patch,14,41939.png,copra,1a7j8,9.088794867233933,3017,0.0,,[],,200056,jaljp,0.0,0.4,0.6,0.0,1.0,0.0,1.0,0.0,/home/ekim339/projects/SD3.5/experiments/style_encoder/results/inputs/0014_41939.png,/home/ekim339/projects/SD3.5/experiments/style_encoder/results/generated/patches/none/0014.png
314,patch,14,41939.png,copra,1a7j8,9.088794867233933,3017,0.0,"[0, 0]","[0, 1, 2, 3, 16, 17, 18, 19, 32, 33, 34, 35, 48, 49, 50, 51]",,200056,ialje,0.0,0.4,0.6,0.0,1.0,0.0,1.0,0.0,/home/ekim339/projects/SD3.5/experiments/style_encoder/results/inputs/0014_41939.png,/home/ekim339/projects/SD3.5/experiments/style_encoder/results/generated/patches/r0c0/0014.png
315,patch,14,41939.png,copra,1a7j8,9.088794867233933,3017,0.0,"[0, 1]","[4, 5, 6, 7, 20, 21, 22, 23, 36, 37, 38, 39, 52, 53, 54, 55]",,200056,iaije,0.0,0.4,0.6,0.0,1.0,0.0,1.0,0.0,/home/ekim339/projects/SD3.5/experiments/style_encoder/results/inputs/0014_41939.png,/home/ekim339/projects/SD3.5/experiments/style_encoder/results/generated/patches/r0c1/0014.png
316,patch,14,41939.png,copra,1a7j8,9.088794867233933,3017,0.0,"[0, 2]","[8, 9, 10, 11, 24, 25, 26, 27, 40, 41, 42, 43, 56, 57, 58, 59]",,200056,ialje,0.0,0.4,0.6,0.0,1.0,0.0,1.0,0.0,/home/ekim339/projects/SD3.5/experiments/style_encoder/results/inputs/0014_41939.png,/home/ekim339/projects/SD3.5/experiments/style_encoder/results/generated/patches/r0c2/0014.png
317,patch,14,41939.png,copra,1a7j8,9.088794867233933,3017,0.0,"[0, 3]","[12, 13, 14, 15, 28, 29, 30, 31, 44, 45, 46, 47, 60, 61, 62, 63]",,200056,ialje,0.0,0.4,0.6,0.0,1.0,0.0,1.0,0.0,/home/ekim339/projects/SD3.5/experiments/style_encoder/results/inputs/0014_41939.png,/home/ekim339/projects/SD3.5/experiments/style_encoder/results/generated/patches/r0c3/0014.png
318,patch,14,41939.png,copra,1a7j8,9.088794867233933,3017,0.0,"[1, 0]","[64, 65, 66, 67, 80, 81, 82, 83, 96, 97, 98, 99, 112, 113, 114, 115]",,200056,laljo,0.0,0.4,0.6,0.0,1.0,0.0,1.0,0.0,/home/ekim339/projects/SD3.5/experiments/style_encoder/results/inputs/0014_41939.png,/home/ekim339/projects/SD3.5/experiments/style_encoder/results/generated/patches/r1c0/0014.png
319,patch,14,41939.png,copra,1a7j8,9.088794867233933,3017,0.0,"[1, 1]","[68, 69, 70, 71, 84, 85, 86, 87, 100, 101, 102, 103, 116, 117, 118, 119]",,200056,jaljo,0.0,0.4,0.6,0.0,1.0,0.0,1.0,0.0,/home/ekim339/projects/SD3.5/experiments/style_encoder/results/inputs/0014_41939.png,/home/ekim339/projects/SD3.5/experiments/style_encoder/results/generated/patches/r1c1/0014.png
320,patch,14,41939.png,copra,1a7j8,9.088794867233933,3017,0.0,"[1, 2]","[72, 73, 74, 75, 88, 89, 90, 91, 104, 105, 106, 107, 120, 121, 122, 123]",,200056,jaljp,0.0,0.4,0.6,0.0,1.0,0.0,1.0,0.0,/home/ekim339/projects/SD3.5/experiments/style_encoder/results/inputs/0014_41939.png,/home/ekim339/projects/SD3.5/experiments/style_encoder/results/generated/patches/r1c2/0014.png
321,patch,14,41939.png,copra,1a7j8,9.088794867233933,3017,0.0,"[1, 3]","[76, 77, 78, 79, 92, 93, 94, 95, 108, 109, 110, 111, 124, 125, 126, 127]",,200056,jaljp,0.0,0.4,0.6,0.0,1.0,0.0,1.0,0.0,/home/ekim339/projects/SD3.5/experiments/style_encoder/results/inputs/0014_41939.png,/home/ekim339/projects/SD3.5/experiments/style_encoder/results/generated/patches/r1c3/0014.png
322,patch,14,41939.png,copra,1a7j8,9.088794867233933,3017,0.0,"[2, 0]","[128, 129, 130, 131, 144, 145, 146, 147, 160, 161, 162, 163, 176, 177, 178, 179]",,200056,jalie,0.0,0.19999999999999996,0.8,0.0,1.0,0.0,0.0,0.0,/home/ekim339/projects/SD3.5/experiments/style_encoder/results/inputs/0014_41939.png,/home/ekim339/projects/SD3.5/experiments/style_encoder/results/generated/patches/r2c0/0014.png
323,patch,14,41939.png,copra,1a7j8,9.088794867233933,3017,0.0,"[2, 1]","[132, 133, 134, 135, 148, 149, 150, 151, 164, 165, 166, 167, 180, 181, 182, 183]",,200056,ialjo,0.0,0.4,0.6,0.0,1.0,0.0,1.0,0.0,/home/ekim339/projects/SD3.5/experiments/style_encoder/results/inputs/0014_41939.png,/home/ekim339/projects/SD3.5/experiments/style_encoder/results/generated/patches/r2c1/0014.png
324,patch,14,41939.png,copra,1a7j8,9.088794867233933,3017,0.0,"[2, 2]","[136, 137, 138, 139, 152, 153, 154, 155, 168, 169, 170, 171, 184, 185, 186, 187]",,200056,jaljp,0.0,0.4,0.6,0.0,1.0,0.0,1.0,0.0,/home/ekim339/projects/SD3.5/experiments/style_encoder/results/inputs/0014_41939.png,/home/ekim339/projects/SD3.5/experiments/style_encoder/results/generated/patches/r2c2/0014.png
325,patch,14,41939.png,copra,1a7j8,9.088794867233933,3017,0.0,"[2, 3]","[140, 141, 142, 143, 156, 157, 158, 159, 172, 173, 174, 175, 188, 189, 190, 191]",,200056,ialjp,0.0,0.4,0.6,0.0,1.0,0.0,1.0,0.0,/home/ekim339/projects/SD3.5/experiments/style_encoder/results/inputs/0014_41939.png,/home/ekim339/projects/SD3.5/experiments/style_encoder/results/generated/patches/r2c3/0014.png
326,patch,14,41939.png,copra,1a7j8,9.088794867233933,3017,0.0,"[3, 0]","[192, 193, 194, 195, 208, 209, 210, 211, 224, 225, 226, 227, 240, 241, 242, 243]",,200056,ialjo,0.0,0.4,0.6,0.0,1.0,0.0,1.0,0.0,/home/ekim339/projects/SD3.5/experiments/style_encoder/results/inputs/0014_41939.png,/home/ekim339/projects/SD3.5/experiments/style_encoder/results/generated/patches/r3c0/0014.png
327,patch,14,41939.png,copra,1a7j8,9.088794867233933,3017,0.0,"[3, 1]","[196, 197, 198, 199, 212, 213, 214, 215, 228, 229, 230, 231, 244, 245, 246, 247]",,200056,jaljp,0.0,0.4,0.6,0.0,1.0,0.0,1.0,0.0,/home/ekim339/projects/SD3.5/experiments/style_encoder/results/inputs/0014_41939.png,/home/ekim339/projects/SD3.5/experiments/style_encoder/results/generated/patches/r3c1/0014.png
328,patch,14,41939.png,copra,1a7j8,9.088794867233933,3017,0.0,"[3, 2]","[200, 201, 202, 203, 216, 217, 218, 219, 232, 233, 234, 235, 248, 249, 250, 251]",,200056,jaljp,0.0,0.4,0.6,0.0,1.0,0.0,1.0,0.0,/home/ekim339/projects/SD3.5/experiments/style_encoder/results/inputs/0014_41939.png,/home/ekim339/projects/SD3.5/experiments/style_encoder/results/generated/patches/r3c2/0014.png
329,patch,14,41939.png,copra,1a7j8,9.088794867233933,3017,0.0,"[3, 3]","[204, 205, 206, 207, 220, 221, 222, 223, 236, 237, 238, 239, 252, 253, 254, 255]",,200056,ialjp,0.0,0.4,0.6,0.0,1.0,0.0,1.0,0.0,/home/ekim339/projects/SD3.5/experiments/style_encoder/results/inputs/0014_41939.png,/home/ekim339/projects/SD3.5/experiments/style_encoder/results/generated/patches/r3c3/0014.png
330,proportion,15,27348.png,lexon,fanc3,2.594663399907259,3018,0.0,,[],100192,200057,fancs,0.0,0.8,0.2,1.0,1.0,1.0,1.0,0.0,/home/ekim339/projects/SD3.5/experiments/style_encoder/results/inputs/0015_27348.png,/home/ekim339/projects/SD3.5/experiments/style_encoder/results/generated/proportions/mask-0p0/0015.png
331,proportion,15,27348.png,lexon,fanc3,2.594663399907259,3018,0.1,,[],100193,200057,fancs,0.0,0.8,0.2,1.0,1.0,1.0,1.0,0.0,/home/ekim339/projects/SD3.5/experiments/style_encoder/results/inputs/0015_27348.png,/home/ekim339/projects/SD3.5/experiments/style_encoder/results/generated/proportions/mask-0p1/0015.png
332,proportion,15,27348.png,lexon,fanc3,2.594663399907259,3018,0.3,,[],100195,200057,fancd,0.0,0.8,0.2,1.0,1.0,1.0,1.0,0.0,/home/ekim339/projects/SD3.5/experiments/style_encoder/results/inputs/0015_27348.png,/home/ekim339/projects/SD3.5/experiments/style_encoder/results/generated/proportions/mask-0p3/0015.png
333,proportion,15,27348.png,lexon,fanc3,2.594663399907259,3018,0.5,,[],100197,200057,fancs,0.0,0.8,0.2,1.0,1.0,1.0,1.0,0.0,/home/ekim339/projects/SD3.5/experiments/style_encoder/results/inputs/0015_27348.png,/home/ekim339/projects/SD3.5/experiments/style_encoder/results/generated/proportions/mask-0p5/0015.png
334,proportion,15,27348.png,lexon,fanc3,2.594663399907259,3018,0.7,,[],100199,200057,fancs,0.0,0.8,0.2,1.0,1.0,1.0,1.0,0.0,/home/ekim339/projects/SD3.5/experiments/style_encoder/results/inputs/0015_27348.png,/home/ekim339/projects/SD3.5/experiments/style_encoder/results/generated/proportions/mask-0p7/0015.png
335,patch,15,27348.png,lexon,fanc3,2.594663399907259,3018,0.0,,[],,200057,fancs,0.0,0.8,0.2,1.0,1.0,1.0,1.0,0.0,/home/ekim339/projects/SD3.5/experiments/style_encoder/results/inputs/0015_27348.png,/home/ekim339/projects/SD3.5/experiments/style_encoder/results/generated/patches/none/0015.png
336,patch,15,27348.png,lexon,fanc3,2.594663399907259,3018,0.0,"[0, 0]","[0, 1, 2, 3, 16, 17, 18, 19, 32, 33, 34, 35, 48, 49, 50, 51]",,200057,fancr,0.0,0.8,0.2,1.0,1.0,1.0,1.0,0.0,/home/ekim339/projects/SD3.5/experiments/style_encoder/results/inputs/0015_27348.png,/home/ekim339/projects/SD3.5/experiments/style_encoder/results/generated/patches/r0c0/0015.png
337,patch,15,27348.png,lexon,fanc3,2.594663399907259,3018,0.0,"[0, 1]","[4, 5, 6, 7, 20, 21, 22, 23, 36, 37, 38, 39, 52, 53, 54, 55]",,200057,fancr,0.0,0.8,0.2,1.0,1.0,1.0,1.0,0.0,/home/ekim339/projects/SD3.5/experiments/style_encoder/results/inputs/0015_27348.png,/home/ekim339/projects/SD3.5/experiments/style_encoder/results/generated/patches/r0c1/0015.png
338,patch,15,27348.png,lexon,fanc3,2.594663399907259,3018,0.0,"[0, 2]","[8, 9, 10, 11, 24, 25, 26, 27, 40, 41, 42, 43, 56, 57, 58, 59]",,200057,fancr,0.0,0.8,0.2,1.0,1.0,1.0,1.0,0.0,/home/ekim339/projects/SD3.5/experiments/style_encoder/results/inputs/0015_27348.png,/home/ekim339/projects/SD3.5/experiments/style_encoder/results/generated/patches/r0c2/0015.png
339,patch,15,27348.png,lexon,fanc3,2.594663399907259,3018,0.0,"[0, 3]","[12, 13, 14, 15, 28, 29, 30, 31, 44, 45, 46, 47, 60, 61, 62, 63]",,200057,fancr,0.0,0.8,0.2,1.0,1.0,1.0,1.0,0.0,/home/ekim339/projects/SD3.5/experiments/style_encoder/results/inputs/0015_27348.png,/home/ekim339/projects/SD3.5/experiments/style_encoder/results/generated/patches/r0c3/0015.png
340,patch,15,27348.png,lexon,fanc3,2.594663399907259,3018,0.0,"[1, 0]","[64, 65, 66, 67, 80, 81, 82, 83, 96, 97, 98, 99, 112, 113, 114, 115]",,200057,fancs,0.0,0.8,0.2,1.0,1.0,1.0,1.0,0.0,/home/ekim339/projects/SD3.5/experiments/style_encoder/results/inputs/0015_27348.png,/home/ekim339/projects/SD3.5/experiments/style_encoder/results/generated/patches/r1c0/0015.png
341,patch,15,27348.png,lexon,fanc3,2.594663399907259,3018,0.0,"[1, 1]","[68, 69, 70, 71, 84, 85, 86, 87, 100, 101, 102, 103, 116, 117, 118, 119]",,200057,fanco,0.0,0.8,0.2,1.0,1.0,1.0,1.0,0.0,/home/ekim339/projects/SD3.5/experiments/style_encoder/results/inputs/0015_27348.png,/home/ekim339/projects/SD3.5/experiments/style_encoder/results/generated/patches/r1c1/0015.png
342,patch,15,27348.png,lexon,fanc3,2.594663399907259,3018,0.0,"[1, 2]","[72, 73, 74, 75, 88, 89, 90, 91, 104, 105, 106, 107, 120, 121, 122, 123]",,200057,fancs,0.0,0.8,0.2,1.0,1.0,1.0,1.0,0.0,/home/ekim339/projects/SD3.5/experiments/style_encoder/results/inputs/0015_27348.png,/home/ekim339/projects/SD3.5/experiments/style_encoder/results/generated/patches/r1c2/0015.png
343,patch,15,27348.png,lexon,fanc3,2.594663399907259,3018,0.0,"[1, 3]","[76, 77, 78, 79, 92, 93, 94, 95, 108, 109, 110, 111, 124, 125, 126, 127]",,200057,fancs,0.0,0.8,0.2,1.0,1.0,1.0,1.0,0.0,/home/ekim339/projects/SD3.5/experiments/style_encoder/results/inputs/0015_27348.png,/home/ekim339/projects/SD3.5/experiments/style_encoder/results/generated/patches/r1c3/0015.png
344,patch,15,27348.png,lexon,fanc3,2.594663399907259,3018,0.0,"[2, 0]","[128, 129, 130, 131, 144, 145, 146, 147, 160, 161, 162, 163, 176, 177, 178, 179]",,200057,fancs,0.0,0.8,0.2,1.0,1.0,1.0,1.0,0.0,/home/ekim339/projects/SD3.5/experiments/style_encoder/results/inputs/0015_27348.png,/home/ekim339/projects/SD3.5/experiments/style_encoder/results/generated/patches/r2c0/0015.png
345,patch,15,27348.png,lexon,fanc3,2.594663399907259,3018,0.0,"[2, 1]","[132, 133, 134, 135, 148, 149, 150, 151, 164, 165, 166, 167, 180, 181, 182, 183]",,200057,fanco,0.0,0.8,0.2,1.0,1.0,1.0,1.0,0.0,/home/ekim339/projects/SD3.5/experiments/style_encoder/results/inputs/0015_27348.png,/home/ekim339/projects/SD3.5/experiments/style_encoder/results/generated/patches/r2c1/0015.png
346,patch,15,27348.png,lexon,fanc3,2.594663399907259,3018,0.0,"[2, 2]","[136, 137, 138, 139, 152, 153, 154, 155, 168, 169, 170, 171, 184, 185, 186, 187]",,200057,fancd,0.0,0.8,0.2,1.0,1.0,1.0,1.0,0.0,/home/ekim339/projects/SD3.5/experiments/style_encoder/results/inputs/0015_27348.png,/home/ekim339/projects/SD3.5/experiments/style_encoder/results/generated/patches/r2c2/0015.png
347,patch,15,27348.png,lexon,fanc3,2.594663399907259,3018,0.0,"[2, 3]","[140, 141, 142, 143, 156, 157, 158, 159, 172, 173, 174, 175, 188, 189, 190, 191]",,200057,fancs,0.0,0.8,0.2,1.0,1.0,1.0,1.0,0.0,/home/ekim339/projects/SD3.5/experiments/style_encoder/results/inputs/0015_27348.png,/home/ekim339/projects/SD3.5/experiments/style_encoder/results/generated/patches/r2c3/0015.png
348,patch,15,27348.png,lexon,fanc3,2.594663399907259,3018,0.0,"[3, 0]","[192, 193, 194, 195, 208, 209, 210, 211, 224, 225, 226, 227, 240, 241, 242, 243]",,200057,fancs,0.0,0.8,0.2,1.0,1.0,1.0,1.0,0.0,/home/ekim339/projects/SD3.5/experiments/style_encoder/results/inputs/0015_27348.png,/home/ekim339/projects/SD3.5/experiments/style_encoder/results/generated/patches/r3c0/0015.png
349,patch,15,27348.png,lexon,fanc3,2.594663399907259,3018,0.0,"[3, 1]","[196, 197, 198, 199, 212, 213, 214, 215, 228, 229, 230, 231, 244, 245, 246, 247]",,200057,fancs,0.0,0.8,0.2,1.0,1.0,1.0,1.0,0.0,/home/ekim339/projects/SD3.5/experiments/style_encoder/results/inputs/0015_27348.png,/home/ekim339/projects/SD3.5/experiments/style_encoder/results/generated/patches/r3c1/0015.png
350,patch,15,27348.png,lexon,fanc3,2.594663399907259,3018,0.0,"[3, 2]","[200, 201, 202, 203, 216, 217, 218, 219, 232, 233, 234, 235, 248, 249, 250, 251]",,200057,fancs,0.0,0.8,0.2,1.0,1.0,1.0,1.0,0.0,/home/ekim339/projects/SD3.5/experiments/style_encoder/results/inputs/0015_27348.png,/home/ekim339/projects/SD3.5/experiments/style_encoder/results/generated/patches/r3c2/0015.png
351,patch,15,27348.png,lexon,fanc3,2.594663399907259,3018,0.0,"[3, 3]","[204, 205, 206, 207, 220, 221, 222, 223, 236, 237, 238, 239, 252, 253, 254, 255]",,200057,fancs,0.0,0.8,0.2,1.0,1.0,1.0,1.0,0.0,/home/ekim339/projects/SD3.5/experiments/style_encoder/results/inputs/0015_27348.png,/home/ekim339/projects/SD3.5/experiments/style_encoder/results/generated/patches/r3c3/0015.png
352,proportion,16,46198.png,frank,v503y,10.805770278213735,3019,0.0,,[],100202,200058,v3oy,0.0,0.4,0.6,1.0,0.0,0.0,0.0,0.0,/home/ekim339/projects/SD3.5/experiments/style_encoder/results/inputs/0016_46198.png,/home/ekim339/projects/SD3.5/experiments/style_encoder/results/generated/proportions/mask-0p0/0016.png
353,proportion,16,46198.png,frank,v503y,10.805770278213735,3019,0.1,,[],100203,200058,vsosy,0.0,0.4,0.6,1.0,0.0,0.0,0.0,1.0,/home/ekim339/projects/SD3.5/experiments/style_encoder/results/inputs/0016_46198.png,/home/ekim339/projects/SD3.5/experiments/style_encoder/results/generated/proportions/mask-0p1/0016.png
354,proportion,16,46198.png,frank,v503y,10.805770278213735,3019,0.3,,[],100205,200058,vsosy,0.0,0.4,0.6,1.0,0.0,0.0,0.0,1.0,/home/ekim339/projects/SD3.5/experiments/style_encoder/results/inputs/0016_46198.png,/home/ekim339/projects/SD3.5/experiments/style_encoder/results/generated/proportions/mask-0p3/0016.png
355,proportion,16,46198.png,frank,v503y,10.805770278213735,3019,0.5,,[],100207,200058,vsosy,0.0,0.4,0.6,1.0,0.0,0.0,0.0,1.0,/home/ekim339/projects/SD3.5/experiments/style_encoder/results/inputs/0016_46198.png,/home/ekim339/projects/SD3.5/experiments/style_encoder/results/generated/proportions/mask-0p5/0016.png
356,proportion,16,46198.png,frank,v503y,10.805770278213735,3019,0.7,,[],100209,200058,vsosy,0.0,0.4,0.6,1.0,0.0,0.0,0.0,1.0,/home/ekim339/projects/SD3.5/experiments/style_encoder/results/inputs/0016_46198.png,/home/ekim339/projects/SD3.5/experiments/style_encoder/results/generated/proportions/mask-0p7/0016.png
357,patch,16,46198.png,frank,v503y,10.805770278213735,3019,0.0,,[],,200058,v3oy,0.0,0.4,0.6,1.0,0.0,0.0,0.0,0.0,/home/ekim339/projects/SD3.5/experiments/style_encoder/results/inputs/0016_46198.png,/home/ekim339/projects/SD3.5/experiments/style_encoder/results/generated/patches/none/0016.png
358,patch,16,46198.png,frank,v503y,10.805770278213735,3019,0.0,"[0, 0]","[0, 1, 2, 3, 16, 17, 18, 19, 32, 33, 34, 35, 48, 49, 50, 51]",,200058,vgasy,0.0,0.4,0.6,1.0,0.0,0.0,0.0,1.0,/home/ekim339/projects/SD3.5/experiments/style_encoder/results/inputs/0016_46198.png,/home/ekim339/projects/SD3.5/experiments/style_encoder/results/generated/patches/r0c0/0016.png
359,patch,16,46198.png,frank,v503y,10.805770278213735,3019,0.0,"[0, 1]","[4, 5, 6, 7, 20, 21, 22, 23, 36, 37, 38, 39, 52, 53, 54, 55]",,200058,vsasy,0.0,0.4,0.6,1.0,0.0,0.0,0.0,1.0,/home/ekim339/projects/SD3.5/experiments/style_encoder/results/inputs/0016_46198.png,/home/ekim339/projects/SD3.5/experiments/style_encoder/results/generated/patches/r0c1/0016.png
360,patch,16,46198.png,frank,v503y,10.805770278213735,3019,0.0,"[0, 2]","[8, 9, 10, 11, 24, 25, 26, 27, 40, 41, 42, 43, 56, 57, 58, 59]",,200058,voosy,0.0,0.4,0.6,1.0,0.0,0.0,0.0,1.0,/home/ekim339/projects/SD3.5/experiments/style_encoder/results/inputs/0016_46198.png,/home/ekim339/projects/SD3.5/experiments/style_encoder/results/generated/patches/r0c2/0016.png
361,patch,16,46198.png,frank,v503y,10.805770278213735,3019,0.0,"[0, 3]","[12, 13, 14, 15, 28, 29, 30, 31, 44, 45, 46, 47, 60, 61, 62, 63]",,200058,vgosy,0.0,0.4,0.6,1.0,0.0,0.0,0.0,1.0,/home/ekim339/projects/SD3.5/experiments/style_encoder/results/inputs/0016_46198.png,/home/ekim339/projects/SD3.5/experiments/style_encoder/results/generated/patches/r0c3/0016.png
362,patch,16,46198.png,frank,v503y,10.805770278213735,3019,0.0,"[1, 0]","[64, 65, 66, 67, 80, 81, 82, 83, 96, 97, 98, 99, 112, 113, 114, 115]",,200058,veosy,0.0,0.4,0.6,1.0,0.0,0.0,0.0,1.0,/home/ekim339/projects/SD3.5/experiments/style_encoder/results/inputs/0016_46198.png,/home/ekim339/projects/SD3.5/experiments/style_encoder/results/generated/patches/r1c0/0016.png
363,patch,16,46198.png,frank,v503y,10.805770278213735,3019,0.0,"[1, 1]","[68, 69, 70, 71, 84, 85, 86, 87, 100, 101, 102, 103, 116, 117, 118, 119]",,200058,vsosy,0.0,0.4,0.6,1.0,0.0,0.0,0.0,1.0,/home/ekim339/projects/SD3.5/experiments/style_encoder/results/inputs/0016_46198.png,/home/ekim339/projects/SD3.5/experiments/style_encoder/results/generated/patches/r1c1/0016.png
364,patch,16,46198.png,frank,v503y,10.805770278213735,3019,0.0,"[1, 2]","[72, 73, 74, 75, 88, 89, 90, 91, 104, 105, 106, 107, 120, 121, 122, 123]",,200058,vsosy,0.0,0.4,0.6,1.0,0.0,0.0,0.0,1.0,/home/ekim339/projects/SD3.5/experiments/style_encoder/results/inputs/0016_46198.png,/home/ekim339/projects/SD3.5/experiments/style_encoder/results/generated/patches/r1c2/0016.png
365,patch,16,46198.png,frank,v503y,10.805770278213735,3019,0.0,"[1, 3]","[76, 77, 78, 79, 92, 93, 94, 95, 108, 109, 110, 111, 124, 125, 126, 127]",,200058,viosy,0.0,0.4,0.6,1.0,0.0,0.0,0.0,1.0,/home/ekim339/projects/SD3.5/experiments/style_encoder/results/inputs/0016_46198.png,/home/ekim339/projects/SD3.5/experiments/style_encoder/results/generated/patches/r1c3/0016.png
366,patch,16,46198.png,frank,v503y,10.805770278213735,3019,0.0,"[2, 0]","[128, 129, 130, 131, 144, 145, 146, 147, 160, 161, 162, 163, 176, 177, 178, 179]",,200058,vsos,0.0,0.19999999999999996,0.8,1.0,0.0,0.0,0.0,0.0,/home/ekim339/projects/SD3.5/experiments/style_encoder/results/inputs/0016_46198.png,/home/ekim339/projects/SD3.5/experiments/style_encoder/results/generated/patches/r2c0/0016.png
367,patch,16,46198.png,frank,v503y,10.805770278213735,3019,0.0,"[2, 1]","[132, 133, 134, 135, 148, 149, 150, 151, 164, 165, 166, 167, 180, 181, 182, 183]",,200058,vsosy,0.0,0.4,0.6,1.0,0.0,0.0,0.0,1.0,/home/ekim339/projects/SD3.5/experiments/style_encoder/results/inputs/0016_46198.png,/home/ekim339/projects/SD3.5/experiments/style_encoder/results/generated/patches/r2c1/0016.png
368,patch,16,46198.png,frank,v503y,10.805770278213735,3019,0.0,"[2, 2]","[136, 137, 138, 139, 152, 153, 154, 155, 168, 169, 170, 171, 184, 185, 186, 187]",,200058,vsosy,0.0,0.4,0.6,1.0,0.0,0.0,0.0,1.0,/home/ekim339/projects/SD3.5/experiments/style_encoder/results/inputs/0016_46198.png,/home/ekim339/projects/SD3.5/experiments/style_encoder/results/generated/patches/r2c2/0016.png
369,patch,16,46198.png,frank,v503y,10.805770278213735,3019,0.0,"[2, 3]","[140, 141, 142, 143, 156, 157, 158, 159, 172, 173, 174, 175, 188, 189, 190, 191]",,200058,woosy,0.0,0.19999999999999996,0.8,0.0,0.0,0.0,0.0,1.0,/home/ekim339/projects/SD3.5/experiments/style_encoder/results/inputs/0016_46198.png,/home/ekim339/projects/SD3.5/experiments/style_encoder/results/generated/patches/r2c3/0016.png
370,patch,16,46198.png,frank,v503y,10.805770278213735,3019,0.0,"[3, 0]","[192, 193, 194, 195, 208, 209, 210, 211, 224, 225, 226, 227, 240, 241, 242, 243]",,200058,vsosy,0.0,0.4,0.6,1.0,0.0,0.0,0.0,1.0,/home/ekim339/projects/SD3.5/experiments/style_encoder/results/inputs/0016_46198.png,/home/ekim339/projects/SD3.5/experiments/style_encoder/results/generated/patches/r3c0/0016.png
371,patch,16,46198.png,frank,v503y,10.805770278213735,3019,0.0,"[3, 1]","[196, 197, 198, 199, 212, 213, 214, 215, 228, 229, 230, 231, 244, 245, 246, 247]",,200058,vsosy,0.0,0.4,0.6,1.0,0.0,0.0,0.0,1.0,/home/ekim339/projects/SD3.5/experiments/style_encoder/results/inputs/0016_46198.png,/home/ekim339/projects/SD3.5/experiments/style_encoder/results/generated/patches/r3c1/0016.png
372,patch,16,46198.png,frank,v503y,10.805770278213735,3019,0.0,"[3, 2]","[200, 201, 202, 203, 216, 217, 218, 219, 232, 233, 234, 235, 248, 249, 250, 251]",,200058,woosy,0.0,0.19999999999999996,0.8,0.0,0.0,0.0,0.0,1.0,/home/ekim339/projects/SD3.5/experiments/style_encoder/results/inputs/0016_46198.png,/home/ekim339/projects/SD3.5/experiments/style_encoder/results/generated/patches/r3c2/0016.png
373,patch,16,46198.png,frank,v503y,10.805770278213735,3019,0.0,"[3, 3]","[204, 205, 206, 207, 220, 221, 222, 223, 236, 237, 238, 239, 252, 253, 254, 255]",,200058,woosy,0.0,0.19999999999999996,0.8,0.0,0.0,0.0,0.0,1.0,/home/ekim339/projects/SD3.5/experiments/style_encoder/results/inputs/0016_46198.png,/home/ekim339/projects/SD3.5/experiments/style_encoder/results/generated/patches/r3c3/0016.png
374,proportion,17,24760.png,smirk,rxb4h,5.57859864622962,3020,0.0,,[],100212,200059,rxbah,0.0,0.8,0.2,1.0,1.0,1.0,0.0,1.0,/home/ekim339/projects/SD3.5/experiments/style_encoder/results/inputs/0017_24760.png,/home/ekim339/projects/SD3.5/experiments/style_encoder/results/generated/proportions/mask-0p0/0017.png
375,proportion,17,24760.png,smirk,rxb4h,5.57859864622962,3020,0.1,,[],100213,200059,rxbah,0.0,0.8,0.2,1.0,1.0,1.0,0.0,1.0,/home/ekim339/projects/SD3.5/experiments/style_encoder/results/inputs/0017_24760.png,/home/ekim339/projects/SD3.5/experiments/style_encoder/results/generated/proportions/mask-0p1/0017.png
376,proportion,17,24760.png,smirk,rxb4h,5.57859864622962,3020,0.3,,[],100215,200059,rxbah,0.0,0.8,0.2,1.0,1.0,1.0,0.0,1.0,/home/ekim339/projects/SD3.5/experiments/style_encoder/results/inputs/0017_24760.png,/home/ekim339/projects/SD3.5/experiments/style_encoder/results/generated/proportions/mask-0p3/0017.png
377,proportion,17,24760.png,smirk,rxb4h,5.57859864622962,3020,0.5,,[],100217,200059,rxbzh,0.0,0.8,0.2,1.0,1.0,1.0,0.0,1.0,/home/ekim339/projects/SD3.5/experiments/style_encoder/results/inputs/0017_24760.png,/home/ekim339/projects/SD3.5/experiments/style_encoder/results/generated/proportions/mask-0p5/0017.png
378,proportion,17,24760.png,smirk,rxb4h,5.57859864622962,3020,0.7,,[],100219,200059,rxbzh,0.0,0.8,0.2,1.0,1.0,1.0,0.0,1.0,/home/ekim339/projects/SD3.5/experiments/style_encoder/results/inputs/0017_24760.png,/home/ekim339/projects/SD3.5/experiments/style_encoder/results/generated/proportions/mask-0p7/0017.png
379,patch,17,24760.png,smirk,rxb4h,5.57859864622962,3020,0.0,,[],,200059,rxbah,0.0,0.8,0.2,1.0,1.0,1.0,0.0,1.0,/home/ekim339/projects/SD3.5/experiments/style_encoder/results/inputs/0017_24760.png,/home/ekim339/projects/SD3.5/experiments/style_encoder/results/generated/patches/none/0017.png
380,patch,17,24760.png,smirk,rxb4h,5.57859864622962,3020,0.0,"[0, 0]","[0, 1, 2, 3, 16, 17, 18, 19, 32, 33, 34, 35, 48, 49, 50, 51]",,200059,rxb2h,0.0,0.8,0.2,1.0,1.0,1.0,0.0,1.0,/home/ekim339/projects/SD3.5/experiments/style_encoder/results/inputs/0017_24760.png,/home/ekim339/projects/SD3.5/experiments/style_encoder/results/generated/patches/r0c0/0017.png
381,patch,17,24760.png,smirk,rxb4h,5.57859864622962,3020,0.0,"[0, 1]","[4, 5, 6, 7, 20, 21, 22, 23, 36, 37, 38, 39, 52, 53, 54, 55]",,200059,rxbah,0.0,0.8,0.2,1.0,1.0,1.0,0.0,1.0,/home/ekim339/projects/SD3.5/experiments/style_encoder/results/inputs/0017_24760.png,/home/ekim339/projects/SD3.5/experiments/style_encoder/results/generated/patches/r0c1/0017.png
382,patch,17,24760.png,smirk,rxb4h,5.57859864622962,3020,0.0,"[0, 2]","[8, 9, 10, 11, 24, 25, 26, 27, 40, 41, 42, 43, 56, 57, 58, 59]",,200059,rxbrh,0.0,0.8,0.2,1.0,1.0,1.0,0.0,1.0,/home/ekim339/projects/SD3.5/experiments/style_encoder/results/inputs/0017_24760.png,/home/ekim339/projects/SD3.5/experiments/style_encoder/results/generated/patches/r0c2/0017.png
383,patch,17,24760.png,smirk,rxb4h,5.57859864622962,3020,0.0,"[0, 3]","[12, 13, 14, 15, 28, 29, 30, 31, 44, 45, 46, 47, 60, 61, 62, 63]",,200059,rxbah,0.0,0.8,0.2,1.0,1.0,1.0,0.0,1.0,/home/ekim339/projects/SD3.5/experiments/style_encoder/results/inputs/0017_24760.png,/home/ekim339/projects/SD3.5/experiments/style_encoder/results/generated/patches/r0c3/0017.png
384,patch,17,24760.png,smirk,rxb4h,5.57859864622962,3020,0.0,"[1, 0]","[64, 65, 66, 67, 80, 81, 82, 83, 96, 97, 98, 99, 112, 113, 114, 115]",,200059,rxbnh,0.0,0.8,0.2,1.0,1.0,1.0,0.0,1.0,/home/ekim339/projects/SD3.5/experiments/style_encoder/results/inputs/0017_24760.png,/home/ekim339/projects/SD3.5/experiments/style_encoder/results/generated/patches/r1c0/0017.png
385,patch,17,24760.png,smirk,rxb4h,5.57859864622962,3020,0.0,"[1, 1]","[68, 69, 70, 71, 84, 85, 86, 87, 100, 101, 102, 103, 116, 117, 118, 119]",,200059,rxbah,0.0,0.8,0.2,1.0,1.0,1.0,0.0,1.0,/home/ekim339/projects/SD3.5/experiments/style_encoder/results/inputs/0017_24760.png,/home/ekim339/projects/SD3.5/experiments/style_encoder/results/generated/patches/r1c1/0017.png
386,patch,17,24760.png,smirk,rxb4h,5.57859864622962,3020,0.0,"[1, 2]","[72, 73, 74, 75, 88, 89, 90, 91, 104, 105, 106, 107, 120, 121, 122, 123]",,200059,rxbzh,0.0,0.8,0.2,1.0,1.0,1.0,0.0,1.0,/home/ekim339/projects/SD3.5/experiments/style_encoder/results/inputs/0017_24760.png,/home/ekim339/projects/SD3.5/experiments/style_encoder/results/generated/patches/r1c2/0017.png
387,patch,17,24760.png,smirk,rxb4h,5.57859864622962,3020,0.0,"[1, 3]","[76, 77, 78, 79, 92, 93, 94, 95, 108, 109, 110, 111, 124, 125, 126, 127]",,200059,rxbnh,0.0,0.8,0.2,1.0,1.0,1.0,0.0,1.0,/home/ekim339/projects/SD3.5/experiments/style_encoder/results/inputs/0017_24760.png,/home/ekim339/projects/SD3.5/experiments/style_encoder/results/generated/patches/r1c3/0017.png
388,patch,17,24760.png,smirk,rxb4h,5.57859864622962,3020,0.0,"[2, 0]","[128, 129, 130, 131, 144, 145, 146, 147, 160, 161, 162, 163, 176, 177, 178, 179]",,200059,rxbah,0.0,0.8,0.2,1.0,1.0,1.0,0.0,1.0,/home/ekim339/projects/SD3.5/experiments/style_encoder/results/inputs/0017_24760.png,/home/ekim339/projects/SD3.5/experiments/style_encoder/results/generated/patches/r2c0/0017.png
389,patch,17,24760.png,smirk,rxb4h,5.57859864622962,3020,0.0,"[2, 1]","[132, 133, 134, 135, 148, 149, 150, 151, 164, 165, 166, 167, 180, 181, 182, 183]",,200059,rxbah,0.0,0.8,0.2,1.0,1.0,1.0,0.0,1.0,/home/ekim339/projects/SD3.5/experiments/style_encoder/results/inputs/0017_24760.png,/home/ekim339/projects/SD3.5/experiments/style_encoder/results/generated/patches/r2c1/0017.png
390,patch,17,24760.png,smirk,rxb4h,5.57859864622962,3020,0.0,"[2, 2]","[136, 137, 138, 139, 152, 153, 154, 155, 168, 169, 170, 171, 184, 185, 186, 187]",,200059,rxbah,0.0,0.8,0.2,1.0,1.0,1.0,0.0,1.0,/home/ekim339/projects/SD3.5/experiments/style_encoder/results/inputs/0017_24760.png,/home/ekim339/projects/SD3.5/experiments/style_encoder/results/generated/patches/r2c2/0017.png
391,patch,17,24760.png,smirk,rxb4h,5.57859864622962,3020,0.0,"[2, 3]","[140, 141, 142, 143, 156, 157, 158, 159, 172, 173, 174, 175, 188, 189, 190, 191]",,200059,rxbah,0.0,0.8,0.2,1.0,1.0,1.0,0.0,1.0,/home/ekim339/projects/SD3.5/experiments/style_encoder/results/inputs/0017_24760.png,/home/ekim339/projects/SD3.5/experiments/style_encoder/results/generated/patches/r2c3/0017.png
392,patch,17,24760.png,smirk,rxb4h,5.57859864622962,3020,0.0,"[3, 0]","[192, 193, 194, 195, 208, 209, 210, 211, 224, 225, 226, 227, 240, 241, 242, 243]",,200059,rxbah,0.0,0.8,0.2,1.0,1.0,1.0,0.0,1.0,/home/ekim339/projects/SD3.5/experiments/style_encoder/results/inputs/0017_24760.png,/home/ekim339/projects/SD3.5/experiments/style_encoder/results/generated/patches/r3c0/0017.png
393,patch,17,24760.png,smirk,rxb4h,5.57859864622962,3020,0.0,"[3, 1]","[196, 197, 198, 199, 212, 213, 214, 215, 228, 229, 230, 231, 244, 245, 246, 247]",,200059,rxbah,0.0,0.8,0.2,1.0,1.0,1.0,0.0,1.0,/home/ekim339/projects/SD3.5/experiments/style_encoder/results/inputs/0017_24760.png,/home/ekim339/projects/SD3.5/experiments/style_encoder/results/generated/patches/r3c1/0017.png
394,patch,17,24760.png,smirk,rxb4h,5.57859864622962,3020,0.0,"[3, 2]","[200, 201, 202, 203, 216, 217, 218, 219, 232, 233, 234, 235, 248, 249, 250, 251]",,200059,rxbah,0.0,0.8,0.2,1.0,1.0,1.0,0.0,1.0,/home/ekim339/projects/SD3.5/experiments/style_encoder/results/inputs/0017_24760.png,/home/ekim339/projects/SD3.5/experiments/style_encoder/results/generated/patches/r3c2/0017.png
395,patch,17,24760.png,smirk,rxb4h,5.57859864622962,3020,0.0,"[3, 3]","[204, 205, 206, 207, 220, 221, 222, 223, 236, 237, 238, 239, 252, 253, 254, 255]",,200059,rxbah,0.0,0.8,0.2,1.0,1.0,1.0,0.0,1.0,/home/ekim339/projects/SD3.5/experiments/style_encoder/results/inputs/0017_24760.png,/home/ekim339/projects/SD3.5/experiments/style_encoder/results/generated/patches/r3c3/0017.png
396,proportion,18,34099.png,thawy,sojxw,9.292901789433703,3021,0.0,,[],100222,200060,sojxum,0.0,0.6666666666666667,0.4,1.0,1.0,1.0,1.0,0.0,/home/ekim339/projects/SD3.5/experiments/style_encoder/results/inputs/0018_34099.png,/home/ekim339/projects/SD3.5/experiments/style_encoder/results/generated/proportions/mask-0p0/0018.png
397,proportion,18,34099.png,thawy,sojxw,9.292901789433703,3021,0.1,,[],100223,200060,sojxw,1.0,1.0,0.0,1.0,1.0,1.0,1.0,1.0,/home/ekim339/projects/SD3.5/experiments/style_encoder/results/inputs/0018_34099.png,/home/ekim339/projects/SD3.5/experiments/style_encoder/results/generated/proportions/mask-0p1/0018.png
398,proportion,18,34099.png,thawy,sojxw,9.292901789433703,3021,0.3,,[],100225,200060,sojxw,1.0,1.0,0.0,1.0,1.0,1.0,1.0,1.0,/home/ekim339/projects/SD3.5/experiments/style_encoder/results/inputs/0018_34099.png,/home/ekim339/projects/SD3.5/experiments/style_encoder/results/generated/proportions/mask-0p3/0018.png
399,proportion,18,34099.png,thawy,sojxw,9.292901789433703,3021,0.5,,[],100227,200060,sojxw,1.0,1.0,0.0,1.0,1.0,1.0,1.0,1.0,/home/ekim339/projects/SD3.5/experiments/style_encoder/results/inputs/0018_34099.png,/home/ekim339/projects/SD3.5/experiments/style_encoder/results/generated/proportions/mask-0p5/0018.png
400,proportion,18,34099.png,thawy,sojxw,9.292901789433703,3021,0.7,,[],100229,200060,sojxw,1.0,1.0,0.0,1.0,1.0,1.0,1.0,1.0,/home/ekim339/projects/SD3.5/experiments/style_encoder/results/inputs/0018_34099.png,/home/ekim339/projects/SD3.5/experiments/style_encoder/results/generated/proportions/mask-0p7/0018.png
401,patch,18,34099.png,thawy,sojxw,9.292901789433703,3021,0.0,,[],,200060,sojxum,0.0,0.6666666666666667,0.4,1.0,1.0,1.0,1.0,0.0,/home/ekim339/projects/SD3.5/experiments/style_encoder/results/inputs/0018_34099.png,/home/ekim339/projects/SD3.5/experiments/style_encoder/results/generated/patches/none/0018.png
402,patch,18,34099.png,thawy,sojxw,9.292901789433703,3021,0.0,"[0, 0]","[0, 1, 2, 3, 16, 17, 18, 19, 32, 33, 34, 35, 48, 49, 50, 51]",,200060,sojxw,1.0,1.0,0.0,1.0,1.0,1.0,1.0,1.0,/home/ekim339/projects/SD3.5/experiments/style_encoder/results/inputs/0018_34099.png,/home/ekim339/projects/SD3.5/experiments/style_encoder/results/generated/patches/r0c0/0018.png
403,patch,18,34099.png,thawy,sojxw,9.292901789433703,3021,0.0,"[0, 1]","[4, 5, 6, 7, 20, 21, 22, 23, 36, 37, 38, 39, 52, 53, 54, 55]",,200060,s0jxw,0.0,0.8,0.2,1.0,0.0,1.0,1.0,1.0,/home/ekim339/projects/SD3.5/experiments/style_encoder/results/inputs/0018_34099.png,/home/ekim339/projects/SD3.5/experiments/style_encoder/results/generated/patches/r0c1/0018.png
404,patch,18,34099.png,thawy,sojxw,9.292901789433703,3021,0.0,"[0, 2]","[8, 9, 10, 11, 24, 25, 26, 27, 40, 41, 42, 43, 56, 57, 58, 59]",,200060,sojxum,0.0,0.6666666666666667,0.4,1.0,1.0,1.0,1.0,0.0,/home/ekim339/projects/SD3.5/experiments/style_encoder/results/inputs/0018_34099.png,/home/ekim339/projects/SD3.5/experiments/style_encoder/results/generated/patches/r0c2/0018.png
405,patch,18,34099.png,thawy,sojxw,9.292901789433703,3021,0.0,"[0, 3]","[12, 13, 14, 15, 28, 29, 30, 31, 44, 45, 46, 47, 60, 61, 62, 63]",,200060,sojxw,1.0,1.0,0.0,1.0,1.0,1.0,1.0,1.0,/home/ekim339/projects/SD3.5/experiments/style_encoder/results/inputs/0018_34099.png,/home/ekim339/projects/SD3.5/experiments/style_encoder/results/generated/patches/r0c3/0018.png
406,patch,18,34099.png,thawy,sojxw,9.292901789433703,3021,0.0,"[1, 0]","[64, 65, 66, 67, 80, 81, 82, 83, 96, 97, 98, 99, 112, 113, 114, 115]",,200060,sojxw,1.0,1.0,0.0,1.0,1.0,1.0,1.0,1.0,/home/ekim339/projects/SD3.5/experiments/style_encoder/results/inputs/0018_34099.png,/home/ekim339/projects/SD3.5/experiments/style_encoder/results/generated/patches/r1c0/0018.png
407,patch,18,34099.png,thawy,sojxw,9.292901789433703,3021,0.0,"[1, 1]","[68, 69, 70, 71, 84, 85, 86, 87, 100, 101, 102, 103, 116, 117, 118, 119]",,200060,sojxw,1.0,1.0,0.0,1.0,1.0,1.0,1.0,1.0,/home/ekim339/projects/SD3.5/experiments/style_encoder/results/inputs/0018_34099.png,/home/ekim339/projects/SD3.5/experiments/style_encoder/results/generated/patches/r1c1/0018.png
408,patch,18,34099.png,thawy,sojxw,9.292901789433703,3021,0.0,"[1, 2]","[72, 73, 74, 75, 88, 89, 90, 91, 104, 105, 106, 107, 120, 121, 122, 123]",,200060,sojxn,0.0,0.8,0.2,1.0,1.0,1.0,1.0,0.0,/home/ekim339/projects/SD3.5/experiments/style_encoder/results/inputs/0018_34099.png,/home/ekim339/projects/SD3.5/experiments/style_encoder/results/generated/patches/r1c2/0018.png
409,patch,18,34099.png,thawy,sojxw,9.292901789433703,3021,0.0,"[1, 3]","[76, 77, 78, 79, 92, 93, 94, 95, 108, 109, 110, 111, 124, 125, 126, 127]",,200060,sojxw,1.0,1.0,0.0,1.0,1.0,1.0,1.0,1.0,/home/ekim339/projects/SD3.5/experiments/style_encoder/results/inputs/0018_34099.png,/home/ekim339/projects/SD3.5/experiments/style_encoder/results/generated/patches/r1c3/0018.png
410,patch,18,34099.png,thawy,sojxw,9.292901789433703,3021,0.0,"[2, 0]","[128, 129, 130, 131, 144, 145, 146, 147, 160, 161, 162, 163, 176, 177, 178, 179]",,200060,sojxw,1.0,1.0,0.0,1.0,1.0,1.0,1.0,1.0,/home/ekim339/projects/SD3.5/experiments/style_encoder/results/inputs/0018_34099.png,/home/ekim339/projects/SD3.5/experiments/style_encoder/results/generated/patches/r2c0/0018.png
411,patch,18,34099.png,thawy,sojxw,9.292901789433703,3021,0.0,"[2, 1]","[132, 133, 134, 135, 148, 149, 150, 151, 164, 165, 166, 167, 180, 181, 182, 183]",,200060,s0jxw,0.0,0.8,0.2,1.0,0.0,1.0,1.0,1.0,/home/ekim339/projects/SD3.5/experiments/style_encoder/results/inputs/0018_34099.png,/home/ekim339/projects/SD3.5/experiments/style_encoder/results/generated/patches/r2c1/0018.png
412,patch,18,34099.png,thawy,sojxw,9.292901789433703,3021,0.0,"[2, 2]","[136, 137, 138, 139, 152, 153, 154, 155, 168, 169, 170, 171, 184, 185, 186, 187]",,200060,sunjxw,0.0,0.6666666666666667,0.4,1.0,0.0,0.0,0.0,0.0,/home/ekim339/projects/SD3.5/experiments/style_encoder/results/inputs/0018_34099.png,/home/ekim339/projects/SD3.5/experiments/style_encoder/results/generated/patches/r2c2/0018.png
413,patch,18,34099.png,thawy,sojxw,9.292901789433703,3021,0.0,"[2, 3]","[140, 141, 142, 143, 156, 157, 158, 159, 172, 173, 174, 175, 188, 189, 190, 191]",,200060,sajxw,0.0,0.8,0.2,1.0,0.0,1.0,1.0,1.0,/home/ekim339/projects/SD3.5/experiments/style_encoder/results/inputs/0018_34099.png,/home/ekim339/projects/SD3.5/experiments/style_encoder/results/generated/patches/r2c3/0018.png
414,patch,18,34099.png,thawy,sojxw,9.292901789433703,3021,0.0,"[3, 0]","[192, 193, 194, 195, 208, 209, 210, 211, 224, 225, 226, 227, 240, 241, 242, 243]",,200060,sojxw,1.0,1.0,0.0,1.0,1.0,1.0,1.0,1.0,/home/ekim339/projects/SD3.5/experiments/style_encoder/results/inputs/0018_34099.png,/home/ekim339/projects/SD3.5/experiments/style_encoder/results/generated/patches/r3c0/0018.png
415,patch,18,34099.png,thawy,sojxw,9.292901789433703,3021,0.0,"[3, 1]","[196, 197, 198, 199, 212, 213, 214, 215, 228, 229, 230, 231, 244, 245, 246, 247]",,200060,sssswwww,0.0,0.25,1.2,1.0,0.0,0.0,0.0,1.0,/home/ekim339/projects/SD3.5/experiments/style_encoder/results/inputs/0018_34099.png,/home/ekim339/projects/SD3.5/experiments/style_encoder/results/generated/patches/r3c1/0018.png
416,patch,18,34099.png,thawy,sojxw,9.292901789433703,3021,0.0,"[3, 2]","[200, 201, 202, 203, 216, 217, 218, 219, 232, 233, 234, 235, 248, 249, 250, 251]",,200060,sojxw,1.0,1.0,0.0,1.0,1.0,1.0,1.0,1.0,/home/ekim339/projects/SD3.5/experiments/style_encoder/results/inputs/0018_34099.png,/home/ekim339/projects/SD3.5/experiments/style_encoder/results/generated/patches/r3c2/0018.png
417,patch,18,34099.png,thawy,sojxw,9.292901789433703,3021,0.0,"[3, 3]","[204, 205, 206, 207, 220, 221, 222, 223, 236, 237, 238, 239, 252, 253, 254, 255]",,200060,s0jxw,0.0,0.8,0.2,1.0,0.0,1.0,1.0,1.0,/home/ekim339/projects/SD3.5/experiments/style_encoder/results/inputs/0018_34099.png,/home/ekim339/projects/SD3.5/experiments/style_encoder/results/generated/patches/r3c3/0018.png
418,proportion,19,17709.png,bohea,siooh,6.675333247024196,3022,0.0,,[],100232,200061,siooh,1.0,1.0,0.0,1.0,1.0,1.0,1.0,1.0,/home/ekim339/projects/SD3.5/experiments/style_encoder/results/inputs/0019_17709.png,/home/ekim339/projects/SD3.5/experiments/style_encoder/results/generated/proportions/mask-0p0/0019.png
419,proportion,19,17709.png,bohea,siooh,6.675333247024196,3022,0.1,,[],100233,200061,siooh,1.0,1.0,0.0,1.0,1.0,1.0,1.0,1.0,/home/ekim339/projects/SD3.5/experiments/style_encoder/results/inputs/0019_17709.png,/home/ekim339/projects/SD3.5/experiments/style_encoder/results/generated/proportions/mask-0p1/0019.png
420,proportion,19,17709.png,bohea,siooh,6.675333247024196,3022,0.3,,[],100235,200061,siooh,1.0,1.0,0.0,1.0,1.0,1.0,1.0,1.0,/home/ekim339/projects/SD3.5/experiments/style_encoder/results/inputs/0019_17709.png,/home/ekim339/projects/SD3.5/experiments/style_encoder/results/generated/proportions/mask-0p3/0019.png
421,proportion,19,17709.png,bohea,siooh,6.675333247024196,3022,0.5,,[],100237,200061,siooh,1.0,1.0,0.0,1.0,1.0,1.0,1.0,1.0,/home/ekim339/projects/SD3.5/experiments/style_encoder/results/inputs/0019_17709.png,/home/ekim339/projects/SD3.5/experiments/style_encoder/results/generated/proportions/mask-0p5/0019.png
422,proportion,19,17709.png,bohea,siooh,6.675333247024196,3022,0.7,,[],100239,200061,siooh,1.0,1.0,0.0,1.0,1.0,1.0,1.0,1.0,/home/ekim339/projects/SD3.5/experiments/style_encoder/results/inputs/0019_17709.png,/home/ekim339/projects/SD3.5/experiments/style_encoder/results/generated/proportions/mask-0p7/0019.png
423,patch,19,17709.png,bohea,siooh,6.675333247024196,3022,0.0,,[],,200061,siooh,1.0,1.0,0.0,1.0,1.0,1.0,1.0,1.0,/home/ekim339/projects/SD3.5/experiments/style_encoder/results/inputs/0019_17709.png,/home/ekim339/projects/SD3.5/experiments/style_encoder/results/generated/patches/none/0019.png
424,patch,19,17709.png,bohea,siooh,6.675333247024196,3022,0.0,"[0, 0]","[0, 1, 2, 3, 16, 17, 18, 19, 32, 33, 34, 35, 48, 49, 50, 51]",,200061,siooh,1.0,1.0,0.0,1.0,1.0,1.0,1.0,1.0,/home/ekim339/projects/SD3.5/experiments/style_encoder/results/inputs/0019_17709.png,/home/ekim339/projects/SD3.5/experiments/style_encoder/results/generated/patches/r0c0/0019.png
425,patch,19,17709.png,bohea,siooh,6.675333247024196,3022,0.0,"[0, 1]","[4, 5, 6, 7, 20, 21, 22, 23, 36, 37, 38, 39, 52, 53, 54, 55]",,200061,siooh,1.0,1.0,0.0,1.0,1.0,1.0,1.0,1.0,/home/ekim339/projects/SD3.5/experiments/style_encoder/results/inputs/0019_17709.png,/home/ekim339/projects/SD3.5/experiments/style_encoder/results/generated/patches/r0c1/0019.png
426,patch,19,17709.png,bohea,siooh,6.675333247024196,3022,0.0,"[0, 2]","[8, 9, 10, 11, 24, 25, 26, 27, 40, 41, 42, 43, 56, 57, 58, 59]",,200061,siooh,1.0,1.0,0.0,1.0,1.0,1.0,1.0,1.0,/home/ekim339/projects/SD3.5/experiments/style_encoder/results/inputs/0019_17709.png,/home/ekim339/projects/SD3.5/experiments/style_encoder/results/generated/patches/r0c2/0019.png
427,patch,19,17709.png,bohea,siooh,6.675333247024196,3022,0.0,"[0, 3]","[12, 13, 14, 15, 28, 29, 30, 31, 44, 45, 46, 47, 60, 61, 62, 63]",,200061,siooh,1.0,1.0,0.0,1.0,1.0,1.0,1.0,1.0,/home/ekim339/projects/SD3.5/experiments/style_encoder/results/inputs/0019_17709.png,/home/ekim339/projects/SD3.5/experiments/style_encoder/results/generated/patches/r0c3/0019.png
428,patch,19,17709.png,bohea,siooh,6.675333247024196,3022,0.0,"[1, 0]","[64, 65, 66, 67, 80, 81, 82, 83, 96, 97, 98, 99, 112, 113, 114, 115]",,200061,siooh,1.0,1.0,0.0,1.0,1.0,1.0,1.0,1.0,/home/ekim339/projects/SD3.5/experiments/style_encoder/results/inputs/0019_17709.png,/home/ekim339/projects/SD3.5/experiments/style_encoder/results/generated/patches/r1c0/0019.png
429,patch,19,17709.png,bohea,siooh,6.675333247024196,3022,0.0,"[1, 1]","[68, 69, 70, 71, 84, 85, 86, 87, 100, 101, 102, 103, 116, 117, 118, 119]",,200061,siooh,1.0,1.0,0.0,1.0,1.0,1.0,1.0,1.0,/home/ekim339/projects/SD3.5/experiments/style_encoder/results/inputs/0019_17709.png,/home/ekim339/projects/SD3.5/experiments/style_encoder/results/generated/patches/r1c1/0019.png
430,patch,19,17709.png,bohea,siooh,6.675333247024196,3022,0.0,"[1, 2]","[72, 73, 74, 75, 88, 89, 90, 91, 104, 105, 106, 107, 120, 121, 122, 123]",,200061,siooh,1.0,1.0,0.0,1.0,1.0,1.0,1.0,1.0,/home/ekim339/projects/SD3.5/experiments/style_encoder/results/inputs/0019_17709.png,/home/ekim339/projects/SD3.5/experiments/style_encoder/results/generated/patches/r1c2/0019.png
431,patch,19,17709.png,bohea,siooh,6.675333247024196,3022,0.0,"[1, 3]","[76, 77, 78, 79, 92, 93, 94, 95, 108, 109, 110, 111, 124, 125, 126, 127]",,200061,siooh,1.0,1.0,0.0,1.0,1.0,1.0,1.0,1.0,/home/ekim339/projects/SD3.5/experiments/style_encoder/results/inputs/0019_17709.png,/home/ekim339/projects/SD3.5/experiments/style_encoder/results/generated/patches/r1c3/0019.png
432,patch,19,17709.png,bohea,siooh,6.675333247024196,3022,0.0,"[2, 0]","[128, 129, 130, 131, 144, 145, 146, 147, 160, 161, 162, 163, 176, 177, 178, 179]",,200061,siooh,1.0,1.0,0.0,1.0,1.0,1.0,1.0,1.0,/home/ekim339/projects/SD3.5/experiments/style_encoder/results/inputs/0019_17709.png,/home/ekim339/projects/SD3.5/experiments/style_encoder/results/generated/patches/r2c0/0019.png
433,patch,19,17709.png,bohea,siooh,6.675333247024196,3022,0.0,"[2, 1]","[132, 133, 134, 135, 148, 149, 150, 151, 164, 165, 166, 167, 180, 181, 182, 183]",,200061,siooh,1.0,1.0,0.0,1.0,1.0,1.0,1.0,1.0,/home/ekim339/projects/SD3.5/experiments/style_encoder/results/inputs/0019_17709.png,/home/ekim339/projects/SD3.5/experiments/style_encoder/results/generated/patches/r2c1/0019.png
434,patch,19,17709.png,bohea,siooh,6.675333247024196,3022,0.0,"[2, 2]","[136, 137, 138, 139, 152, 153, 154, 155, 168, 169, 170, 171, 184, 185, 186, 187]",,200061,siooh,1.0,1.0,0.0,1.0,1.0,1.0,1.0,1.0,/home/ekim339/projects/SD3.5/experiments/style_encoder/results/inputs/0019_17709.png,/home/ekim339/projects/SD3.5/experiments/style_encoder/results/generated/patches/r2c2/0019.png
435,patch,19,17709.png,bohea,siooh,6.675333247024196,3022,0.0,"[2, 3]","[140, 141, 142, 143, 156, 157, 158, 159, 172, 173, 174, 175, 188, 189, 190, 191]",,200061,siooh,1.0,1.0,0.0,1.0,1.0,1.0,1.0,1.0,/home/ekim339/projects/SD3.5/experiments/style_encoder/results/inputs/0019_17709.png,/home/ekim339/projects/SD3.5/experiments/style_encoder/results/generated/patches/r2c3/0019.png
436,patch,19,17709.png,bohea,siooh,6.675333247024196,3022,0.0,"[3, 0]","[192, 193, 194, 195, 208, 209, 210, 211, 224, 225, 226, 227, 240, 241, 242, 243]",,200061,siooh,1.0,1.0,0.0,1.0,1.0,1.0,1.0,1.0,/home/ekim339/projects/SD3.5/experiments/style_encoder/results/inputs/0019_17709.png,/home/ekim339/projects/SD3.5/experiments/style_encoder/results/generated/patches/r3c0/0019.png
437,patch,19,17709.png,bohea,siooh,6.675333247024196,3022,0.0,"[3, 1]","[196, 197, 198, 199, 212, 213, 214, 215, 228, 229, 230, 231, 244, 245, 246, 247]",,200061,siooh,1.0,1.0,0.0,1.0,1.0,1.0,1.0,1.0,/home/ekim339/projects/SD3.5/experiments/style_encoder/results/inputs/0019_17709.png,/home/ekim339/projects/SD3.5/experiments/style_encoder/results/generated/patches/r3c1/0019.png
438,patch,19,17709.png,bohea,siooh,6.675333247024196,3022,0.0,"[3, 2]","[200, 201, 202, 203, 216, 217, 218, 219, 232, 233, 234, 235, 248, 249, 250, 251]",,200061,siooh,1.0,1.0,0.0,1.0,1.0,1.0,1.0,1.0,/home/ekim339/projects/SD3.5/experiments/style_encoder/results/inputs/0019_17709.png,/home/ekim339/projects/SD3.5/experiments/style_encoder/results/generated/patches/r3c2/0019.png
439,patch,19,17709.png,bohea,siooh,6.675333247024196,3022,0.0,"[3, 3]","[204, 205, 206, 207, 220, 221, 222, 223, 236, 237, 238, 239, 252, 253, 254, 255]",,200061,siooh,1.0,1.0,0.0,1.0,1.0,1.0,1.0,1.0,/home/ekim339/projects/SD3.5/experiments/style_encoder/results/inputs/0019_17709.png,/home/ekim339/projects/SD3.5/experiments/style_encoder/results/generated/patches/r3c3/0019.png
440,proportion,20,12545.png,froth,xtn0p,11.401383145153838,3023,0.0,,[],100242,200062,xtnop,0.0,0.8,0.2,1.0,1.0,1.0,0.0,1.0,/home/ekim339/projects/SD3.5/experiments/style_encoder/results/inputs/0020_12545.png,/home/ekim339/projects/SD3.5/experiments/style_encoder/results/generated/proportions/mask-0p0/0020.png
441,proportion,20,12545.png,froth,xtn0p,11.401383145153838,3023,0.1,,[],100243,200062,xtnop,0.0,0.8,0.2,1.0,1.0,1.0,0.0,1.0,/home/ekim339/projects/SD3.5/experiments/style_encoder/results/inputs/0020_12545.png,/home/ekim339/projects/SD3.5/experiments/style_encoder/results/generated/proportions/mask-0p1/0020.png
442,proportion,20,12545.png,froth,xtn0p,11.401383145153838,3023,0.3,,[],100245,200062,xtnop,0.0,0.8,0.2,1.0,1.0,1.0,0.0,1.0,/home/ekim339/projects/SD3.5/experiments/style_encoder/results/inputs/0020_12545.png,/home/ekim339/projects/SD3.5/experiments/style_encoder/results/generated/proportions/mask-0p3/0020.png
443,proportion,20,12545.png,froth,xtn0p,11.401383145153838,3023,0.5,,[],100247,200062,xtnop,0.0,0.8,0.2,1.0,1.0,1.0,0.0,1.0,/home/ekim339/projects/SD3.5/experiments/style_encoder/results/inputs/0020_12545.png,/home/ekim339/projects/SD3.5/experiments/style_encoder/results/generated/proportions/mask-0p5/0020.png
444,proportion,20,12545.png,froth,xtn0p,11.401383145153838,3023,0.7,,[],100249,200062,xtrep,0.0,0.6,0.4,1.0,1.0,0.0,0.0,1.0,/home/ekim339/projects/SD3.5/experiments/style_encoder/results/inputs/0020_12545.png,/home/ekim339/projects/SD3.5/experiments/style_encoder/results/generated/proportions/mask-0p7/0020.png
445,patch,20,12545.png,froth,xtn0p,11.401383145153838,3023,0.0,,[],,200062,xtnop,0.0,0.8,0.2,1.0,1.0,1.0,0.0,1.0,/home/ekim339/projects/SD3.5/experiments/style_encoder/results/inputs/0020_12545.png,/home/ekim339/projects/SD3.5/experiments/style_encoder/results/generated/patches/none/0020.png
446,patch,20,12545.png,froth,xtn0p,11.401383145153838,3023,0.0,"[0, 0]","[0, 1, 2, 3, 16, 17, 18, 19, 32, 33, 34, 35, 48, 49, 50, 51]",,200062,xtnop,0.0,0.8,0.2,1.0,1.0,1.0,0.0,1.0,/home/ekim339/projects/SD3.5/experiments/style_encoder/results/inputs/0020_12545.png,/home/ekim339/projects/SD3.5/experiments/style_encoder/results/generated/patches/r0c0/0020.png
447,patch,20,12545.png,froth,xtn0p,11.401383145153838,3023,0.0,"[0, 1]","[4, 5, 6, 7, 20, 21, 22, 23, 36, 37, 38, 39, 52, 53, 54, 55]",,200062,xtnop,0.0,0.8,0.2,1.0,1.0,1.0,0.0,1.0,/home/ekim339/projects/SD3.5/experiments/style_encoder/results/inputs/0020_12545.png,/home/ekim339/projects/SD3.5/experiments/style_encoder/results/generated/patches/r0c1/0020.png
448,patch,20,12545.png,froth,xtn0p,11.401383145153838,3023,0.0,"[0, 2]","[8, 9, 10, 11, 24, 25, 26, 27, 40, 41, 42, 43, 56, 57, 58, 59]",,200062,xtnop,0.0,0.8,0.2,1.0,1.0,1.0,0.0,1.0,/home/ekim339/projects/SD3.5/experiments/style_encoder/results/inputs/0020_12545.png,/home/ekim339/projects/SD3.5/experiments/style_encoder/results/generated/patches/r0c2/0020.png
449,patch,20,12545.png,froth,xtn0p,11.401383145153838,3023,0.0,"[0, 3]","[12, 13, 14, 15, 28, 29, 30, 31, 44, 45, 46, 47, 60, 61, 62, 63]",,200062,xtnop,0.0,0.8,0.2,1.0,1.0,1.0,0.0,1.0,/home/ekim339/projects/SD3.5/experiments/style_encoder/results/inputs/0020_12545.png,/home/ekim339/projects/SD3.5/experiments/style_encoder/results/generated/patches/r0c3/0020.png
450,patch,20,12545.png,froth,xtn0p,11.401383145153838,3023,0.0,"[1, 0]","[64, 65, 66, 67, 80, 81, 82, 83, 96, 97, 98, 99, 112, 113, 114, 115]",,200062,xtnop,0.0,0.8,0.2,1.0,1.0,1.0,0.0,1.0,/home/ekim339/projects/SD3.5/experiments/style_encoder/results/inputs/0020_12545.png,/home/ekim339/projects/SD3.5/experiments/style_encoder/results/generated/patches/r1c0/0020.png
451,patch,20,12545.png,froth,xtn0p,11.401383145153838,3023,0.0,"[1, 1]","[68, 69, 70, 71, 84, 85, 86, 87, 100, 101, 102, 103, 116, 117, 118, 119]",,200062,xtnop,0.0,0.8,0.2,1.0,1.0,1.0,0.0,1.0,/home/ekim339/projects/SD3.5/experiments/style_encoder/results/inputs/0020_12545.png,/home/ekim339/projects/SD3.5/experiments/style_encoder/results/generated/patches/r1c1/0020.png
452,patch,20,12545.png,froth,xtn0p,11.401383145153838,3023,0.0,"[1, 2]","[72, 73, 74, 75, 88, 89, 90, 91, 104, 105, 106, 107, 120, 121, 122, 123]",,200062,xtnop,0.0,0.8,0.2,1.0,1.0,1.0,0.0,1.0,/home/ekim339/projects/SD3.5/experiments/style_encoder/results/inputs/0020_12545.png,/home/ekim339/projects/SD3.5/experiments/style_encoder/results/generated/patches/r1c2/0020.png
453,patch,20,12545.png,froth,xtn0p,11.401383145153838,3023,0.0,"[1, 3]","[76, 77, 78, 79, 92, 93, 94, 95, 108, 109, 110, 111, 124, 125, 126, 127]",,200062,xtnop,0.0,0.8,0.2,1.0,1.0,1.0,0.0,1.0,/home/ekim339/projects/SD3.5/experiments/style_encoder/results/inputs/0020_12545.png,/home/ekim339/projects/SD3.5/experiments/style_encoder/results/generated/patches/r1c3/0020.png
454,patch,20,12545.png,froth,xtn0p,11.401383145153838,3023,0.0,"[2, 0]","[128, 129, 130, 131, 144, 145, 146, 147, 160, 161, 162, 163, 176, 177, 178, 179]",,200062,xtnop,0.0,0.8,0.2,1.0,1.0,1.0,0.0,1.0,/home/ekim339/projects/SD3.5/experiments/style_encoder/results/inputs/0020_12545.png,/home/ekim339/projects/SD3.5/experiments/style_encoder/results/generated/patches/r2c0/0020.png
455,patch,20,12545.png,froth,xtn0p,11.401383145153838,3023,0.0,"[2, 1]","[132, 133, 134, 135, 148, 149, 150, 151, 164, 165, 166, 167, 180, 181, 182, 183]",,200062,xtnop,0.0,0.8,0.2,1.0,1.0,1.0,0.0,1.0,/home/ekim339/projects/SD3.5/experiments/style_encoder/results/inputs/0020_12545.png,/home/ekim339/projects/SD3.5/experiments/style_encoder/results/generated/patches/r2c1/0020.png
456,patch,20,12545.png,froth,xtn0p,11.401383145153838,3023,0.0,"[2, 2]","[136, 137, 138, 139, 152, 153, 154, 155, 168, 169, 170, 171, 184, 185, 186, 187]",,200062,xtnop,0.0,0.8,0.2,1.0,1.0,1.0,0.0,1.0,/home/ekim339/projects/SD3.5/experiments/style_encoder/results/inputs/0020_12545.png,/home/ekim339/projects/SD3.5/experiments/style_encoder/results/generated/patches/r2c2/0020.png
457,patch,20,12545.png,froth,xtn0p,11.401383145153838,3023,0.0,"[2, 3]","[140, 141, 142, 143, 156, 157, 158, 159, 172, 173, 174, 175, 188, 189, 190, 191]",,200062,xtnop,0.0,0.8,0.2,1.0,1.0,1.0,0.0,1.0,/home/ekim339/projects/SD3.5/experiments/style_encoder/results/inputs/0020_12545.png,/home/ekim339/projects/SD3.5/experiments/style_encoder/results/generated/patches/r2c3/0020.png
458,patch,20,12545.png,froth,xtn0p,11.401383145153838,3023,0.0,"[3, 0]","[192, 193, 194, 195, 208, 209, 210, 211, 224, 225, 226, 227, 240, 241, 242, 243]",,200062,xtnop,0.0,0.8,0.2,1.0,1.0,1.0,0.0,1.0,/home/ekim339/projects/SD3.5/experiments/style_encoder/results/inputs/0020_12545.png,/home/ekim339/projects/SD3.5/experiments/style_encoder/results/generated/patches/r3c0/0020.png
459,patch,20,12545.png,froth,xtn0p,11.401383145153838,3023,0.0,"[3, 1]","[196, 197, 198, 199, 212, 213, 214, 215, 228, 229, 230, 231, 244, 245, 246, 247]",,200062,xtnop,0.0,0.8,0.2,1.0,1.0,1.0,0.0,1.0,/home/ekim339/projects/SD3.5/experiments/style_encoder/results/inputs/0020_12545.png,/home/ekim339/projects/SD3.5/experiments/style_encoder/results/generated/patches/r3c1/0020.png
460,patch,20,12545.png,froth,xtn0p,11.401383145153838,3023,0.0,"[3, 2]","[200, 201, 202, 203, 216, 217, 218, 219, 232, 233, 234, 235, 248, 249, 250, 251]",,200062,xtnop,0.0,0.8,0.2,1.0,1.0,1.0,0.0,1.0,/home/ekim339/projects/SD3.5/experiments/style_encoder/results/inputs/0020_12545.png,/home/ekim339/projects/SD3.5/experiments/style_encoder/results/generated/patches/r3c2/0020.png
461,patch,20,12545.png,froth,xtn0p,11.401383145153838,3023,0.0,"[3, 3]","[204, 205, 206, 207, 220, 221, 222, 223, 236, 237, 238, 239, 252, 253, 254, 255]",,200062,xtnop,0.0,0.8,0.2,1.0,1.0,1.0,0.0,1.0,/home/ekim339/projects/SD3.5/experiments/style_encoder/results/inputs/0020_12545.png,/home/ekim339/projects/SD3.5/experiments/style_encoder/results/generated/patches/r3c3/0020.png
462,proportion,21,42061.png,Multi,lkzp4,2.1044606276187987,3024,0.0,,[],100252,200063,lkzpz,0.0,0.8,0.2,1.0,1.0,1.0,1.0,0.0,/home/ekim339/projects/SD3.5/experiments/style_encoder/results/inputs/0021_42061.png,/home/ekim339/projects/SD3.5/experiments/style_encoder/results/generated/proportions/mask-0p0/0021.png
463,proportion,21,42061.png,Multi,lkzp4,2.1044606276187987,3024,0.1,,[],100253,200063,lkzpz,0.0,0.8,0.2,1.0,1.0,1.0,1.0,0.0,/home/ekim339/projects/SD3.5/experiments/style_encoder/results/inputs/0021_42061.png,/home/ekim339/projects/SD3.5/experiments/style_encoder/results/generated/proportions/mask-0p1/0021.png
464,proportion,21,42061.png,Multi,lkzp4,2.1044606276187987,3024,0.3,,[],100255,200063,lkzpa,0.0,0.8,0.2,1.0,1.0,1.0,1.0,0.0,/home/ekim339/projects/SD3.5/experiments/style_encoder/results/inputs/0021_42061.png,/home/ekim339/projects/SD3.5/experiments/style_encoder/results/generated/proportions/mask-0p3/0021.png
465,proportion,21,42061.png,Multi,lkzp4,2.1044606276187987,3024,0.5,,[],100257,200063,lkzp1,0.0,0.8,0.2,1.0,1.0,1.0,1.0,0.0,/home/ekim339/projects/SD3.5/experiments/style_encoder/results/inputs/0021_42061.png,/home/ekim339/projects/SD3.5/experiments/style_encoder/results/generated/proportions/mask-0p5/0021.png
466,proportion,21,42061.png,Multi,lkzp4,2.1044606276187987,3024,0.7,,[],100259,200063,lkzpi,0.0,0.8,0.2,1.0,1.0,1.0,1.0,0.0,/home/ekim339/projects/SD3.5/experiments/style_encoder/results/inputs/0021_42061.png,/home/ekim339/projects/SD3.5/experiments/style_encoder/results/generated/proportions/mask-0p7/0021.png
467,patch,21,42061.png,Multi,lkzp4,2.1044606276187987,3024,0.0,,[],,200063,lkzpz,0.0,0.8,0.2,1.0,1.0,1.0,1.0,0.0,/home/ekim339/projects/SD3.5/experiments/style_encoder/results/inputs/0021_42061.png,/home/ekim339/projects/SD3.5/experiments/style_encoder/results/generated/patches/none/0021.png
468,patch,21,42061.png,Multi,lkzp4,2.1044606276187987,3024,0.0,"[0, 0]","[0, 1, 2, 3, 16, 17, 18, 19, 32, 33, 34, 35, 48, 49, 50, 51]",,200063,lkzpz,0.0,0.8,0.2,1.0,1.0,1.0,1.0,0.0,/home/ekim339/projects/SD3.5/experiments/style_encoder/results/inputs/0021_42061.png,/home/ekim339/projects/SD3.5/experiments/style_encoder/results/generated/patches/r0c0/0021.png
469,patch,21,42061.png,Multi,lkzp4,2.1044606276187987,3024,0.0,"[0, 1]","[4, 5, 6, 7, 20, 21, 22, 23, 36, 37, 38, 39, 52, 53, 54, 55]",,200063,lkzpr,0.0,0.8,0.2,1.0,1.0,1.0,1.0,0.0,/home/ekim339/projects/SD3.5/experiments/style_encoder/results/inputs/0021_42061.png,/home/ekim339/projects/SD3.5/experiments/style_encoder/results/generated/patches/r0c1/0021.png
470,patch,21,42061.png,Multi,lkzp4,2.1044606276187987,3024,0.0,"[0, 2]","[8, 9, 10, 11, 24, 25, 26, 27, 40, 41, 42, 43, 56, 57, 58, 59]",,200063,lkzpr,0.0,0.8,0.2,1.0,1.0,1.0,1.0,0.0,/home/ekim339/projects/SD3.5/experiments/style_encoder/results/inputs/0021_42061.png,/home/ekim339/projects/SD3.5/experiments/style_encoder/results/generated/patches/r0c2/0021.png
471,patch,21,42061.png,Multi,lkzp4,2.1044606276187987,3024,0.0,"[0, 3]","[12, 13, 14, 15, 28, 29, 30, 31, 44, 45, 46, 47, 60, 61, 62, 63]",,200063,lkzpr,0.0,0.8,0.2,1.0,1.0,1.0,1.0,0.0,/home/ekim339/projects/SD3.5/experiments/style_encoder/results/inputs/0021_42061.png,/home/ekim339/projects/SD3.5/experiments/style_encoder/results/generated/patches/r0c3/0021.png
472,patch,21,42061.png,Multi,lkzp4,2.1044606276187987,3024,0.0,"[1, 0]","[64, 65, 66, 67, 80, 81, 82, 83, 96, 97, 98, 99, 112, 113, 114, 115]",,200063,lkzp1,0.0,0.8,0.2,1.0,1.0,1.0,1.0,0.0,/home/ekim339/projects/SD3.5/experiments/style_encoder/results/inputs/0021_42061.png,/home/ekim339/projects/SD3.5/experiments/style_encoder/results/generated/patches/r1c0/0021.png
473,patch,21,42061.png,Multi,lkzp4,2.1044606276187987,3024,0.0,"[1, 1]","[68, 69, 70, 71, 84, 85, 86, 87, 100, 101, 102, 103, 116, 117, 118, 119]",,200063,lkzpz,0.0,0.8,0.2,1.0,1.0,1.0,1.0,0.0,/home/ekim339/projects/SD3.5/experiments/style_encoder/results/inputs/0021_42061.png,/home/ekim339/projects/SD3.5/experiments/style_encoder/results/generated/patches/r1c1/0021.png
474,patch,21,42061.png,Multi,lkzp4,2.1044606276187987,3024,0.0,"[1, 2]","[72, 73, 74, 75, 88, 89, 90, 91, 104, 105, 106, 107, 120, 121, 122, 123]",,200063,lkzpz,0.0,0.8,0.2,1.0,1.0,1.0,1.0,0.0,/home/ekim339/projects/SD3.5/experiments/style_encoder/results/inputs/0021_42061.png,/home/ekim339/projects/SD3.5/experiments/style_encoder/results/generated/patches/r1c2/0021.png
475,patch,21,42061.png,Multi,lkzp4,2.1044606276187987,3024,0.0,"[1, 3]","[76, 77, 78, 79, 92, 93, 94, 95, 108, 109, 110, 111, 124, 125, 126, 127]",,200063,lkzpr,0.0,0.8,0.2,1.0,1.0,1.0,1.0,0.0,/home/ekim339/projects/SD3.5/experiments/style_encoder/results/inputs/0021_42061.png,/home/ekim339/projects/SD3.5/experiments/style_encoder/results/generated/patches/r1c3/0021.png
476,patch,21,42061.png,Multi,lkzp4,2.1044606276187987,3024,0.0,"[2, 0]","[128, 129, 130, 131, 144, 145, 146, 147, 160, 161, 162, 163, 176, 177, 178, 179]",,200063,1kzpa,0.0,0.6,0.4,0.0,1.0,1.0,1.0,0.0,/home/ekim339/projects/SD3.5/experiments/style_encoder/results/inputs/0021_42061.png,/home/ekim339/projects/SD3.5/experiments/style_encoder/results/generated/patches/r2c0/0021.png
477,patch,21,42061.png,Multi,lkzp4,2.1044606276187987,3024,0.0,"[2, 1]","[132, 133, 134, 135, 148, 149, 150, 151, 164, 165, 166, 167, 180, 181, 182, 183]",,200063,lkzpz,0.0,0.8,0.2,1.0,1.0,1.0,1.0,0.0,/home/ekim339/projects/SD3.5/experiments/style_encoder/results/inputs/0021_42061.png,/home/ekim339/projects/SD3.5/experiments/style_encoder/results/generated/patches/r2c1/0021.png
478,patch,21,42061.png,Multi,lkzp4,2.1044606276187987,3024,0.0,"[2, 2]","[136, 137, 138, 139, 152, 153, 154, 155, 168, 169, 170, 171, 184, 185, 186, 187]",,200063,lkzpz,0.0,0.8,0.2,1.0,1.0,1.0,1.0,0.0,/home/ekim339/projects/SD3.5/experiments/style_encoder/results/inputs/0021_42061.png,/home/ekim339/projects/SD3.5/experiments/style_encoder/results/generated/patches/r2c2/0021.png
479,patch,21,42061.png,Multi,lkzp4,2.1044606276187987,3024,0.0,"[2, 3]","[140, 141, 142, 143, 156, 157, 158, 159, 172, 173, 174, 175, 188, 189, 190, 191]",,200063,lkzpz,0.0,0.8,0.2,1.0,1.0,1.0,1.0,0.0,/home/ekim339/projects/SD3.5/experiments/style_encoder/results/inputs/0021_42061.png,/home/ekim339/projects/SD3.5/experiments/style_encoder/results/generated/patches/r2c3/0021.png
480,patch,21,42061.png,Multi,lkzp4,2.1044606276187987,3024,0.0,"[3, 0]","[192, 193, 194, 195, 208, 209, 210, 211, 224, 225, 226, 227, 240, 241, 242, 243]",,200063,ikzpan,0.0,0.5,0.6,0.0,1.0,1.0,1.0,0.0,/home/ekim339/projects/SD3.5/experiments/style_encoder/results/inputs/0021_42061.png,/home/ekim339/projects/SD3.5/experiments/style_encoder/results/generated/patches/r3c0/0021.png
481,patch,21,42061.png,Multi,lkzp4,2.1044606276187987,3024,0.0,"[3, 1]","[196, 197, 198, 199, 212, 213, 214, 215, 228, 229, 230, 231, 244, 245, 246, 247]",,200063,lkzpz,0.0,0.8,0.2,1.0,1.0,1.0,1.0,0.0,/home/ekim339/projects/SD3.5/experiments/style_encoder/results/inputs/0021_42061.png,/home/ekim339/projects/SD3.5/experiments/style_encoder/results/generated/patches/r3c1/0021.png
482,patch,21,42061.png,Multi,lkzp4,2.1044606276187987,3024,0.0,"[3, 2]","[200, 201, 202, 203, 216, 217, 218, 219, 232, 233, 234, 235, 248, 249, 250, 251]",,200063,lkzpr,0.0,0.8,0.2,1.0,1.0,1.0,1.0,0.0,/home/ekim339/projects/SD3.5/experiments/style_encoder/results/inputs/0021_42061.png,/home/ekim339/projects/SD3.5/experiments/style_encoder/results/generated/patches/r3c2/0021.png
483,patch,21,42061.png,Multi,lkzp4,2.1044606276187987,3024,0.0,"[3, 3]","[204, 205, 206, 207, 220, 221, 222, 223, 236, 237, 238, 239, 252, 253, 254, 255]",,200063,lkzpz,0.0,0.8,0.2,1.0,1.0,1.0,1.0,0.0,/home/ekim339/projects/SD3.5/experiments/style_encoder/results/inputs/0021_42061.png,/home/ekim339/projects/SD3.5/experiments/style_encoder/results/generated/patches/r3c3/0021.png
484,proportion,22,28364.png,Witty,p3wjx,9.39050488077302,3025,0.0,,[],100262,200064,pswij,0.0,0.4,0.6,1.0,0.0,1.0,0.0,0.0,/home/ekim339/projects/SD3.5/experiments/style_encoder/results/inputs/0022_28364.png,/home/ekim339/projects/SD3.5/experiments/style_encoder/results/generated/proportions/mask-0p0/0022.png
485,proportion,22,28364.png,Witty,p3wjx,9.39050488077302,3025,0.1,,[],100263,200064,pswjx,0.0,0.8,0.2,1.0,0.0,1.0,1.0,1.0,/home/ekim339/projects/SD3.5/experiments/style_encoder/results/inputs/0022_28364.png,/home/ekim339/projects/SD3.5/experiments/style_encoder/results/generated/proportions/mask-0p1/0022.png
486,proportion,22,28364.png,Witty,p3wjx,9.39050488077302,3025,0.3,,[],100265,200064,pswjx,0.0,0.8,0.2,1.0,0.0,1.0,1.0,1.0,/home/ekim339/projects/SD3.5/experiments/style_encoder/results/inputs/0022_28364.png,/home/ekim339/projects/SD3.5/experiments/style_encoder/results/generated/proportions/mask-0p3/0022.png
487,proportion,22,28364.png,Witty,p3wjx,9.39050488077302,3025,0.5,,[],100267,200064,pswjx,0.0,0.8,0.2,1.0,0.0,1.0,1.0,1.0,/home/ekim339/projects/SD3.5/experiments/style_encoder/results/inputs/0022_28364.png,/home/ekim339/projects/SD3.5/experiments/style_encoder/results/generated/proportions/mask-0p5/0022.png
488,proportion,22,28364.png,Witty,p3wjx,9.39050488077302,3025,0.7,,[],100269,200064,pswjx,0.0,0.8,0.2,1.0,0.0,1.0,1.0,1.0,/home/ekim339/projects/SD3.5/experiments/style_encoder/results/inputs/0022_28364.png,/home/ekim339/projects/SD3.5/experiments/style_encoder/results/generated/proportions/mask-0p7/0022.png
489,patch,22,28364.png,Witty,p3wjx,9.39050488077302,3025,0.0,,[],,200064,pswij,0.0,0.4,0.6,1.0,0.0,1.0,0.0,0.0,/home/ekim339/projects/SD3.5/experiments/style_encoder/results/inputs/0022_28364.png,/home/ekim339/projects/SD3.5/experiments/style_encoder/results/generated/patches/none/0022.png
490,patch,22,28364.png,Witty,p3wjx,9.39050488077302,3025,0.0,"[0, 0]","[0, 1, 2, 3, 16, 17, 18, 19, 32, 33, 34, 35, 48, 49, 50, 51]",,200064,pswj,0.0,0.6,0.4,1.0,0.0,1.0,1.0,0.0,/home/ekim339/projects/SD3.5/experiments/style_encoder/results/inputs/0022_28364.png,/home/ekim339/projects/SD3.5/experiments/style_encoder/results/generated/patches/r0c0/0022.png
491,patch,22,28364.png,Witty,p3wjx,9.39050488077302,3025,0.0,"[0, 1]","[4, 5, 6, 7, 20, 21, 22, 23, 36, 37, 38, 39, 52, 53, 54, 55]",,200064,pswj,0.0,0.6,0.4,1.0,0.0,1.0,1.0,0.0,/home/ekim339/projects/SD3.5/experiments/style_encoder/results/inputs/0022_28364.png,/home/ekim339/projects/SD3.5/experiments/style_encoder/results/generated/patches/r0c1/0022.png
492,patch,22,28364.png,Witty,p3wjx,9.39050488077302,3025,0.0,"[0, 2]","[8, 9, 10, 11, 24, 25, 26, 27, 40, 41, 42, 43, 56, 57, 58, 59]",,200064,pswwig,0.0,0.33333333333333337,0.8,1.0,0.0,1.0,0.0,0.0,/home/ekim339/projects/SD3.5/experiments/style_encoder/results/inputs/0022_28364.png,/home/ekim339/projects/SD3.5/experiments/style_encoder/results/generated/patches/r0c2/0022.png
493,patch,22,28364.png,Witty,p3wjx,9.39050488077302,3025,0.0,"[0, 3]","[12, 13, 14, 15, 28, 29, 30, 31, 44, 45, 46, 47, 60, 61, 62, 63]",,200064,pswjx,0.0,0.8,0.2,1.0,0.0,1.0,1.0,1.0,/home/ekim339/projects/SD3.5/experiments/style_encoder/results/inputs/0022_28364.png,/home/ekim339/projects/SD3.5/experiments/style_encoder/results/generated/patches/r0c3/0022.png
494,patch,22,28364.png,Witty,p3wjx,9.39050488077302,3025,0.0,"[1, 0]","[64, 65, 66, 67, 80, 81, 82, 83, 96, 97, 98, 99, 112, 113, 114, 115]",,200064,pswjx,0.0,0.8,0.2,1.0,0.0,1.0,1.0,1.0,/home/ekim339/projects/SD3.5/experiments/style_encoder/results/inputs/0022_28364.png,/home/ekim339/projects/SD3.5/experiments/style_encoder/results/generated/patches/r1c0/0022.png
495,patch,22,28364.png,Witty,p3wjx,9.39050488077302,3025,0.0,"[1, 1]","[68, 69, 70, 71, 84, 85, 86, 87, 100, 101, 102, 103, 116, 117, 118, 119]",,200064,pswjx,0.0,0.8,0.2,1.0,0.0,1.0,1.0,1.0,/home/ekim339/projects/SD3.5/experiments/style_encoder/results/inputs/0022_28364.png,/home/ekim339/projects/SD3.5/experiments/style_encoder/results/generated/patches/r1c1/0022.png
496,patch,22,28364.png,Witty,p3wjx,9.39050488077302,3025,0.0,"[1, 2]","[72, 73, 74, 75, 88, 89, 90, 91, 104, 105, 106, 107, 120, 121, 122, 123]",,200064,psuvig,0.0,0.16666666666666663,1.0,1.0,0.0,0.0,0.0,0.0,/home/ekim339/projects/SD3.5/experiments/style_encoder/results/inputs/0022_28364.png,/home/ekim339/projects/SD3.5/experiments/style_encoder/results/generated/patches/r1c2/0022.png
497,patch,22,28364.png,Witty,p3wjx,9.39050488077302,3025,0.0,"[1, 3]","[76, 77, 78, 79, 92, 93, 94, 95, 108, 109, 110, 111, 124, 125, 126, 127]",,200064,pswjx,0.0,0.8,0.2,1.0,0.0,1.0,1.0,1.0,/home/ekim339/projects/SD3.5/experiments/style_encoder/results/inputs/0022_28364.png,/home/ekim339/projects/SD3.5/experiments/style_encoder/results/generated/patches/r1c3/0022.png
498,patch,22,28364.png,Witty,p3wjx,9.39050488077302,3025,0.0,"[2, 0]","[128, 129, 130, 131, 144, 145, 146, 147, 160, 161, 162, 163, 176, 177, 178, 179]",,200064,pswjx,0.0,0.8,0.2,1.0,0.0,1.0,1.0,1.0,/home/ekim339/projects/SD3.5/experiments/style_encoder/results/inputs/0022_28364.png,/home/ekim339/projects/SD3.5/experiments/style_encoder/results/generated/patches/r2c0/0022.png
499,patch,22,28364.png,Witty,p3wjx,9.39050488077302,3025,0.0,"[2, 1]","[132, 133, 134, 135, 148, 149, 150, 151, 164, 165, 166, 167, 180, 181, 182, 183]",,200064,pswwif,0.0,0.33333333333333337,0.8,1.0,0.0,1.0,0.0,0.0,/home/ekim339/projects/SD3.5/experiments/style_encoder/results/inputs/0022_28364.png,/home/ekim339/projects/SD3.5/experiments/style_encoder/results/generated/patches/r2c1/0022.png
500,patch,22,28364.png,Witty,p3wjx,9.39050488077302,3025,0.0,"[2, 2]","[136, 137, 138, 139, 152, 153, 154, 155, 168, 169, 170, 171, 184, 185, 186, 187]",,200064,pswjx,0.0,0.8,0.2,1.0,0.0,1.0,1.0,1.0,/home/ekim339/projects/SD3.5/experiments/style_encoder/results/inputs/0022_28364.png,/home/ekim339/projects/SD3.5/experiments/style_encoder/results/generated/patches/r2c2/0022.png
501,patch,22,28364.png,Witty,p3wjx,9.39050488077302,3025,0.0,"[2, 3]","[140, 141, 142, 143, 156, 157, 158, 159, 172, 173, 174, 175, 188, 189, 190, 191]",,200064,pswjx,0.0,0.8,0.2,1.0,0.0,1.0,1.0,1.0,/home/ekim339/projects/SD3.5/experiments/style_encoder/results/inputs/0022_28364.png,/home/ekim339/projects/SD3.5/experiments/style_encoder/results/generated/patches/r2c3/0022.png
502,patch,22,28364.png,Witty,p3wjx,9.39050488077302,3025,0.0,"[3, 0]","[192, 193, 194, 195, 208, 209, 210, 211, 224, 225, 226, 227, 240, 241, 242, 243]",,200064,pswjx,0.0,0.8,0.2,1.0,0.0,1.0,1.0,1.0,/home/ekim339/projects/SD3.5/experiments/style_encoder/results/inputs/0022_28364.png,/home/ekim339/projects/SD3.5/experiments/style_encoder/results/generated/patches/r3c0/0022.png
503,patch,22,28364.png,Witty,p3wjx,9.39050488077302,3025,0.0,"[3, 1]","[196, 197, 198, 199, 212, 213, 214, 215, 228, 229, 230, 231, 244, 245, 246, 247]",,200064,pswvig,0.0,0.33333333333333337,0.8,1.0,0.0,1.0,0.0,0.0,/home/ekim339/projects/SD3.5/experiments/style_encoder/results/inputs/0022_28364.png,/home/ekim339/projects/SD3.5/experiments/style_encoder/results/generated/patches/r3c1/0022.png
504,patch,22,28364.png,Witty,p3wjx,9.39050488077302,3025,0.0,"[3, 2]","[200, 201, 202, 203, 216, 217, 218, 219, 232, 233, 234, 235, 248, 249, 250, 251]",,200064,psrnigg,0.0,0.1428571428571429,1.2,1.0,0.0,0.0,0.0,0.0,/home/ekim339/projects/SD3.5/experiments/style_encoder/results/inputs/0022_28364.png,/home/ekim339/projects/SD3.5/experiments/style_encoder/results/generated/patches/r3c2/0022.png
505,patch,22,28364.png,Witty,p3wjx,9.39050488077302,3025,0.0,"[3, 3]","[204, 205, 206, 207, 220, 221, 222, 223, 236, 237, 238, 239, 252, 253, 254, 255]",,200064,pswjx,0.0,0.8,0.2,1.0,0.0,1.0,1.0,1.0,/home/ekim339/projects/SD3.5/experiments/style_encoder/results/inputs/0022_28364.png,/home/ekim339/projects/SD3.5/experiments/style_encoder/results/generated/patches/r3c3/0022.png
506,proportion,23,10648.png,colic,uoamk,10.610012131397497,3026,0.0,,[],100272,200065,uoarnk,0.0,0.6666666666666667,0.4,1.0,1.0,1.0,0.0,0.0,/home/ekim339/projects/SD3.5/experiments/style_encoder/results/inputs/0023_10648.png,/home/ekim339/projects/SD3.5/experiments/style_encoder/results/generated/proportions/mask-0p0/0023.png
507,proportion,23,10648.png,colic,uoamk,10.610012131397497,3026,0.1,,[],100273,200065,uoarnk,0.0,0.6666666666666667,0.4,1.0,1.0,1.0,0.0,0.0,/home/ekim339/projects/SD3.5/experiments/style_encoder/results/inputs/0023_10648.png,/home/ekim339/projects/SD3.5/experiments/style_encoder/results/generated/proportions/mask-0p1/0023.png
508,proportion,23,10648.png,colic,uoamk,10.610012131397497,3026,0.3,,[],100275,200065,uoamk,1.0,1.0,0.0,1.0,1.0,1.0,1.0,1.0,/home/ekim339/projects/SD3.5/experiments/style_encoder/results/inputs/0023_10648.png,/home/ekim339/projects/SD3.5/experiments/style_encoder/results/generated/proportions/mask-0p3/0023.png
509,proportion,23,10648.png,colic,uoamk,10.610012131397497,3026,0.5,,[],100277,200065,uoamk,1.0,1.0,0.0,1.0,1.0,1.0,1.0,1.0,/home/ekim339/projects/SD3.5/experiments/style_encoder/results/inputs/0023_10648.png,/home/ekim339/projects/SD3.5/experiments/style_encoder/results/generated/proportions/mask-0p5/0023.png
510,proportion,23,10648.png,colic,uoamk,10.610012131397497,3026,0.7,,[],100279,200065,uoamk,1.0,1.0,0.0,1.0,1.0,1.0,1.0,1.0,/home/ekim339/projects/SD3.5/experiments/style_encoder/results/inputs/0023_10648.png,/home/ekim339/projects/SD3.5/experiments/style_encoder/results/generated/proportions/mask-0p7/0023.png
511,patch,23,10648.png,colic,uoamk,10.610012131397497,3026,0.0,,[],,200065,uoarnk,0.0,0.6666666666666667,0.4,1.0,1.0,1.0,0.0,0.0,/home/ekim339/projects/SD3.5/experiments/style_encoder/results/inputs/0023_10648.png,/home/ekim339/projects/SD3.5/experiments/style_encoder/results/generated/patches/none/0023.png
512,patch,23,10648.png,colic,uoamk,10.610012131397497,3026,0.0,"[0, 0]","[0, 1, 2, 3, 16, 17, 18, 19, 32, 33, 34, 35, 48, 49, 50, 51]",,200065,uoarnk,0.0,0.6666666666666667,0.4,1.0,1.0,1.0,0.0,0.0,/home/ekim339/projects/SD3.5/experiments/style_encoder/results/inputs/0023_10648.png,/home/ekim339/projects/SD3.5/experiments/style_encoder/results/generated/patches/r0c0/0023.png
513,patch,23,10648.png,colic,uoamk,10.610012131397497,3026,0.0,"[0, 1]","[4, 5, 6, 7, 20, 21, 22, 23, 36, 37, 38, 39, 52, 53, 54, 55]",,200065,uoaikk,0.0,0.6666666666666667,0.4,1.0,1.0,1.0,0.0,1.0,/home/ekim339/projects/SD3.5/experiments/style_encoder/results/inputs/0023_10648.png,/home/ekim339/projects/SD3.5/experiments/style_encoder/results/generated/patches/r0c1/0023.png
514,patch,23,10648.png,colic,uoamk,10.610012131397497,3026,0.0,"[0, 2]","[8, 9, 10, 11, 24, 25, 26, 27, 40, 41, 42, 43, 56, 57, 58, 59]",,200065,uoarnk,0.0,0.6666666666666667,0.4,1.0,1.0,1.0,0.0,0.0,/home/ekim339/projects/SD3.5/experiments/style_encoder/results/inputs/0023_10648.png,/home/ekim339/projects/SD3.5/experiments/style_encoder/results/generated/patches/r0c2/0023.png
515,patch,23,10648.png,colic,uoamk,10.610012131397497,3026,0.0,"[0, 3]","[12, 13, 14, 15, 28, 29, 30, 31, 44, 45, 46, 47, 60, 61, 62, 63]",,200065,uoamk,1.0,1.0,0.0,1.0,1.0,1.0,1.0,1.0,/home/ekim339/projects/SD3.5/experiments/style_encoder/results/inputs/0023_10648.png,/home/ekim339/projects/SD3.5/experiments/style_encoder/results/generated/patches/r0c3/0023.png
516,patch,23,10648.png,colic,uoamk,10.610012131397497,3026,0.0,"[1, 0]","[64, 65, 66, 67, 80, 81, 82, 83, 96, 97, 98, 99, 112, 113, 114, 115]",,200065,uoamk,1.0,1.0,0.0,1.0,1.0,1.0,1.0,1.0,/home/ekim339/projects/SD3.5/experiments/style_encoder/results/inputs/0023_10648.png,/home/ekim339/projects/SD3.5/experiments/style_encoder/results/generated/patches/r1c0/0023.png
517,patch,23,10648.png,colic,uoamk,10.610012131397497,3026,0.0,"[1, 1]","[68, 69, 70, 71, 84, 85, 86, 87, 100, 101, 102, 103, 116, 117, 118, 119]",,200065,uoamk,1.0,1.0,0.0,1.0,1.0,1.0,1.0,1.0,/home/ekim339/projects/SD3.5/experiments/style_encoder/results/inputs/0023_10648.png,/home/ekim339/projects/SD3.5/experiments/style_encoder/results/generated/patches/r1c1/0023.png
518,patch,23,10648.png,colic,uoamk,10.610012131397497,3026,0.0,"[1, 2]","[72, 73, 74, 75, 88, 89, 90, 91, 104, 105, 106, 107, 120, 121, 122, 123]",,200065,uoamk,1.0,1.0,0.0,1.0,1.0,1.0,1.0,1.0,/home/ekim339/projects/SD3.5/experiments/style_encoder/results/inputs/0023_10648.png,/home/ekim339/projects/SD3.5/experiments/style_encoder/results/generated/patches/r1c2/0023.png
519,patch,23,10648.png,colic,uoamk,10.610012131397497,3026,0.0,"[1, 3]","[76, 77, 78, 79, 92, 93, 94, 95, 108, 109, 110, 111, 124, 125, 126, 127]",,200065,uoamk,1.0,1.0,0.0,1.0,1.0,1.0,1.0,1.0,/home/ekim339/projects/SD3.5/experiments/style_encoder/results/inputs/0023_10648.png,/home/ekim339/projects/SD3.5/experiments/style_encoder/results/generated/patches/r1c3/0023.png
520,patch,23,10648.png,colic,uoamk,10.610012131397497,3026,0.0,"[2, 0]","[128, 129, 130, 131, 144, 145, 146, 147, 160, 161, 162, 163, 176, 177, 178, 179]",,200065,uoamk,1.0,1.0,0.0,1.0,1.0,1.0,1.0,1.0,/home/ekim339/projects/SD3.5/experiments/style_encoder/results/inputs/0023_10648.png,/home/ekim339/projects/SD3.5/experiments/style_encoder/results/generated/patches/r2c0/0023.png
521,patch,23,10648.png,colic,uoamk,10.610012131397497,3026,0.0,"[2, 1]","[132, 133, 134, 135, 148, 149, 150, 151, 164, 165, 166, 167, 180, 181, 182, 183]",,200065,uoamk,1.0,1.0,0.0,1.0,1.0,1.0,1.0,1.0,/home/ekim339/projects/SD3.5/experiments/style_encoder/results/inputs/0023_10648.png,/home/ekim339/projects/SD3.5/experiments/style_encoder/results/generated/patches/r2c1/0023.png
522,patch,23,10648.png,colic,uoamk,10.610012131397497,3026,0.0,"[2, 2]","[136, 137, 138, 139, 152, 153, 154, 155, 168, 169, 170, 171, 184, 185, 186, 187]",,200065,uoamk,1.0,1.0,0.0,1.0,1.0,1.0,1.0,1.0,/home/ekim339/projects/SD3.5/experiments/style_encoder/results/inputs/0023_10648.png,/home/ekim339/projects/SD3.5/experiments/style_encoder/results/generated/patches/r2c2/0023.png
523,patch,23,10648.png,colic,uoamk,10.610012131397497,3026,0.0,"[2, 3]","[140, 141, 142, 143, 156, 157, 158, 159, 172, 173, 174, 175, 188, 189, 190, 191]",,200065,uoamk,1.0,1.0,0.0,1.0,1.0,1.0,1.0,1.0,/home/ekim339/projects/SD3.5/experiments/style_encoder/results/inputs/0023_10648.png,/home/ekim339/projects/SD3.5/experiments/style_encoder/results/generated/patches/r2c3/0023.png
524,patch,23,10648.png,colic,uoamk,10.610012131397497,3026,0.0,"[3, 0]","[192, 193, 194, 195, 208, 209, 210, 211, 224, 225, 226, 227, 240, 241, 242, 243]",,200065,uoamk,1.0,1.0,0.0,1.0,1.0,1.0,1.0,1.0,/home/ekim339/projects/SD3.5/experiments/style_encoder/results/inputs/0023_10648.png,/home/ekim339/projects/SD3.5/experiments/style_encoder/results/generated/patches/r3c0/0023.png
525,patch,23,10648.png,colic,uoamk,10.610012131397497,3026,0.0,"[3, 1]","[196, 197, 198, 199, 212, 213, 214, 215, 228, 229, 230, 231, 244, 245, 246, 247]",,200065,uoarnk,0.0,0.6666666666666667,0.4,1.0,1.0,1.0,0.0,0.0,/home/ekim339/projects/SD3.5/experiments/style_encoder/results/inputs/0023_10648.png,/home/ekim339/projects/SD3.5/experiments/style_encoder/results/generated/patches/r3c1/0023.png
526,patch,23,10648.png,colic,uoamk,10.610012131397497,3026,0.0,"[3, 2]","[200, 201, 202, 203, 216, 217, 218, 219, 232, 233, 234, 235, 248, 249, 250, 251]",,200065,uoamk,1.0,1.0,0.0,1.0,1.0,1.0,1.0,1.0,/home/ekim339/projects/SD3.5/experiments/style_encoder/results/inputs/0023_10648.png,/home/ekim339/projects/SD3.5/experiments/style_encoder/results/generated/patches/r3c2/0023.png
527,patch,23,10648.png,colic,uoamk,10.610012131397497,3026,0.0,"[3, 3]","[204, 205, 206, 207, 220, 221, 222, 223, 236, 237, 238, 239, 252, 253, 254, 255]",,200065,uoamk,1.0,1.0,0.0,1.0,1.0,1.0,1.0,1.0,/home/ekim339/projects/SD3.5/experiments/style_encoder/results/inputs/0023_10648.png,/home/ekim339/projects/SD3.5/experiments/style_encoder/results/generated/patches/r3c3/0023.png
528,proportion,24,41038.png,Idyll,kwawy,2.4501891971464476,3027,0.0,,[],100282,200066,kwawy,1.0,1.0,0.0,1.0,1.0,1.0,1.0,1.0,/home/ekim339/projects/SD3.5/experiments/style_encoder/results/inputs/0024_41038.png,/home/ekim339/projects/SD3.5/experiments/style_encoder/results/generated/proportions/mask-0p0/0024.png
529,proportion,24,41038.png,Idyll,kwawy,2.4501891971464476,3027,0.1,,[],100283,200066,kwawy,1.0,1.0,0.0,1.0,1.0,1.0,1.0,1.0,/home/ekim339/projects/SD3.5/experiments/style_encoder/results/inputs/0024_41038.png,/home/ekim339/projects/SD3.5/experiments/style_encoder/results/generated/proportions/mask-0p1/0024.png
530,proportion,24,41038.png,Idyll,kwawy,2.4501891971464476,3027,0.3,,[],100285,200066,kwawy,1.0,1.0,0.0,1.0,1.0,1.0,1.0,1.0,/home/ekim339/projects/SD3.5/experiments/style_encoder/results/inputs/0024_41038.png,/home/ekim339/projects/SD3.5/experiments/style_encoder/results/generated/proportions/mask-0p3/0024.png
531,proportion,24,41038.png,Idyll,kwawy,2.4501891971464476,3027,0.5,,[],100287,200066,kwawy,1.0,1.0,0.0,1.0,1.0,1.0,1.0,1.0,/home/ekim339/projects/SD3.5/experiments/style_encoder/results/inputs/0024_41038.png,/home/ekim339/projects/SD3.5/experiments/style_encoder/results/generated/proportions/mask-0p5/0024.png
532,proportion,24,41038.png,Idyll,kwawy,2.4501891971464476,3027,0.7,,[],100289,200066,kwawy,1.0,1.0,0.0,1.0,1.0,1.0,1.0,1.0,/home/ekim339/projects/SD3.5/experiments/style_encoder/results/inputs/0024_41038.png,/home/ekim339/projects/SD3.5/experiments/style_encoder/results/generated/proportions/mask-0p7/0024.png
533,patch,24,41038.png,Idyll,kwawy,2.4501891971464476,3027,0.0,,[],,200066,kwawy,1.0,1.0,0.0,1.0,1.0,1.0,1.0,1.0,/home/ekim339/projects/SD3.5/experiments/style_encoder/results/inputs/0024_41038.png,/home/ekim339/projects/SD3.5/experiments/style_encoder/results/generated/patches/none/0024.png
534,patch,24,41038.png,Idyll,kwawy,2.4501891971464476,3027,0.0,"[0, 0]","[0, 1, 2, 3, 16, 17, 18, 19, 32, 33, 34, 35, 48, 49, 50, 51]",,200066,kwawy,1.0,1.0,0.0,1.0,1.0,1.0,1.0,1.0,/home/ekim339/projects/SD3.5/experiments/style_encoder/results/inputs/0024_41038.png,/home/ekim339/projects/SD3.5/experiments/style_encoder/results/generated/patches/r0c0/0024.png
535,patch,24,41038.png,Idyll,kwawy,2.4501891971464476,3027,0.0,"[0, 1]","[4, 5, 6, 7, 20, 21, 22, 23, 36, 37, 38, 39, 52, 53, 54, 55]",,200066,kwawy,1.0,1.0,0.0,1.0,1.0,1.0,1.0,1.0,/home/ekim339/projects/SD3.5/experiments/style_encoder/results/inputs/0024_41038.png,/home/ekim339/projects/SD3.5/experiments/style_encoder/results/generated/patches/r0c1/0024.png
536,patch,24,41038.png,Idyll,kwawy,2.4501891971464476,3027,0.0,"[0, 2]","[8, 9, 10, 11, 24, 25, 26, 27, 40, 41, 42, 43, 56, 57, 58, 59]",,200066,kwawy,1.0,1.0,0.0,1.0,1.0,1.0,1.0,1.0,/home/ekim339/projects/SD3.5/experiments/style_encoder/results/inputs/0024_41038.png,/home/ekim339/projects/SD3.5/experiments/style_encoder/results/generated/patches/r0c2/0024.png
537,patch,24,41038.png,Idyll,kwawy,2.4501891971464476,3027,0.0,"[0, 3]","[12, 13, 14, 15, 28, 29, 30, 31, 44, 45, 46, 47, 60, 61, 62, 63]",,200066,kwawy,1.0,1.0,0.0,1.0,1.0,1.0,1.0,1.0,/home/ekim339/projects/SD3.5/experiments/style_encoder/results/inputs/0024_41038.png,/home/ekim339/projects/SD3.5/experiments/style_encoder/results/generated/patches/r0c3/0024.png
538,patch,24,41038.png,Idyll,kwawy,2.4501891971464476,3027,0.0,"[1, 0]","[64, 65, 66, 67, 80, 81, 82, 83, 96, 97, 98, 99, 112, 113, 114, 115]",,200066,kwawy,1.0,1.0,0.0,1.0,1.0,1.0,1.0,1.0,/home/ekim339/projects/SD3.5/experiments/style_encoder/results/inputs/0024_41038.png,/home/ekim339/projects/SD3.5/experiments/style_encoder/results/generated/patches/r1c0/0024.png
539,patch,24,41038.png,Idyll,kwawy,2.4501891971464476,3027,0.0,"[1, 1]","[68, 69, 70, 71, 84, 85, 86, 87, 100, 101, 102, 103, 116, 117, 118, 119]",,200066,kwawy,1.0,1.0,0.0,1.0,1.0,1.0,1.0,1.0,/home/ekim339/projects/SD3.5/experiments/style_encoder/results/inputs/0024_41038.png,/home/ekim339/projects/SD3.5/experiments/style_encoder/results/generated/patches/r1c1/0024.png
540,patch,24,41038.png,Idyll,kwawy,2.4501891971464476,3027,0.0,"[1, 2]","[72, 73, 74, 75, 88, 89, 90, 91, 104, 105, 106, 107, 120, 121, 122, 123]",,200066,kwawy,1.0,1.0,0.0,1.0,1.0,1.0,1.0,1.0,/home/ekim339/projects/SD3.5/experiments/style_encoder/results/inputs/0024_41038.png,/home/ekim339/projects/SD3.5/experiments/style_encoder/results/generated/patches/r1c2/0024.png
541,patch,24,41038.png,Idyll,kwawy,2.4501891971464476,3027,0.0,"[1, 3]","[76, 77, 78, 79, 92, 93, 94, 95, 108, 109, 110, 111, 124, 125, 126, 127]",,200066,kwawy,1.0,1.0,0.0,1.0,1.0,1.0,1.0,1.0,/home/ekim339/projects/SD3.5/experiments/style_encoder/results/inputs/0024_41038.png,/home/ekim339/projects/SD3.5/experiments/style_encoder/results/generated/patches/r1c3/0024.png
542,patch,24,41038.png,Idyll,kwawy,2.4501891971464476,3027,0.0,"[2, 0]","[128, 129, 130, 131, 144, 145, 146, 147, 160, 161, 162, 163, 176, 177, 178, 179]",,200066,kwawy,1.0,1.0,0.0,1.0,1.0,1.0,1.0,1.0,/home/ekim339/projects/SD3.5/experiments/style_encoder/results/inputs/0024_41038.png,/home/ekim339/projects/SD3.5/experiments/style_encoder/results/generated/patches/r2c0/0024.png
543,patch,24,41038.png,Idyll,kwawy,2.4501891971464476,3027,0.0,"[2, 1]","[132, 133, 134, 135, 148, 149, 150, 151, 164, 165, 166, 167, 180, 181, 182, 183]",,200066,kwawy,1.0,1.0,0.0,1.0,1.0,1.0,1.0,1.0,/home/ekim339/projects/SD3.5/experiments/style_encoder/results/inputs/0024_41038.png,/home/ekim339/projects/SD3.5/experiments/style_encoder/results/generated/patches/r2c1/0024.png
544,patch,24,41038.png,Idyll,kwawy,2.4501891971464476,3027,0.0,"[2, 2]","[136, 137, 138, 139, 152, 153, 154, 155, 168, 169, 170, 171, 184, 185, 186, 187]",,200066,kwawy,1.0,1.0,0.0,1.0,1.0,1.0,1.0,1.0,/home/ekim339/projects/SD3.5/experiments/style_encoder/results/inputs/0024_41038.png,/home/ekim339/projects/SD3.5/experiments/style_encoder/results/generated/patches/r2c2/0024.png
545,patch,24,41038.png,Idyll,kwawy,2.4501891971464476,3027,0.0,"[2, 3]","[140, 141, 142, 143, 156, 157, 158, 159, 172, 173, 174, 175, 188, 189, 190, 191]",,200066,kwawy,1.0,1.0,0.0,1.0,1.0,1.0,1.0,1.0,/home/ekim339/projects/SD3.5/experiments/style_encoder/results/inputs/0024_41038.png,/home/ekim339/projects/SD3.5/experiments/style_encoder/results/generated/patches/r2c3/0024.png
546,patch,24,41038.png,Idyll,kwawy,2.4501891971464476,3027,0.0,"[3, 0]","[192, 193, 194, 195, 208, 209, 210, 211, 224, 225, 226, 227, 240, 241, 242, 243]",,200066,kwawy,1.0,1.0,0.0,1.0,1.0,1.0,1.0,1.0,/home/ekim339/projects/SD3.5/experiments/style_encoder/results/inputs/0024_41038.png,/home/ekim339/projects/SD3.5/experiments/style_encoder/results/generated/patches/r3c0/0024.png
547,patch,24,41038.png,Idyll,kwawy,2.4501891971464476,3027,0.0,"[3, 1]","[196, 197, 198, 199, 212, 213, 214, 215, 228, 229, 230, 231, 244, 245, 246, 247]",,200066,kwawy,1.0,1.0,0.0,1.0,1.0,1.0,1.0,1.0,/home/ekim339/projects/SD3.5/experiments/style_encoder/results/inputs/0024_41038.png,/home/ekim339/projects/SD3.5/experiments/style_encoder/results/generated/patches/r3c1/0024.png
548,patch,24,41038.png,Idyll,kwawy,2.4501891971464476,3027,0.0,"[3, 2]","[200, 201, 202, 203, 216, 217, 218, 219, 232, 233, 234, 235, 248, 249, 250, 251]",,200066,kwawy,1.0,1.0,0.0,1.0,1.0,1.0,1.0,1.0,/home/ekim339/projects/SD3.5/experiments/style_encoder/results/inputs/0024_41038.png,/home/ekim339/projects/SD3.5/experiments/style_encoder/results/generated/patches/r3c2/0024.png
549,patch,24,41038.png,Idyll,kwawy,2.4501891971464476,3027,0.0,"[3, 3]","[204, 205, 206, 207, 220, 221, 222, 223, 236, 237, 238, 239, 252, 253, 254, 255]",,200066,kwawy,1.0,1.0,0.0,1.0,1.0,1.0,1.0,1.0,/home/ekim339/projects/SD3.5/experiments/style_encoder/results/inputs/0024_41038.png,/home/ekim339/projects/SD3.5/experiments/style_encoder/results/generated/patches/r3c3/0024.png
550,proportion,25,43007.png,mains,5lxy9,10.051074535682353,3028,0.0,,[],100292,200067,sixyo,0.0,0.4,0.6,0.0,0.0,1.0,1.0,0.0,/home/ekim339/projects/SD3.5/experiments/style_encoder/results/inputs/0025_43007.png,/home/ekim339/projects/SD3.5/experiments/style_encoder/results/generated/proportions/mask-0p0/0025.png
551,proportion,25,43007.png,mains,5lxy9,10.051074535682353,3028,0.1,,[],100293,200067,sixyo,0.0,0.4,0.6,0.0,0.0,1.0,1.0,0.0,/home/ekim339/projects/SD3.5/experiments/style_encoder/results/inputs/0025_43007.png,/home/ekim339/projects/SD3.5/experiments/style_encoder/results/generated/proportions/mask-0p1/0025.png
552,proportion,25,43007.png,mains,5lxy9,10.051074535682353,3028,0.3,,[],100295,200067,sixye,0.0,0.4,0.6,0.0,0.0,1.0,1.0,0.0,/home/ekim339/projects/SD3.5/experiments/style_encoder/results/inputs/0025_43007.png,/home/ekim339/projects/SD3.5/experiments/style_encoder/results/generated/proportions/mask-0p3/0025.png
553,proportion,25,43007.png,mains,5lxy9,10.051074535682353,3028,0.5,,[],100297,200067,slxyg,0.0,0.6,0.4,0.0,1.0,1.0,1.0,0.0,/home/ekim339/projects/SD3.5/experiments/style_encoder/results/inputs/0025_43007.png,/home/ekim339/projects/SD3.5/experiments/style_encoder/results/generated/proportions/mask-0p5/0025.png
554,proportion,25,43007.png,mains,5lxy9,10.051074535682353,3028,0.7,,[],100299,200067,slxy9,0.0,0.8,0.2,0.0,1.0,1.0,1.0,1.0,/home/ekim339/projects/SD3.5/experiments/style_encoder/results/inputs/0025_43007.png,/home/ekim339/projects/SD3.5/experiments/style_encoder/results/generated/proportions/mask-0p7/0025.png
555,patch,25,43007.png,mains,5lxy9,10.051074535682353,3028,0.0,,[],,200067,sixyo,0.0,0.4,0.6,0.0,0.0,1.0,1.0,0.0,/home/ekim339/projects/SD3.5/experiments/style_encoder/results/inputs/0025_43007.png,/home/ekim339/projects/SD3.5/experiments/style_encoder/results/generated/patches/none/0025.png
556,patch,25,43007.png,mains,5lxy9,10.051074535682353,3028,0.0,"[0, 0]","[0, 1, 2, 3, 16, 17, 18, 19, 32, 33, 34, 35, 48, 49, 50, 51]",,200067,sixyo,0.0,0.4,0.6,0.0,0.0,1.0,1.0,0.0,/home/ekim339/projects/SD3.5/experiments/style_encoder/results/inputs/0025_43007.png,/home/ekim339/projects/SD3.5/experiments/style_encoder/results/generated/patches/r0c0/0025.png
557,patch,25,43007.png,mains,5lxy9,10.051074535682353,3028,0.0,"[0, 1]","[4, 5, 6, 7, 20, 21, 22, 23, 36, 37, 38, 39, 52, 53, 54, 55]",,200067,sixyo,0.0,0.4,0.6,0.0,0.0,1.0,1.0,0.0,/home/ekim339/projects/SD3.5/experiments/style_encoder/results/inputs/0025_43007.png,/home/ekim339/projects/SD3.5/experiments/style_encoder/results/generated/patches/r0c1/0025.png
558,patch,25,43007.png,mains,5lxy9,10.051074535682353,3028,0.0,"[0, 2]","[8, 9, 10, 11, 24, 25, 26, 27, 40, 41, 42, 43, 56, 57, 58, 59]",,200067,sixyo,0.0,0.4,0.6,0.0,0.0,1.0,1.0,0.0,/home/ekim339/projects/SD3.5/experiments/style_encoder/results/inputs/0025_43007.png,/home/ekim339/projects/SD3.5/experiments/style_encoder/results/generated/patches/r0c2/0025.png
559,patch,25,43007.png,mains,5lxy9,10.051074535682353,3028,0.0,"[0, 3]","[12, 13, 14, 15, 28, 29, 30, 31, 44, 45, 46, 47, 60, 61, 62, 63]",,200067,sixyo,0.0,0.4,0.6,0.0,0.0,1.0,1.0,0.0,/home/ekim339/projects/SD3.5/experiments/style_encoder/results/inputs/0025_43007.png,/home/ekim339/projects/SD3.5/experiments/style_encoder/results/generated/patches/r0c3/0025.png
560,patch,25,43007.png,mains,5lxy9,10.051074535682353,3028,0.0,"[1, 0]","[64, 65, 66, 67, 80, 81, 82, 83, 96, 97, 98, 99, 112, 113, 114, 115]",,200067,sixyo,0.0,0.4,0.6,0.0,0.0,1.0,1.0,0.0,/home/ekim339/projects/SD3.5/experiments/style_encoder/results/inputs/0025_43007.png,/home/ekim339/projects/SD3.5/experiments/style_encoder/results/generated/patches/r1c0/0025.png
561,patch,25,43007.png,mains,5lxy9,10.051074535682353,3028,0.0,"[1, 1]","[68, 69, 70, 71, 84, 85, 86, 87, 100, 101, 102, 103, 116, 117, 118, 119]",,200067,sixyo,0.0,0.4,0.6,0.0,0.0,1.0,1.0,0.0,/home/ekim339/projects/SD3.5/experiments/style_encoder/results/inputs/0025_43007.png,/home/ekim339/projects/SD3.5/experiments/style_encoder/results/generated/patches/r1c1/0025.png
562,patch,25,43007.png,mains,5lxy9,10.051074535682353,3028,0.0,"[1, 2]","[72, 73, 74, 75, 88, 89, 90, 91, 104, 105, 106, 107, 120, 121, 122, 123]",,200067,sixyo,0.0,0.4,0.6,0.0,0.0,1.0,1.0,0.0,/home/ekim339/projects/SD3.5/experiments/style_encoder/results/inputs/0025_43007.png,/home/ekim339/projects/SD3.5/experiments/style_encoder/results/generated/patches/r1c2/0025.png
563,patch,25,43007.png,mains,5lxy9,10.051074535682353,3028,0.0,"[1, 3]","[76, 77, 78, 79, 92, 93, 94, 95, 108, 109, 110, 111, 124, 125, 126, 127]",,200067,sixyo,0.0,0.4,0.6,0.0,0.0,1.0,1.0,0.0,/home/ekim339/projects/SD3.5/experiments/style_encoder/results/inputs/0025_43007.png,/home/ekim339/projects/SD3.5/experiments/style_encoder/results/generated/patches/r1c3/0025.png
564,patch,25,43007.png,mains,5lxy9,10.051074535682353,3028,0.0,"[2, 0]","[128, 129, 130, 131, 144, 145, 146, 147, 160, 161, 162, 163, 176, 177, 178, 179]",,200067,sixyo,0.0,0.4,0.6,0.0,0.0,1.0,1.0,0.0,/home/ekim339/projects/SD3.5/experiments/style_encoder/results/inputs/0025_43007.png,/home/ekim339/projects/SD3.5/experiments/style_encoder/results/generated/patches/r2c0/0025.png
565,patch,25,43007.png,mains,5lxy9,10.051074535682353,3028,0.0,"[2, 1]","[132, 133, 134, 135, 148, 149, 150, 151, 164, 165, 166, 167, 180, 181, 182, 183]",,200067,sixyo,0.0,0.4,0.6,0.0,0.0,1.0,1.0,0.0,/home/ekim339/projects/SD3.5/experiments/style_encoder/results/inputs/0025_43007.png,/home/ekim339/projects/SD3.5/experiments/style_encoder/results/generated/patches/r2c1/0025.png
566,patch,25,43007.png,mains,5lxy9,10.051074535682353,3028,0.0,"[2, 2]","[136, 137, 138, 139, 152, 153, 154, 155, 168, 169, 170, 171, 184, 185, 186, 187]",,200067,sixyo,0.0,0.4,0.6,0.0,0.0,1.0,1.0,0.0,/home/ekim339/projects/SD3.5/experiments/style_encoder/results/inputs/0025_43007.png,/home/ekim339/projects/SD3.5/experiments/style_encoder/results/generated/patches/r2c2/0025.png
567,patch,25,43007.png,mains,5lxy9,10.051074535682353,3028,0.0,"[2, 3]","[140, 141, 142, 143, 156, 157, 158, 159, 172, 173, 174, 175, 188, 189, 190, 191]",,200067,sixyo,0.0,0.4,0.6,0.0,0.0,1.0,1.0,0.0,/home/ekim339/projects/SD3.5/experiments/style_encoder/results/inputs/0025_43007.png,/home/ekim339/projects/SD3.5/experiments/style_encoder/results/generated/patches/r2c3/0025.png
568,patch,25,43007.png,mains,5lxy9,10.051074535682353,3028,0.0,"[3, 0]","[192, 193, 194, 195, 208, 209, 210, 211, 224, 225, 226, 227, 240, 241, 242, 243]",,200067,sixyo,0.0,0.4,0.6,0.0,0.0,1.0,1.0,0.0,/home/ekim339/projects/SD3.5/experiments/style_encoder/results/inputs/0025_43007.png,/home/ekim339/projects/SD3.5/experiments/style_encoder/results/generated/patches/r3c0/0025.png
569,patch,25,43007.png,mains,5lxy9,10.051074535682353,3028,0.0,"[3, 1]","[196, 197, 198, 199, 212, 213, 214, 215, 228, 229, 230, 231, 244, 245, 246, 247]",,200067,sixyo,0.0,0.4,0.6,0.0,0.0,1.0,1.0,0.0,/home/ekim339/projects/SD3.5/experiments/style_encoder/results/inputs/0025_43007.png,/home/ekim339/projects/SD3.5/experiments/style_encoder/results/generated/patches/r3c1/0025.png
570,patch,25,43007.png,mains,5lxy9,10.051074535682353,3028,0.0,"[3, 2]","[200, 201, 202, 203, 216, 217, 218, 219, 232, 233, 234, 235, 248, 249, 250, 251]",,200067,sixyo,0.0,0.4,0.6,0.0,0.0,1.0,1.0,0.0,/home/ekim339/projects/SD3.5/experiments/style_encoder/results/inputs/0025_43007.png,/home/ekim339/projects/SD3.5/experiments/style_encoder/results/generated/patches/r3c2/0025.png
571,patch,25,43007.png,mains,5lxy9,10.051074535682353,3028,0.0,"[3, 3]","[204, 205, 206, 207, 220, 221, 222, 223, 236, 237, 238, 239, 252, 253, 254, 255]",,200067,sixyo,0.0,0.4,0.6,0.0,0.0,1.0,1.0,0.0,/home/ekim339/projects/SD3.5/experiments/style_encoder/results/inputs/0025_43007.png,/home/ekim339/projects/SD3.5/experiments/style_encoder/results/generated/patches/r3c3/0025.png
572,proportion,26,03125.png,thing,jec5u,11.3833408119417,3029,0.0,,[],100302,200068,jecjiu,0.0,0.6666666666666667,0.4,1.0,1.0,1.0,0.0,0.0,/home/ekim339/projects/SD3.5/experiments/style_encoder/results/inputs/0026_03125.png,/home/ekim339/projects/SD3.5/experiments/style_encoder/results/generated/proportions/mask-0p0/0026.png
573,proportion,26,03125.png,thing,jec5u,11.3833408119417,3029,0.1,,[],100303,200068,jecju,0.0,0.8,0.2,1.0,1.0,1.0,0.0,1.0,/home/ekim339/projects/SD3.5/experiments/style_encoder/results/inputs/0026_03125.png,/home/ekim339/projects/SD3.5/experiments/style_encoder/results/generated/proportions/mask-0p1/0026.png
574,proportion,26,03125.png,thing,jec5u,11.3833408119417,3029,0.3,,[],100305,200068,jecju,0.0,0.8,0.2,1.0,1.0,1.0,0.0,1.0,/home/ekim339/projects/SD3.5/experiments/style_encoder/results/inputs/0026_03125.png,/home/ekim339/projects/SD3.5/experiments/style_encoder/results/generated/proportions/mask-0p3/0026.png
575,proportion,26,03125.png,thing,jec5u,11.3833408119417,3029,0.5,,[],100307,200068,jecque,0.0,0.6666666666666667,0.4,1.0,1.0,1.0,0.0,1.0,/home/ekim339/projects/SD3.5/experiments/style_encoder/results/inputs/0026_03125.png,/home/ekim339/projects/SD3.5/experiments/style_encoder/results/generated/proportions/mask-0p5/0026.png
576,proportion,26,03125.png,thing,jec5u,11.3833408119417,3029,0.7,,[],100309,200068,jecju,0.0,0.8,0.2,1.0,1.0,1.0,0.0,1.0,/home/ekim339/projects/SD3.5/experiments/style_encoder/results/inputs/0026_03125.png,/home/ekim339/projects/SD3.5/experiments/style_encoder/results/generated/proportions/mask-0p7/0026.png
577,patch,26,03125.png,thing,jec5u,11.3833408119417,3029,0.0,,[],,200068,jecjiu,0.0,0.6666666666666667,0.4,1.0,1.0,1.0,0.0,0.0,/home/ekim339/projects/SD3.5/experiments/style_encoder/results/inputs/0026_03125.png,/home/ekim339/projects/SD3.5/experiments/style_encoder/results/generated/patches/none/0026.png
578,patch,26,03125.png,thing,jec5u,11.3833408119417,3029,0.0,"[0, 0]","[0, 1, 2, 3, 16, 17, 18, 19, 32, 33, 34, 35, 48, 49, 50, 51]",,200068,jecru,0.0,0.8,0.2,1.0,1.0,1.0,0.0,1.0,/home/ekim339/projects/SD3.5/experiments/style_encoder/results/inputs/0026_03125.png,/home/ekim339/projects/SD3.5/experiments/style_encoder/results/generated/patches/r0c0/0026.png
579,patch,26,03125.png,thing,jec5u,11.3833408119417,3029,0.0,"[0, 1]","[4, 5, 6, 7, 20, 21, 22, 23, 36, 37, 38, 39, 52, 53, 54, 55]",,200068,jecuu,0.0,0.8,0.2,1.0,1.0,1.0,0.0,1.0,/home/ekim339/projects/SD3.5/experiments/style_encoder/results/inputs/0026_03125.png,/home/ekim339/projects/SD3.5/experiments/style_encoder/results/generated/patches/r0c1/0026.png
580,patch,26,03125.png,thing,jec5u,11.3833408119417,3029,0.0,"[0, 2]","[8, 9, 10, 11, 24, 25, 26, 27, 40, 41, 42, 43, 56, 57, 58, 59]",,200068,jecru,0.0,0.8,0.2,1.0,1.0,1.0,0.0,1.0,/home/ekim339/projects/SD3.5/experiments/style_encoder/results/inputs/0026_03125.png,/home/ekim339/projects/SD3.5/experiments/style_encoder/results/generated/patches/r0c2/0026.png
581,patch,26,03125.png,thing,jec5u,11.3833408119417,3029,0.0,"[0, 3]","[12, 13, 14, 15, 28, 29, 30, 31, 44, 45, 46, 47, 60, 61, 62, 63]",,200068,jecuu,0.0,0.8,0.2,1.0,1.0,1.0,0.0,1.0,/home/ekim339/projects/SD3.5/experiments/style_encoder/results/inputs/0026_03125.png,/home/ekim339/projects/SD3.5/experiments/style_encoder/results/generated/patches/r0c3/0026.png
582,patch,26,03125.png,thing,jec5u,11.3833408119417,3029,0.0,"[1, 0]","[64, 65, 66, 67, 80, 81, 82, 83, 96, 97, 98, 99, 112, 113, 114, 115]",,200068,jeccu,0.0,0.8,0.2,1.0,1.0,1.0,0.0,1.0,/home/ekim339/projects/SD3.5/experiments/style_encoder/results/inputs/0026_03125.png,/home/ekim339/projects/SD3.5/experiments/style_encoder/results/generated/patches/r1c0/0026.png
583,patch,26,03125.png,thing,jec5u,11.3833408119417,3029,0.0,"[1, 1]","[68, 69, 70, 71, 84, 85, 86, 87, 100, 101, 102, 103, 116, 117, 118, 119]",,200068,jecyu,0.0,0.8,0.2,1.0,1.0,1.0,0.0,1.0,/home/ekim339/projects/SD3.5/experiments/style_encoder/results/inputs/0026_03125.png,/home/ekim339/projects/SD3.5/experiments/style_encoder/results/generated/patches/r1c1/0026.png
584,patch,26,03125.png,thing,jec5u,11.3833408119417,3029,0.0,"[1, 2]","[72, 73, 74, 75, 88, 89, 90, 91, 104, 105, 106, 107, 120, 121, 122, 123]",,200068,jecnu,0.0,0.8,0.2,1.0,1.0,1.0,0.0,1.0,/home/ekim339/projects/SD3.5/experiments/style_encoder/results/inputs/0026_03125.png,/home/ekim339/projects/SD3.5/experiments/style_encoder/results/generated/patches/r1c2/0026.png
585,patch,26,03125.png,thing,jec5u,11.3833408119417,3029,0.0,"[1, 3]","[76, 77, 78, 79, 92, 93, 94, 95, 108, 109, 110, 111, 124, 125, 126, 127]",,200068,jecgu,0.0,0.8,0.2,1.0,1.0,1.0,0.0,1.0,/home/ekim339/projects/SD3.5/experiments/style_encoder/results/inputs/0026_03125.png,/home/ekim339/projects/SD3.5/experiments/style_encoder/results/generated/patches/r1c3/0026.png
586,patch,26,03125.png,thing,jec5u,11.3833408119417,3029,0.0,"[2, 0]","[128, 129, 130, 131, 144, 145, 146, 147, 160, 161, 162, 163, 176, 177, 178, 179]",,200068,jaciu,0.0,0.6,0.4,1.0,0.0,1.0,0.0,1.0,/home/ekim339/projects/SD3.5/experiments/style_encoder/results/inputs/0026_03125.png,/home/ekim339/projects/SD3.5/experiments/style_encoder/results/generated/patches/r2c0/0026.png
587,patch,26,03125.png,thing,jec5u,11.3833408119417,3029,0.0,"[2, 1]","[132, 133, 134, 135, 148, 149, 150, 151, 164, 165, 166, 167, 180, 181, 182, 183]",,200068,jeciu,0.0,0.8,0.2,1.0,1.0,1.0,0.0,1.0,/home/ekim339/projects/SD3.5/experiments/style_encoder/results/inputs/0026_03125.png,/home/ekim339/projects/SD3.5/experiments/style_encoder/results/generated/patches/r2c1/0026.png
588,patch,26,03125.png,thing,jec5u,11.3833408119417,3029,0.0,"[2, 2]","[136, 137, 138, 139, 152, 153, 154, 155, 168, 169, 170, 171, 184, 185, 186, 187]",,200068,jecgu,0.0,0.8,0.2,1.0,1.0,1.0,0.0,1.0,/home/ekim339/projects/SD3.5/experiments/style_encoder/results/inputs/0026_03125.png,/home/ekim339/projects/SD3.5/experiments/style_encoder/results/generated/patches/r2c2/0026.png
589,patch,26,03125.png,thing,jec5u,11.3833408119417,3029,0.0,"[2, 3]","[140, 141, 142, 143, 156, 157, 158, 159, 172, 173, 174, 175, 188, 189, 190, 191]",,200068,jecyu,0.0,0.8,0.2,1.0,1.0,1.0,0.0,1.0,/home/ekim339/projects/SD3.5/experiments/style_encoder/results/inputs/0026_03125.png,/home/ekim339/projects/SD3.5/experiments/style_encoder/results/generated/patches/r2c3/0026.png
590,patch,26,03125.png,thing,jec5u,11.3833408119417,3029,0.0,"[3, 0]","[192, 193, 194, 195, 208, 209, 210, 211, 224, 225, 226, 227, 240, 241, 242, 243]",,200068,jecru,0.0,0.8,0.2,1.0,1.0,1.0,0.0,1.0,/home/ekim339/projects/SD3.5/experiments/style_encoder/results/inputs/0026_03125.png,/home/ekim339/projects/SD3.5/experiments/style_encoder/results/generated/patches/r3c0/0026.png
591,patch,26,03125.png,thing,jec5u,11.3833408119417,3029,0.0,"[3, 1]","[196, 197, 198, 199, 212, 213, 214, 215, 228, 229, 230, 231, 244, 245, 246, 247]",,200068,jeciiu,0.0,0.6666666666666667,0.4,1.0,1.0,1.0,0.0,0.0,/home/ekim339/projects/SD3.5/experiments/style_encoder/results/inputs/0026_03125.png,/home/ekim339/projects/SD3.5/experiments/style_encoder/results/generated/patches/r3c1/0026.png
592,patch,26,03125.png,thing,jec5u,11.3833408119417,3029,0.0,"[3, 2]","[200, 201, 202, 203, 216, 217, 218, 219, 232, 233, 234, 235, 248, 249, 250, 251]",,200068,jecru,0.0,0.8,0.2,1.0,1.0,1.0,0.0,1.0,/home/ekim339/projects/SD3.5/experiments/style_encoder/results/inputs/0026_03125.png,/home/ekim339/projects/SD3.5/experiments/style_encoder/results/generated/patches/r3c2/0026.png
593,patch,26,03125.png,thing,jec5u,11.3833408119417,3029,0.0,"[3, 3]","[204, 205, 206, 207, 220, 221, 222, 223, 236, 237, 238, 239, 252, 253, 254, 255]",,200068,jecnu,0.0,0.8,0.2,1.0,1.0,1.0,0.0,1.0,/home/ekim339/projects/SD3.5/experiments/style_encoder/results/inputs/0026_03125.png,/home/ekim339/projects/SD3.5/experiments/style_encoder/results/generated/patches/r3c3/0026.png
594,proportion,27,02009.png,works,n3b1r,7.42758327038832,3030,0.0,,[],100312,200069,nsbir,0.0,0.6,0.4,1.0,0.0,1.0,0.0,1.0,/home/ekim339/projects/SD3.5/experiments/style_encoder/results/inputs/0027_02009.png,/home/ekim339/projects/SD3.5/experiments/style_encoder/results/generated/proportions/mask-0p0/0027.png
595,proportion,27,02009.png,works,n3b1r,7.42758327038832,3030,0.1,,[],100313,200069,nsbrr,0.0,0.6,0.4,1.0,0.0,1.0,0.0,1.0,/home/ekim339/projects/SD3.5/experiments/style_encoder/results/inputs/0027_02009.png,/home/ekim339/projects/SD3.5/experiments/style_encoder/results/generated/proportions/mask-0p1/0027.png
596,proportion,27,02009.png,works,n3b1r,7.42758327038832,3030,0.3,,[],100315,200069,nsbir,0.0,0.6,0.4,1.0,0.0,1.0,0.0,1.0,/home/ekim339/projects/SD3.5/experiments/style_encoder/results/inputs/0027_02009.png,/home/ekim339/projects/SD3.5/experiments/style_encoder/results/generated/proportions/mask-0p3/0027.png
597,proportion,27,02009.png,works,n3b1r,7.42758327038832,3030,0.5,,[],100317,200069,noblr,0.0,0.6,0.4,1.0,0.0,1.0,0.0,1.0,/home/ekim339/projects/SD3.5/experiments/style_encoder/results/inputs/0027_02009.png,/home/ekim339/projects/SD3.5/experiments/style_encoder/results/generated/proportions/mask-0p5/0027.png
598,proportion,27,02009.png,works,n3b1r,7.42758327038832,3030,0.7,,[],100319,200069,noble,0.0,0.4,0.6,1.0,0.0,1.0,0.0,0.0,/home/ekim339/projects/SD3.5/experiments/style_encoder/results/inputs/0027_02009.png,/home/ekim339/projects/SD3.5/experiments/style_encoder/results/generated/proportions/mask-0p7/0027.png
599,patch,27,02009.png,works,n3b1r,7.42758327038832,3030,0.0,,[],,200069,nsbir,0.0,0.6,0.4,1.0,0.0,1.0,0.0,1.0,/home/ekim339/projects/SD3.5/experiments/style_encoder/results/inputs/0027_02009.png,/home/ekim339/projects/SD3.5/experiments/style_encoder/results/generated/patches/none/0027.png
600,patch,27,02009.png,works,n3b1r,7.42758327038832,3030,0.0,"[0, 0]","[0, 1, 2, 3, 16, 17, 18, 19, 32, 33, 34, 35, 48, 49, 50, 51]",,200069,nsbrr,0.0,0.6,0.4,1.0,0.0,1.0,0.0,1.0,/home/ekim339/projects/SD3.5/experiments/style_encoder/results/inputs/0027_02009.png,/home/ekim339/projects/SD3.5/experiments/style_encoder/results/generated/patches/r0c0/0027.png
601,patch,27,02009.png,works,n3b1r,7.42758327038832,3030,0.0,"[0, 1]","[4, 5, 6, 7, 20, 21, 22, 23, 36, 37, 38, 39, 52, 53, 54, 55]",,200069,nsbrr,0.0,0.6,0.4,1.0,0.0,1.0,0.0,1.0,/home/ekim339/projects/SD3.5/experiments/style_encoder/results/inputs/0027_02009.png,/home/ekim339/projects/SD3.5/experiments/style_encoder/results/generated/patches/r0c1/0027.png
602,patch,27,02009.png,works,n3b1r,7.42758327038832,3030,0.0,"[0, 2]","[8, 9, 10, 11, 24, 25, 26, 27, 40, 41, 42, 43, 56, 57, 58, 59]",,200069,nsbrr,0.0,0.6,0.4,1.0,0.0,1.0,0.0,1.0,/home/ekim339/projects/SD3.5/experiments/style_encoder/results/inputs/0027_02009.png,/home/ekim339/projects/SD3.5/experiments/style_encoder/results/generated/patches/r0c2/0027.png
603,patch,27,02009.png,works,n3b1r,7.42758327038832,3030,0.0,"[0, 3]","[12, 13, 14, 15, 28, 29, 30, 31, 44, 45, 46, 47, 60, 61, 62, 63]",,200069,nsbrr,0.0,0.6,0.4,1.0,0.0,1.0,0.0,1.0,/home/ekim339/projects/SD3.5/experiments/style_encoder/results/inputs/0027_02009.png,/home/ekim339/projects/SD3.5/experiments/style_encoder/results/generated/patches/r0c3/0027.png
604,patch,27,02009.png,works,n3b1r,7.42758327038832,3030,0.0,"[1, 0]","[64, 65, 66, 67, 80, 81, 82, 83, 96, 97, 98, 99, 112, 113, 114, 115]",,200069,nsbir,0.0,0.6,0.4,1.0,0.0,1.0,0.0,1.0,/home/ekim339/projects/SD3.5/experiments/style_encoder/results/inputs/0027_02009.png,/home/ekim339/projects/SD3.5/experiments/style_encoder/results/generated/patches/r1c0/0027.png
605,patch,27,02009.png,works,n3b1r,7.42758327038832,3030,0.0,"[1, 1]","[68, 69, 70, 71, 84, 85, 86, 87, 100, 101, 102, 103, 116, 117, 118, 119]",,200069,nsbir,0.0,0.6,0.4,1.0,0.0,1.0,0.0,1.0,/home/ekim339/projects/SD3.5/experiments/style_encoder/results/inputs/0027_02009.png,/home/ekim339/projects/SD3.5/experiments/style_encoder/results/generated/patches/r1c1/0027.png
606,patch,27,02009.png,works,n3b1r,7.42758327038832,3030,0.0,"[1, 2]","[72, 73, 74, 75, 88, 89, 90, 91, 104, 105, 106, 107, 120, 121, 122, 123]",,200069,nsbir,0.0,0.6,0.4,1.0,0.0,1.0,0.0,1.0,/home/ekim339/projects/SD3.5/experiments/style_encoder/results/inputs/0027_02009.png,/home/ekim339/projects/SD3.5/experiments/style_encoder/results/generated/patches/r1c2/0027.png
607,patch,27,02009.png,works,n3b1r,7.42758327038832,3030,0.0,"[1, 3]","[76, 77, 78, 79, 92, 93, 94, 95, 108, 109, 110, 111, 124, 125, 126, 127]",,200069,noblr,0.0,0.6,0.4,1.0,0.0,1.0,0.0,1.0,/home/ekim339/projects/SD3.5/experiments/style_encoder/results/inputs/0027_02009.png,/home/ekim339/projects/SD3.5/experiments/style_encoder/results/generated/patches/r1c3/0027.png
608,patch,27,02009.png,works,n3b1r,7.42758327038832,3030,0.0,"[2, 0]","[128, 129, 130, 131, 144, 145, 146, 147, 160, 161, 162, 163, 176, 177, 178, 179]",,200069,nsbir,0.0,0.6,0.4,1.0,0.0,1.0,0.0,1.0,/home/ekim339/projects/SD3.5/experiments/style_encoder/results/inputs/0027_02009.png,/home/ekim339/projects/SD3.5/experiments/style_encoder/results/generated/patches/r2c0/0027.png
609,patch,27,02009.png,works,n3b1r,7.42758327038832,3030,0.0,"[2, 1]","[132, 133, 134, 135, 148, 149, 150, 151, 164, 165, 166, 167, 180, 181, 182, 183]",,200069,nbbir,0.0,0.6,0.4,1.0,0.0,1.0,0.0,1.0,/home/ekim339/projects/SD3.5/experiments/style_encoder/results/inputs/0027_02009.png,/home/ekim339/projects/SD3.5/experiments/style_encoder/results/generated/patches/r2c1/0027.png
610,patch,27,02009.png,works,n3b1r,7.42758327038832,3030,0.0,"[2, 2]","[136, 137, 138, 139, 152, 153, 154, 155, 168, 169, 170, 171, 184, 185, 186, 187]",,200069,nunshiri,0.0,0.25,1.2,1.0,0.0,0.0,0.0,0.0,/home/ekim339/projects/SD3.5/experiments/style_encoder/results/inputs/0027_02009.png,/home/ekim339/projects/SD3.5/experiments/style_encoder/results/generated/patches/r2c2/0027.png
611,patch,27,02009.png,works,n3b1r,7.42758327038832,3030,0.0,"[2, 3]","[140, 141, 142, 143, 156, 157, 158, 159, 172, 173, 174, 175, 188, 189, 190, 191]",,200069,nbbir,0.0,0.6,0.4,1.0,0.0,1.0,0.0,1.0,/home/ekim339/projects/SD3.5/experiments/style_encoder/results/inputs/0027_02009.png,/home/ekim339/projects/SD3.5/experiments/style_encoder/results/generated/patches/r2c3/0027.png
612,patch,27,02009.png,works,n3b1r,7.42758327038832,3030,0.0,"[3, 0]","[192, 193, 194, 195, 208, 209, 210, 211, 224, 225, 226, 227, 240, 241, 242, 243]",,200069,nsbir,0.0,0.6,0.4,1.0,0.0,1.0,0.0,1.0,/home/ekim339/projects/SD3.5/experiments/style_encoder/results/inputs/0027_02009.png,/home/ekim339/projects/SD3.5/experiments/style_encoder/results/generated/patches/r3c0/0027.png
613,patch,27,02009.png,works,n3b1r,7.42758327038832,3030,0.0,"[3, 1]","[196, 197, 198, 199, 212, 213, 214, 215, 228, 229, 230, 231, 244, 245, 246, 247]",,200069,nsbir,0.0,0.6,0.4,1.0,0.0,1.0,0.0,1.0,/home/ekim339/projects/SD3.5/experiments/style_encoder/results/inputs/0027_02009.png,/home/ekim339/projects/SD3.5/experiments/style_encoder/results/generated/patches/r3c1/0027.png
614,patch,27,02009.png,works,n3b1r,7.42758327038832,3030,0.0,"[3, 2]","[200, 201, 202, 203, 216, 217, 218, 219, 232, 233, 234, 235, 248, 249, 250, 251]",,200069,nsbir,0.0,0.6,0.4,1.0,0.0,1.0,0.0,1.0,/home/ekim339/projects/SD3.5/experiments/style_encoder/results/inputs/0027_02009.png,/home/ekim339/projects/SD3.5/experiments/style_encoder/results/generated/patches/r3c2/0027.png
615,patch,27,02009.png,works,n3b1r,7.42758327038832,3030,0.0,"[3, 3]","[204, 205, 206, 207, 220, 221, 222, 223, 236, 237, 238, 239, 252, 253, 254, 255]",,200069,nsbir,0.0,0.6,0.4,1.0,0.0,1.0,0.0,1.0,/home/ekim339/projects/SD3.5/experiments/style_encoder/results/inputs/0027_02009.png,/home/ekim339/projects/SD3.5/experiments/style_encoder/results/generated/patches/r3c3/0027.png
616,proportion,28,11868.png,lobar,ajtti,9.051829196169319,3031,0.0,,[],100322,200070,ajtti,1.0,1.0,0.0,1.0,1.0,1.0,1.0,1.0,/home/ekim339/projects/SD3.5/experiments/style_encoder/results/inputs/0028_11868.png,/home/ekim339/projects/SD3.5/experiments/style_encoder/results/generated/proportions/mask-0p0/0028.png
617,proportion,28,11868.png,lobar,ajtti,9.051829196169319,3031,0.1,,[],100323,200070,ajtti,1.0,1.0,0.0,1.0,1.0,1.0,1.0,1.0,/home/ekim339/projects/SD3.5/experiments/style_encoder/results/inputs/0028_11868.png,/home/ekim339/projects/SD3.5/experiments/style_encoder/results/generated/proportions/mask-0p1/0028.png
618,proportion,28,11868.png,lobar,ajtti,9.051829196169319,3031,0.3,,[],100325,200070,ajtti,1.0,1.0,0.0,1.0,1.0,1.0,1.0,1.0,/home/ekim339/projects/SD3.5/experiments/style_encoder/results/inputs/0028_11868.png,/home/ekim339/projects/SD3.5/experiments/style_encoder/results/generated/proportions/mask-0p3/0028.png
619,proportion,28,11868.png,lobar,ajtti,9.051829196169319,3031,0.5,,[],100327,200070,ajtti,1.0,1.0,0.0,1.0,1.0,1.0,1.0,1.0,/home/ekim339/projects/SD3.5/experiments/style_encoder/results/inputs/0028_11868.png,/home/ekim339/projects/SD3.5/experiments/style_encoder/results/generated/proportions/mask-0p5/0028.png
620,proportion,28,11868.png,lobar,ajtti,9.051829196169319,3031,0.7,,[],100329,200070,ajtti,1.0,1.0,0.0,1.0,1.0,1.0,1.0,1.0,/home/ekim339/projects/SD3.5/experiments/style_encoder/results/inputs/0028_11868.png,/home/ekim339/projects/SD3.5/experiments/style_encoder/results/generated/proportions/mask-0p7/0028.png
621,patch,28,11868.png,lobar,ajtti,9.051829196169319,3031,0.0,,[],,200070,ajtti,1.0,1.0,0.0,1.0,1.0,1.0,1.0,1.0,/home/ekim339/projects/SD3.5/experiments/style_encoder/results/inputs/0028_11868.png,/home/ekim339/projects/SD3.5/experiments/style_encoder/results/generated/patches/none/0028.png
622,patch,28,11868.png,lobar,ajtti,9.051829196169319,3031,0.0,"[0, 0]","[0, 1, 2, 3, 16, 17, 18, 19, 32, 33, 34, 35, 48, 49, 50, 51]",,200070,ajtti,1.0,1.0,0.0,1.0,1.0,1.0,1.0,1.0,/home/ekim339/projects/SD3.5/experiments/style_encoder/results/inputs/0028_11868.png,/home/ekim339/projects/SD3.5/experiments/style_encoder/results/generated/patches/r0c0/0028.png
623,patch,28,11868.png,lobar,ajtti,9.051829196169319,3031,0.0,"[0, 1]","[4, 5, 6, 7, 20, 21, 22, 23, 36, 37, 38, 39, 52, 53, 54, 55]",,200070,ajtti,1.0,1.0,0.0,1.0,1.0,1.0,1.0,1.0,/home/ekim339/projects/SD3.5/experiments/style_encoder/results/inputs/0028_11868.png,/home/ekim339/projects/SD3.5/experiments/style_encoder/results/generated/patches/r0c1/0028.png
624,patch,28,11868.png,lobar,ajtti,9.051829196169319,3031,0.0,"[0, 2]","[8, 9, 10, 11, 24, 25, 26, 27, 40, 41, 42, 43, 56, 57, 58, 59]",,200070,ajtti,1.0,1.0,0.0,1.0,1.0,1.0,1.0,1.0,/home/ekim339/projects/SD3.5/experiments/style_encoder/results/inputs/0028_11868.png,/home/ekim339/projects/SD3.5/experiments/style_encoder/results/generated/patches/r0c2/0028.png
625,patch,28,11868.png,lobar,ajtti,9.051829196169319,3031,0.0,"[0, 3]","[12, 13, 14, 15, 28, 29, 30, 31, 44, 45, 46, 47, 60, 61, 62, 63]",,200070,ajtti,1.0,1.0,0.0,1.0,1.0,1.0,1.0,1.0,/home/ekim339/projects/SD3.5/experiments/style_encoder/results/inputs/0028_11868.png,/home/ekim339/projects/SD3.5/experiments/style_encoder/results/generated/patches/r0c3/0028.png
626,patch,28,11868.png,lobar,ajtti,9.051829196169319,3031,0.0,"[1, 0]","[64, 65, 66, 67, 80, 81, 82, 83, 96, 97, 98, 99, 112, 113, 114, 115]",,200070,ajtti,1.0,1.0,0.0,1.0,1.0,1.0,1.0,1.0,/home/ekim339/projects/SD3.5/experiments/style_encoder/results/inputs/0028_11868.png,/home/ekim339/projects/SD3.5/experiments/style_encoder/results/generated/patches/r1c0/0028.png
627,patch,28,11868.png,lobar,ajtti,9.051829196169319,3031,0.0,"[1, 1]","[68, 69, 70, 71, 84, 85, 86, 87, 100, 101, 102, 103, 116, 117, 118, 119]",,200070,ajtti,1.0,1.0,0.0,1.0,1.0,1.0,1.0,1.0,/home/ekim339/projects/SD3.5/experiments/style_encoder/results/inputs/0028_11868.png,/home/ekim339/projects/SD3.5/experiments/style_encoder/results/generated/patches/r1c1/0028.png
628,patch,28,11868.png,lobar,ajtti,9.051829196169319,3031,0.0,"[1, 2]","[72, 73, 74, 75, 88, 89, 90, 91, 104, 105, 106, 107, 120, 121, 122, 123]",,200070,ajtti,1.0,1.0,0.0,1.0,1.0,1.0,1.0,1.0,/home/ekim339/projects/SD3.5/experiments/style_encoder/results/inputs/0028_11868.png,/home/ekim339/projects/SD3.5/experiments/style_encoder/results/generated/patches/r1c2/0028.png
629,patch,28,11868.png,lobar,ajtti,9.051829196169319,3031,0.0,"[1, 3]","[76, 77, 78, 79, 92, 93, 94, 95, 108, 109, 110, 111, 124, 125, 126, 127]",,200070,ajtti,1.0,1.0,0.0,1.0,1.0,1.0,1.0,1.0,/home/ekim339/projects/SD3.5/experiments/style_encoder/results/inputs/0028_11868.png,/home/ekim339/projects/SD3.5/experiments/style_encoder/results/generated/patches/r1c3/0028.png
630,patch,28,11868.png,lobar,ajtti,9.051829196169319,3031,0.0,"[2, 0]","[128, 129, 130, 131, 144, 145, 146, 147, 160, 161, 162, 163, 176, 177, 178, 179]",,200070,ajtti,1.0,1.0,0.0,1.0,1.0,1.0,1.0,1.0,/home/ekim339/projects/SD3.5/experiments/style_encoder/results/inputs/0028_11868.png,/home/ekim339/projects/SD3.5/experiments/style_encoder/results/generated/patches/r2c0/0028.png
631,patch,28,11868.png,lobar,ajtti,9.051829196169319,3031,0.0,"[2, 1]","[132, 133, 134, 135, 148, 149, 150, 151, 164, 165, 166, 167, 180, 181, 182, 183]",,200070,ajtti,1.0,1.0,0.0,1.0,1.0,1.0,1.0,1.0,/home/ekim339/projects/SD3.5/experiments/style_encoder/results/inputs/0028_11868.png,/home/ekim339/projects/SD3.5/experiments/style_encoder/results/generated/patches/r2c1/0028.png
632,patch,28,11868.png,lobar,ajtti,9.051829196169319,3031,0.0,"[2, 2]","[136, 137, 138, 139, 152, 153, 154, 155, 168, 169, 170, 171, 184, 185, 186, 187]",,200070,ajtti,1.0,1.0,0.0,1.0,1.0,1.0,1.0,1.0,/home/ekim339/projects/SD3.5/experiments/style_encoder/results/inputs/0028_11868.png,/home/ekim339/projects/SD3.5/experiments/style_encoder/results/generated/patches/r2c2/0028.png
633,patch,28,11868.png,lobar,ajtti,9.051829196169319,3031,0.0,"[2, 3]","[140, 141, 142, 143, 156, 157, 158, 159, 172, 173, 174, 175, 188, 189, 190, 191]",,200070,ajtti,1.0,1.0,0.0,1.0,1.0,1.0,1.0,1.0,/home/ekim339/projects/SD3.5/experiments/style_encoder/results/inputs/0028_11868.png,/home/ekim339/projects/SD3.5/experiments/style_encoder/results/generated/patches/r2c3/0028.png
634,patch,28,11868.png,lobar,ajtti,9.051829196169319,3031,0.0,"[3, 0]","[192, 193, 194, 195, 208, 209, 210, 211, 224, 225, 226, 227, 240, 241, 242, 243]",,200070,attti,0.0,0.8,0.2,1.0,0.0,1.0,1.0,1.0,/home/ekim339/projects/SD3.5/experiments/style_encoder/results/inputs/0028_11868.png,/home/ekim339/projects/SD3.5/experiments/style_encoder/results/generated/patches/r3c0/0028.png
635,patch,28,11868.png,lobar,ajtti,9.051829196169319,3031,0.0,"[3, 1]","[196, 197, 198, 199, 212, 213, 214, 215, 228, 229, 230, 231, 244, 245, 246, 247]",,200070,gjtti,0.0,0.8,0.2,0.0,1.0,1.0,1.0,1.0,/home/ekim339/projects/SD3.5/experiments/style_encoder/results/inputs/0028_11868.png,/home/ekim339/projects/SD3.5/experiments/style_encoder/results/generated/patches/r3c1/0028.png
636,patch,28,11868.png,lobar,ajtti,9.051829196169319,3031,0.0,"[3, 2]","[200, 201, 202, 203, 216, 217, 218, 219, 232, 233, 234, 235, 248, 249, 250, 251]",,200070,ajtti,1.0,1.0,0.0,1.0,1.0,1.0,1.0,1.0,/home/ekim339/projects/SD3.5/experiments/style_encoder/results/inputs/0028_11868.png,/home/ekim339/projects/SD3.5/experiments/style_encoder/results/generated/patches/r3c2/0028.png
637,patch,28,11868.png,lobar,ajtti,9.051829196169319,3031,0.0,"[3, 3]","[204, 205, 206, 207, 220, 221, 222, 223, 236, 237, 238, 239, 252, 253, 254, 255]",,200070,ajtti,1.0,1.0,0.0,1.0,1.0,1.0,1.0,1.0,/home/ekim339/projects/SD3.5/experiments/style_encoder/results/inputs/0028_11868.png,/home/ekim339/projects/SD3.5/experiments/style_encoder/results/generated/patches/r3c3/0028.png
638,proportion,29,47964.png,allyl,xunrs,3.3754354515597766,3032,0.0,,[],100332,200071,xunrs,1.0,1.0,0.0,1.0,1.0,1.0,1.0,1.0,/home/ekim339/projects/SD3.5/experiments/style_encoder/results/inputs/0029_47964.png,/home/ekim339/projects/SD3.5/experiments/style_encoder/results/generated/proportions/mask-0p0/0029.png
639,proportion,29,47964.png,allyl,xunrs,3.3754354515597766,3032,0.1,,[],100333,200071,xunrs,1.0,1.0,0.0,1.0,1.0,1.0,1.0,1.0,/home/ekim339/projects/SD3.5/experiments/style_encoder/results/inputs/0029_47964.png,/home/ekim339/projects/SD3.5/experiments/style_encoder/results/generated/proportions/mask-0p1/0029.png
640,proportion,29,47964.png,allyl,xunrs,3.3754354515597766,3032,0.3,,[],100335,200071,xunrs,1.0,1.0,0.0,1.0,1.0,1.0,1.0,1.0,/home/ekim339/projects/SD3.5/experiments/style_encoder/results/inputs/0029_47964.png,/home/ekim339/projects/SD3.5/experiments/style_encoder/results/generated/proportions/mask-0p3/0029.png
641,proportion,29,47964.png,allyl,xunrs,3.3754354515597766,3032,0.5,,[],100337,200071,xunrs,1.0,1.0,0.0,1.0,1.0,1.0,1.0,1.0,/home/ekim339/projects/SD3.5/experiments/style_encoder/results/inputs/0029_47964.png,/home/ekim339/projects/SD3.5/experiments/style_encoder/results/generated/proportions/mask-0p5/0029.png
642,proportion,29,47964.png,allyl,xunrs,3.3754354515597766,3032,0.7,,[],100339,200071,xunrs,1.0,1.0,0.0,1.0,1.0,1.0,1.0,1.0,/home/ekim339/projects/SD3.5/experiments/style_encoder/results/inputs/0029_47964.png,/home/ekim339/projects/SD3.5/experiments/style_encoder/results/generated/proportions/mask-0p7/0029.png
643,patch,29,47964.png,allyl,xunrs,3.3754354515597766,3032,0.0,,[],,200071,xunrs,1.0,1.0,0.0,1.0,1.0,1.0,1.0,1.0,/home/ekim339/projects/SD3.5/experiments/style_encoder/results/inputs/0029_47964.png,/home/ekim339/projects/SD3.5/experiments/style_encoder/results/generated/patches/none/0029.png
644,patch,29,47964.png,allyl,xunrs,3.3754354515597766,3032,0.0,"[0, 0]","[0, 1, 2, 3, 16, 17, 18, 19, 32, 33, 34, 35, 48, 49, 50, 51]",,200071,xunrs,1.0,1.0,0.0,1.0,1.0,1.0,1.0,1.0,/home/ekim339/projects/SD3.5/experiments/style_encoder/results/inputs/0029_47964.png,/home/ekim339/projects/SD3.5/experiments/style_encoder/results/generated/patches/r0c0/0029.png
645,patch,29,47964.png,allyl,xunrs,3.3754354515597766,3032,0.0,"[0, 1]","[4, 5, 6, 7, 20, 21, 22, 23, 36, 37, 38, 39, 52, 53, 54, 55]",,200071,xunrs,1.0,1.0,0.0,1.0,1.0,1.0,1.0,1.0,/home/ekim339/projects/SD3.5/experiments/style_encoder/results/inputs/0029_47964.png,/home/ekim339/projects/SD3.5/experiments/style_encoder/results/generated/patches/r0c1/0029.png
646,patch,29,47964.png,allyl,xunrs,3.3754354515597766,3032,0.0,"[0, 2]","[8, 9, 10, 11, 24, 25, 26, 27, 40, 41, 42, 43, 56, 57, 58, 59]",,200071,xunrs,1.0,1.0,0.0,1.0,1.0,1.0,1.0,1.0,/home/ekim339/projects/SD3.5/experiments/style_encoder/results/inputs/0029_47964.png,/home/ekim339/projects/SD3.5/experiments/style_encoder/results/generated/patches/r0c2/0029.png
647,patch,29,47964.png,allyl,xunrs,3.3754354515597766,3032,0.0,"[0, 3]","[12, 13, 14, 15, 28, 29, 30, 31, 44, 45, 46, 47, 60, 61, 62, 63]",,200071,xunrs,1.0,1.0,0.0,1.0,1.0,1.0,1.0,1.0,/home/ekim339/projects/SD3.5/experiments/style_encoder/results/inputs/0029_47964.png,/home/ekim339/projects/SD3.5/experiments/style_encoder/results/generated/patches/r0c3/0029.png
648,patch,29,47964.png,allyl,xunrs,3.3754354515597766,3032,0.0,"[1, 0]","[64, 65, 66, 67, 80, 81, 82, 83, 96, 97, 98, 99, 112, 113, 114, 115]",,200071,xunrs,1.0,1.0,0.0,1.0,1.0,1.0,1.0,1.0,/home/ekim339/projects/SD3.5/experiments/style_encoder/results/inputs/0029_47964.png,/home/ekim339/projects/SD3.5/experiments/style_encoder/results/generated/patches/r1c0/0029.png
649,patch,29,47964.png,allyl,xunrs,3.3754354515597766,3032,0.0,"[1, 1]","[68, 69, 70, 71, 84, 85, 86, 87, 100, 101, 102, 103, 116, 117, 118, 119]",,200071,xunrs,1.0,1.0,0.0,1.0,1.0,1.0,1.0,1.0,/home/ekim339/projects/SD3.5/experiments/style_encoder/results/inputs/0029_47964.png,/home/ekim339/projects/SD3.5/experiments/style_encoder/results/generated/patches/r1c1/0029.png
650,patch,29,47964.png,allyl,xunrs,3.3754354515597766,3032,0.0,"[1, 2]","[72, 73, 74, 75, 88, 89, 90, 91, 104, 105, 106, 107, 120, 121, 122, 123]",,200071,xxunrss,0.0,0.7142857142857143,0.4,1.0,0.0,0.0,0.0,0.0,/home/ekim339/projects/SD3.5/experiments/style_encoder/results/inputs/0029_47964.png,/home/ekim339/projects/SD3.5/experiments/style_encoder/results/generated/patches/r1c2/0029.png
651,patch,29,47964.png,allyl,xunrs,3.3754354515597766,3032,0.0,"[1, 3]","[76, 77, 78, 79, 92, 93, 94, 95, 108, 109, 110, 111, 124, 125, 126, 127]",,200071,xunrs,1.0,1.0,0.0,1.0,1.0,1.0,1.0,1.0,/home/ekim339/projects/SD3.5/experiments/style_encoder/results/inputs/0029_47964.png,/home/ekim339/projects/SD3.5/experiments/style_encoder/results/generated/patches/r1c3/0029.png
652,patch,29,47964.png,allyl,xunrs,3.3754354515597766,3032,0.0,"[2, 0]","[128, 129, 130, 131, 144, 145, 146, 147, 160, 161, 162, 163, 176, 177, 178, 179]",,200071,xunrs,1.0,1.0,0.0,1.0,1.0,1.0,1.0,1.0,/home/ekim339/projects/SD3.5/experiments/style_encoder/results/inputs/0029_47964.png,/home/ekim339/projects/SD3.5/experiments/style_encoder/results/generated/patches/r2c0/0029.png
653,patch,29,47964.png,allyl,xunrs,3.3754354515597766,3032,0.0,"[2, 1]","[132, 133, 134, 135, 148, 149, 150, 151, 164, 165, 166, 167, 180, 181, 182, 183]",,200071,xunrs,1.0,1.0,0.0,1.0,1.0,1.0,1.0,1.0,/home/ekim339/projects/SD3.5/experiments/style_encoder/results/inputs/0029_47964.png,/home/ekim339/projects/SD3.5/experiments/style_encoder/results/generated/patches/r2c1/0029.png
654,patch,29,47964.png,allyl,xunrs,3.3754354515597766,3032,0.0,"[2, 2]","[136, 137, 138, 139, 152, 153, 154, 155, 168, 169, 170, 171, 184, 185, 186, 187]",,200071,xunrs,1.0,1.0,0.0,1.0,1.0,1.0,1.0,1.0,/home/ekim339/projects/SD3.5/experiments/style_encoder/results/inputs/0029_47964.png,/home/ekim339/projects/SD3.5/experiments/style_encoder/results/generated/patches/r2c2/0029.png
655,patch,29,47964.png,allyl,xunrs,3.3754354515597766,3032,0.0,"[2, 3]","[140, 141, 142, 143, 156, 157, 158, 159, 172, 173, 174, 175, 188, 189, 190, 191]",,200071,xunrs,1.0,1.0,0.0,1.0,1.0,1.0,1.0,1.0,/home/ekim339/projects/SD3.5/experiments/style_encoder/results/inputs/0029_47964.png,/home/ekim339/projects/SD3.5/experiments/style_encoder/results/generated/patches/r2c3/0029.png
656,patch,29,47964.png,allyl,xunrs,3.3754354515597766,3032,0.0,"[3, 0]","[192, 193, 194, 195, 208, 209, 210, 211, 224, 225, 226, 227, 240, 241, 242, 243]",,200071,xuirs,0.0,0.8,0.2,1.0,1.0,0.0,1.0,1.0,/home/ekim339/projects/SD3.5/experiments/style_encoder/results/inputs/0029_47964.png,/home/ekim339/projects/SD3.5/experiments/style_encoder/results/generated/patches/r3c0/0029.png
657,patch,29,47964.png,allyl,xunrs,3.3754354515597766,3032,0.0,"[3, 1]","[196, 197, 198, 199, 212, 213, 214, 215, 228, 229, 230, 231, 244, 245, 246, 247]",,200071,xunrs,1.0,1.0,0.0,1.0,1.0,1.0,1.0,1.0,/home/ekim339/projects/SD3.5/experiments/style_encoder/results/inputs/0029_47964.png,/home/ekim339/projects/SD3.5/experiments/style_encoder/results/generated/patches/r3c1/0029.png
658,patch,29,47964.png,allyl,xunrs,3.3754354515597766,3032,0.0,"[3, 2]","[200, 201, 202, 203, 216, 217, 218, 219, 232, 233, 234, 235, 248, 249, 250, 251]",,200071,xunrs,1.0,1.0,0.0,1.0,1.0,1.0,1.0,1.0,/home/ekim339/projects/SD3.5/experiments/style_encoder/results/inputs/0029_47964.png,/home/ekim339/projects/SD3.5/experiments/style_encoder/results/generated/patches/r3c2/0029.png
659,patch,29,47964.png,allyl,xunrs,3.3754354515597766,3032,0.0,"[3, 3]","[204, 205, 206, 207, 220, 221, 222, 223, 236, 237, 238, 239, 252, 253, 254, 255]",,200071,xunrs,1.0,1.0,0.0,1.0,1.0,1.0,1.0,1.0,/home/ekim339/projects/SD3.5/experiments/style_encoder/results/inputs/0029_47964.png,/home/ekim339/projects/SD3.5/experiments/style_encoder/results/generated/patches/r3c3/0029.png
660,proportion,30,24051.png,chise,8rc3k,4.156712222064414,3033,0.0,,[],100342,200072,breok,0.0,0.4,0.6,0.0,1.0,0.0,0.0,1.0,/home/ekim339/projects/SD3.5/experiments/style_encoder/results/inputs/0030_24051.png,/home/ekim339/projects/SD3.5/experiments/style_encoder/results/generated/proportions/mask-0p0/0030.png
661,proportion,30,24051.png,chise,8rc3k,4.156712222064414,3033,0.1,,[],100343,200072,brebk,0.0,0.4,0.6,0.0,1.0,0.0,0.0,1.0,/home/ekim339/projects/SD3.5/experiments/style_encoder/results/inputs/0030_24051.png,/home/ekim339/projects/SD3.5/experiments/style_encoder/results/generated/proportions/mask-0p1/0030.png
662,proportion,30,24051.png,chise,8rc3k,4.156712222064414,3033,0.3,,[],100345,200072,breok,0.0,0.4,0.6,0.0,1.0,0.0,0.0,1.0,/home/ekim339/projects/SD3.5/experiments/style_encoder/results/inputs/0030_24051.png,/home/ekim339/projects/SD3.5/experiments/style_encoder/results/generated/proportions/mask-0p3/0030.png
663,proportion,30,24051.png,chise,8rc3k,4.156712222064414,3033,0.5,,[],100347,200072,dreck,0.0,0.4,0.6,0.0,1.0,0.0,0.0,1.0,/home/ekim339/projects/SD3.5/experiments/style_encoder/results/inputs/0030_24051.png,/home/ekim339/projects/SD3.5/experiments/style_encoder/results/generated/proportions/mask-0p5/0030.png
664,proportion,30,24051.png,chise,8rc3k,4.156712222064414,3033,0.7,,[],100349,200072,breok,0.0,0.4,0.6,0.0,1.0,0.0,0.0,1.0,/home/ekim339/projects/SD3.5/experiments/style_encoder/results/inputs/0030_24051.png,/home/ekim339/projects/SD3.5/experiments/style_encoder/results/generated/proportions/mask-0p7/0030.png
665,patch,30,24051.png,chise,8rc3k,4.156712222064414,3033,0.0,,[],,200072,breok,0.0,0.4,0.6,0.0,1.0,0.0,0.0,1.0,/home/ekim339/projects/SD3.5/experiments/style_encoder/results/inputs/0030_24051.png,/home/ekim339/projects/SD3.5/experiments/style_encoder/results/generated/patches/none/0030.png
666,patch,30,24051.png,chise,8rc3k,4.156712222064414,3033,0.0,"[0, 0]","[0, 1, 2, 3, 16, 17, 18, 19, 32, 33, 34, 35, 48, 49, 50, 51]",,200072,brcvk,0.0,0.6,0.4,0.0,1.0,1.0,0.0,1.0,/home/ekim339/projects/SD3.5/experiments/style_encoder/results/inputs/0030_24051.png,/home/ekim339/projects/SD3.5/experiments/style_encoder/results/generated/patches/r0c0/0030.png
667,patch,30,24051.png,chise,8rc3k,4.156712222064414,3033,0.0,"[0, 1]","[4, 5, 6, 7, 20, 21, 22, 23, 36, 37, 38, 39, 52, 53, 54, 55]",,200072,brcdk,0.0,0.6,0.4,0.0,1.0,1.0,0.0,1.0,/home/ekim339/projects/SD3.5/experiments/style_encoder/results/inputs/0030_24051.png,/home/ekim339/projects/SD3.5/experiments/style_encoder/results/generated/patches/r0c1/0030.png
668,patch,30,24051.png,chise,8rc3k,4.156712222064414,3033,0.0,"[0, 2]","[8, 9, 10, 11, 24, 25, 26, 27, 40, 41, 42, 43, 56, 57, 58, 59]",,200072,srcok,0.0,0.6,0.4,0.0,1.0,1.0,0.0,1.0,/home/ekim339/projects/SD3.5/experiments/style_encoder/results/inputs/0030_24051.png,/home/ekim339/projects/SD3.5/experiments/style_encoder/results/generated/patches/r0c2/0030.png
669,patch,30,24051.png,chise,8rc3k,4.156712222064414,3033,0.0,"[0, 3]","[12, 13, 14, 15, 28, 29, 30, 31, 44, 45, 46, 47, 60, 61, 62, 63]",,200072,brcok,0.0,0.6,0.4,0.0,1.0,1.0,0.0,1.0,/home/ekim339/projects/SD3.5/experiments/style_encoder/results/inputs/0030_24051.png,/home/ekim339/projects/SD3.5/experiments/style_encoder/results/generated/patches/r0c3/0030.png
670,patch,30,24051.png,chise,8rc3k,4.156712222064414,3033,0.0,"[1, 0]","[64, 65, 66, 67, 80, 81, 82, 83, 96, 97, 98, 99, 112, 113, 114, 115]",,200072,bresk,0.0,0.4,0.6,0.0,1.0,0.0,0.0,1.0,/home/ekim339/projects/SD3.5/experiments/style_encoder/results/inputs/0030_24051.png,/home/ekim339/projects/SD3.5/experiments/style_encoder/results/generated/patches/r1c0/0030.png
671,patch,30,24051.png,chise,8rc3k,4.156712222064414,3033,0.0,"[1, 1]","[68, 69, 70, 71, 84, 85, 86, 87, 100, 101, 102, 103, 116, 117, 118, 119]",,200072,brebk,0.0,0.4,0.6,0.0,1.0,0.0,0.0,1.0,/home/ekim339/projects/SD3.5/experiments/style_encoder/results/inputs/0030_24051.png,/home/ekim339/projects/SD3.5/experiments/style_encoder/results/generated/patches/r1c1/0030.png
672,patch,30,24051.png,chise,8rc3k,4.156712222064414,3033,0.0,"[1, 2]","[72, 73, 74, 75, 88, 89, 90, 91, 104, 105, 106, 107, 120, 121, 122, 123]",,200072,brcnk,0.0,0.6,0.4,0.0,1.0,1.0,0.0,1.0,/home/ekim339/projects/SD3.5/experiments/style_encoder/results/inputs/0030_24051.png,/home/ekim339/projects/SD3.5/experiments/style_encoder/results/generated/patches/r1c2/0030.png
673,patch,30,24051.png,chise,8rc3k,4.156712222064414,3033,0.0,"[1, 3]","[76, 77, 78, 79, 92, 93, 94, 95, 108, 109, 110, 111, 124, 125, 126, 127]",,200072,brcsk,0.0,0.6,0.4,0.0,1.0,1.0,0.0,1.0,/home/ekim339/projects/SD3.5/experiments/style_encoder/results/inputs/0030_24051.png,/home/ekim339/projects/SD3.5/experiments/style_encoder/results/generated/patches/r1c3/0030.png
674,patch,30,24051.png,chise,8rc3k,4.156712222064414,3033,0.0,"[2, 0]","[128, 129, 130, 131, 144, 145, 146, 147, 160, 161, 162, 163, 176, 177, 178, 179]",,200072,brcsk,0.0,0.6,0.4,0.0,1.0,1.0,0.0,1.0,/home/ekim339/projects/SD3.5/experiments/style_encoder/results/inputs/0030_24051.png,/home/ekim339/projects/SD3.5/experiments/style_encoder/results/generated/patches/r2c0/0030.png
675,patch,30,24051.png,chise,8rc3k,4.156712222064414,3033,0.0,"[2, 1]","[132, 133, 134, 135, 148, 149, 150, 151, 164, 165, 166, 167, 180, 181, 182, 183]",,200072,brcnk,0.0,0.6,0.4,0.0,1.0,1.0,0.0,1.0,/home/ekim339/projects/SD3.5/experiments/style_encoder/results/inputs/0030_24051.png,/home/ekim339/projects/SD3.5/experiments/style_encoder/results/generated/patches/r2c1/0030.png
676,patch,30,24051.png,chise,8rc3k,4.156712222064414,3033,0.0,"[2, 2]","[136, 137, 138, 139, 152, 153, 154, 155, 168, 169, 170, 171, 184, 185, 186, 187]",,200072,srcbk,0.0,0.6,0.4,0.0,1.0,1.0,0.0,1.0,/home/ekim339/projects/SD3.5/experiments/style_encoder/results/inputs/0030_24051.png,/home/ekim339/projects/SD3.5/experiments/style_encoder/results/generated/patches/r2c2/0030.png
677,patch,30,24051.png,chise,8rc3k,4.156712222064414,3033,0.0,"[2, 3]","[140, 141, 142, 143, 156, 157, 158, 159, 172, 173, 174, 175, 188, 189, 190, 191]",,200072,brckk,0.0,0.6,0.4,0.0,1.0,1.0,0.0,1.0,/home/ekim339/projects/SD3.5/experiments/style_encoder/results/inputs/0030_24051.png,/home/ekim339/projects/SD3.5/experiments/style_encoder/results/generated/patches/r2c3/0030.png
678,patch,30,24051.png,chise,8rc3k,4.156712222064414,3033,0.0,"[3, 0]","[192, 193, 194, 195, 208, 209, 210, 211, 224, 225, 226, 227, 240, 241, 242, 243]",,200072,brcnk,0.0,0.6,0.4,0.0,1.0,1.0,0.0,1.0,/home/ekim339/projects/SD3.5/experiments/style_encoder/results/inputs/0030_24051.png,/home/ekim339/projects/SD3.5/experiments/style_encoder/results/generated/patches/r3c0/0030.png
679,patch,30,24051.png,chise,8rc3k,4.156712222064414,3033,0.0,"[3, 1]","[196, 197, 198, 199, 212, 213, 214, 215, 228, 229, 230, 231, 244, 245, 246, 247]",,200072,brcok,0.0,0.6,0.4,0.0,1.0,1.0,0.0,1.0,/home/ekim339/projects/SD3.5/experiments/style_encoder/results/inputs/0030_24051.png,/home/ekim339/projects/SD3.5/experiments/style_encoder/results/generated/patches/r3c1/0030.png
680,patch,30,24051.png,chise,8rc3k,4.156712222064414,3033,0.0,"[3, 2]","[200, 201, 202, 203, 216, 217, 218, 219, 232, 233, 234, 235, 248, 249, 250, 251]",,200072,brcok,0.0,0.6,0.4,0.0,1.0,1.0,0.0,1.0,/home/ekim339/projects/SD3.5/experiments/style_encoder/results/inputs/0030_24051.png,/home/ekim339/projects/SD3.5/experiments/style_encoder/results/generated/patches/r3c2/0030.png
681,patch,30,24051.png,chise,8rc3k,4.156712222064414,3033,0.0,"[3, 3]","[204, 205, 206, 207, 220, 221, 222, 223, 236, 237, 238, 239, 252, 253, 254, 255]",,200072,brckk,0.0,0.6,0.4,0.0,1.0,1.0,0.0,1.0,/home/ekim339/projects/SD3.5/experiments/style_encoder/results/inputs/0030_24051.png,/home/ekim339/projects/SD3.5/experiments/style_encoder/results/generated/patches/r3c3/0030.png
682,proportion,31,19612.png,flict,ze0a5,7.650956648185359,3034,0.0,,[],100352,200073,zeoas,0.0,0.6,0.4,1.0,1.0,0.0,1.0,0.0,/home/ekim339/projects/SD3.5/experiments/style_encoder/results/inputs/0031_19612.png,/home/ekim339/projects/SD3.5/experiments/style_encoder/results/generated/proportions/mask-0p0/0031.png
683,proportion,31,19612.png,flict,ze0a5,7.650956648185359,3034,0.1,,[],100353,200073,zeoas,0.0,0.6,0.4,1.0,1.0,0.0,1.0,0.0,/home/ekim339/projects/SD3.5/experiments/style_encoder/results/inputs/0031_19612.png,/home/ekim339/projects/SD3.5/experiments/style_encoder/results/generated/proportions/mask-0p1/0031.png
684,proportion,31,19612.png,flict,ze0a5,7.650956648185359,3034,0.3,,[],100355,200073,zeoas,0.0,0.6,0.4,1.0,1.0,0.0,1.0,0.0,/home/ekim339/projects/SD3.5/experiments/style_encoder/results/inputs/0031_19612.png,/home/ekim339/projects/SD3.5/experiments/style_encoder/results/generated/proportions/mask-0p3/0031.png
685,proportion,31,19612.png,flict,ze0a5,7.650956648185359,3034,0.5,,[],100357,200073,zeoas,0.0,0.6,0.4,1.0,1.0,0.0,1.0,0.0,/home/ekim339/projects/SD3.5/experiments/style_encoder/results/inputs/0031_19612.png,/home/ekim339/projects/SD3.5/experiments/style_encoder/results/generated/proportions/mask-0p5/0031.png
686,proportion,31,19612.png,flict,ze0a5,7.650956648185359,3034,0.7,,[],100359,200073,zeoas,0.0,0.6,0.4,1.0,1.0,0.0,1.0,0.0,/home/ekim339/projects/SD3.5/experiments/style_encoder/results/inputs/0031_19612.png,/home/ekim339/projects/SD3.5/experiments/style_encoder/results/generated/proportions/mask-0p7/0031.png
687,patch,31,19612.png,flict,ze0a5,7.650956648185359,3034,0.0,,[],,200073,zeoas,0.0,0.6,0.4,1.0,1.0,0.0,1.0,0.0,/home/ekim339/projects/SD3.5/experiments/style_encoder/results/inputs/0031_19612.png,/home/ekim339/projects/SD3.5/experiments/style_encoder/results/generated/patches/none/0031.png
688,patch,31,19612.png,flict,ze0a5,7.650956648185359,3034,0.0,"[0, 0]","[0, 1, 2, 3, 16, 17, 18, 19, 32, 33, 34, 35, 48, 49, 50, 51]",,200073,zeoas,0.0,0.6,0.4,1.0,1.0,0.0,1.0,0.0,/home/ekim339/projects/SD3.5/experiments/style_encoder/results/inputs/0031_19612.png,/home/ekim339/projects/SD3.5/experiments/style_encoder/results/generated/patches/r0c0/0031.png
689,patch,31,19612.png,flict,ze0a5,7.650956648185359,3034,0.0,"[0, 1]","[4, 5, 6, 7, 20, 21, 22, 23, 36, 37, 38, 39, 52, 53, 54, 55]",,200073,zeaas,0.0,0.6,0.4,1.0,1.0,0.0,1.0,0.0,/home/ekim339/projects/SD3.5/experiments/style_encoder/results/inputs/0031_19612.png,/home/ekim339/projects/SD3.5/experiments/style_encoder/results/generated/patches/r0c1/0031.png
690,patch,31,19612.png,flict,ze0a5,7.650956648185359,3034,0.0,"[0, 2]","[8, 9, 10, 11, 24, 25, 26, 27, 40, 41, 42, 43, 56, 57, 58, 59]",,200073,zeaas,0.0,0.6,0.4,1.0,1.0,0.0,1.0,0.0,/home/ekim339/projects/SD3.5/experiments/style_encoder/results/inputs/0031_19612.png,/home/ekim339/projects/SD3.5/experiments/style_encoder/results/generated/patches/r0c2/0031.png
691,patch,31,19612.png,flict,ze0a5,7.650956648185359,3034,0.0,"[0, 3]","[12, 13, 14, 15, 28, 29, 30, 31, 44, 45, 46, 47, 60, 61, 62, 63]",,200073,zeoas,0.0,0.6,0.4,1.0,1.0,0.0,1.0,0.0,/home/ekim339/projects/SD3.5/experiments/style_encoder/results/inputs/0031_19612.png,/home/ekim339/projects/SD3.5/experiments/style_encoder/results/generated/patches/r0c3/0031.png
692,patch,31,19612.png,flict,ze0a5,7.650956648185359,3034,0.0,"[1, 0]","[64, 65, 66, 67, 80, 81, 82, 83, 96, 97, 98, 99, 112, 113, 114, 115]",,200073,zeoas,0.0,0.6,0.4,1.0,1.0,0.0,1.0,0.0,/home/ekim339/projects/SD3.5/experiments/style_encoder/results/inputs/0031_19612.png,/home/ekim339/projects/SD3.5/experiments/style_encoder/results/generated/patches/r1c0/0031.png
693,patch,31,19612.png,flict,ze0a5,7.650956648185359,3034,0.0,"[1, 1]","[68, 69, 70, 71, 84, 85, 86, 87, 100, 101, 102, 103, 116, 117, 118, 119]",,200073,zeoas,0.0,0.6,0.4,1.0,1.0,0.0,1.0,0.0,/home/ekim339/projects/SD3.5/experiments/style_encoder/results/inputs/0031_19612.png,/home/ekim339/projects/SD3.5/experiments/style_encoder/results/generated/patches/r1c1/0031.png
694,patch,31,19612.png,flict,ze0a5,7.650956648185359,3034,0.0,"[1, 2]","[72, 73, 74, 75, 88, 89, 90, 91, 104, 105, 106, 107, 120, 121, 122, 123]",,200073,zeoas,0.0,0.6,0.4,1.0,1.0,0.0,1.0,0.0,/home/ekim339/projects/SD3.5/experiments/style_encoder/results/inputs/0031_19612.png,/home/ekim339/projects/SD3.5/experiments/style_encoder/results/generated/patches/r1c2/0031.png
695,patch,31,19612.png,flict,ze0a5,7.650956648185359,3034,0.0,"[1, 3]","[76, 77, 78, 79, 92, 93, 94, 95, 108, 109, 110, 111, 124, 125, 126, 127]",,200073,zeoas,0.0,0.6,0.4,1.0,1.0,0.0,1.0,0.0,/home/ekim339/projects/SD3.5/experiments/style_encoder/results/inputs/0031_19612.png,/home/ekim339/projects/SD3.5/experiments/style_encoder/results/generated/patches/r1c3/0031.png
696,patch,31,19612.png,flict,ze0a5,7.650956648185359,3034,0.0,"[2, 0]","[128, 129, 130, 131, 144, 145, 146, 147, 160, 161, 162, 163, 176, 177, 178, 179]",,200073,zeoas,0.0,0.6,0.4,1.0,1.0,0.0,1.0,0.0,/home/ekim339/projects/SD3.5/experiments/style_encoder/results/inputs/0031_19612.png,/home/ekim339/projects/SD3.5/experiments/style_encoder/results/generated/patches/r2c0/0031.png
697,patch,31,19612.png,flict,ze0a5,7.650956648185359,3034,0.0,"[2, 1]","[132, 133, 134, 135, 148, 149, 150, 151, 164, 165, 166, 167, 180, 181, 182, 183]",,200073,zeoas,0.0,0.6,0.4,1.0,1.0,0.0,1.0,0.0,/home/ekim339/projects/SD3.5/experiments/style_encoder/results/inputs/0031_19612.png,/home/ekim339/projects/SD3.5/experiments/style_encoder/results/generated/patches/r2c1/0031.png
698,patch,31,19612.png,flict,ze0a5,7.650956648185359,3034,0.0,"[2, 2]","[136, 137, 138, 139, 152, 153, 154, 155, 168, 169, 170, 171, 184, 185, 186, 187]",,200073,zeoas,0.0,0.6,0.4,1.0,1.0,0.0,1.0,0.0,/home/ekim339/projects/SD3.5/experiments/style_encoder/results/inputs/0031_19612.png,/home/ekim339/projects/SD3.5/experiments/style_encoder/results/generated/patches/r2c2/0031.png
699,patch,31,19612.png,flict,ze0a5,7.650956648185359,3034,0.0,"[2, 3]","[140, 141, 142, 143, 156, 157, 158, 159, 172, 173, 174, 175, 188, 189, 190, 191]",,200073,zeoas,0.0,0.6,0.4,1.0,1.0,0.0,1.0,0.0,/home/ekim339/projects/SD3.5/experiments/style_encoder/results/inputs/0031_19612.png,/home/ekim339/projects/SD3.5/experiments/style_encoder/results/generated/patches/r2c3/0031.png
700,patch,31,19612.png,flict,ze0a5,7.650956648185359,3034,0.0,"[3, 0]","[192, 193, 194, 195, 208, 209, 210, 211, 224, 225, 226, 227, 240, 241, 242, 243]",,200073,zeoas,0.0,0.6,0.4,1.0,1.0,0.0,1.0,0.0,/home/ekim339/projects/SD3.5/experiments/style_encoder/results/inputs/0031_19612.png,/home/ekim339/projects/SD3.5/experiments/style_encoder/results/generated/patches/r3c0/0031.png
701,patch,31,19612.png,flict,ze0a5,7.650956648185359,3034,0.0,"[3, 1]","[196, 197, 198, 199, 212, 213, 214, 215, 228, 229, 230, 231, 244, 245, 246, 247]",,200073,zeoas,0.0,0.6,0.4,1.0,1.0,0.0,1.0,0.0,/home/ekim339/projects/SD3.5/experiments/style_encoder/results/inputs/0031_19612.png,/home/ekim339/projects/SD3.5/experiments/style_encoder/results/generated/patches/r3c1/0031.png
702,patch,31,19612.png,flict,ze0a5,7.650956648185359,3034,0.0,"[3, 2]","[200, 201, 202, 203, 216, 217, 218, 219, 232, 233, 234, 235, 248, 249, 250, 251]",,200073,zeans,0.0,0.4,0.6,1.0,1.0,0.0,0.0,0.0,/home/ekim339/projects/SD3.5/experiments/style_encoder/results/inputs/0031_19612.png,/home/ekim339/projects/SD3.5/experiments/style_encoder/results/generated/patches/r3c2/0031.png
703,patch,31,19612.png,flict,ze0a5,7.650956648185359,3034,0.0,"[3, 3]","[204, 205, 206, 207, 220, 221, 222, 223, 236, 237, 238, 239, 252, 253, 254, 255]",,200073,zeoas,0.0,0.6,0.4,1.0,1.0,0.0,1.0,0.0,/home/ekim339/projects/SD3.5/experiments/style_encoder/results/inputs/0031_19612.png,/home/ekim339/projects/SD3.5/experiments/style_encoder/results/generated/patches/r3c3/0031.png
704,proportion,32,41118.png,oxter,bldpf,2.251488411069799,3035,0.0,,[],100362,200074,bldpf,1.0,1.0,0.0,1.0,1.0,1.0,1.0,1.0,/home/ekim339/projects/SD3.5/experiments/style_encoder/results/inputs/0032_41118.png,/home/ekim339/projects/SD3.5/experiments/style_encoder/results/generated/proportions/mask-0p0/0032.png
705,proportion,32,41118.png,oxter,bldpf,2.251488411069799,3035,0.1,,[],100363,200074,bldpf,1.0,1.0,0.0,1.0,1.0,1.0,1.0,1.0,/home/ekim339/projects/SD3.5/experiments/style_encoder/results/inputs/0032_41118.png,/home/ekim339/projects/SD3.5/experiments/style_encoder/results/generated/proportions/mask-0p1/0032.png
706,proportion,32,41118.png,oxter,bldpf,2.251488411069799,3035,0.3,,[],100365,200074,bldpf,1.0,1.0,0.0,1.0,1.0,1.0,1.0,1.0,/home/ekim339/projects/SD3.5/experiments/style_encoder/results/inputs/0032_41118.png,/home/ekim339/projects/SD3.5/experiments/style_encoder/results/generated/proportions/mask-0p3/0032.png
707,proportion,32,41118.png,oxter,bldpf,2.251488411069799,3035,0.5,,[],100367,200074,bldpf,1.0,1.0,0.0,1.0,1.0,1.0,1.0,1.0,/home/ekim339/projects/SD3.5/experiments/style_encoder/results/inputs/0032_41118.png,/home/ekim339/projects/SD3.5/experiments/style_encoder/results/generated/proportions/mask-0p5/0032.png
708,proportion,32,41118.png,oxter,bldpf,2.251488411069799,3035,0.7,,[],100369,200074,bldpf,1.0,1.0,0.0,1.0,1.0,1.0,1.0,1.0,/home/ekim339/projects/SD3.5/experiments/style_encoder/results/inputs/0032_41118.png,/home/ekim339/projects/SD3.5/experiments/style_encoder/results/generated/proportions/mask-0p7/0032.png
709,patch,32,41118.png,oxter,bldpf,2.251488411069799,3035,0.0,,[],,200074,bldpf,1.0,1.0,0.0,1.0,1.0,1.0,1.0,1.0,/home/ekim339/projects/SD3.5/experiments/style_encoder/results/inputs/0032_41118.png,/home/ekim339/projects/SD3.5/experiments/style_encoder/results/generated/patches/none/0032.png
710,patch,32,41118.png,oxter,bldpf,2.251488411069799,3035,0.0,"[0, 0]","[0, 1, 2, 3, 16, 17, 18, 19, 32, 33, 34, 35, 48, 49, 50, 51]",,200074,bldpf,1.0,1.0,0.0,1.0,1.0,1.0,1.0,1.0,/home/ekim339/projects/SD3.5/experiments/style_encoder/results/inputs/0032_41118.png,/home/ekim339/projects/SD3.5/experiments/style_encoder/results/generated/patches/r0c0/0032.png
711,patch,32,41118.png,oxter,bldpf,2.251488411069799,3035,0.0,"[0, 1]","[4, 5, 6, 7, 20, 21, 22, 23, 36, 37, 38, 39, 52, 53, 54, 55]",,200074,bldpf,1.0,1.0,0.0,1.0,1.0,1.0,1.0,1.0,/home/ekim339/projects/SD3.5/experiments/style_encoder/results/inputs/0032_41118.png,/home/ekim339/projects/SD3.5/experiments/style_encoder/results/generated/patches/r0c1/0032.png
712,patch,32,41118.png,oxter,bldpf,2.251488411069799,3035,0.0,"[0, 2]","[8, 9, 10, 11, 24, 25, 26, 27, 40, 41, 42, 43, 56, 57, 58, 59]",,200074,bldpf,1.0,1.0,0.0,1.0,1.0,1.0,1.0,1.0,/home/ekim339/projects/SD3.5/experiments/style_encoder/results/inputs/0032_41118.png,/home/ekim339/projects/SD3.5/experiments/style_encoder/results/generated/patches/r0c2/0032.png
713,patch,32,41118.png,oxter,bldpf,2.251488411069799,3035,0.0,"[0, 3]","[12, 13, 14, 15, 28, 29, 30, 31, 44, 45, 46, 47, 60, 61, 62, 63]",,200074,bldpf,1.0,1.0,0.0,1.0,1.0,1.0,1.0,1.0,/home/ekim339/projects/SD3.5/experiments/style_encoder/results/inputs/0032_41118.png,/home/ekim339/projects/SD3.5/experiments/style_encoder/results/generated/patches/r0c3/0032.png
714,patch,32,41118.png,oxter,bldpf,2.251488411069799,3035,0.0,"[1, 0]","[64, 65, 66, 67, 80, 81, 82, 83, 96, 97, 98, 99, 112, 113, 114, 115]",,200074,bldpf,1.0,1.0,0.0,1.0,1.0,1.0,1.0,1.0,/home/ekim339/projects/SD3.5/experiments/style_encoder/results/inputs/0032_41118.png,/home/ekim339/projects/SD3.5/experiments/style_encoder/results/generated/patches/r1c0/0032.png
715,patch,32,41118.png,oxter,bldpf,2.251488411069799,3035,0.0,"[1, 1]","[68, 69, 70, 71, 84, 85, 86, 87, 100, 101, 102, 103, 116, 117, 118, 119]",,200074,bldpf,1.0,1.0,0.0,1.0,1.0,1.0,1.0,1.0,/home/ekim339/projects/SD3.5/experiments/style_encoder/results/inputs/0032_41118.png,/home/ekim339/projects/SD3.5/experiments/style_encoder/results/generated/patches/r1c1/0032.png
716,patch,32,41118.png,oxter,bldpf,2.251488411069799,3035,0.0,"[1, 2]","[72, 73, 74, 75, 88, 89, 90, 91, 104, 105, 106, 107, 120, 121, 122, 123]",,200074,bldpf,1.0,1.0,0.0,1.0,1.0,1.0,1.0,1.0,/home/ekim339/projects/SD3.5/experiments/style_encoder/results/inputs/0032_41118.png,/home/ekim339/projects/SD3.5/experiments/style_encoder/results/generated/patches/r1c2/0032.png
717,patch,32,41118.png,oxter,bldpf,2.251488411069799,3035,0.0,"[1, 3]","[76, 77, 78, 79, 92, 93, 94, 95, 108, 109, 110, 111, 124, 125, 126, 127]",,200074,bldpf,1.0,1.0,0.0,1.0,1.0,1.0,1.0,1.0,/home/ekim339/projects/SD3.5/experiments/style_encoder/results/inputs/0032_41118.png,/home/ekim339/projects/SD3.5/experiments/style_encoder/results/generated/patches/r1c3/0032.png
718,patch,32,41118.png,oxter,bldpf,2.251488411069799,3035,0.0,"[2, 0]","[128, 129, 130, 131, 144, 145, 146, 147, 160, 161, 162, 163, 176, 177, 178, 179]",,200074,bldpf,1.0,1.0,0.0,1.0,1.0,1.0,1.0,1.0,/home/ekim339/projects/SD3.5/experiments/style_encoder/results/inputs/0032_41118.png,/home/ekim339/projects/SD3.5/experiments/style_encoder/results/generated/patches/r2c0/0032.png
719,patch,32,41118.png,oxter,bldpf,2.251488411069799,3035,0.0,"[2, 1]","[132, 133, 134, 135, 148, 149, 150, 151, 164, 165, 166, 167, 180, 181, 182, 183]",,200074,bldpf,1.0,1.0,0.0,1.0,1.0,1.0,1.0,1.0,/home/ekim339/projects/SD3.5/experiments/style_encoder/results/inputs/0032_41118.png,/home/ekim339/projects/SD3.5/experiments/style_encoder/results/generated/patches/r2c1/0032.png
720,patch,32,41118.png,oxter,bldpf,2.251488411069799,3035,0.0,"[2, 2]","[136, 137, 138, 139, 152, 153, 154, 155, 168, 169, 170, 171, 184, 185, 186, 187]",,200074,bldpf,1.0,1.0,0.0,1.0,1.0,1.0,1.0,1.0,/home/ekim339/projects/SD3.5/experiments/style_encoder/results/inputs/0032_41118.png,/home/ekim339/projects/SD3.5/experiments/style_encoder/results/generated/patches/r2c2/0032.png
721,patch,32,41118.png,oxter,bldpf,2.251488411069799,3035,0.0,"[2, 3]","[140, 141, 142, 143, 156, 157, 158, 159, 172, 173, 174, 175, 188, 189, 190, 191]",,200074,bldpf,1.0,1.0,0.0,1.0,1.0,1.0,1.0,1.0,/home/ekim339/projects/SD3.5/experiments/style_encoder/results/inputs/0032_41118.png,/home/ekim339/projects/SD3.5/experiments/style_encoder/results/generated/patches/r2c3/0032.png
722,patch,32,41118.png,oxter,bldpf,2.251488411069799,3035,0.0,"[3, 0]","[192, 193, 194, 195, 208, 209, 210, 211, 224, 225, 226, 227, 240, 241, 242, 243]",,200074,bldpf,1.0,1.0,0.0,1.0,1.0,1.0,1.0,1.0,/home/ekim339/projects/SD3.5/experiments/style_encoder/results/inputs/0032_41118.png,/home/ekim339/projects/SD3.5/experiments/style_encoder/results/generated/patches/r3c0/0032.png
723,patch,32,41118.png,oxter,bldpf,2.251488411069799,3035,0.0,"[3, 1]","[196, 197, 198, 199, 212, 213, 214, 215, 228, 229, 230, 231, 244, 245, 246, 247]",,200074,bldpf,1.0,1.0,0.0,1.0,1.0,1.0,1.0,1.0,/home/ekim339/projects/SD3.5/experiments/style_encoder/results/inputs/0032_41118.png,/home/ekim339/projects/SD3.5/experiments/style_encoder/results/generated/patches/r3c1/0032.png
724,patch,32,41118.png,oxter,bldpf,2.251488411069799,3035,0.0,"[3, 2]","[200, 201, 202, 203, 216, 217, 218, 219, 232, 233, 234, 235, 248, 249, 250, 251]",,200074,bldpf,1.0,1.0,0.0,1.0,1.0,1.0,1.0,1.0,/home/ekim339/projects/SD3.5/experiments/style_encoder/results/inputs/0032_41118.png,/home/ekim339/projects/SD3.5/experiments/style_encoder/results/generated/patches/r3c2/0032.png
725,patch,32,41118.png,oxter,bldpf,2.251488411069799,3035,0.0,"[3, 3]","[204, 205, 206, 207, 220, 221, 222, 223, 236, 237, 238, 239, 252, 253, 254, 255]",,200074,bldpf,1.0,1.0,0.0,1.0,1.0,1.0,1.0,1.0,/home/ekim339/projects/SD3.5/experiments/style_encoder/results/inputs/0032_41118.png,/home/ekim339/projects/SD3.5/experiments/style_encoder/results/generated/patches/r3c3/0032.png
726,proportion,33,02358.png,wired,wfqki,8.219652134680675,3036,0.0,,[],100372,200075,wfqki,1.0,1.0,0.0,1.0,1.0,1.0,1.0,1.0,/home/ekim339/projects/SD3.5/experiments/style_encoder/results/inputs/0033_02358.png,/home/ekim339/projects/SD3.5/experiments/style_encoder/results/generated/proportions/mask-0p0/0033.png
727,proportion,33,02358.png,wired,wfqki,8.219652134680675,3036,0.1,,[],100373,200075,wfqki,1.0,1.0,0.0,1.0,1.0,1.0,1.0,1.0,/home/ekim339/projects/SD3.5/experiments/style_encoder/results/inputs/0033_02358.png,/home/ekim339/projects/SD3.5/experiments/style_encoder/results/generated/proportions/mask-0p1/0033.png
728,proportion,33,02358.png,wired,wfqki,8.219652134680675,3036,0.3,,[],100375,200075,wfqki,1.0,1.0,0.0,1.0,1.0,1.0,1.0,1.0,/home/ekim339/projects/SD3.5/experiments/style_encoder/results/inputs/0033_02358.png,/home/ekim339/projects/SD3.5/experiments/style_encoder/results/generated/proportions/mask-0p3/0033.png
729,proportion,33,02358.png,wired,wfqki,8.219652134680675,3036,0.5,,[],100377,200075,wfqki,1.0,1.0,0.0,1.0,1.0,1.0,1.0,1.0,/home/ekim339/projects/SD3.5/experiments/style_encoder/results/inputs/0033_02358.png,/home/ekim339/projects/SD3.5/experiments/style_encoder/results/generated/proportions/mask-0p5/0033.png
730,proportion,33,02358.png,wired,wfqki,8.219652134680675,3036,0.7,,[],100379,200075,wfqki,1.0,1.0,0.0,1.0,1.0,1.0,1.0,1.0,/home/ekim339/projects/SD3.5/experiments/style_encoder/results/inputs/0033_02358.png,/home/ekim339/projects/SD3.5/experiments/style_encoder/results/generated/proportions/mask-0p7/0033.png
731,patch,33,02358.png,wired,wfqki,8.219652134680675,3036,0.0,,[],,200075,wfqki,1.0,1.0,0.0,1.0,1.0,1.0,1.0,1.0,/home/ekim339/projects/SD3.5/experiments/style_encoder/results/inputs/0033_02358.png,/home/ekim339/projects/SD3.5/experiments/style_encoder/results/generated/patches/none/0033.png
732,patch,33,02358.png,wired,wfqki,8.219652134680675,3036,0.0,"[0, 0]","[0, 1, 2, 3, 16, 17, 18, 19, 32, 33, 34, 35, 48, 49, 50, 51]",,200075,wfqki,1.0,1.0,0.0,1.0,1.0,1.0,1.0,1.0,/home/ekim339/projects/SD3.5/experiments/style_encoder/results/inputs/0033_02358.png,/home/ekim339/projects/SD3.5/experiments/style_encoder/results/generated/patches/r0c0/0033.png
733,patch,33,02358.png,wired,wfqki,8.219652134680675,3036,0.0,"[0, 1]","[4, 5, 6, 7, 20, 21, 22, 23, 36, 37, 38, 39, 52, 53, 54, 55]",,200075,wfqki,1.0,1.0,0.0,1.0,1.0,1.0,1.0,1.0,/home/ekim339/projects/SD3.5/experiments/style_encoder/results/inputs/0033_02358.png,/home/ekim339/projects/SD3.5/experiments/style_encoder/results/generated/patches/r0c1/0033.png
734,patch,33,02358.png,wired,wfqki,8.219652134680675,3036,0.0,"[0, 2]","[8, 9, 10, 11, 24, 25, 26, 27, 40, 41, 42, 43, 56, 57, 58, 59]",,200075,wfqki,1.0,1.0,0.0,1.0,1.0,1.0,1.0,1.0,/home/ekim339/projects/SD3.5/experiments/style_encoder/results/inputs/0033_02358.png,/home/ekim339/projects/SD3.5/experiments/style_encoder/results/generated/patches/r0c2/0033.png
735,patch,33,02358.png,wired,wfqki,8.219652134680675,3036,0.0,"[0, 3]","[12, 13, 14, 15, 28, 29, 30, 31, 44, 45, 46, 47, 60, 61, 62, 63]",,200075,wfqki,1.0,1.0,0.0,1.0,1.0,1.0,1.0,1.0,/home/ekim339/projects/SD3.5/experiments/style_encoder/results/inputs/0033_02358.png,/home/ekim339/projects/SD3.5/experiments/style_encoder/results/generated/patches/r0c3/0033.png
736,patch,33,02358.png,wired,wfqki,8.219652134680675,3036,0.0,"[1, 0]","[64, 65, 66, 67, 80, 81, 82, 83, 96, 97, 98, 99, 112, 113, 114, 115]",,200075,wfqki,1.0,1.0,0.0,1.0,1.0,1.0,1.0,1.0,/home/ekim339/projects/SD3.5/experiments/style_encoder/results/inputs/0033_02358.png,/home/ekim339/projects/SD3.5/experiments/style_encoder/results/generated/patches/r1c0/0033.png
737,patch,33,02358.png,wired,wfqki,8.219652134680675,3036,0.0,"[1, 1]","[68, 69, 70, 71, 84, 85, 86, 87, 100, 101, 102, 103, 116, 117, 118, 119]",,200075,wfqki,1.0,1.0,0.0,1.0,1.0,1.0,1.0,1.0,/home/ekim339/projects/SD3.5/experiments/style_encoder/results/inputs/0033_02358.png,/home/ekim339/projects/SD3.5/experiments/style_encoder/results/generated/patches/r1c1/0033.png
738,patch,33,02358.png,wired,wfqki,8.219652134680675,3036,0.0,"[1, 2]","[72, 73, 74, 75, 88, 89, 90, 91, 104, 105, 106, 107, 120, 121, 122, 123]",,200075,wfqki,1.0,1.0,0.0,1.0,1.0,1.0,1.0,1.0,/home/ekim339/projects/SD3.5/experiments/style_encoder/results/inputs/0033_02358.png,/home/ekim339/projects/SD3.5/experiments/style_encoder/results/generated/patches/r1c2/0033.png
739,patch,33,02358.png,wired,wfqki,8.219652134680675,3036,0.0,"[1, 3]","[76, 77, 78, 79, 92, 93, 94, 95, 108, 109, 110, 111, 124, 125, 126, 127]",,200075,wfqki,1.0,1.0,0.0,1.0,1.0,1.0,1.0,1.0,/home/ekim339/projects/SD3.5/experiments/style_encoder/results/inputs/0033_02358.png,/home/ekim339/projects/SD3.5/experiments/style_encoder/results/generated/patches/r1c3/0033.png
740,patch,33,02358.png,wired,wfqki,8.219652134680675,3036,0.0,"[2, 0]","[128, 129, 130, 131, 144, 145, 146, 147, 160, 161, 162, 163, 176, 177, 178, 179]",,200075,wfqki,1.0,1.0,0.0,1.0,1.0,1.0,1.0,1.0,/home/ekim339/projects/SD3.5/experiments/style_encoder/results/inputs/0033_02358.png,/home/ekim339/projects/SD3.5/experiments/style_encoder/results/generated/patches/r2c0/0033.png
741,patch,33,02358.png,wired,wfqki,8.219652134680675,3036,0.0,"[2, 1]","[132, 133, 134, 135, 148, 149, 150, 151, 164, 165, 166, 167, 180, 181, 182, 183]",,200075,wfqki,1.0,1.0,0.0,1.0,1.0,1.0,1.0,1.0,/home/ekim339/projects/SD3.5/experiments/style_encoder/results/inputs/0033_02358.png,/home/ekim339/projects/SD3.5/experiments/style_encoder/results/generated/patches/r2c1/0033.png
742,patch,33,02358.png,wired,wfqki,8.219652134680675,3036,0.0,"[2, 2]","[136, 137, 138, 139, 152, 153, 154, 155, 168, 169, 170, 171, 184, 185, 186, 187]",,200075,wfqki,1.0,1.0,0.0,1.0,1.0,1.0,1.0,1.0,/home/ekim339/projects/SD3.5/experiments/style_encoder/results/inputs/0033_02358.png,/home/ekim339/projects/SD3.5/experiments/style_encoder/results/generated/patches/r2c2/0033.png
743,patch,33,02358.png,wired,wfqki,8.219652134680675,3036,0.0,"[2, 3]","[140, 141, 142, 143, 156, 157, 158, 159, 172, 173, 174, 175, 188, 189, 190, 191]",,200075,wfqki,1.0,1.0,0.0,1.0,1.0,1.0,1.0,1.0,/home/ekim339/projects/SD3.5/experiments/style_encoder/results/inputs/0033_02358.png,/home/ekim339/projects/SD3.5/experiments/style_encoder/results/generated/patches/r2c3/0033.png
744,patch,33,02358.png,wired,wfqki,8.219652134680675,3036,0.0,"[3, 0]","[192, 193, 194, 195, 208, 209, 210, 211, 224, 225, 226, 227, 240, 241, 242, 243]",,200075,wfqki,1.0,1.0,0.0,1.0,1.0,1.0,1.0,1.0,/home/ekim339/projects/SD3.5/experiments/style_encoder/results/inputs/0033_02358.png,/home/ekim339/projects/SD3.5/experiments/style_encoder/results/generated/patches/r3c0/0033.png
745,patch,33,02358.png,wired,wfqki,8.219652134680675,3036,0.0,"[3, 1]","[196, 197, 198, 199, 212, 213, 214, 215, 228, 229, 230, 231, 244, 245, 246, 247]",,200075,wfqki,1.0,1.0,0.0,1.0,1.0,1.0,1.0,1.0,/home/ekim339/projects/SD3.5/experiments/style_encoder/results/inputs/0033_02358.png,/home/ekim339/projects/SD3.5/experiments/style_encoder/results/generated/patches/r3c1/0033.png
746,patch,33,02358.png,wired,wfqki,8.219652134680675,3036,0.0,"[3, 2]","[200, 201, 202, 203, 216, 217, 218, 219, 232, 233, 234, 235, 248, 249, 250, 251]",,200075,wfqki,1.0,1.0,0.0,1.0,1.0,1.0,1.0,1.0,/home/ekim339/projects/SD3.5/experiments/style_encoder/results/inputs/0033_02358.png,/home/ekim339/projects/SD3.5/experiments/style_encoder/results/generated/patches/r3c2/0033.png
747,patch,33,02358.png,wired,wfqki,8.219652134680675,3036,0.0,"[3, 3]","[204, 205, 206, 207, 220, 221, 222, 223, 236, 237, 238, 239, 252, 253, 254, 255]",,200075,wfqki,1.0,1.0,0.0,1.0,1.0,1.0,1.0,1.0,/home/ekim339/projects/SD3.5/experiments/style_encoder/results/inputs/0033_02358.png,/home/ekim339/projects/SD3.5/experiments/style_encoder/results/generated/patches/r3c3/0033.png
748,proportion,34,20949.png,doven,wb2mx,7.689124531715429,3037,0.0,,[],100382,200076,wlozmx,0.0,0.5,0.6,1.0,0.0,0.0,0.0,0.0,/home/ekim339/projects/SD3.5/experiments/style_encoder/results/inputs/0034_20949.png,/home/ekim339/projects/SD3.5/experiments/style_encoder/results/generated/proportions/mask-0p0/0034.png
749,proportion,34,20949.png,doven,wb2mx,7.689124531715429,3037,0.1,,[],100383,200076,wbzmx,0.0,0.8,0.2,1.0,1.0,0.0,1.0,1.0,/home/ekim339/projects/SD3.5/experiments/style_encoder/results/inputs/0034_20949.png,/home/ekim339/projects/SD3.5/experiments/style_encoder/results/generated/proportions/mask-0p1/0034.png
750,proportion,34,20949.png,doven,wb2mx,7.689124531715429,3037,0.3,,[],100385,200076,wbzmx,0.0,0.8,0.2,1.0,1.0,0.0,1.0,1.0,/home/ekim339/projects/SD3.5/experiments/style_encoder/results/inputs/0034_20949.png,/home/ekim339/projects/SD3.5/experiments/style_encoder/results/generated/proportions/mask-0p3/0034.png
751,proportion,34,20949.png,doven,wb2mx,7.689124531715429,3037,0.5,,[],100387,200076,wbzmx,0.0,0.8,0.2,1.0,1.0,0.0,1.0,1.0,/home/ekim339/projects/SD3.5/experiments/style_encoder/results/inputs/0034_20949.png,/home/ekim339/projects/SD3.5/experiments/style_encoder/results/generated/proportions/mask-0p5/0034.png
752,proportion,34,20949.png,doven,wb2mx,7.689124531715429,3037,0.7,,[],100389,200076,wbzmx,0.0,0.8,0.2,1.0,1.0,0.0,1.0,1.0,/home/ekim339/projects/SD3.5/experiments/style_encoder/results/inputs/0034_20949.png,/home/ekim339/projects/SD3.5/experiments/style_encoder/results/generated/proportions/mask-0p7/0034.png
753,patch,34,20949.png,doven,wb2mx,7.689124531715429,3037,0.0,,[],,200076,wlozmx,0.0,0.5,0.6,1.0,0.0,0.0,0.0,0.0,/home/ekim339/projects/SD3.5/experiments/style_encoder/results/inputs/0034_20949.png,/home/ekim339/projects/SD3.5/experiments/style_encoder/results/generated/patches/none/0034.png
754,patch,34,20949.png,doven,wb2mx,7.689124531715429,3037,0.0,"[0, 0]","[0, 1, 2, 3, 16, 17, 18, 19, 32, 33, 34, 35, 48, 49, 50, 51]",,200076,wbzmx,0.0,0.8,0.2,1.0,1.0,0.0,1.0,1.0,/home/ekim339/projects/SD3.5/experiments/style_encoder/results/inputs/0034_20949.png,/home/ekim339/projects/SD3.5/experiments/style_encoder/results/generated/patches/r0c0/0034.png
755,patch,34,20949.png,doven,wb2mx,7.689124531715429,3037,0.0,"[0, 1]","[4, 5, 6, 7, 20, 21, 22, 23, 36, 37, 38, 39, 52, 53, 54, 55]",,200076,wbzmx,0.0,0.8,0.2,1.0,1.0,0.0,1.0,1.0,/home/ekim339/projects/SD3.5/experiments/style_encoder/results/inputs/0034_20949.png,/home/ekim339/projects/SD3.5/experiments/style_encoder/results/generated/patches/r0c1/0034.png
756,patch,34,20949.png,doven,wb2mx,7.689124531715429,3037,0.0,"[0, 2]","[8, 9, 10, 11, 24, 25, 26, 27, 40, 41, 42, 43, 56, 57, 58, 59]",,200076,wbzmx,0.0,0.8,0.2,1.0,1.0,0.0,1.0,1.0,/home/ekim339/projects/SD3.5/experiments/style_encoder/results/inputs/0034_20949.png,/home/ekim339/projects/SD3.5/experiments/style_encoder/results/generated/patches/r0c2/0034.png
757,patch,34,20949.png,doven,wb2mx,7.689124531715429,3037,0.0,"[0, 3]","[12, 13, 14, 15, 28, 29, 30, 31, 44, 45, 46, 47, 60, 61, 62, 63]",,200076,wbzmx,0.0,0.8,0.2,1.0,1.0,0.0,1.0,1.0,/home/ekim339/projects/SD3.5/experiments/style_encoder/results/inputs/0034_20949.png,/home/ekim339/projects/SD3.5/experiments/style_encoder/results/generated/patches/r0c3/0034.png
758,patch,34,20949.png,doven,wb2mx,7.689124531715429,3037,0.0,"[1, 0]","[64, 65, 66, 67, 80, 81, 82, 83, 96, 97, 98, 99, 112, 113, 114, 115]",,200076,wbzmx,0.0,0.8,0.2,1.0,1.0,0.0,1.0,1.0,/home/ekim339/projects/SD3.5/experiments/style_encoder/results/inputs/0034_20949.png,/home/ekim339/projects/SD3.5/experiments/style_encoder/results/generated/patches/r1c0/0034.png
759,patch,34,20949.png,doven,wb2mx,7.689124531715429,3037,0.0,"[1, 1]","[68, 69, 70, 71, 84, 85, 86, 87, 100, 101, 102, 103, 116, 117, 118, 119]",,200076,wbzmx,0.0,0.8,0.2,1.0,1.0,0.0,1.0,1.0,/home/ekim339/projects/SD3.5/experiments/style_encoder/results/inputs/0034_20949.png,/home/ekim339/projects/SD3.5/experiments/style_encoder/results/generated/patches/r1c1/0034.png
760,patch,34,20949.png,doven,wb2mx,7.689124531715429,3037,0.0,"[1, 2]","[72, 73, 74, 75, 88, 89, 90, 91, 104, 105, 106, 107, 120, 121, 122, 123]",,200076,wbznnx,0.0,0.5,0.6,1.0,1.0,0.0,0.0,0.0,/home/ekim339/projects/SD3.5/experiments/style_encoder/results/inputs/0034_20949.png,/home/ekim339/projects/SD3.5/experiments/style_encoder/results/generated/patches/r1c2/0034.png
761,patch,34,20949.png,doven,wb2mx,7.689124531715429,3037,0.0,"[1, 3]","[76, 77, 78, 79, 92, 93, 94, 95, 108, 109, 110, 111, 124, 125, 126, 127]",,200076,wbzmx,0.0,0.8,0.2,1.0,1.0,0.0,1.0,1.0,/home/ekim339/projects/SD3.5/experiments/style_encoder/results/inputs/0034_20949.png,/home/ekim339/projects/SD3.5/experiments/style_encoder/results/generated/patches/r1c3/0034.png
762,patch,34,20949.png,doven,wb2mx,7.689124531715429,3037,0.0,"[2, 0]","[128, 129, 130, 131, 144, 145, 146, 147, 160, 161, 162, 163, 176, 177, 178, 179]",,200076,wbzmx,0.0,0.8,0.2,1.0,1.0,0.0,1.0,1.0,/home/ekim339/projects/SD3.5/experiments/style_encoder/results/inputs/0034_20949.png,/home/ekim339/projects/SD3.5/experiments/style_encoder/results/generated/patches/r2c0/0034.png
763,patch,34,20949.png,doven,wb2mx,7.689124531715429,3037,0.0,"[2, 1]","[132, 133, 134, 135, 148, 149, 150, 151, 164, 165, 166, 167, 180, 181, 182, 183]",,200076,wbznnx,0.0,0.5,0.6,1.0,1.0,0.0,0.0,0.0,/home/ekim339/projects/SD3.5/experiments/style_encoder/results/inputs/0034_20949.png,/home/ekim339/projects/SD3.5/experiments/style_encoder/results/generated/patches/r2c1/0034.png
764,patch,34,20949.png,doven,wb2mx,7.689124531715429,3037,0.0,"[2, 2]","[136, 137, 138, 139, 152, 153, 154, 155, 168, 169, 170, 171, 184, 185, 186, 187]",,200076,wibzmx,0.0,0.6666666666666667,0.4,1.0,0.0,0.0,0.0,0.0,/home/ekim339/projects/SD3.5/experiments/style_encoder/results/inputs/0034_20949.png,/home/ekim339/projects/SD3.5/experiments/style_encoder/results/generated/patches/r2c2/0034.png
765,patch,34,20949.png,doven,wb2mx,7.689124531715429,3037,0.0,"[2, 3]","[140, 141, 142, 143, 156, 157, 158, 159, 172, 173, 174, 175, 188, 189, 190, 191]",,200076,wbzmx,0.0,0.8,0.2,1.0,1.0,0.0,1.0,1.0,/home/ekim339/projects/SD3.5/experiments/style_encoder/results/inputs/0034_20949.png,/home/ekim339/projects/SD3.5/experiments/style_encoder/results/generated/patches/r2c3/0034.png
766,patch,34,20949.png,doven,wb2mx,7.689124531715429,3037,0.0,"[3, 0]","[192, 193, 194, 195, 208, 209, 210, 211, 224, 225, 226, 227, 240, 241, 242, 243]",,200076,wbcmx,0.0,0.8,0.2,1.0,1.0,0.0,1.0,1.0,/home/ekim339/projects/SD3.5/experiments/style_encoder/results/inputs/0034_20949.png,/home/ekim339/projects/SD3.5/experiments/style_encoder/results/generated/patches/r3c0/0034.png
767,patch,34,20949.png,doven,wb2mx,7.689124531715429,3037,0.0,"[3, 1]","[196, 197, 198, 199, 212, 213, 214, 215, 228, 229, 230, 231, 244, 245, 246, 247]",,200076,wibzmx,0.0,0.6666666666666667,0.4,1.0,0.0,0.0,0.0,0.0,/home/ekim339/projects/SD3.5/experiments/style_encoder/results/inputs/0034_20949.png,/home/ekim339/projects/SD3.5/experiments/style_encoder/results/generated/patches/r3c1/0034.png
768,patch,34,20949.png,doven,wb2mx,7.689124531715429,3037,0.0,"[3, 2]","[200, 201, 202, 203, 216, 217, 218, 219, 232, 233, 234, 235, 248, 249, 250, 251]",,200076,wibzmx,0.0,0.6666666666666667,0.4,1.0,0.0,0.0,0.0,0.0,/home/ekim339/projects/SD3.5/experiments/style_encoder/results/inputs/0034_20949.png,/home/ekim339/projects/SD3.5/experiments/style_encoder/results/generated/patches/r3c2/0034.png
769,patch,34,20949.png,doven,wb2mx,7.689124531715429,3037,0.0,"[3, 3]","[204, 205, 206, 207, 220, 221, 222, 223, 236, 237, 238, 239, 252, 253, 254, 255]",,200076,wbzmx,0.0,0.8,0.2,1.0,1.0,0.0,1.0,1.0,/home/ekim339/projects/SD3.5/experiments/style_encoder/results/inputs/0034_20949.png,/home/ekim339/projects/SD3.5/experiments/style_encoder/results/generated/patches/r3c3/0034.png
770,proportion,35,22476.png,edion,6tapr,4.9913518673210735,3038,0.0,,[],100392,200077,btap,0.0,0.6,0.4,0.0,1.0,1.0,1.0,0.0,/home/ekim339/projects/SD3.5/experiments/style_encoder/results/inputs/0035_22476.png,/home/ekim339/projects/SD3.5/experiments/style_encoder/results/generated/proportions/mask-0p0/0035.png
771,proportion,35,22476.png,edion,6tapr,4.9913518673210735,3038,0.1,,[],100393,200077,btap,0.0,0.6,0.4,0.0,1.0,1.0,1.0,0.0,/home/ekim339/projects/SD3.5/experiments/style_encoder/results/inputs/0035_22476.png,/home/ekim339/projects/SD3.5/experiments/style_encoder/results/generated/proportions/mask-0p1/0035.png
772,proportion,35,22476.png,edion,6tapr,4.9913518673210735,3038,0.3,,[],100395,200077,btap,0.0,0.6,0.4,0.0,1.0,1.0,1.0,0.0,/home/ekim339/projects/SD3.5/experiments/style_encoder/results/inputs/0035_22476.png,/home/ekim339/projects/SD3.5/experiments/style_encoder/results/generated/proportions/mask-0p3/0035.png
773,proportion,35,22476.png,edion,6tapr,4.9913518673210735,3038,0.5,,[],100397,200077,btap,0.0,0.6,0.4,0.0,1.0,1.0,1.0,0.0,/home/ekim339/projects/SD3.5/experiments/style_encoder/results/inputs/0035_22476.png,/home/ekim339/projects/SD3.5/experiments/style_encoder/results/generated/proportions/mask-0p5/0035.png
774,proportion,35,22476.png,edion,6tapr,4.9913518673210735,3038,0.7,,[],100399,200077,otapr,0.0,0.8,0.2,0.0,1.0,1.0,1.0,1.0,/home/ekim339/projects/SD3.5/experiments/style_encoder/results/inputs/0035_22476.png,/home/ekim339/projects/SD3.5/experiments/style_encoder/results/generated/proportions/mask-0p7/0035.png
775,patch,35,22476.png,edion,6tapr,4.9913518673210735,3038,0.0,,[],,200077,btap,0.0,0.6,0.4,0.0,1.0,1.0,1.0,0.0,/home/ekim339/projects/SD3.5/experiments/style_encoder/results/inputs/0035_22476.png,/home/ekim339/projects/SD3.5/experiments/style_encoder/results/generated/patches/none/0035.png
776,patch,35,22476.png,edion,6tapr,4.9913518673210735,3038,0.0,"[0, 0]","[0, 1, 2, 3, 16, 17, 18, 19, 32, 33, 34, 35, 48, 49, 50, 51]",,200077,btap,0.0,0.6,0.4,0.0,1.0,1.0,1.0,0.0,/home/ekim339/projects/SD3.5/experiments/style_encoder/results/inputs/0035_22476.png,/home/ekim339/projects/SD3.5/experiments/style_encoder/results/generated/patches/r0c0/0035.png
777,patch,35,22476.png,edion,6tapr,4.9913518673210735,3038,0.0,"[0, 1]","[4, 5, 6, 7, 20, 21, 22, 23, 36, 37, 38, 39, 52, 53, 54, 55]",,200077,btap,0.0,0.6,0.4,0.0,1.0,1.0,1.0,0.0,/home/ekim339/projects/SD3.5/experiments/style_encoder/results/inputs/0035_22476.png,/home/ekim339/projects/SD3.5/experiments/style_encoder/results/generated/patches/r0c1/0035.png
778,patch,35,22476.png,edion,6tapr,4.9913518673210735,3038,0.0,"[0, 2]","[8, 9, 10, 11, 24, 25, 26, 27, 40, 41, 42, 43, 56, 57, 58, 59]",,200077,btap,0.0,0.6,0.4,0.0,1.0,1.0,1.0,0.0,/home/ekim339/projects/SD3.5/experiments/style_encoder/results/inputs/0035_22476.png,/home/ekim339/projects/SD3.5/experiments/style_encoder/results/generated/patches/r0c2/0035.png
779,patch,35,22476.png,edion,6tapr,4.9913518673210735,3038,0.0,"[0, 3]","[12, 13, 14, 15, 28, 29, 30, 31, 44, 45, 46, 47, 60, 61, 62, 63]",,200077,btap,0.0,0.6,0.4,0.0,1.0,1.0,1.0,0.0,/home/ekim339/projects/SD3.5/experiments/style_encoder/results/inputs/0035_22476.png,/home/ekim339/projects/SD3.5/experiments/style_encoder/results/generated/patches/r0c3/0035.png
780,patch,35,22476.png,edion,6tapr,4.9913518673210735,3038,0.0,"[1, 0]","[64, 65, 66, 67, 80, 81, 82, 83, 96, 97, 98, 99, 112, 113, 114, 115]",,200077,ptapr,0.0,0.8,0.2,0.0,1.0,1.0,1.0,1.0,/home/ekim339/projects/SD3.5/experiments/style_encoder/results/inputs/0035_22476.png,/home/ekim339/projects/SD3.5/experiments/style_encoder/results/generated/patches/r1c0/0035.png
781,patch,35,22476.png,edion,6tapr,4.9913518673210735,3038,0.0,"[1, 1]","[68, 69, 70, 71, 84, 85, 86, 87, 100, 101, 102, 103, 116, 117, 118, 119]",,200077,btap,0.0,0.6,0.4,0.0,1.0,1.0,1.0,0.0,/home/ekim339/projects/SD3.5/experiments/style_encoder/results/inputs/0035_22476.png,/home/ekim339/projects/SD3.5/experiments/style_encoder/results/generated/patches/r1c1/0035.png
782,patch,35,22476.png,edion,6tapr,4.9913518673210735,3038,0.0,"[1, 2]","[72, 73, 74, 75, 88, 89, 90, 91, 104, 105, 106, 107, 120, 121, 122, 123]",,200077,btap,0.0,0.6,0.4,0.0,1.0,1.0,1.0,0.0,/home/ekim339/projects/SD3.5/experiments/style_encoder/results/inputs/0035_22476.png,/home/ekim339/projects/SD3.5/experiments/style_encoder/results/generated/patches/r1c2/0035.png
783,patch,35,22476.png,edion,6tapr,4.9913518673210735,3038,0.0,"[1, 3]","[76, 77, 78, 79, 92, 93, 94, 95, 108, 109, 110, 111, 124, 125, 126, 127]",,200077,btap,0.0,0.6,0.4,0.0,1.0,1.0,1.0,0.0,/home/ekim339/projects/SD3.5/experiments/style_encoder/results/inputs/0035_22476.png,/home/ekim339/projects/SD3.5/experiments/style_encoder/results/generated/patches/r1c3/0035.png
784,patch,35,22476.png,edion,6tapr,4.9913518673210735,3038,0.0,"[2, 0]","[128, 129, 130, 131, 144, 145, 146, 147, 160, 161, 162, 163, 176, 177, 178, 179]",,200077,btap,0.0,0.6,0.4,0.0,1.0,1.0,1.0,0.0,/home/ekim339/projects/SD3.5/experiments/style_encoder/results/inputs/0035_22476.png,/home/ekim339/projects/SD3.5/experiments/style_encoder/results/generated/patches/r2c0/0035.png
785,patch,35,22476.png,edion,6tapr,4.9913518673210735,3038,0.0,"[2, 1]","[132, 133, 134, 135, 148, 149, 150, 151, 164, 165, 166, 167, 180, 181, 182, 183]",,200077,letapir,0.0,0.5714285714285714,0.6,0.0,0.0,0.0,0.0,0.0,/home/ekim339/projects/SD3.5/experiments/style_encoder/results/inputs/0035_22476.png,/home/ekim339/projects/SD3.5/experiments/style_encoder/results/generated/patches/r2c1/0035.png
786,patch,35,22476.png,edion,6tapr,4.9913518673210735,3038,0.0,"[2, 2]","[136, 137, 138, 139, 152, 153, 154, 155, 168, 169, 170, 171, 184, 185, 186, 187]",,200077,ctapir,0.0,0.6666666666666667,0.4,0.0,1.0,1.0,1.0,0.0,/home/ekim339/projects/SD3.5/experiments/style_encoder/results/inputs/0035_22476.png,/home/ekim339/projects/SD3.5/experiments/style_encoder/results/generated/patches/r2c2/0035.png
787,patch,35,22476.png,edion,6tapr,4.9913518673210735,3038,0.0,"[2, 3]","[140, 141, 142, 143, 156, 157, 158, 159, 172, 173, 174, 175, 188, 189, 190, 191]",,200077,btap,0.0,0.6,0.4,0.0,1.0,1.0,1.0,0.0,/home/ekim339/projects/SD3.5/experiments/style_encoder/results/inputs/0035_22476.png,/home/ekim339/projects/SD3.5/experiments/style_encoder/results/generated/patches/r2c3/0035.png
788,patch,35,22476.png,edion,6tapr,4.9913518673210735,3038,0.0,"[3, 0]","[192, 193, 194, 195, 208, 209, 210, 211, 224, 225, 226, 227, 240, 241, 242, 243]",,200077,btap,0.0,0.6,0.4,0.0,1.0,1.0,1.0,0.0,/home/ekim339/projects/SD3.5/experiments/style_encoder/results/inputs/0035_22476.png,/home/ekim339/projects/SD3.5/experiments/style_encoder/results/generated/patches/r3c0/0035.png
789,patch,35,22476.png,edion,6tapr,4.9913518673210735,3038,0.0,"[3, 1]","[196, 197, 198, 199, 212, 213, 214, 215, 228, 229, 230, 231, 244, 245, 246, 247]",,200077,btap,0.0,0.6,0.4,0.0,1.0,1.0,1.0,0.0,/home/ekim339/projects/SD3.5/experiments/style_encoder/results/inputs/0035_22476.png,/home/ekim339/projects/SD3.5/experiments/style_encoder/results/generated/patches/r3c1/0035.png
790,patch,35,22476.png,edion,6tapr,4.9913518673210735,3038,0.0,"[3, 2]","[200, 201, 202, 203, 216, 217, 218, 219, 232, 233, 234, 235, 248, 249, 250, 251]",,200077,btap,0.0,0.6,0.4,0.0,1.0,1.0,1.0,0.0,/home/ekim339/projects/SD3.5/experiments/style_encoder/results/inputs/0035_22476.png,/home/ekim339/projects/SD3.5/experiments/style_encoder/results/generated/patches/r3c2/0035.png
791,patch,35,22476.png,edion,6tapr,4.9913518673210735,3038,0.0,"[3, 3]","[204, 205, 206, 207, 220, 221, 222, 223, 236, 237, 238, 239, 252, 253, 254, 255]",,200077,btapr,0.0,0.8,0.2,0.0,1.0,1.0,1.0,1.0,/home/ekim339/projects/SD3.5/experiments/style_encoder/results/inputs/0035_22476.png,/home/ekim339/projects/SD3.5/experiments/style_encoder/results/generated/patches/r3c3/0035.png
792,proportion,36,00629.png,gated,rdjlc,7.265536461369086,3039,0.0,,[],100402,200078,rdjlc,1.0,1.0,0.0,1.0,1.0,1.0,1.0,1.0,/home/ekim339/projects/SD3.5/experiments/style_encoder/results/inputs/0036_00629.png,/home/ekim339/projects/SD3.5/experiments/style_encoder/results/generated/proportions/mask-0p0/0036.png
793,proportion,36,00629.png,gated,rdjlc,7.265536461369086,3039,0.1,,[],100403,200078,rdjlc,1.0,1.0,0.0,1.0,1.0,1.0,1.0,1.0,/home/ekim339/projects/SD3.5/experiments/style_encoder/results/inputs/0036_00629.png,/home/ekim339/projects/SD3.5/experiments/style_encoder/results/generated/proportions/mask-0p1/0036.png
794,proportion,36,00629.png,gated,rdjlc,7.265536461369086,3039,0.3,,[],100405,200078,rdjlc,1.0,1.0,0.0,1.0,1.0,1.0,1.0,1.0,/home/ekim339/projects/SD3.5/experiments/style_encoder/results/inputs/0036_00629.png,/home/ekim339/projects/SD3.5/experiments/style_encoder/results/generated/proportions/mask-0p3/0036.png
795,proportion,36,00629.png,gated,rdjlc,7.265536461369086,3039,0.5,,[],100407,200078,rdjlc,1.0,1.0,0.0,1.0,1.0,1.0,1.0,1.0,/home/ekim339/projects/SD3.5/experiments/style_encoder/results/inputs/0036_00629.png,/home/ekim339/projects/SD3.5/experiments/style_encoder/results/generated/proportions/mask-0p5/0036.png
796,proportion,36,00629.png,gated,rdjlc,7.265536461369086,3039,0.7,,[],100409,200078,rdjlc,1.0,1.0,0.0,1.0,1.0,1.0,1.0,1.0,/home/ekim339/projects/SD3.5/experiments/style_encoder/results/inputs/0036_00629.png,/home/ekim339/projects/SD3.5/experiments/style_encoder/results/generated/proportions/mask-0p7/0036.png
797,patch,36,00629.png,gated,rdjlc,7.265536461369086,3039,0.0,,[],,200078,rdjlc,1.0,1.0,0.0,1.0,1.0,1.0,1.0,1.0,/home/ekim339/projects/SD3.5/experiments/style_encoder/results/inputs/0036_00629.png,/home/ekim339/projects/SD3.5/experiments/style_encoder/results/generated/patches/none/0036.png
798,patch,36,00629.png,gated,rdjlc,7.265536461369086,3039,0.0,"[0, 0]","[0, 1, 2, 3, 16, 17, 18, 19, 32, 33, 34, 35, 48, 49, 50, 51]",,200078,rdjlc,1.0,1.0,0.0,1.0,1.0,1.0,1.0,1.0,/home/ekim339/projects/SD3.5/experiments/style_encoder/results/inputs/0036_00629.png,/home/ekim339/projects/SD3.5/experiments/style_encoder/results/generated/patches/r0c0/0036.png
799,patch,36,00629.png,gated,rdjlc,7.265536461369086,3039,0.0,"[0, 1]","[4, 5, 6, 7, 20, 21, 22, 23, 36, 37, 38, 39, 52, 53, 54, 55]",,200078,rdjlc,1.0,1.0,0.0,1.0,1.0,1.0,1.0,1.0,/home/ekim339/projects/SD3.5/experiments/style_encoder/results/inputs/0036_00629.png,/home/ekim339/projects/SD3.5/experiments/style_encoder/results/generated/patches/r0c1/0036.png
800,patch,36,00629.png,gated,rdjlc,7.265536461369086,3039,0.0,"[0, 2]","[8, 9, 10, 11, 24, 25, 26, 27, 40, 41, 42, 43, 56, 57, 58, 59]",,200078,rdjlc,1.0,1.0,0.0,1.0,1.0,1.0,1.0,1.0,/home/ekim339/projects/SD3.5/experiments/style_encoder/results/inputs/0036_00629.png,/home/ekim339/projects/SD3.5/experiments/style_encoder/results/generated/patches/r0c2/0036.png
801,patch,36,00629.png,gated,rdjlc,7.265536461369086,3039,0.0,"[0, 3]","[12, 13, 14, 15, 28, 29, 30, 31, 44, 45, 46, 47, 60, 61, 62, 63]",,200078,rdjlc,1.0,1.0,0.0,1.0,1.0,1.0,1.0,1.0,/home/ekim339/projects/SD3.5/experiments/style_encoder/results/inputs/0036_00629.png,/home/ekim339/projects/SD3.5/experiments/style_encoder/results/generated/patches/r0c3/0036.png
802,patch,36,00629.png,gated,rdjlc,7.265536461369086,3039,0.0,"[1, 0]","[64, 65, 66, 67, 80, 81, 82, 83, 96, 97, 98, 99, 112, 113, 114, 115]",,200078,rdjlc,1.0,1.0,0.0,1.0,1.0,1.0,1.0,1.0,/home/ekim339/projects/SD3.5/experiments/style_encoder/results/inputs/0036_00629.png,/home/ekim339/projects/SD3.5/experiments/style_encoder/results/generated/patches/r1c0/0036.png
803,patch,36,00629.png,gated,rdjlc,7.265536461369086,3039,0.0,"[1, 1]","[68, 69, 70, 71, 84, 85, 86, 87, 100, 101, 102, 103, 116, 117, 118, 119]",,200078,rdjlc,1.0,1.0,0.0,1.0,1.0,1.0,1.0,1.0,/home/ekim339/projects/SD3.5/experiments/style_encoder/results/inputs/0036_00629.png,/home/ekim339/projects/SD3.5/experiments/style_encoder/results/generated/patches/r1c1/0036.png
804,patch,36,00629.png,gated,rdjlc,7.265536461369086,3039,0.0,"[1, 2]","[72, 73, 74, 75, 88, 89, 90, 91, 104, 105, 106, 107, 120, 121, 122, 123]",,200078,rdjlc,1.0,1.0,0.0,1.0,1.0,1.0,1.0,1.0,/home/ekim339/projects/SD3.5/experiments/style_encoder/results/inputs/0036_00629.png,/home/ekim339/projects/SD3.5/experiments/style_encoder/results/generated/patches/r1c2/0036.png
805,patch,36,00629.png,gated,rdjlc,7.265536461369086,3039,0.0,"[1, 3]","[76, 77, 78, 79, 92, 93, 94, 95, 108, 109, 110, 111, 124, 125, 126, 127]",,200078,rdjlc,1.0,1.0,0.0,1.0,1.0,1.0,1.0,1.0,/home/ekim339/projects/SD3.5/experiments/style_encoder/results/inputs/0036_00629.png,/home/ekim339/projects/SD3.5/experiments/style_encoder/results/generated/patches/r1c3/0036.png
806,patch,36,00629.png,gated,rdjlc,7.265536461369086,3039,0.0,"[2, 0]","[128, 129, 130, 131, 144, 145, 146, 147, 160, 161, 162, 163, 176, 177, 178, 179]",,200078,rdjlc,1.0,1.0,0.0,1.0,1.0,1.0,1.0,1.0,/home/ekim339/projects/SD3.5/experiments/style_encoder/results/inputs/0036_00629.png,/home/ekim339/projects/SD3.5/experiments/style_encoder/results/generated/patches/r2c0/0036.png
807,patch,36,00629.png,gated,rdjlc,7.265536461369086,3039,0.0,"[2, 1]","[132, 133, 134, 135, 148, 149, 150, 151, 164, 165, 166, 167, 180, 181, 182, 183]",,200078,rdjlc,1.0,1.0,0.0,1.0,1.0,1.0,1.0,1.0,/home/ekim339/projects/SD3.5/experiments/style_encoder/results/inputs/0036_00629.png,/home/ekim339/projects/SD3.5/experiments/style_encoder/results/generated/patches/r2c1/0036.png
808,patch,36,00629.png,gated,rdjlc,7.265536461369086,3039,0.0,"[2, 2]","[136, 137, 138, 139, 152, 153, 154, 155, 168, 169, 170, 171, 184, 185, 186, 187]",,200078,rdjlc,1.0,1.0,0.0,1.0,1.0,1.0,1.0,1.0,/home/ekim339/projects/SD3.5/experiments/style_encoder/results/inputs/0036_00629.png,/home/ekim339/projects/SD3.5/experiments/style_encoder/results/generated/patches/r2c2/0036.png
809,patch,36,00629.png,gated,rdjlc,7.265536461369086,3039,0.0,"[2, 3]","[140, 141, 142, 143, 156, 157, 158, 159, 172, 173, 174, 175, 188, 189, 190, 191]",,200078,rdjlc,1.0,1.0,0.0,1.0,1.0,1.0,1.0,1.0,/home/ekim339/projects/SD3.5/experiments/style_encoder/results/inputs/0036_00629.png,/home/ekim339/projects/SD3.5/experiments/style_encoder/results/generated/patches/r2c3/0036.png
810,patch,36,00629.png,gated,rdjlc,7.265536461369086,3039,0.0,"[3, 0]","[192, 193, 194, 195, 208, 209, 210, 211, 224, 225, 226, 227, 240, 241, 242, 243]",,200078,rdjlc,1.0,1.0,0.0,1.0,1.0,1.0,1.0,1.0,/home/ekim339/projects/SD3.5/experiments/style_encoder/results/inputs/0036_00629.png,/home/ekim339/projects/SD3.5/experiments/style_encoder/results/generated/patches/r3c0/0036.png
811,patch,36,00629.png,gated,rdjlc,7.265536461369086,3039,0.0,"[3, 1]","[196, 197, 198, 199, 212, 213, 214, 215, 228, 229, 230, 231, 244, 245, 246, 247]",,200078,rdjlc,1.0,1.0,0.0,1.0,1.0,1.0,1.0,1.0,/home/ekim339/projects/SD3.5/experiments/style_encoder/results/inputs/0036_00629.png,/home/ekim339/projects/SD3.5/experiments/style_encoder/results/generated/patches/r3c1/0036.png
812,patch,36,00629.png,gated,rdjlc,7.265536461369086,3039,0.0,"[3, 2]","[200, 201, 202, 203, 216, 217, 218, 219, 232, 233, 234, 235, 248, 249, 250, 251]",,200078,rdjlc,1.0,1.0,0.0,1.0,1.0,1.0,1.0,1.0,/home/ekim339/projects/SD3.5/experiments/style_encoder/results/inputs/0036_00629.png,/home/ekim339/projects/SD3.5/experiments/style_encoder/results/generated/patches/r3c2/0036.png
813,patch,36,00629.png,gated,rdjlc,7.265536461369086,3039,0.0,"[3, 3]","[204, 205, 206, 207, 220, 221, 222, 223, 236, 237, 238, 239, 252, 253, 254, 255]",,200078,rdjlc,1.0,1.0,0.0,1.0,1.0,1.0,1.0,1.0,/home/ekim339/projects/SD3.5/experiments/style_encoder/results/inputs/0036_00629.png,/home/ekim339/projects/SD3.5/experiments/style_encoder/results/generated/patches/r3c3/0036.png
814,proportion,37,11519.png,Keyed,okah3,3.177378729040748,3040,0.0,,[],100412,200079,okahp,0.0,0.8,0.2,1.0,1.0,1.0,1.0,0.0,/home/ekim339/projects/SD3.5/experiments/style_encoder/results/inputs/0037_11519.png,/home/ekim339/projects/SD3.5/experiments/style_encoder/results/generated/proportions/mask-0p0/0037.png
815,proportion,37,11519.png,Keyed,okah3,3.177378729040748,3040,0.1,,[],100413,200079,okahp,0.0,0.8,0.2,1.0,1.0,1.0,1.0,0.0,/home/ekim339/projects/SD3.5/experiments/style_encoder/results/inputs/0037_11519.png,/home/ekim339/projects/SD3.5/experiments/style_encoder/results/generated/proportions/mask-0p1/0037.png
816,proportion,37,11519.png,Keyed,okah3,3.177378729040748,3040,0.3,,[],100415,200079,okahs,0.0,0.8,0.2,1.0,1.0,1.0,1.0,0.0,/home/ekim339/projects/SD3.5/experiments/style_encoder/results/inputs/0037_11519.png,/home/ekim339/projects/SD3.5/experiments/style_encoder/results/generated/proportions/mask-0p3/0037.png
817,proportion,37,11519.png,Keyed,okah3,3.177378729040748,3040,0.5,,[],100417,200079,okahs,0.0,0.8,0.2,1.0,1.0,1.0,1.0,0.0,/home/ekim339/projects/SD3.5/experiments/style_encoder/results/inputs/0037_11519.png,/home/ekim339/projects/SD3.5/experiments/style_encoder/results/generated/proportions/mask-0p5/0037.png
818,proportion,37,11519.png,Keyed,okah3,3.177378729040748,3040,0.7,,[],100419,200079,okahs,0.0,0.8,0.2,1.0,1.0,1.0,1.0,0.0,/home/ekim339/projects/SD3.5/experiments/style_encoder/results/inputs/0037_11519.png,/home/ekim339/projects/SD3.5/experiments/style_encoder/results/generated/proportions/mask-0p7/0037.png
819,patch,37,11519.png,Keyed,okah3,3.177378729040748,3040,0.0,,[],,200079,okahp,0.0,0.8,0.2,1.0,1.0,1.0,1.0,0.0,/home/ekim339/projects/SD3.5/experiments/style_encoder/results/inputs/0037_11519.png,/home/ekim339/projects/SD3.5/experiments/style_encoder/results/generated/patches/none/0037.png
820,patch,37,11519.png,Keyed,okah3,3.177378729040748,3040,0.0,"[0, 0]","[0, 1, 2, 3, 16, 17, 18, 19, 32, 33, 34, 35, 48, 49, 50, 51]",,200079,okaho,0.0,0.8,0.2,1.0,1.0,1.0,1.0,0.0,/home/ekim339/projects/SD3.5/experiments/style_encoder/results/inputs/0037_11519.png,/home/ekim339/projects/SD3.5/experiments/style_encoder/results/generated/patches/r0c0/0037.png
821,patch,37,11519.png,Keyed,okah3,3.177378729040748,3040,0.0,"[0, 1]","[4, 5, 6, 7, 20, 21, 22, 23, 36, 37, 38, 39, 52, 53, 54, 55]",,200079,okahp,0.0,0.8,0.2,1.0,1.0,1.0,1.0,0.0,/home/ekim339/projects/SD3.5/experiments/style_encoder/results/inputs/0037_11519.png,/home/ekim339/projects/SD3.5/experiments/style_encoder/results/generated/patches/r0c1/0037.png
822,patch,37,11519.png,Keyed,okah3,3.177378729040748,3040,0.0,"[0, 2]","[8, 9, 10, 11, 24, 25, 26, 27, 40, 41, 42, 43, 56, 57, 58, 59]",,200079,okahp,0.0,0.8,0.2,1.0,1.0,1.0,1.0,0.0,/home/ekim339/projects/SD3.5/experiments/style_encoder/results/inputs/0037_11519.png,/home/ekim339/projects/SD3.5/experiments/style_encoder/results/generated/patches/r0c2/0037.png
823,patch,37,11519.png,Keyed,okah3,3.177378729040748,3040,0.0,"[0, 3]","[12, 13, 14, 15, 28, 29, 30, 31, 44, 45, 46, 47, 60, 61, 62, 63]",,200079,okahp,0.0,0.8,0.2,1.0,1.0,1.0,1.0,0.0,/home/ekim339/projects/SD3.5/experiments/style_encoder/results/inputs/0037_11519.png,/home/ekim339/projects/SD3.5/experiments/style_encoder/results/generated/patches/r0c3/0037.png
824,patch,37,11519.png,Keyed,okah3,3.177378729040748,3040,0.0,"[1, 0]","[64, 65, 66, 67, 80, 81, 82, 83, 96, 97, 98, 99, 112, 113, 114, 115]",,200079,okahs,0.0,0.8,0.2,1.0,1.0,1.0,1.0,0.0,/home/ekim339/projects/SD3.5/experiments/style_encoder/results/inputs/0037_11519.png,/home/ekim339/projects/SD3.5/experiments/style_encoder/results/generated/patches/r1c0/0037.png
825,patch,37,11519.png,Keyed,okah3,3.177378729040748,3040,0.0,"[1, 1]","[68, 69, 70, 71, 84, 85, 86, 87, 100, 101, 102, 103, 116, 117, 118, 119]",,200079,okahp,0.0,0.8,0.2,1.0,1.0,1.0,1.0,0.0,/home/ekim339/projects/SD3.5/experiments/style_encoder/results/inputs/0037_11519.png,/home/ekim339/projects/SD3.5/experiments/style_encoder/results/generated/patches/r1c1/0037.png
826,patch,37,11519.png,Keyed,okah3,3.177378729040748,3040,0.0,"[1, 2]","[72, 73, 74, 75, 88, 89, 90, 91, 104, 105, 106, 107, 120, 121, 122, 123]",,200079,okahp,0.0,0.8,0.2,1.0,1.0,1.0,1.0,0.0,/home/ekim339/projects/SD3.5/experiments/style_encoder/results/inputs/0037_11519.png,/home/ekim339/projects/SD3.5/experiments/style_encoder/results/generated/patches/r1c2/0037.png
827,patch,37,11519.png,Keyed,okah3,3.177378729040748,3040,0.0,"[1, 3]","[76, 77, 78, 79, 92, 93, 94, 95, 108, 109, 110, 111, 124, 125, 126, 127]",,200079,okahs,0.0,0.8,0.2,1.0,1.0,1.0,1.0,0.0,/home/ekim339/projects/SD3.5/experiments/style_encoder/results/inputs/0037_11519.png,/home/ekim339/projects/SD3.5/experiments/style_encoder/results/generated/patches/r1c3/0037.png
828,patch,37,11519.png,Keyed,okah3,3.177378729040748,3040,0.0,"[2, 0]","[128, 129, 130, 131, 144, 145, 146, 147, 160, 161, 162, 163, 176, 177, 178, 179]",,200079,okahs,0.0,0.8,0.2,1.0,1.0,1.0,1.0,0.0,/home/ekim339/projects/SD3.5/experiments/style_encoder/results/inputs/0037_11519.png,/home/ekim339/projects/SD3.5/experiments/style_encoder/results/generated/patches/r2c0/0037.png
829,patch,37,11519.png,Keyed,okah3,3.177378729040748,3040,0.0,"[2, 1]","[132, 133, 134, 135, 148, 149, 150, 151, 164, 165, 166, 167, 180, 181, 182, 183]",,200079,okahb,0.0,0.8,0.2,1.0,1.0,1.0,1.0,0.0,/home/ekim339/projects/SD3.5/experiments/style_encoder/results/inputs/0037_11519.png,/home/ekim339/projects/SD3.5/experiments/style_encoder/results/generated/patches/r2c1/0037.png
830,patch,37,11519.png,Keyed,okah3,3.177378729040748,3040,0.0,"[2, 2]","[136, 137, 138, 139, 152, 153, 154, 155, 168, 169, 170, 171, 184, 185, 186, 187]",,200079,okahp,0.0,0.8,0.2,1.0,1.0,1.0,1.0,0.0,/home/ekim339/projects/SD3.5/experiments/style_encoder/results/inputs/0037_11519.png,/home/ekim339/projects/SD3.5/experiments/style_encoder/results/generated/patches/r2c2/0037.png
831,patch,37,11519.png,Keyed,okah3,3.177378729040748,3040,0.0,"[2, 3]","[140, 141, 142, 143, 156, 157, 158, 159, 172, 173, 174, 175, 188, 189, 190, 191]",,200079,okahs,0.0,0.8,0.2,1.0,1.0,1.0,1.0,0.0,/home/ekim339/projects/SD3.5/experiments/style_encoder/results/inputs/0037_11519.png,/home/ekim339/projects/SD3.5/experiments/style_encoder/results/generated/patches/r2c3/0037.png
832,patch,37,11519.png,Keyed,okah3,3.177378729040748,3040,0.0,"[3, 0]","[192, 193, 194, 195, 208, 209, 210, 211, 224, 225, 226, 227, 240, 241, 242, 243]",,200079,okahs,0.0,0.8,0.2,1.0,1.0,1.0,1.0,0.0,/home/ekim339/projects/SD3.5/experiments/style_encoder/results/inputs/0037_11519.png,/home/ekim339/projects/SD3.5/experiments/style_encoder/results/generated/patches/r3c0/0037.png
833,patch,37,11519.png,Keyed,okah3,3.177378729040748,3040,0.0,"[3, 1]","[196, 197, 198, 199, 212, 213, 214, 215, 228, 229, 230, 231, 244, 245, 246, 247]",,200079,okahp,0.0,0.8,0.2,1.0,1.0,1.0,1.0,0.0,/home/ekim339/projects/SD3.5/experiments/style_encoder/results/inputs/0037_11519.png,/home/ekim339/projects/SD3.5/experiments/style_encoder/results/generated/patches/r3c1/0037.png
834,patch,37,11519.png,Keyed,okah3,3.177378729040748,3040,0.0,"[3, 2]","[200, 201, 202, 203, 216, 217, 218, 219, 232, 233, 234, 235, 248, 249, 250, 251]",,200079,okahp,0.0,0.8,0.2,1.0,1.0,1.0,1.0,0.0,/home/ekim339/projects/SD3.5/experiments/style_encoder/results/inputs/0037_11519.png,/home/ekim339/projects/SD3.5/experiments/style_encoder/results/generated/patches/r3c2/0037.png
835,patch,37,11519.png,Keyed,okah3,3.177378729040748,3040,0.0,"[3, 3]","[204, 205, 206, 207, 220, 221, 222, 223, 236, 237, 238, 239, 252, 253, 254, 255]",,200079,okahp,0.0,0.8,0.2,1.0,1.0,1.0,1.0,0.0,/home/ekim339/projects/SD3.5/experiments/style_encoder/results/inputs/0037_11519.png,/home/ekim339/projects/SD3.5/experiments/style_encoder/results/generated/patches/r3c3/0037.png
836,proportion,38,09508.png,passe,0or7f,8.50024243618734,3041,0.0,,[],100422,200080,oorzf,0.0,0.6,0.4,0.0,1.0,1.0,0.0,1.0,/home/ekim339/projects/SD3.5/experiments/style_encoder/results/inputs/0038_09508.png,/home/ekim339/projects/SD3.5/experiments/style_encoder/results/generated/proportions/mask-0p0/0038.png
837,proportion,38,09508.png,passe,0or7f,8.50024243618734,3041,0.1,,[],100423,200080,oorzf,0.0,0.6,0.4,0.0,1.0,1.0,0.0,1.0,/home/ekim339/projects/SD3.5/experiments/style_encoder/results/inputs/0038_09508.png,/home/ekim339/projects/SD3.5/experiments/style_encoder/results/generated/proportions/mask-0p1/0038.png
838,proportion,38,09508.png,passe,0or7f,8.50024243618734,3041,0.3,,[],100425,200080,oorzf,0.0,0.6,0.4,0.0,1.0,1.0,0.0,1.0,/home/ekim339/projects/SD3.5/experiments/style_encoder/results/inputs/0038_09508.png,/home/ekim339/projects/SD3.5/experiments/style_encoder/results/generated/proportions/mask-0p3/0038.png
839,proportion,38,09508.png,passe,0or7f,8.50024243618734,3041,0.5,,[],100427,200080,oorzf,0.0,0.6,0.4,0.0,1.0,1.0,0.0,1.0,/home/ekim339/projects/SD3.5/experiments/style_encoder/results/inputs/0038_09508.png,/home/ekim339/projects/SD3.5/experiments/style_encoder/results/generated/proportions/mask-0p5/0038.png
840,proportion,38,09508.png,passe,0or7f,8.50024243618734,3041,0.7,,[],100429,200080,oorff,0.0,0.6,0.4,0.0,1.0,1.0,0.0,1.0,/home/ekim339/projects/SD3.5/experiments/style_encoder/results/inputs/0038_09508.png,/home/ekim339/projects/SD3.5/experiments/style_encoder/results/generated/proportions/mask-0p7/0038.png
841,patch,38,09508.png,passe,0or7f,8.50024243618734,3041,0.0,,[],,200080,oorzf,0.0,0.6,0.4,0.0,1.0,1.0,0.0,1.0,/home/ekim339/projects/SD3.5/experiments/style_encoder/results/inputs/0038_09508.png,/home/ekim339/projects/SD3.5/experiments/style_encoder/results/generated/patches/none/0038.png
842,patch,38,09508.png,passe,0or7f,8.50024243618734,3041,0.0,"[0, 0]","[0, 1, 2, 3, 16, 17, 18, 19, 32, 33, 34, 35, 48, 49, 50, 51]",,200080,oorzf,0.0,0.6,0.4,0.0,1.0,1.0,0.0,1.0,/home/ekim339/projects/SD3.5/experiments/style_encoder/results/inputs/0038_09508.png,/home/ekim339/projects/SD3.5/experiments/style_encoder/results/generated/patches/r0c0/0038.png
843,patch,38,09508.png,passe,0or7f,8.50024243618734,3041,0.0,"[0, 1]","[4, 5, 6, 7, 20, 21, 22, 23, 36, 37, 38, 39, 52, 53, 54, 55]",,200080,oorzf,0.0,0.6,0.4,0.0,1.0,1.0,0.0,1.0,/home/ekim339/projects/SD3.5/experiments/style_encoder/results/inputs/0038_09508.png,/home/ekim339/projects/SD3.5/experiments/style_encoder/results/generated/patches/r0c1/0038.png
844,patch,38,09508.png,passe,0or7f,8.50024243618734,3041,0.0,"[0, 2]","[8, 9, 10, 11, 24, 25, 26, 27, 40, 41, 42, 43, 56, 57, 58, 59]",,200080,oorzf,0.0,0.6,0.4,0.0,1.0,1.0,0.0,1.0,/home/ekim339/projects/SD3.5/experiments/style_encoder/results/inputs/0038_09508.png,/home/ekim339/projects/SD3.5/experiments/style_encoder/results/generated/patches/r0c2/0038.png
845,patch,38,09508.png,passe,0or7f,8.50024243618734,3041,0.0,"[0, 3]","[12, 13, 14, 15, 28, 29, 30, 31, 44, 45, 46, 47, 60, 61, 62, 63]",,200080,oorzf,0.0,0.6,0.4,0.0,1.0,1.0,0.0,1.0,/home/ekim339/projects/SD3.5/experiments/style_encoder/results/inputs/0038_09508.png,/home/ekim339/projects/SD3.5/experiments/style_encoder/results/generated/patches/r0c3/0038.png
846,patch,38,09508.png,passe,0or7f,8.50024243618734,3041,0.0,"[1, 0]","[64, 65, 66, 67, 80, 81, 82, 83, 96, 97, 98, 99, 112, 113, 114, 115]",,200080,oorff,0.0,0.6,0.4,0.0,1.0,1.0,0.0,1.0,/home/ekim339/projects/SD3.5/experiments/style_encoder/results/inputs/0038_09508.png,/home/ekim339/projects/SD3.5/experiments/style_encoder/results/generated/patches/r1c0/0038.png
847,patch,38,09508.png,passe,0or7f,8.50024243618734,3041,0.0,"[1, 1]","[68, 69, 70, 71, 84, 85, 86, 87, 100, 101, 102, 103, 116, 117, 118, 119]",,200080,oorzf,0.0,0.6,0.4,0.0,1.0,1.0,0.0,1.0,/home/ekim339/projects/SD3.5/experiments/style_encoder/results/inputs/0038_09508.png,/home/ekim339/projects/SD3.5/experiments/style_encoder/results/generated/patches/r1c1/0038.png
848,patch,38,09508.png,passe,0or7f,8.50024243618734,3041,0.0,"[1, 2]","[72, 73, 74, 75, 88, 89, 90, 91, 104, 105, 106, 107, 120, 121, 122, 123]",,200080,oorzf,0.0,0.6,0.4,0.0,1.0,1.0,0.0,1.0,/home/ekim339/projects/SD3.5/experiments/style_encoder/results/inputs/0038_09508.png,/home/ekim339/projects/SD3.5/experiments/style_encoder/results/generated/patches/r1c2/0038.png
849,patch,38,09508.png,passe,0or7f,8.50024243618734,3041,0.0,"[1, 3]","[76, 77, 78, 79, 92, 93, 94, 95, 108, 109, 110, 111, 124, 125, 126, 127]",,200080,oorlf,0.0,0.6,0.4,0.0,1.0,1.0,0.0,1.0,/home/ekim339/projects/SD3.5/experiments/style_encoder/results/inputs/0038_09508.png,/home/ekim339/projects/SD3.5/experiments/style_encoder/results/generated/patches/r1c3/0038.png
850,patch,38,09508.png,passe,0or7f,8.50024243618734,3041,0.0,"[2, 0]","[128, 129, 130, 131, 144, 145, 146, 147, 160, 161, 162, 163, 176, 177, 178, 179]",,200080,oorff,0.0,0.6,0.4,0.0,1.0,1.0,0.0,1.0,/home/ekim339/projects/SD3.5/experiments/style_encoder/results/inputs/0038_09508.png,/home/ekim339/projects/SD3.5/experiments/style_encoder/results/generated/patches/r2c0/0038.png
851,patch,38,09508.png,passe,0or7f,8.50024243618734,3041,0.0,"[2, 1]","[132, 133, 134, 135, 148, 149, 150, 151, 164, 165, 166, 167, 180, 181, 182, 183]",,200080,oorzf,0.0,0.6,0.4,0.0,1.0,1.0,0.0,1.0,/home/ekim339/projects/SD3.5/experiments/style_encoder/results/inputs/0038_09508.png,/home/ekim339/projects/SD3.5/experiments/style_encoder/results/generated/patches/r2c1/0038.png
852,patch,38,09508.png,passe,0or7f,8.50024243618734,3041,0.0,"[2, 2]","[136, 137, 138, 139, 152, 153, 154, 155, 168, 169, 170, 171, 184, 185, 186, 187]",,200080,oorzf,0.0,0.6,0.4,0.0,1.0,1.0,0.0,1.0,/home/ekim339/projects/SD3.5/experiments/style_encoder/results/inputs/0038_09508.png,/home/ekim339/projects/SD3.5/experiments/style_encoder/results/generated/patches/r2c2/0038.png
853,patch,38,09508.png,passe,0or7f,8.50024243618734,3041,0.0,"[2, 3]","[140, 141, 142, 143, 156, 157, 158, 159, 172, 173, 174, 175, 188, 189, 190, 191]",,200080,oortf,0.0,0.6,0.4,0.0,1.0,1.0,0.0,1.0,/home/ekim339/projects/SD3.5/experiments/style_encoder/results/inputs/0038_09508.png,/home/ekim339/projects/SD3.5/experiments/style_encoder/results/generated/patches/r2c3/0038.png
854,patch,38,09508.png,passe,0or7f,8.50024243618734,3041,0.0,"[3, 0]","[192, 193, 194, 195, 208, 209, 210, 211, 224, 225, 226, 227, 240, 241, 242, 243]",,200080,oorzf,0.0,0.6,0.4,0.0,1.0,1.0,0.0,1.0,/home/ekim339/projects/SD3.5/experiments/style_encoder/results/inputs/0038_09508.png,/home/ekim339/projects/SD3.5/experiments/style_encoder/results/generated/patches/r3c0/0038.png
855,patch,38,09508.png,passe,0or7f,8.50024243618734,3041,0.0,"[3, 1]","[196, 197, 198, 199, 212, 213, 214, 215, 228, 229, 230, 231, 244, 245, 246, 247]",,200080,oorzf,0.0,0.6,0.4,0.0,1.0,1.0,0.0,1.0,/home/ekim339/projects/SD3.5/experiments/style_encoder/results/inputs/0038_09508.png,/home/ekim339/projects/SD3.5/experiments/style_encoder/results/generated/patches/r3c1/0038.png
856,patch,38,09508.png,passe,0or7f,8.50024243618734,3041,0.0,"[3, 2]","[200, 201, 202, 203, 216, 217, 218, 219, 232, 233, 234, 235, 248, 249, 250, 251]",,200080,oorzf,0.0,0.6,0.4,0.0,1.0,1.0,0.0,1.0,/home/ekim339/projects/SD3.5/experiments/style_encoder/results/inputs/0038_09508.png,/home/ekim339/projects/SD3.5/experiments/style_encoder/results/generated/patches/r3c2/0038.png
857,patch,38,09508.png,passe,0or7f,8.50024243618734,3041,0.0,"[3, 3]","[204, 205, 206, 207, 220, 221, 222, 223, 236, 237, 238, 239, 252, 253, 254, 255]",,200080,oorrf,0.0,0.6,0.4,0.0,1.0,1.0,0.0,1.0,/home/ekim339/projects/SD3.5/experiments/style_encoder/results/inputs/0038_09508.png,/home/ekim339/projects/SD3.5/experiments/style_encoder/results/generated/patches/r3c3/0038.png
858,proportion,39,16118.png,asway,faj3x,8.946722943943175,3042,0.0,,[],100432,200081,fifaaso,0.0,0.2857142857142857,1.0,1.0,0.0,0.0,0.0,0.0,/home/ekim339/projects/SD3.5/experiments/style_encoder/results/inputs/0039_16118.png,/home/ekim339/projects/SD3.5/experiments/style_encoder/results/generated/proportions/mask-0p0/0039.png
859,proportion,39,16118.png,asway,faj3x,8.946722943943175,3042,0.1,,[],100433,200081,fajsx,0.0,0.8,0.2,1.0,1.0,1.0,0.0,1.0,/home/ekim339/projects/SD3.5/experiments/style_encoder/results/inputs/0039_16118.png,/home/ekim339/projects/SD3.5/experiments/style_encoder/results/generated/proportions/mask-0p1/0039.png
860,proportion,39,16118.png,asway,faj3x,8.946722943943175,3042,0.3,,[],100435,200081,fajsx,0.0,0.8,0.2,1.0,1.0,1.0,0.0,1.0,/home/ekim339/projects/SD3.5/experiments/style_encoder/results/inputs/0039_16118.png,/home/ekim339/projects/SD3.5/experiments/style_encoder/results/generated/proportions/mask-0p3/0039.png
861,proportion,39,16118.png,asway,faj3x,8.946722943943175,3042,0.5,,[],100437,200081,fajsx,0.0,0.8,0.2,1.0,1.0,1.0,0.0,1.0,/home/ekim339/projects/SD3.5/experiments/style_encoder/results/inputs/0039_16118.png,/home/ekim339/projects/SD3.5/experiments/style_encoder/results/generated/proportions/mask-0p5/0039.png
862,proportion,39,16118.png,asway,faj3x,8.946722943943175,3042,0.7,,[],100439,200081,fajsx,0.0,0.8,0.2,1.0,1.0,1.0,0.0,1.0,/home/ekim339/projects/SD3.5/experiments/style_encoder/results/inputs/0039_16118.png,/home/ekim339/projects/SD3.5/experiments/style_encoder/results/generated/proportions/mask-0p7/0039.png
863,patch,39,16118.png,asway,faj3x,8.946722943943175,3042,0.0,,[],,200081,fifaaso,0.0,0.2857142857142857,1.0,1.0,0.0,0.0,0.0,0.0,/home/ekim339/projects/SD3.5/experiments/style_encoder/results/inputs/0039_16118.png,/home/ekim339/projects/SD3.5/experiments/style_encoder/results/generated/patches/none/0039.png
864,patch,39,16118.png,asway,faj3x,8.946722943943175,3042,0.0,"[0, 0]","[0, 1, 2, 3, 16, 17, 18, 19, 32, 33, 34, 35, 48, 49, 50, 51]",,200081,fajsx,0.0,0.8,0.2,1.0,1.0,1.0,0.0,1.0,/home/ekim339/projects/SD3.5/experiments/style_encoder/results/inputs/0039_16118.png,/home/ekim339/projects/SD3.5/experiments/style_encoder/results/generated/patches/r0c0/0039.png
865,patch,39,16118.png,asway,faj3x,8.946722943943175,3042,0.0,"[0, 1]","[4, 5, 6, 7, 20, 21, 22, 23, 36, 37, 38, 39, 52, 53, 54, 55]",,200081,fajsx,0.0,0.8,0.2,1.0,1.0,1.0,0.0,1.0,/home/ekim339/projects/SD3.5/experiments/style_encoder/results/inputs/0039_16118.png,/home/ekim339/projects/SD3.5/experiments/style_encoder/results/generated/patches/r0c1/0039.png
866,patch,39,16118.png,asway,faj3x,8.946722943943175,3042,0.0,"[0, 2]","[8, 9, 10, 11, 24, 25, 26, 27, 40, 41, 42, 43, 56, 57, 58, 59]",,200081,iffajsxx,0.0,0.5,0.8,0.0,0.0,0.0,0.0,0.0,/home/ekim339/projects/SD3.5/experiments/style_encoder/results/inputs/0039_16118.png,/home/ekim339/projects/SD3.5/experiments/style_encoder/results/generated/patches/r0c2/0039.png
867,patch,39,16118.png,asway,faj3x,8.946722943943175,3042,0.0,"[0, 3]","[12, 13, 14, 15, 28, 29, 30, 31, 44, 45, 46, 47, 60, 61, 62, 63]",,200081,fajsx,0.0,0.8,0.2,1.0,1.0,1.0,0.0,1.0,/home/ekim339/projects/SD3.5/experiments/style_encoder/results/inputs/0039_16118.png,/home/ekim339/projects/SD3.5/experiments/style_encoder/results/generated/patches/r0c3/0039.png
868,patch,39,16118.png,asway,faj3x,8.946722943943175,3042,0.0,"[1, 0]","[64, 65, 66, 67, 80, 81, 82, 83, 96, 97, 98, 99, 112, 113, 114, 115]",,200081,fajsx,0.0,0.8,0.2,1.0,1.0,1.0,0.0,1.0,/home/ekim339/projects/SD3.5/experiments/style_encoder/results/inputs/0039_16118.png,/home/ekim339/projects/SD3.5/experiments/style_encoder/results/generated/patches/r1c0/0039.png
869,patch,39,16118.png,asway,faj3x,8.946722943943175,3042,0.0,"[1, 1]","[68, 69, 70, 71, 84, 85, 86, 87, 100, 101, 102, 103, 116, 117, 118, 119]",,200081,ffajsxx,0.0,0.5714285714285714,0.6,1.0,0.0,0.0,0.0,0.0,/home/ekim339/projects/SD3.5/experiments/style_encoder/results/inputs/0039_16118.png,/home/ekim339/projects/SD3.5/experiments/style_encoder/results/generated/patches/r1c1/0039.png
870,patch,39,16118.png,asway,faj3x,8.946722943943175,3042,0.0,"[1, 2]","[72, 73, 74, 75, 88, 89, 90, 91, 104, 105, 106, 107, 120, 121, 122, 123]",,200081,infajsxx,0.0,0.5,0.8,0.0,0.0,0.0,0.0,0.0,/home/ekim339/projects/SD3.5/experiments/style_encoder/results/inputs/0039_16118.png,/home/ekim339/projects/SD3.5/experiments/style_encoder/results/generated/patches/r1c2/0039.png
871,patch,39,16118.png,asway,faj3x,8.946722943943175,3042,0.0,"[1, 3]","[76, 77, 78, 79, 92, 93, 94, 95, 108, 109, 110, 111, 124, 125, 126, 127]",,200081,fajsx,0.0,0.8,0.2,1.0,1.0,1.0,0.0,1.0,/home/ekim339/projects/SD3.5/experiments/style_encoder/results/inputs/0039_16118.png,/home/ekim339/projects/SD3.5/experiments/style_encoder/results/generated/patches/r1c3/0039.png
872,patch,39,16118.png,asway,faj3x,8.946722943943175,3042,0.0,"[2, 0]","[128, 129, 130, 131, 144, 145, 146, 147, 160, 161, 162, 163, 176, 177, 178, 179]",,200081,fajsx,0.0,0.8,0.2,1.0,1.0,1.0,0.0,1.0,/home/ekim339/projects/SD3.5/experiments/style_encoder/results/inputs/0039_16118.png,/home/ekim339/projects/SD3.5/experiments/style_encoder/results/generated/patches/r2c0/0039.png
873,patch,39,16118.png,asway,faj3x,8.946722943943175,3042,0.0,"[2, 1]","[132, 133, 134, 135, 148, 149, 150, 151, 164, 165, 166, 167, 180, 181, 182, 183]",,200081,liffajoxx,0.0,0.4444444444444444,1.0,0.0,0.0,0.0,0.0,0.0,/home/ekim339/projects/SD3.5/experiments/style_encoder/results/inputs/0039_16118.png,/home/ekim339/projects/SD3.5/experiments/style_encoder/results/generated/patches/r2c1/0039.png
874,patch,39,16118.png,asway,faj3x,8.946722943943175,3042,0.0,"[2, 2]","[136, 137, 138, 139, 152, 153, 154, 155, 168, 169, 170, 171, 184, 185, 186, 187]",,200081,liffajsxx,0.0,0.4444444444444444,1.0,0.0,0.0,0.0,0.0,0.0,/home/ekim339/projects/SD3.5/experiments/style_encoder/results/inputs/0039_16118.png,/home/ekim339/projects/SD3.5/experiments/style_encoder/results/generated/patches/r2c2/0039.png
875,patch,39,16118.png,asway,faj3x,8.946722943943175,3042,0.0,"[2, 3]","[140, 141, 142, 143, 156, 157, 158, 159, 172, 173, 174, 175, 188, 189, 190, 191]",,200081,fajsx,0.0,0.8,0.2,1.0,1.0,1.0,0.0,1.0,/home/ekim339/projects/SD3.5/experiments/style_encoder/results/inputs/0039_16118.png,/home/ekim339/projects/SD3.5/experiments/style_encoder/results/generated/patches/r2c3/0039.png
876,patch,39,16118.png,asway,faj3x,8.946722943943175,3042,0.0,"[3, 0]","[192, 193, 194, 195, 208, 209, 210, 211, 224, 225, 226, 227, 240, 241, 242, 243]",,200081,fajsx,0.0,0.8,0.2,1.0,1.0,1.0,0.0,1.0,/home/ekim339/projects/SD3.5/experiments/style_encoder/results/inputs/0039_16118.png,/home/ekim339/projects/SD3.5/experiments/style_encoder/results/generated/patches/r3c0/0039.png
877,patch,39,16118.png,asway,faj3x,8.946722943943175,3042,0.0,"[3, 1]","[196, 197, 198, 199, 212, 213, 214, 215, 228, 229, 230, 231, 244, 245, 246, 247]",,200081,iffassxx,0.0,0.375,1.0,0.0,0.0,0.0,0.0,0.0,/home/ekim339/projects/SD3.5/experiments/style_encoder/results/inputs/0039_16118.png,/home/ekim339/projects/SD3.5/experiments/style_encoder/results/generated/patches/r3c1/0039.png
878,patch,39,16118.png,asway,faj3x,8.946722943943175,3042,0.0,"[3, 2]","[200, 201, 202, 203, 216, 217, 218, 219, 232, 233, 234, 235, 248, 249, 250, 251]",,200081,iffassxx,0.0,0.375,1.0,0.0,0.0,0.0,0.0,0.0,/home/ekim339/projects/SD3.5/experiments/style_encoder/results/inputs/0039_16118.png,/home/ekim339/projects/SD3.5/experiments/style_encoder/results/generated/patches/r3c2/0039.png
879,patch,39,16118.png,asway,faj3x,8.946722943943175,3042,0.0,"[3, 3]","[204, 205, 206, 207, 220, 221, 222, 223, 236, 237, 238, 239, 252, 253, 254, 255]",,200081,fajsx,0.0,0.8,0.2,1.0,1.0,1.0,0.0,1.0,/home/ekim339/projects/SD3.5/experiments/style_encoder/results/inputs/0039_16118.png,/home/ekim339/projects/SD3.5/experiments/style_encoder/results/generated/patches/r3c3/0039.png
880,proportion,40,34188.png,scove,izdim,8.319127339241941,3043,0.0,,[],100442,200082,izdim,1.0,1.0,0.0,1.0,1.0,1.0,1.0,1.0,/home/ekim339/projects/SD3.5/experiments/style_encoder/results/inputs/0040_34188.png,/home/ekim339/projects/SD3.5/experiments/style_encoder/results/generated/proportions/mask-0p0/0040.png
881,proportion,40,34188.png,scove,izdim,8.319127339241941,3043,0.1,,[],100443,200082,izdim,1.0,1.0,0.0,1.0,1.0,1.0,1.0,1.0,/home/ekim339/projects/SD3.5/experiments/style_encoder/results/inputs/0040_34188.png,/home/ekim339/projects/SD3.5/experiments/style_encoder/results/generated/proportions/mask-0p1/0040.png
882,proportion,40,34188.png,scove,izdim,8.319127339241941,3043,0.3,,[],100445,200082,izdim,1.0,1.0,0.0,1.0,1.0,1.0,1.0,1.0,/home/ekim339/projects/SD3.5/experiments/style_encoder/results/inputs/0040_34188.png,/home/ekim339/projects/SD3.5/experiments/style_encoder/results/generated/proportions/mask-0p3/0040.png
883,proportion,40,34188.png,scove,izdim,8.319127339241941,3043,0.5,,[],100447,200082,izdim,1.0,1.0,0.0,1.0,1.0,1.0,1.0,1.0,/home/ekim339/projects/SD3.5/experiments/style_encoder/results/inputs/0040_34188.png,/home/ekim339/projects/SD3.5/experiments/style_encoder/results/generated/proportions/mask-0p5/0040.png
884,proportion,40,34188.png,scove,izdim,8.319127339241941,3043,0.7,,[],100449,200082,izdim,1.0,1.0,0.0,1.0,1.0,1.0,1.0,1.0,/home/ekim339/projects/SD3.5/experiments/style_encoder/results/inputs/0040_34188.png,/home/ekim339/projects/SD3.5/experiments/style_encoder/results/generated/proportions/mask-0p7/0040.png
885,patch,40,34188.png,scove,izdim,8.319127339241941,3043,0.0,,[],,200082,izdim,1.0,1.0,0.0,1.0,1.0,1.0,1.0,1.0,/home/ekim339/projects/SD3.5/experiments/style_encoder/results/inputs/0040_34188.png,/home/ekim339/projects/SD3.5/experiments/style_encoder/results/generated/patches/none/0040.png
886,patch,40,34188.png,scove,izdim,8.319127339241941,3043,0.0,"[0, 0]","[0, 1, 2, 3, 16, 17, 18, 19, 32, 33, 34, 35, 48, 49, 50, 51]",,200082,izdim,1.0,1.0,0.0,1.0,1.0,1.0,1.0,1.0,/home/ekim339/projects/SD3.5/experiments/style_encoder/results/inputs/0040_34188.png,/home/ekim339/projects/SD3.5/experiments/style_encoder/results/generated/patches/r0c0/0040.png
887,patch,40,34188.png,scove,izdim,8.319127339241941,3043,0.0,"[0, 1]","[4, 5, 6, 7, 20, 21, 22, 23, 36, 37, 38, 39, 52, 53, 54, 55]",,200082,izdim,1.0,1.0,0.0,1.0,1.0,1.0,1.0,1.0,/home/ekim339/projects/SD3.5/experiments/style_encoder/results/inputs/0040_34188.png,/home/ekim339/projects/SD3.5/experiments/style_encoder/results/generated/patches/r0c1/0040.png
888,patch,40,34188.png,scove,izdim,8.319127339241941,3043,0.0,"[0, 2]","[8, 9, 10, 11, 24, 25, 26, 27, 40, 41, 42, 43, 56, 57, 58, 59]",,200082,izdim,1.0,1.0,0.0,1.0,1.0,1.0,1.0,1.0,/home/ekim339/projects/SD3.5/experiments/style_encoder/results/inputs/0040_34188.png,/home/ekim339/projects/SD3.5/experiments/style_encoder/results/generated/patches/r0c2/0040.png
889,patch,40,34188.png,scove,izdim,8.319127339241941,3043,0.0,"[0, 3]","[12, 13, 14, 15, 28, 29, 30, 31, 44, 45, 46, 47, 60, 61, 62, 63]",,200082,izdim,1.0,1.0,0.0,1.0,1.0,1.0,1.0,1.0,/home/ekim339/projects/SD3.5/experiments/style_encoder/results/inputs/0040_34188.png,/home/ekim339/projects/SD3.5/experiments/style_encoder/results/generated/patches/r0c3/0040.png
890,patch,40,34188.png,scove,izdim,8.319127339241941,3043,0.0,"[1, 0]","[64, 65, 66, 67, 80, 81, 82, 83, 96, 97, 98, 99, 112, 113, 114, 115]",,200082,izdim,1.0,1.0,0.0,1.0,1.0,1.0,1.0,1.0,/home/ekim339/projects/SD3.5/experiments/style_encoder/results/inputs/0040_34188.png,/home/ekim339/projects/SD3.5/experiments/style_encoder/results/generated/patches/r1c0/0040.png
891,patch,40,34188.png,scove,izdim,8.319127339241941,3043,0.0,"[1, 1]","[68, 69, 70, 71, 84, 85, 86, 87, 100, 101, 102, 103, 116, 117, 118, 119]",,200082,izdim,1.0,1.0,0.0,1.0,1.0,1.0,1.0,1.0,/home/ekim339/projects/SD3.5/experiments/style_encoder/results/inputs/0040_34188.png,/home/ekim339/projects/SD3.5/experiments/style_encoder/results/generated/patches/r1c1/0040.png
892,patch,40,34188.png,scove,izdim,8.319127339241941,3043,0.0,"[1, 2]","[72, 73, 74, 75, 88, 89, 90, 91, 104, 105, 106, 107, 120, 121, 122, 123]",,200082,izdim,1.0,1.0,0.0,1.0,1.0,1.0,1.0,1.0,/home/ekim339/projects/SD3.5/experiments/style_encoder/results/inputs/0040_34188.png,/home/ekim339/projects/SD3.5/experiments/style_encoder/results/generated/patches/r1c2/0040.png
893,patch,40,34188.png,scove,izdim,8.319127339241941,3043,0.0,"[1, 3]","[76, 77, 78, 79, 92, 93, 94, 95, 108, 109, 110, 111, 124, 125, 126, 127]",,200082,izdim,1.0,1.0,0.0,1.0,1.0,1.0,1.0,1.0,/home/ekim339/projects/SD3.5/experiments/style_encoder/results/inputs/0040_34188.png,/home/ekim339/projects/SD3.5/experiments/style_encoder/results/generated/patches/r1c3/0040.png
894,patch,40,34188.png,scove,izdim,8.319127339241941,3043,0.0,"[2, 0]","[128, 129, 130, 131, 144, 145, 146, 147, 160, 161, 162, 163, 176, 177, 178, 179]",,200082,izdim,1.0,1.0,0.0,1.0,1.0,1.0,1.0,1.0,/home/ekim339/projects/SD3.5/experiments/style_encoder/results/inputs/0040_34188.png,/home/ekim339/projects/SD3.5/experiments/style_encoder/results/generated/patches/r2c0/0040.png
895,patch,40,34188.png,scove,izdim,8.319127339241941,3043,0.0,"[2, 1]","[132, 133, 134, 135, 148, 149, 150, 151, 164, 165, 166, 167, 180, 181, 182, 183]",,200082,izdim,1.0,1.0,0.0,1.0,1.0,1.0,1.0,1.0,/home/ekim339/projects/SD3.5/experiments/style_encoder/results/inputs/0040_34188.png,/home/ekim339/projects/SD3.5/experiments/style_encoder/results/generated/patches/r2c1/0040.png
896,patch,40,34188.png,scove,izdim,8.319127339241941,3043,0.0,"[2, 2]","[136, 137, 138, 139, 152, 153, 154, 155, 168, 169, 170, 171, 184, 185, 186, 187]",,200082,izdim,1.0,1.0,0.0,1.0,1.0,1.0,1.0,1.0,/home/ekim339/projects/SD3.5/experiments/style_encoder/results/inputs/0040_34188.png,/home/ekim339/projects/SD3.5/experiments/style_encoder/results/generated/patches/r2c2/0040.png
897,patch,40,34188.png,scove,izdim,8.319127339241941,3043,0.0,"[2, 3]","[140, 141, 142, 143, 156, 157, 158, 159, 172, 173, 174, 175, 188, 189, 190, 191]",,200082,izdim,1.0,1.0,0.0,1.0,1.0,1.0,1.0,1.0,/home/ekim339/projects/SD3.5/experiments/style_encoder/results/inputs/0040_34188.png,/home/ekim339/projects/SD3.5/experiments/style_encoder/results/generated/patches/r2c3/0040.png
898,patch,40,34188.png,scove,izdim,8.319127339241941,3043,0.0,"[3, 0]","[192, 193, 194, 195, 208, 209, 210, 211, 224, 225, 226, 227, 240, 241, 242, 243]",,200082,izdim,1.0,1.0,0.0,1.0,1.0,1.0,1.0,1.0,/home/ekim339/projects/SD3.5/experiments/style_encoder/results/inputs/0040_34188.png,/home/ekim339/projects/SD3.5/experiments/style_encoder/results/generated/patches/r3c0/0040.png
899,patch,40,34188.png,scove,izdim,8.319127339241941,3043,0.0,"[3, 1]","[196, 197, 198, 199, 212, 213, 214, 215, 228, 229, 230, 231, 244, 245, 246, 247]",,200082,izdim,1.0,1.0,0.0,1.0,1.0,1.0,1.0,1.0,/home/ekim339/projects/SD3.5/experiments/style_encoder/results/inputs/0040_34188.png,/home/ekim339/projects/SD3.5/experiments/style_encoder/results/generated/patches/r3c1/0040.png
900,patch,40,34188.png,scove,izdim,8.319127339241941,3043,0.0,"[3, 2]","[200, 201, 202, 203, 216, 217, 218, 219, 232, 233, 234, 235, 248, 249, 250, 251]",,200082,izdim,1.0,1.0,0.0,1.0,1.0,1.0,1.0,1.0,/home/ekim339/projects/SD3.5/experiments/style_encoder/results/inputs/0040_34188.png,/home/ekim339/projects/SD3.5/experiments/style_encoder/results/generated/patches/r3c2/0040.png
901,patch,40,34188.png,scove,izdim,8.319127339241941,3043,0.0,"[3, 3]","[204, 205, 206, 207, 220, 221, 222, 223, 236, 237, 238, 239, 252, 253, 254, 255]",,200082,izdim,1.0,1.0,0.0,1.0,1.0,1.0,1.0,1.0,/home/ekim339/projects/SD3.5/experiments/style_encoder/results/inputs/0040_34188.png,/home/ekim339/projects/SD3.5/experiments/style_encoder/results/generated/patches/r3c3/0040.png
902,proportion,41,12720.png,ranid,jphfz,10.613449097276018,3044,0.0,,[],100452,200083,jphfz,1.0,1.0,0.0,1.0,1.0,1.0,1.0,1.0,/home/ekim339/projects/SD3.5/experiments/style_encoder/results/inputs/0041_12720.png,/home/ekim339/projects/SD3.5/experiments/style_encoder/results/generated/proportions/mask-0p0/0041.png
903,proportion,41,12720.png,ranid,jphfz,10.613449097276018,3044,0.1,,[],100453,200083,jphfz,1.0,1.0,0.0,1.0,1.0,1.0,1.0,1.0,/home/ekim339/projects/SD3.5/experiments/style_encoder/results/inputs/0041_12720.png,/home/ekim339/projects/SD3.5/experiments/style_encoder/results/generated/proportions/mask-0p1/0041.png
904,proportion,41,12720.png,ranid,jphfz,10.613449097276018,3044,0.3,,[],100455,200083,jphfz,1.0,1.0,0.0,1.0,1.0,1.0,1.0,1.0,/home/ekim339/projects/SD3.5/experiments/style_encoder/results/inputs/0041_12720.png,/home/ekim339/projects/SD3.5/experiments/style_encoder/results/generated/proportions/mask-0p3/0041.png
905,proportion,41,12720.png,ranid,jphfz,10.613449097276018,3044,0.5,,[],100457,200083,jphfz,1.0,1.0,0.0,1.0,1.0,1.0,1.0,1.0,/home/ekim339/projects/SD3.5/experiments/style_encoder/results/inputs/0041_12720.png,/home/ekim339/projects/SD3.5/experiments/style_encoder/results/generated/proportions/mask-0p5/0041.png
906,proportion,41,12720.png,ranid,jphfz,10.613449097276018,3044,0.7,,[],100459,200083,jphfz,1.0,1.0,0.0,1.0,1.0,1.0,1.0,1.0,/home/ekim339/projects/SD3.5/experiments/style_encoder/results/inputs/0041_12720.png,/home/ekim339/projects/SD3.5/experiments/style_encoder/results/generated/proportions/mask-0p7/0041.png
907,patch,41,12720.png,ranid,jphfz,10.613449097276018,3044,0.0,,[],,200083,jphfz,1.0,1.0,0.0,1.0,1.0,1.0,1.0,1.0,/home/ekim339/projects/SD3.5/experiments/style_encoder/results/inputs/0041_12720.png,/home/ekim339/projects/SD3.5/experiments/style_encoder/results/generated/patches/none/0041.png
908,patch,41,12720.png,ranid,jphfz,10.613449097276018,3044,0.0,"[0, 0]","[0, 1, 2, 3, 16, 17, 18, 19, 32, 33, 34, 35, 48, 49, 50, 51]",,200083,jphfz,1.0,1.0,0.0,1.0,1.0,1.0,1.0,1.0,/home/ekim339/projects/SD3.5/experiments/style_encoder/results/inputs/0041_12720.png,/home/ekim339/projects/SD3.5/experiments/style_encoder/results/generated/patches/r0c0/0041.png
909,patch,41,12720.png,ranid,jphfz,10.613449097276018,3044,0.0,"[0, 1]","[4, 5, 6, 7, 20, 21, 22, 23, 36, 37, 38, 39, 52, 53, 54, 55]",,200083,jphfz,1.0,1.0,0.0,1.0,1.0,1.0,1.0,1.0,/home/ekim339/projects/SD3.5/experiments/style_encoder/results/inputs/0041_12720.png,/home/ekim339/projects/SD3.5/experiments/style_encoder/results/generated/patches/r0c1/0041.png
910,patch,41,12720.png,ranid,jphfz,10.613449097276018,3044,0.0,"[0, 2]","[8, 9, 10, 11, 24, 25, 26, 27, 40, 41, 42, 43, 56, 57, 58, 59]",,200083,jphfz,1.0,1.0,0.0,1.0,1.0,1.0,1.0,1.0,/home/ekim339/projects/SD3.5/experiments/style_encoder/results/inputs/0041_12720.png,/home/ekim339/projects/SD3.5/experiments/style_encoder/results/generated/patches/r0c2/0041.png
911,patch,41,12720.png,ranid,jphfz,10.613449097276018,3044,0.0,"[0, 3]","[12, 13, 14, 15, 28, 29, 30, 31, 44, 45, 46, 47, 60, 61, 62, 63]",,200083,jphfz,1.0,1.0,0.0,1.0,1.0,1.0,1.0,1.0,/home/ekim339/projects/SD3.5/experiments/style_encoder/results/inputs/0041_12720.png,/home/ekim339/projects/SD3.5/experiments/style_encoder/results/generated/patches/r0c3/0041.png
912,patch,41,12720.png,ranid,jphfz,10.613449097276018,3044,0.0,"[1, 0]","[64, 65, 66, 67, 80, 81, 82, 83, 96, 97, 98, 99, 112, 113, 114, 115]",,200083,jphfz,1.0,1.0,0.0,1.0,1.0,1.0,1.0,1.0,/home/ekim339/projects/SD3.5/experiments/style_encoder/results/inputs/0041_12720.png,/home/ekim339/projects/SD3.5/experiments/style_encoder/results/generated/patches/r1c0/0041.png
913,patch,41,12720.png,ranid,jphfz,10.613449097276018,3044,0.0,"[1, 1]","[68, 69, 70, 71, 84, 85, 86, 87, 100, 101, 102, 103, 116, 117, 118, 119]",,200083,jphfz,1.0,1.0,0.0,1.0,1.0,1.0,1.0,1.0,/home/ekim339/projects/SD3.5/experiments/style_encoder/results/inputs/0041_12720.png,/home/ekim339/projects/SD3.5/experiments/style_encoder/results/generated/patches/r1c1/0041.png
914,patch,41,12720.png,ranid,jphfz,10.613449097276018,3044,0.0,"[1, 2]","[72, 73, 74, 75, 88, 89, 90, 91, 104, 105, 106, 107, 120, 121, 122, 123]",,200083,jphfz,1.0,1.0,0.0,1.0,1.0,1.0,1.0,1.0,/home/ekim339/projects/SD3.5/experiments/style_encoder/results/inputs/0041_12720.png,/home/ekim339/projects/SD3.5/experiments/style_encoder/results/generated/patches/r1c2/0041.png
915,patch,41,12720.png,ranid,jphfz,10.613449097276018,3044,0.0,"[1, 3]","[76, 77, 78, 79, 92, 93, 94, 95, 108, 109, 110, 111, 124, 125, 126, 127]",,200083,jphfz,1.0,1.0,0.0,1.0,1.0,1.0,1.0,1.0,/home/ekim339/projects/SD3.5/experiments/style_encoder/results/inputs/0041_12720.png,/home/ekim339/projects/SD3.5/experiments/style_encoder/results/generated/patches/r1c3/0041.png
916,patch,41,12720.png,ranid,jphfz,10.613449097276018,3044,0.0,"[2, 0]","[128, 129, 130, 131, 144, 145, 146, 147, 160, 161, 162, 163, 176, 177, 178, 179]",,200083,jphfz,1.0,1.0,0.0,1.0,1.0,1.0,1.0,1.0,/home/ekim339/projects/SD3.5/experiments/style_encoder/results/inputs/0041_12720.png,/home/ekim339/projects/SD3.5/experiments/style_encoder/results/generated/patches/r2c0/0041.png
917,patch,41,12720.png,ranid,jphfz,10.613449097276018,3044,0.0,"[2, 1]","[132, 133, 134, 135, 148, 149, 150, 151, 164, 165, 166, 167, 180, 181, 182, 183]",,200083,jphfz,1.0,1.0,0.0,1.0,1.0,1.0,1.0,1.0,/home/ekim339/projects/SD3.5/experiments/style_encoder/results/inputs/0041_12720.png,/home/ekim339/projects/SD3.5/experiments/style_encoder/results/generated/patches/r2c1/0041.png
918,patch,41,12720.png,ranid,jphfz,10.613449097276018,3044,0.0,"[2, 2]","[136, 137, 138, 139, 152, 153, 154, 155, 168, 169, 170, 171, 184, 185, 186, 187]",,200083,jphfz,1.0,1.0,0.0,1.0,1.0,1.0,1.0,1.0,/home/ekim339/projects/SD3.5/experiments/style_encoder/results/inputs/0041_12720.png,/home/ekim339/projects/SD3.5/experiments/style_encoder/results/generated/patches/r2c2/0041.png
919,patch,41,12720.png,ranid,jphfz,10.613449097276018,3044,0.0,"[2, 3]","[140, 141, 142, 143, 156, 157, 158, 159, 172, 173, 174, 175, 188, 189, 190, 191]",,200083,jphfz,1.0,1.0,0.0,1.0,1.0,1.0,1.0,1.0,/home/ekim339/projects/SD3.5/experiments/style_encoder/results/inputs/0041_12720.png,/home/ekim339/projects/SD3.5/experiments/style_encoder/results/generated/patches/r2c3/0041.png
920,patch,41,12720.png,ranid,jphfz,10.613449097276018,3044,0.0,"[3, 0]","[192, 193, 194, 195, 208, 209, 210, 211, 224, 225, 226, 227, 240, 241, 242, 243]",,200083,jphfz,1.0,1.0,0.0,1.0,1.0,1.0,1.0,1.0,/home/ekim339/projects/SD3.5/experiments/style_encoder/results/inputs/0041_12720.png,/home/ekim339/projects/SD3.5/experiments/style_encoder/results/generated/patches/r3c0/0041.png
921,patch,41,12720.png,ranid,jphfz,10.613449097276018,3044,0.0,"[3, 1]","[196, 197, 198, 199, 212, 213, 214, 215, 228, 229, 230, 231, 244, 245, 246, 247]",,200083,jphfz,1.0,1.0,0.0,1.0,1.0,1.0,1.0,1.0,/home/ekim339/projects/SD3.5/experiments/style_encoder/results/inputs/0041_12720.png,/home/ekim339/projects/SD3.5/experiments/style_encoder/results/generated/patches/r3c1/0041.png
922,patch,41,12720.png,ranid,jphfz,10.613449097276018,3044,0.0,"[3, 2]","[200, 201, 202, 203, 216, 217, 218, 219, 232, 233, 234, 235, 248, 249, 250, 251]",,200083,jphfz,1.0,1.0,0.0,1.0,1.0,1.0,1.0,1.0,/home/ekim339/projects/SD3.5/experiments/style_encoder/results/inputs/0041_12720.png,/home/ekim339/projects/SD3.5/experiments/style_encoder/results/generated/patches/r3c2/0041.png
923,patch,41,12720.png,ranid,jphfz,10.613449097276018,3044,0.0,"[3, 3]","[204, 205, 206, 207, 220, 221, 222, 223, 236, 237, 238, 239, 252, 253, 254, 255]",,200083,jphfz,1.0,1.0,0.0,1.0,1.0,1.0,1.0,1.0,/home/ekim339/projects/SD3.5/experiments/style_encoder/results/inputs/0041_12720.png,/home/ekim339/projects/SD3.5/experiments/style_encoder/results/generated/patches/r3c3/0041.png
924,proportion,42,44115.png,males,47wke,6.502801920176993,3045,0.0,,[],100462,200084,zfwke,0.0,0.6,0.4,0.0,0.0,1.0,1.0,1.0,/home/ekim339/projects/SD3.5/experiments/style_encoder/results/inputs/0042_44115.png,/home/ekim339/projects/SD3.5/experiments/style_encoder/results/generated/proportions/mask-0p0/0042.png
925,proportion,42,44115.png,males,47wke,6.502801920176993,3045,0.1,,[],100463,200084,ztwke,0.0,0.6,0.4,0.0,0.0,1.0,1.0,1.0,/home/ekim339/projects/SD3.5/experiments/style_encoder/results/inputs/0042_44115.png,/home/ekim339/projects/SD3.5/experiments/style_encoder/results/generated/proportions/mask-0p1/0042.png
926,proportion,42,44115.png,males,47wke,6.502801920176993,3045,0.3,,[],100465,200084,alwke,0.0,0.6,0.4,0.0,0.0,1.0,1.0,1.0,/home/ekim339/projects/SD3.5/experiments/style_encoder/results/inputs/0042_44115.png,/home/ekim339/projects/SD3.5/experiments/style_encoder/results/generated/proportions/mask-0p3/0042.png
927,proportion,42,44115.png,males,47wke,6.502801920176993,3045,0.5,,[],100467,200084,tewke,0.0,0.6,0.4,0.0,0.0,1.0,1.0,1.0,/home/ekim339/projects/SD3.5/experiments/style_encoder/results/inputs/0042_44115.png,/home/ekim339/projects/SD3.5/experiments/style_encoder/results/generated/proportions/mask-0p5/0042.png
928,proportion,42,44115.png,males,47wke,6.502801920176993,3045,0.7,,[],100469,200084,zrwke,0.0,0.6,0.4,0.0,0.0,1.0,1.0,1.0,/home/ekim339/projects/SD3.5/experiments/style_encoder/results/inputs/0042_44115.png,/home/ekim339/projects/SD3.5/experiments/style_encoder/results/generated/proportions/mask-0p7/0042.png
929,patch,42,44115.png,males,47wke,6.502801920176993,3045,0.0,,[],,200084,zfwke,0.0,0.6,0.4,0.0,0.0,1.0,1.0,1.0,/home/ekim339/projects/SD3.5/experiments/style_encoder/results/inputs/0042_44115.png,/home/ekim339/projects/SD3.5/experiments/style_encoder/results/generated/patches/none/0042.png
930,patch,42,44115.png,males,47wke,6.502801920176993,3045,0.0,"[0, 0]","[0, 1, 2, 3, 16, 17, 18, 19, 32, 33, 34, 35, 48, 49, 50, 51]",,200084,ztwke,0.0,0.6,0.4,0.0,0.0,1.0,1.0,1.0,/home/ekim339/projects/SD3.5/experiments/style_encoder/results/inputs/0042_44115.png,/home/ekim339/projects/SD3.5/experiments/style_encoder/results/generated/patches/r0c0/0042.png
931,patch,42,44115.png,males,47wke,6.502801920176993,3045,0.0,"[0, 1]","[4, 5, 6, 7, 20, 21, 22, 23, 36, 37, 38, 39, 52, 53, 54, 55]",,200084,zfwke,0.0,0.6,0.4,0.0,0.0,1.0,1.0,1.0,/home/ekim339/projects/SD3.5/experiments/style_encoder/results/inputs/0042_44115.png,/home/ekim339/projects/SD3.5/experiments/style_encoder/results/generated/patches/r0c1/0042.png
932,patch,42,44115.png,males,47wke,6.502801920176993,3045,0.0,"[0, 2]","[8, 9, 10, 11, 24, 25, 26, 27, 40, 41, 42, 43, 56, 57, 58, 59]",,200084,zfwke,0.0,0.6,0.4,0.0,0.0,1.0,1.0,1.0,/home/ekim339/projects/SD3.5/experiments/style_encoder/results/inputs/0042_44115.png,/home/ekim339/projects/SD3.5/experiments/style_encoder/results/generated/patches/r0c2/0042.png
933,patch,42,44115.png,males,47wke,6.502801920176993,3045,0.0,"[0, 3]","[12, 13, 14, 15, 28, 29, 30, 31, 44, 45, 46, 47, 60, 61, 62, 63]",,200084,zfwke,0.0,0.6,0.4,0.0,0.0,1.0,1.0,1.0,/home/ekim339/projects/SD3.5/experiments/style_encoder/results/inputs/0042_44115.png,/home/ekim339/projects/SD3.5/experiments/style_encoder/results/generated/patches/r0c3/0042.png
934,patch,42,44115.png,males,47wke,6.502801920176993,3045,0.0,"[1, 0]","[64, 65, 66, 67, 80, 81, 82, 83, 96, 97, 98, 99, 112, 113, 114, 115]",,200084,ztwke,0.0,0.6,0.4,0.0,0.0,1.0,1.0,1.0,/home/ekim339/projects/SD3.5/experiments/style_encoder/results/inputs/0042_44115.png,/home/ekim339/projects/SD3.5/experiments/style_encoder/results/generated/patches/r1c0/0042.png
935,patch,42,44115.png,males,47wke,6.502801920176993,3045,0.0,"[1, 1]","[68, 69, 70, 71, 84, 85, 86, 87, 100, 101, 102, 103, 116, 117, 118, 119]",,200084,zfwke,0.0,0.6,0.4,0.0,0.0,1.0,1.0,1.0,/home/ekim339/projects/SD3.5/experiments/style_encoder/results/inputs/0042_44115.png,/home/ekim339/projects/SD3.5/experiments/style_encoder/results/generated/patches/r1c1/0042.png
936,patch,42,44115.png,males,47wke,6.502801920176993,3045,0.0,"[1, 2]","[72, 73, 74, 75, 88, 89, 90, 91, 104, 105, 106, 107, 120, 121, 122, 123]",,200084,ztwke,0.0,0.6,0.4,0.0,0.0,1.0,1.0,1.0,/home/ekim339/projects/SD3.5/experiments/style_encoder/results/inputs/0042_44115.png,/home/ekim339/projects/SD3.5/experiments/style_encoder/results/generated/patches/r1c2/0042.png
937,patch,42,44115.png,males,47wke,6.502801920176993,3045,0.0,"[1, 3]","[76, 77, 78, 79, 92, 93, 94, 95, 108, 109, 110, 111, 124, 125, 126, 127]",,200084,zlwke,0.0,0.6,0.4,0.0,0.0,1.0,1.0,1.0,/home/ekim339/projects/SD3.5/experiments/style_encoder/results/inputs/0042_44115.png,/home/ekim339/projects/SD3.5/experiments/style_encoder/results/generated/patches/r1c3/0042.png
938,patch,42,44115.png,males,47wke,6.502801920176993,3045,0.0,"[2, 0]","[128, 129, 130, 131, 144, 145, 146, 147, 160, 161, 162, 163, 176, 177, 178, 179]",,200084,ztwke,0.0,0.6,0.4,0.0,0.0,1.0,1.0,1.0,/home/ekim339/projects/SD3.5/experiments/style_encoder/results/inputs/0042_44115.png,/home/ekim339/projects/SD3.5/experiments/style_encoder/results/generated/patches/r2c0/0042.png
939,patch,42,44115.png,males,47wke,6.502801920176993,3045,0.0,"[2, 1]","[132, 133, 134, 135, 148, 149, 150, 151, 164, 165, 166, 167, 180, 181, 182, 183]",,200084,zfwke,0.0,0.6,0.4,0.0,0.0,1.0,1.0,1.0,/home/ekim339/projects/SD3.5/experiments/style_encoder/results/inputs/0042_44115.png,/home/ekim339/projects/SD3.5/experiments/style_encoder/results/generated/patches/r2c1/0042.png
940,patch,42,44115.png,males,47wke,6.502801920176993,3045,0.0,"[2, 2]","[136, 137, 138, 139, 152, 153, 154, 155, 168, 169, 170, 171, 184, 185, 186, 187]",,200084,zfwke,0.0,0.6,0.4,0.0,0.0,1.0,1.0,1.0,/home/ekim339/projects/SD3.5/experiments/style_encoder/results/inputs/0042_44115.png,/home/ekim339/projects/SD3.5/experiments/style_encoder/results/generated/patches/r2c2/0042.png
941,patch,42,44115.png,males,47wke,6.502801920176993,3045,0.0,"[2, 3]","[140, 141, 142, 143, 156, 157, 158, 159, 172, 173, 174, 175, 188, 189, 190, 191]",,200084,1fwke,0.0,0.6,0.4,0.0,0.0,1.0,1.0,1.0,/home/ekim339/projects/SD3.5/experiments/style_encoder/results/inputs/0042_44115.png,/home/ekim339/projects/SD3.5/experiments/style_encoder/results/generated/patches/r2c3/0042.png
942,patch,42,44115.png,males,47wke,6.502801920176993,3045,0.0,"[3, 0]","[192, 193, 194, 195, 208, 209, 210, 211, 224, 225, 226, 227, 240, 241, 242, 243]",,200084,ztwke,0.0,0.6,0.4,0.0,0.0,1.0,1.0,1.0,/home/ekim339/projects/SD3.5/experiments/style_encoder/results/inputs/0042_44115.png,/home/ekim339/projects/SD3.5/experiments/style_encoder/results/generated/patches/r3c0/0042.png
943,patch,42,44115.png,males,47wke,6.502801920176993,3045,0.0,"[3, 1]","[196, 197, 198, 199, 212, 213, 214, 215, 228, 229, 230, 231, 244, 245, 246, 247]",,200084,zfwke,0.0,0.6,0.4,0.0,0.0,1.0,1.0,1.0,/home/ekim339/projects/SD3.5/experiments/style_encoder/results/inputs/0042_44115.png,/home/ekim339/projects/SD3.5/experiments/style_encoder/results/generated/patches/r3c1/0042.png
944,patch,42,44115.png,males,47wke,6.502801920176993,3045,0.0,"[3, 2]","[200, 201, 202, 203, 216, 217, 218, 219, 232, 233, 234, 235, 248, 249, 250, 251]",,200084,zfwke,0.0,0.6,0.4,0.0,0.0,1.0,1.0,1.0,/home/ekim339/projects/SD3.5/experiments/style_encoder/results/inputs/0042_44115.png,/home/ekim339/projects/SD3.5/experiments/style_encoder/results/generated/patches/r3c2/0042.png
945,patch,42,44115.png,males,47wke,6.502801920176993,3045,0.0,"[3, 3]","[204, 205, 206, 207, 220, 221, 222, 223, 236, 237, 238, 239, 252, 253, 254, 255]",,200084,2fwke,0.0,0.6,0.4,0.0,0.0,1.0,1.0,1.0,/home/ekim339/projects/SD3.5/experiments/style_encoder/results/inputs/0042_44115.png,/home/ekim339/projects/SD3.5/experiments/style_encoder/results/generated/patches/r3c3/0042.png
946,proportion,43,37472.png,toile,sd00d,3.17530122014023,3046,0.0,,[],100472,200085,sdood,0.0,0.6,0.4,1.0,1.0,0.0,0.0,1.0,/home/ekim339/projects/SD3.5/experiments/style_encoder/results/inputs/0043_37472.png,/home/ekim339/projects/SD3.5/experiments/style_encoder/results/generated/proportions/mask-0p0/0043.png
947,proportion,43,37472.png,toile,sd00d,3.17530122014023,3046,0.1,,[],100473,200085,sdood,0.0,0.6,0.4,1.0,1.0,0.0,0.0,1.0,/home/ekim339/projects/SD3.5/experiments/style_encoder/results/inputs/0043_37472.png,/home/ekim339/projects/SD3.5/experiments/style_encoder/results/generated/proportions/mask-0p1/0043.png
948,proportion,43,37472.png,toile,sd00d,3.17530122014023,3046,0.3,,[],100475,200085,sdood,0.0,0.6,0.4,1.0,1.0,0.0,0.0,1.0,/home/ekim339/projects/SD3.5/experiments/style_encoder/results/inputs/0043_37472.png,/home/ekim339/projects/SD3.5/experiments/style_encoder/results/generated/proportions/mask-0p3/0043.png
949,proportion,43,37472.png,toile,sd00d,3.17530122014023,3046,0.5,,[],100477,200085,sdood,0.0,0.6,0.4,1.0,1.0,0.0,0.0,1.0,/home/ekim339/projects/SD3.5/experiments/style_encoder/results/inputs/0043_37472.png,/home/ekim339/projects/SD3.5/experiments/style_encoder/results/generated/proportions/mask-0p5/0043.png
950,proportion,43,37472.png,toile,sd00d,3.17530122014023,3046,0.7,,[],100479,200085,sdood,0.0,0.6,0.4,1.0,1.0,0.0,0.0,1.0,/home/ekim339/projects/SD3.5/experiments/style_encoder/results/inputs/0043_37472.png,/home/ekim339/projects/SD3.5/experiments/style_encoder/results/generated/proportions/mask-0p7/0043.png
951,patch,43,37472.png,toile,sd00d,3.17530122014023,3046,0.0,,[],,200085,sdood,0.0,0.6,0.4,1.0,1.0,0.0,0.0,1.0,/home/ekim339/projects/SD3.5/experiments/style_encoder/results/inputs/0043_37472.png,/home/ekim339/projects/SD3.5/experiments/style_encoder/results/generated/patches/none/0043.png
952,patch,43,37472.png,toile,sd00d,3.17530122014023,3046,0.0,"[0, 0]","[0, 1, 2, 3, 16, 17, 18, 19, 32, 33, 34, 35, 48, 49, 50, 51]",,200085,sdood,0.0,0.6,0.4,1.0,1.0,0.0,0.0,1.0,/home/ekim339/projects/SD3.5/experiments/style_encoder/results/inputs/0043_37472.png,/home/ekim339/projects/SD3.5/experiments/style_encoder/results/generated/patches/r0c0/0043.png
953,patch,43,37472.png,toile,sd00d,3.17530122014023,3046,0.0,"[0, 1]","[4, 5, 6, 7, 20, 21, 22, 23, 36, 37, 38, 39, 52, 53, 54, 55]",,200085,sdood,0.0,0.6,0.4,1.0,1.0,0.0,0.0,1.0,/home/ekim339/projects/SD3.5/experiments/style_encoder/results/inputs/0043_37472.png,/home/ekim339/projects/SD3.5/experiments/style_encoder/results/generated/patches/r0c1/0043.png
954,patch,43,37472.png,toile,sd00d,3.17530122014023,3046,0.0,"[0, 2]","[8, 9, 10, 11, 24, 25, 26, 27, 40, 41, 42, 43, 56, 57, 58, 59]",,200085,sdood,0.0,0.6,0.4,1.0,1.0,0.0,0.0,1.0,/home/ekim339/projects/SD3.5/experiments/style_encoder/results/inputs/0043_37472.png,/home/ekim339/projects/SD3.5/experiments/style_encoder/results/generated/patches/r0c2/0043.png
955,patch,43,37472.png,toile,sd00d,3.17530122014023,3046,0.0,"[0, 3]","[12, 13, 14, 15, 28, 29, 30, 31, 44, 45, 46, 47, 60, 61, 62, 63]",,200085,sdood,0.0,0.6,0.4,1.0,1.0,0.0,0.0,1.0,/home/ekim339/projects/SD3.5/experiments/style_encoder/results/inputs/0043_37472.png,/home/ekim339/projects/SD3.5/experiments/style_encoder/results/generated/patches/r0c3/0043.png
956,patch,43,37472.png,toile,sd00d,3.17530122014023,3046,0.0,"[1, 0]","[64, 65, 66, 67, 80, 81, 82, 83, 96, 97, 98, 99, 112, 113, 114, 115]",,200085,sdood,0.0,0.6,0.4,1.0,1.0,0.0,0.0,1.0,/home/ekim339/projects/SD3.5/experiments/style_encoder/results/inputs/0043_37472.png,/home/ekim339/projects/SD3.5/experiments/style_encoder/results/generated/patches/r1c0/0043.png
957,patch,43,37472.png,toile,sd00d,3.17530122014023,3046,0.0,"[1, 1]","[68, 69, 70, 71, 84, 85, 86, 87, 100, 101, 102, 103, 116, 117, 118, 119]",,200085,sdood,0.0,0.6,0.4,1.0,1.0,0.0,0.0,1.0,/home/ekim339/projects/SD3.5/experiments/style_encoder/results/inputs/0043_37472.png,/home/ekim339/projects/SD3.5/experiments/style_encoder/results/generated/patches/r1c1/0043.png
958,patch,43,37472.png,toile,sd00d,3.17530122014023,3046,0.0,"[1, 2]","[72, 73, 74, 75, 88, 89, 90, 91, 104, 105, 106, 107, 120, 121, 122, 123]",,200085,sdood,0.0,0.6,0.4,1.0,1.0,0.0,0.0,1.0,/home/ekim339/projects/SD3.5/experiments/style_encoder/results/inputs/0043_37472.png,/home/ekim339/projects/SD3.5/experiments/style_encoder/results/generated/patches/r1c2/0043.png
959,patch,43,37472.png,toile,sd00d,3.17530122014023,3046,0.0,"[1, 3]","[76, 77, 78, 79, 92, 93, 94, 95, 108, 109, 110, 111, 124, 125, 126, 127]",,200085,sdood,0.0,0.6,0.4,1.0,1.0,0.0,0.0,1.0,/home/ekim339/projects/SD3.5/experiments/style_encoder/results/inputs/0043_37472.png,/home/ekim339/projects/SD3.5/experiments/style_encoder/results/generated/patches/r1c3/0043.png
960,patch,43,37472.png,toile,sd00d,3.17530122014023,3046,0.0,"[2, 0]","[128, 129, 130, 131, 144, 145, 146, 147, 160, 161, 162, 163, 176, 177, 178, 179]",,200085,sdood,0.0,0.6,0.4,1.0,1.0,0.0,0.0,1.0,/home/ekim339/projects/SD3.5/experiments/style_encoder/results/inputs/0043_37472.png,/home/ekim339/projects/SD3.5/experiments/style_encoder/results/generated/patches/r2c0/0043.png
961,patch,43,37472.png,toile,sd00d,3.17530122014023,3046,0.0,"[2, 1]","[132, 133, 134, 135, 148, 149, 150, 151, 164, 165, 166, 167, 180, 181, 182, 183]",,200085,sdood,0.0,0.6,0.4,1.0,1.0,0.0,0.0,1.0,/home/ekim339/projects/SD3.5/experiments/style_encoder/results/inputs/0043_37472.png,/home/ekim339/projects/SD3.5/experiments/style_encoder/results/generated/patches/r2c1/0043.png
962,patch,43,37472.png,toile,sd00d,3.17530122014023,3046,0.0,"[2, 2]","[136, 137, 138, 139, 152, 153, 154, 155, 168, 169, 170, 171, 184, 185, 186, 187]",,200085,sdood,0.0,0.6,0.4,1.0,1.0,0.0,0.0,1.0,/home/ekim339/projects/SD3.5/experiments/style_encoder/results/inputs/0043_37472.png,/home/ekim339/projects/SD3.5/experiments/style_encoder/results/generated/patches/r2c2/0043.png
963,patch,43,37472.png,toile,sd00d,3.17530122014023,3046,0.0,"[2, 3]","[140, 141, 142, 143, 156, 157, 158, 159, 172, 173, 174, 175, 188, 189, 190, 191]",,200085,sdood,0.0,0.6,0.4,1.0,1.0,0.0,0.0,1.0,/home/ekim339/projects/SD3.5/experiments/style_encoder/results/inputs/0043_37472.png,/home/ekim339/projects/SD3.5/experiments/style_encoder/results/generated/patches/r2c3/0043.png
964,patch,43,37472.png,toile,sd00d,3.17530122014023,3046,0.0,"[3, 0]","[192, 193, 194, 195, 208, 209, 210, 211, 224, 225, 226, 227, 240, 241, 242, 243]",,200085,sdood,0.0,0.6,0.4,1.0,1.0,0.0,0.0,1.0,/home/ekim339/projects/SD3.5/experiments/style_encoder/results/inputs/0043_37472.png,/home/ekim339/projects/SD3.5/experiments/style_encoder/results/generated/patches/r3c0/0043.png
965,patch,43,37472.png,toile,sd00d,3.17530122014023,3046,0.0,"[3, 1]","[196, 197, 198, 199, 212, 213, 214, 215, 228, 229, 230, 231, 244, 245, 246, 247]",,200085,sdood,0.0,0.6,0.4,1.0,1.0,0.0,0.0,1.0,/home/ekim339/projects/SD3.5/experiments/style_encoder/results/inputs/0043_37472.png,/home/ekim339/projects/SD3.5/experiments/style_encoder/results/generated/patches/r3c1/0043.png
966,patch,43,37472.png,toile,sd00d,3.17530122014023,3046,0.0,"[3, 2]","[200, 201, 202, 203, 216, 217, 218, 219, 232, 233, 234, 235, 248, 249, 250, 251]",,200085,sdood,0.0,0.6,0.4,1.0,1.0,0.0,0.0,1.0,/home/ekim339/projects/SD3.5/experiments/style_encoder/results/inputs/0043_37472.png,/home/ekim339/projects/SD3.5/experiments/style_encoder/results/generated/patches/r3c2/0043.png
967,patch,43,37472.png,toile,sd00d,3.17530122014023,3046,0.0,"[3, 3]","[204, 205, 206, 207, 220, 221, 222, 223, 236, 237, 238, 239, 252, 253, 254, 255]",,200085,sdood,0.0,0.6,0.4,1.0,1.0,0.0,0.0,1.0,/home/ekim339/projects/SD3.5/experiments/style_encoder/results/inputs/0043_37472.png,/home/ekim339/projects/SD3.5/experiments/style_encoder/results/generated/patches/r3c3/0043.png
968,proportion,44,21926.png,actic,0h21y,3.437590727788496,3047,0.0,,[],100482,200086,ohzly,0.0,0.4,0.6,0.0,1.0,0.0,0.0,1.0,/home/ekim339/projects/SD3.5/experiments/style_encoder/results/inputs/0044_21926.png,/home/ekim339/projects/SD3.5/experiments/style_encoder/results/generated/proportions/mask-0p0/0044.png
969,proportion,44,21926.png,actic,0h21y,3.437590727788496,3047,0.1,,[],100483,200086,ohzly,0.0,0.4,0.6,0.0,1.0,0.0,0.0,1.0,/home/ekim339/projects/SD3.5/experiments/style_encoder/results/inputs/0044_21926.png,/home/ekim339/projects/SD3.5/experiments/style_encoder/results/generated/proportions/mask-0p1/0044.png
970,proportion,44,21926.png,actic,0h21y,3.437590727788496,3047,0.3,,[],100485,200086,ohzly,0.0,0.4,0.6,0.0,1.0,0.0,0.0,1.0,/home/ekim339/projects/SD3.5/experiments/style_encoder/results/inputs/0044_21926.png,/home/ekim339/projects/SD3.5/experiments/style_encoder/results/generated/proportions/mask-0p3/0044.png
971,proportion,44,21926.png,actic,0h21y,3.437590727788496,3047,0.5,,[],100487,200086,ohzly,0.0,0.4,0.6,0.0,1.0,0.0,0.0,1.0,/home/ekim339/projects/SD3.5/experiments/style_encoder/results/inputs/0044_21926.png,/home/ekim339/projects/SD3.5/experiments/style_encoder/results/generated/proportions/mask-0p5/0044.png
972,proportion,44,21926.png,actic,0h21y,3.437590727788496,3047,0.7,,[],100489,200086,ohzly,0.0,0.4,0.6,0.0,1.0,0.0,0.0,1.0,/home/ekim339/projects/SD3.5/experiments/style_encoder/results/inputs/0044_21926.png,/home/ekim339/projects/SD3.5/experiments/style_encoder/results/generated/proportions/mask-0p7/0044.png
973,patch,44,21926.png,actic,0h21y,3.437590727788496,3047,0.0,,[],,200086,ohzly,0.0,0.4,0.6,0.0,1.0,0.0,0.0,1.0,/home/ekim339/projects/SD3.5/experiments/style_encoder/results/inputs/0044_21926.png,/home/ekim339/projects/SD3.5/experiments/style_encoder/results/generated/patches/none/0044.png
974,patch,44,21926.png,actic,0h21y,3.437590727788496,3047,0.0,"[0, 0]","[0, 1, 2, 3, 16, 17, 18, 19, 32, 33, 34, 35, 48, 49, 50, 51]",,200086,ohzly,0.0,0.4,0.6,0.0,1.0,0.0,0.0,1.0,/home/ekim339/projects/SD3.5/experiments/style_encoder/results/inputs/0044_21926.png,/home/ekim339/projects/SD3.5/experiments/style_encoder/results/generated/patches/r0c0/0044.png
975,patch,44,21926.png,actic,0h21y,3.437590727788496,3047,0.0,"[0, 1]","[4, 5, 6, 7, 20, 21, 22, 23, 36, 37, 38, 39, 52, 53, 54, 55]",,200086,ohzly,0.0,0.4,0.6,0.0,1.0,0.0,0.0,1.0,/home/ekim339/projects/SD3.5/experiments/style_encoder/results/inputs/0044_21926.png,/home/ekim339/projects/SD3.5/experiments/style_encoder/results/generated/patches/r0c1/0044.png
976,patch,44,21926.png,actic,0h21y,3.437590727788496,3047,0.0,"[0, 2]","[8, 9, 10, 11, 24, 25, 26, 27, 40, 41, 42, 43, 56, 57, 58, 59]",,200086,oohzly,0.0,0.33333333333333337,0.8,0.0,0.0,0.0,0.0,0.0,/home/ekim339/projects/SD3.5/experiments/style_encoder/results/inputs/0044_21926.png,/home/ekim339/projects/SD3.5/experiments/style_encoder/results/generated/patches/r0c2/0044.png
977,patch,44,21926.png,actic,0h21y,3.437590727788496,3047,0.0,"[0, 3]","[12, 13, 14, 15, 28, 29, 30, 31, 44, 45, 46, 47, 60, 61, 62, 63]",,200086,ohzly,0.0,0.4,0.6,0.0,1.0,0.0,0.0,1.0,/home/ekim339/projects/SD3.5/experiments/style_encoder/results/inputs/0044_21926.png,/home/ekim339/projects/SD3.5/experiments/style_encoder/results/generated/patches/r0c3/0044.png
978,patch,44,21926.png,actic,0h21y,3.437590727788496,3047,0.0,"[1, 0]","[64, 65, 66, 67, 80, 81, 82, 83, 96, 97, 98, 99, 112, 113, 114, 115]",,200086,ohzly,0.0,0.4,0.6,0.0,1.0,0.0,0.0,1.0,/home/ekim339/projects/SD3.5/experiments/style_encoder/results/inputs/0044_21926.png,/home/ekim339/projects/SD3.5/experiments/style_encoder/results/generated/patches/r1c0/0044.png
979,patch,44,21926.png,actic,0h21y,3.437590727788496,3047,0.0,"[1, 1]","[68, 69, 70, 71, 84, 85, 86, 87, 100, 101, 102, 103, 116, 117, 118, 119]",,200086,oohzly,0.0,0.33333333333333337,0.8,0.0,0.0,0.0,0.0,0.0,/home/ekim339/projects/SD3.5/experiments/style_encoder/results/inputs/0044_21926.png,/home/ekim339/projects/SD3.5/experiments/style_encoder/results/generated/patches/r1c1/0044.png
980,patch,44,21926.png,actic,0h21y,3.437590727788496,3047,0.0,"[1, 2]","[72, 73, 74, 75, 88, 89, 90, 91, 104, 105, 106, 107, 120, 121, 122, 123]",,200086,oohzly,0.0,0.33333333333333337,0.8,0.0,0.0,0.0,0.0,0.0,/home/ekim339/projects/SD3.5/experiments/style_encoder/results/inputs/0044_21926.png,/home/ekim339/projects/SD3.5/experiments/style_encoder/results/generated/patches/r1c2/0044.png
981,patch,44,21926.png,actic,0h21y,3.437590727788496,3047,0.0,"[1, 3]","[76, 77, 78, 79, 92, 93, 94, 95, 108, 109, 110, 111, 124, 125, 126, 127]",,200086,ohzly,0.0,0.4,0.6,0.0,1.0,0.0,0.0,1.0,/home/ekim339/projects/SD3.5/experiments/style_encoder/results/inputs/0044_21926.png,/home/ekim339/projects/SD3.5/experiments/style_encoder/results/generated/patches/r1c3/0044.png
982,patch,44,21926.png,actic,0h21y,3.437590727788496,3047,0.0,"[2, 0]","[128, 129, 130, 131, 144, 145, 146, 147, 160, 161, 162, 163, 176, 177, 178, 179]",,200086,ohzly,0.0,0.4,0.6,0.0,1.0,0.0,0.0,1.0,/home/ekim339/projects/SD3.5/experiments/style_encoder/results/inputs/0044_21926.png,/home/ekim339/projects/SD3.5/experiments/style_encoder/results/generated/patches/r2c0/0044.png
983,patch,44,21926.png,actic,0h21y,3.437590727788496,3047,0.0,"[2, 1]","[132, 133, 134, 135, 148, 149, 150, 151, 164, 165, 166, 167, 180, 181, 182, 183]",,200086,oohzlyy,0.0,0.2857142857142857,1.0,0.0,0.0,0.0,0.0,0.0,/home/ekim339/projects/SD3.5/experiments/style_encoder/results/inputs/0044_21926.png,/home/ekim339/projects/SD3.5/experiments/style_encoder/results/generated/patches/r2c1/0044.png
984,patch,44,21926.png,actic,0h21y,3.437590727788496,3047,0.0,"[2, 2]","[136, 137, 138, 139, 152, 153, 154, 155, 168, 169, 170, 171, 184, 185, 186, 187]",,200086,oohzly,0.0,0.33333333333333337,0.8,0.0,0.0,0.0,0.0,0.0,/home/ekim339/projects/SD3.5/experiments/style_encoder/results/inputs/0044_21926.png,/home/ekim339/projects/SD3.5/experiments/style_encoder/results/generated/patches/r2c2/0044.png
985,patch,44,21926.png,actic,0h21y,3.437590727788496,3047,0.0,"[2, 3]","[140, 141, 142, 143, 156, 157, 158, 159, 172, 173, 174, 175, 188, 189, 190, 191]",,200086,ohzly,0.0,0.4,0.6,0.0,1.0,0.0,0.0,1.0,/home/ekim339/projects/SD3.5/experiments/style_encoder/results/inputs/0044_21926.png,/home/ekim339/projects/SD3.5/experiments/style_encoder/results/generated/patches/r2c3/0044.png
986,patch,44,21926.png,actic,0h21y,3.437590727788496,3047,0.0,"[3, 0]","[192, 193, 194, 195, 208, 209, 210, 211, 224, 225, 226, 227, 240, 241, 242, 243]",,200086,ohzly,0.0,0.4,0.6,0.0,1.0,0.0,0.0,1.0,/home/ekim339/projects/SD3.5/experiments/style_encoder/results/inputs/0044_21926.png,/home/ekim339/projects/SD3.5/experiments/style_encoder/results/generated/patches/r3c0/0044.png
987,patch,44,21926.png,actic,0h21y,3.437590727788496,3047,0.0,"[3, 1]","[196, 197, 198, 199, 212, 213, 214, 215, 228, 229, 230, 231, 244, 245, 246, 247]",,200086,oohzly,0.0,0.33333333333333337,0.8,0.0,0.0,0.0,0.0,0.0,/home/ekim339/projects/SD3.5/experiments/style_encoder/results/inputs/0044_21926.png,/home/ekim339/projects/SD3.5/experiments/style_encoder/results/generated/patches/r3c1/0044.png
988,patch,44,21926.png,actic,0h21y,3.437590727788496,3047,0.0,"[3, 2]","[200, 201, 202, 203, 216, 217, 218, 219, 232, 233, 234, 235, 248, 249, 250, 251]",,200086,ohzly,0.0,0.4,0.6,0.0,1.0,0.0,0.0,1.0,/home/ekim339/projects/SD3.5/experiments/style_encoder/results/inputs/0044_21926.png,/home/ekim339/projects/SD3.5/experiments/style_encoder/results/generated/patches/r3c2/0044.png
989,patch,44,21926.png,actic,0h21y,3.437590727788496,3047,0.0,"[3, 3]","[204, 205, 206, 207, 220, 221, 222, 223, 236, 237, 238, 239, 252, 253, 254, 255]",,200086,ohzly,0.0,0.4,0.6,0.0,1.0,0.0,0.0,1.0,/home/ekim339/projects/SD3.5/experiments/style_encoder/results/inputs/0044_21926.png,/home/ekim339/projects/SD3.5/experiments/style_encoder/results/generated/patches/r3c3/0044.png
990,proportion,45,06288.png,holon,u65ie,5.2621649689389365,3048,0.0,,[],100492,200087,jussie,0.0,0.5,0.6,0.0,0.0,0.0,0.0,0.0,/home/ekim339/projects/SD3.5/experiments/style_encoder/results/inputs/0045_06288.png,/home/ekim339/projects/SD3.5/experiments/style_encoder/results/generated/proportions/mask-0p0/0045.png
991,proportion,45,06288.png,holon,u65ie,5.2621649689389365,3048,0.1,,[],100493,200087,jucsice,0.0,0.4285714285714286,0.8,0.0,0.0,0.0,0.0,0.0,/home/ekim339/projects/SD3.5/experiments/style_encoder/results/inputs/0045_06288.png,/home/ekim339/projects/SD3.5/experiments/style_encoder/results/generated/proportions/mask-0p1/0045.png
992,proportion,45,06288.png,holon,u65ie,5.2621649689389365,3048,0.3,,[],100495,200087,sucsie,0.0,0.5,0.6,0.0,0.0,0.0,0.0,0.0,/home/ekim339/projects/SD3.5/experiments/style_encoder/results/inputs/0045_06288.png,/home/ekim339/projects/SD3.5/experiments/style_encoder/results/generated/proportions/mask-0p3/0045.png
993,proportion,45,06288.png,holon,u65ie,5.2621649689389365,3048,0.5,,[],100497,200087,pussier,0.0,0.4285714285714286,0.8,0.0,0.0,0.0,0.0,0.0,/home/ekim339/projects/SD3.5/experiments/style_encoder/results/inputs/0045_06288.png,/home/ekim339/projects/SD3.5/experiments/style_encoder/results/generated/proportions/mask-0p5/0045.png
994,proportion,45,06288.png,holon,u65ie,5.2621649689389365,3048,0.7,,[],100499,200087,uosie,0.0,0.6,0.4,1.0,0.0,0.0,1.0,1.0,/home/ekim339/projects/SD3.5/experiments/style_encoder/results/inputs/0045_06288.png,/home/ekim339/projects/SD3.5/experiments/style_encoder/results/generated/proportions/mask-0p7/0045.png
995,patch,45,06288.png,holon,u65ie,5.2621649689389365,3048,0.0,,[],,200087,jussie,0.0,0.5,0.6,0.0,0.0,0.0,0.0,0.0,/home/ekim339/projects/SD3.5/experiments/style_encoder/results/inputs/0045_06288.png,/home/ekim339/projects/SD3.5/experiments/style_encoder/results/generated/patches/none/0045.png
996,patch,45,06288.png,holon,u65ie,5.2621649689389365,3048,0.0,"[0, 0]","[0, 1, 2, 3, 16, 17, 18, 19, 32, 33, 34, 35, 48, 49, 50, 51]",,200087,jussie,0.0,0.5,0.6,0.0,0.0,0.0,0.0,0.0,/home/ekim339/projects/SD3.5/experiments/style_encoder/results/inputs/0045_06288.png,/home/ekim339/projects/SD3.5/experiments/style_encoder/results/generated/patches/r0c0/0045.png
997,patch,45,06288.png,holon,u65ie,5.2621649689389365,3048,0.0,"[0, 1]","[4, 5, 6, 7, 20, 21, 22, 23, 36, 37, 38, 39, 52, 53, 54, 55]",,200087,jussie,0.0,0.5,0.6,0.0,0.0,0.0,0.0,0.0,/home/ekim339/projects/SD3.5/experiments/style_encoder/results/inputs/0045_06288.png,/home/ekim339/projects/SD3.5/experiments/style_encoder/results/generated/patches/r0c1/0045.png
998,patch,45,06288.png,holon,u65ie,5.2621649689389365,3048,0.0,"[0, 2]","[8, 9, 10, 11, 24, 25, 26, 27, 40, 41, 42, 43, 56, 57, 58, 59]",,200087,jusse,0.0,0.19999999999999996,0.8,0.0,0.0,0.0,0.0,1.0,/home/ekim339/projects/SD3.5/experiments/style_encoder/results/inputs/0045_06288.png,/home/ekim339/projects/SD3.5/experiments/style_encoder/results/generated/patches/r0c2/0045.png
999,patch,45,06288.png,holon,u65ie,5.2621649689389365,3048,0.0,"[0, 3]","[12, 13, 14, 15, 28, 29, 30, 31, 44, 45, 46, 47, 60, 61, 62, 63]",,200087,jussie,0.0,0.5,0.6,0.0,0.0,0.0,0.0,0.0,/home/ekim339/projects/SD3.5/experiments/style_encoder/results/inputs/0045_06288.png,/home/ekim339/projects/SD3.5/experiments/style_encoder/results/generated/patches/r0c3/0045.png
1000,patch,45,06288.png,holon,u65ie,5.2621649689389365,3048,0.0,"[1, 0]","[64, 65, 66, 67, 80, 81, 82, 83, 96, 97, 98, 99, 112, 113, 114, 115]",,200087,sussle,0.0,0.33333333333333337,0.8,0.0,0.0,0.0,0.0,0.0,/home/ekim339/projects/SD3.5/experiments/style_encoder/results/inputs/0045_06288.png,/home/ekim339/projects/SD3.5/experiments/style_encoder/results/generated/patches/r1c0/0045.png
1001,patch,45,06288.png,holon,u65ie,5.2621649689389365,3048,0.0,"[1, 1]","[68, 69, 70, 71, 84, 85, 86, 87, 100, 101, 102, 103, 116, 117, 118, 119]",,200087,fussie,0.0,0.5,0.6,0.0,0.0,0.0,0.0,0.0,/home/ekim339/projects/SD3.5/experiments/style_encoder/results/inputs/0045_06288.png,/home/ekim339/projects/SD3.5/experiments/style_encoder/results/generated/patches/r1c1/0045.png
1002,patch,45,06288.png,holon,u65ie,5.2621649689389365,3048,0.0,"[1, 2]","[72, 73, 74, 75, 88, 89, 90, 91, 104, 105, 106, 107, 120, 121, 122, 123]",,200087,nucsle,0.0,0.33333333333333337,0.8,0.0,0.0,0.0,0.0,0.0,/home/ekim339/projects/SD3.5/experiments/style_encoder/results/inputs/0045_06288.png,/home/ekim339/projects/SD3.5/experiments/style_encoder/results/generated/patches/r1c2/0045.png
1003,patch,45,06288.png,holon,u65ie,5.2621649689389365,3048,0.0,"[1, 3]","[76, 77, 78, 79, 92, 93, 94, 95, 108, 109, 110, 111, 124, 125, 126, 127]",,200087,jussie,0.0,0.5,0.6,0.0,0.0,0.0,0.0,0.0,/home/ekim339/projects/SD3.5/experiments/style_encoder/results/inputs/0045_06288.png,/home/ekim339/projects/SD3.5/experiments/style_encoder/results/generated/patches/r1c3/0045.png
1004,patch,45,06288.png,holon,u65ie,5.2621649689389365,3048,0.0,"[2, 0]","[128, 129, 130, 131, 144, 145, 146, 147, 160, 161, 162, 163, 176, 177, 178, 179]",,200087,jussie,0.0,0.5,0.6,0.0,0.0,0.0,0.0,0.0,/home/ekim339/projects/SD3.5/experiments/style_encoder/results/inputs/0045_06288.png,/home/ekim339/projects/SD3.5/experiments/style_encoder/results/generated/patches/r2c0/0045.png
1005,patch,45,06288.png,holon,u65ie,5.2621649689389365,3048,0.0,"[2, 1]","[132, 133, 134, 135, 148, 149, 150, 151, 164, 165, 166, 167, 180, 181, 182, 183]",,200087,jussies,0.0,0.4285714285714286,0.8,0.0,0.0,0.0,0.0,0.0,/home/ekim339/projects/SD3.5/experiments/style_encoder/results/inputs/0045_06288.png,/home/ekim339/projects/SD3.5/experiments/style_encoder/results/generated/patches/r2c1/0045.png
1006,patch,45,06288.png,holon,u65ie,5.2621649689389365,3048,0.0,"[2, 2]","[136, 137, 138, 139, 152, 153, 154, 155, 168, 169, 170, 171, 184, 185, 186, 187]",,200087,jussie,0.0,0.5,0.6,0.0,0.0,0.0,0.0,0.0,/home/ekim339/projects/SD3.5/experiments/style_encoder/results/inputs/0045_06288.png,/home/ekim339/projects/SD3.5/experiments/style_encoder/results/generated/patches/r2c2/0045.png
1007,patch,45,06288.png,holon,u65ie,5.2621649689389365,3048,0.0,"[2, 3]","[140, 141, 142, 143, 156, 157, 158, 159, 172, 173, 174, 175, 188, 189, 190, 191]",,200087,jussie,0.0,0.5,0.6,0.0,0.0,0.0,0.0,0.0,/home/ekim339/projects/SD3.5/experiments/style_encoder/results/inputs/0045_06288.png,/home/ekim339/projects/SD3.5/experiments/style_encoder/results/generated/patches/r2c3/0045.png
1008,patch,45,06288.png,holon,u65ie,5.2621649689389365,3048,0.0,"[3, 0]","[192, 193, 194, 195, 208, 209, 210, 211, 224, 225, 226, 227, 240, 241, 242, 243]",,200087,jussie,0.0,0.5,0.6,0.0,0.0,0.0,0.0,0.0,/home/ekim339/projects/SD3.5/experiments/style_encoder/results/inputs/0045_06288.png,/home/ekim339/projects/SD3.5/experiments/style_encoder/results/generated/patches/r3c0/0045.png
1009,patch,45,06288.png,holon,u65ie,5.2621649689389365,3048,0.0,"[3, 1]","[196, 197, 198, 199, 212, 213, 214, 215, 228, 229, 230, 231, 244, 245, 246, 247]",,200087,jussier,0.0,0.4285714285714286,0.8,0.0,0.0,0.0,0.0,0.0,/home/ekim339/projects/SD3.5/experiments/style_encoder/results/inputs/0045_06288.png,/home/ekim339/projects/SD3.5/experiments/style_encoder/results/generated/patches/r3c1/0045.png
1010,patch,45,06288.png,holon,u65ie,5.2621649689389365,3048,0.0,"[3, 2]","[200, 201, 202, 203, 216, 217, 218, 219, 232, 233, 234, 235, 248, 249, 250, 251]",,200087,jussier,0.0,0.4285714285714286,0.8,0.0,0.0,0.0,0.0,0.0,/home/ekim339/projects/SD3.5/experiments/style_encoder/results/inputs/0045_06288.png,/home/ekim339/projects/SD3.5/experiments/style_encoder/results/generated/patches/r3c2/0045.png
1011,patch,45,06288.png,holon,u65ie,5.2621649689389365,3048,0.0,"[3, 3]","[204, 205, 206, 207, 220, 221, 222, 223, 236, 237, 238, 239, 252, 253, 254, 255]",,200087,jussier,0.0,0.4285714285714286,0.8,0.0,0.0,0.0,0.0,0.0,/home/ekim339/projects/SD3.5/experiments/style_encoder/results/inputs/0045_06288.png,/home/ekim339/projects/SD3.5/experiments/style_encoder/results/generated/patches/r3c3/0045.png
1012,proportion,46,44947.png,pricy,uumly,10.784218379955963,3049,0.0,,[],100502,200088,uumnly,0.0,0.8333333333333334,0.2,1.0,1.0,1.0,0.0,0.0,/home/ekim339/projects/SD3.5/experiments/style_encoder/results/inputs/0046_44947.png,/home/ekim339/projects/SD3.5/experiments/style_encoder/results/generated/proportions/mask-0p0/0046.png
1013,proportion,46,44947.png,pricy,uumly,10.784218379955963,3049,0.1,,[],100503,200088,uurly,0.0,0.8,0.2,1.0,1.0,0.0,1.0,1.0,/home/ekim339/projects/SD3.5/experiments/style_encoder/results/inputs/0046_44947.png,/home/ekim339/projects/SD3.5/experiments/style_encoder/results/generated/proportions/mask-0p1/0046.png
1014,proportion,46,44947.png,pricy,uumly,10.784218379955963,3049,0.3,,[],100505,200088,uumly,1.0,1.0,0.0,1.0,1.0,1.0,1.0,1.0,/home/ekim339/projects/SD3.5/experiments/style_encoder/results/inputs/0046_44947.png,/home/ekim339/projects/SD3.5/experiments/style_encoder/results/generated/proportions/mask-0p3/0046.png
1015,proportion,46,44947.png,pricy,uumly,10.784218379955963,3049,0.5,,[],100507,200088,uumly,1.0,1.0,0.0,1.0,1.0,1.0,1.0,1.0,/home/ekim339/projects/SD3.5/experiments/style_encoder/results/inputs/0046_44947.png,/home/ekim339/projects/SD3.5/experiments/style_encoder/results/generated/proportions/mask-0p5/0046.png
1016,proportion,46,44947.png,pricy,uumly,10.784218379955963,3049,0.7,,[],100509,200088,inn,0.0,0.0,1.0,0.0,0.0,0.0,0.0,0.0,/home/ekim339/projects/SD3.5/experiments/style_encoder/results/inputs/0046_44947.png,/home/ekim339/projects/SD3.5/experiments/style_encoder/results/generated/proportions/mask-0p7/0046.png
1017,patch,46,44947.png,pricy,uumly,10.784218379955963,3049,0.0,,[],,200088,uumnly,0.0,0.8333333333333334,0.2,1.0,1.0,1.0,0.0,0.0,/home/ekim339/projects/SD3.5/experiments/style_encoder/results/inputs/0046_44947.png,/home/ekim339/projects/SD3.5/experiments/style_encoder/results/generated/patches/none/0046.png
1018,patch,46,44947.png,pricy,uumly,10.784218379955963,3049,0.0,"[0, 0]","[0, 1, 2, 3, 16, 17, 18, 19, 32, 33, 34, 35, 48, 49, 50, 51]",,200088,uumly,1.0,1.0,0.0,1.0,1.0,1.0,1.0,1.0,/home/ekim339/projects/SD3.5/experiments/style_encoder/results/inputs/0046_44947.png,/home/ekim339/projects/SD3.5/experiments/style_encoder/results/generated/patches/r0c0/0046.png
1019,patch,46,44947.png,pricy,uumly,10.784218379955963,3049,0.0,"[0, 1]","[4, 5, 6, 7, 20, 21, 22, 23, 36, 37, 38, 39, 52, 53, 54, 55]",,200088,uumly,1.0,1.0,0.0,1.0,1.0,1.0,1.0,1.0,/home/ekim339/projects/SD3.5/experiments/style_encoder/results/inputs/0046_44947.png,/home/ekim339/projects/SD3.5/experiments/style_encoder/results/generated/patches/r0c1/0046.png
1020,patch,46,44947.png,pricy,uumly,10.784218379955963,3049,0.0,"[0, 2]","[8, 9, 10, 11, 24, 25, 26, 27, 40, 41, 42, 43, 56, 57, 58, 59]",,200088,uurly,0.0,0.8,0.2,1.0,1.0,0.0,1.0,1.0,/home/ekim339/projects/SD3.5/experiments/style_encoder/results/inputs/0046_44947.png,/home/ekim339/projects/SD3.5/experiments/style_encoder/results/generated/patches/r0c2/0046.png
1021,patch,46,44947.png,pricy,uumly,10.784218379955963,3049,0.0,"[0, 3]","[12, 13, 14, 15, 28, 29, 30, 31, 44, 45, 46, 47, 60, 61, 62, 63]",,200088,uumly,1.0,1.0,0.0,1.0,1.0,1.0,1.0,1.0,/home/ekim339/projects/SD3.5/experiments/style_encoder/results/inputs/0046_44947.png,/home/ekim339/projects/SD3.5/experiments/style_encoder/results/generated/patches/r0c3/0046.png
1022,patch,46,44947.png,pricy,uumly,10.784218379955963,3049,0.0,"[1, 0]","[64, 65, 66, 67, 80, 81, 82, 83, 96, 97, 98, 99, 112, 113, 114, 115]",,200088,uumy,0.0,0.8,0.2,1.0,1.0,1.0,0.0,0.0,/home/ekim339/projects/SD3.5/experiments/style_encoder/results/inputs/0046_44947.png,/home/ekim339/projects/SD3.5/experiments/style_encoder/results/generated/patches/r1c0/0046.png
1023,patch,46,44947.png,pricy,uumly,10.784218379955963,3049,0.0,"[1, 1]","[68, 69, 70, 71, 84, 85, 86, 87, 100, 101, 102, 103, 116, 117, 118, 119]",,200088,uurly,0.0,0.8,0.2,1.0,1.0,0.0,1.0,1.0,/home/ekim339/projects/SD3.5/experiments/style_encoder/results/inputs/0046_44947.png,/home/ekim339/projects/SD3.5/experiments/style_encoder/results/generated/patches/r1c1/0046.png
1024,patch,46,44947.png,pricy,uumly,10.784218379955963,3049,0.0,"[1, 2]","[72, 73, 74, 75, 88, 89, 90, 91, 104, 105, 106, 107, 120, 121, 122, 123]",,200088,uumly,1.0,1.0,0.0,1.0,1.0,1.0,1.0,1.0,/home/ekim339/projects/SD3.5/experiments/style_encoder/results/inputs/0046_44947.png,/home/ekim339/projects/SD3.5/experiments/style_encoder/results/generated/patches/r1c2/0046.png
1025,patch,46,44947.png,pricy,uumly,10.784218379955963,3049,0.0,"[1, 3]","[76, 77, 78, 79, 92, 93, 94, 95, 108, 109, 110, 111, 124, 125, 126, 127]",,200088,uumly,1.0,1.0,0.0,1.0,1.0,1.0,1.0,1.0,/home/ekim339/projects/SD3.5/experiments/style_encoder/results/inputs/0046_44947.png,/home/ekim339/projects/SD3.5/experiments/style_encoder/results/generated/patches/r1c3/0046.png
1026,patch,46,44947.png,pricy,uumly,10.784218379955963,3049,0.0,"[2, 0]","[128, 129, 130, 131, 144, 145, 146, 147, 160, 161, 162, 163, 176, 177, 178, 179]",,200088,uumly,1.0,1.0,0.0,1.0,1.0,1.0,1.0,1.0,/home/ekim339/projects/SD3.5/experiments/style_encoder/results/inputs/0046_44947.png,/home/ekim339/projects/SD3.5/experiments/style_encoder/results/generated/patches/r2c0/0046.png
1027,patch,46,44947.png,pricy,uumly,10.784218379955963,3049,0.0,"[2, 1]","[132, 133, 134, 135, 148, 149, 150, 151, 164, 165, 166, 167, 180, 181, 182, 183]",,200088,uumly,1.0,1.0,0.0,1.0,1.0,1.0,1.0,1.0,/home/ekim339/projects/SD3.5/experiments/style_encoder/results/inputs/0046_44947.png,/home/ekim339/projects/SD3.5/experiments/style_encoder/results/generated/patches/r2c1/0046.png
1028,patch,46,44947.png,pricy,uumly,10.784218379955963,3049,0.0,"[2, 2]","[136, 137, 138, 139, 152, 153, 154, 155, 168, 169, 170, 171, 184, 185, 186, 187]",,200088,uurly,0.0,0.8,0.2,1.0,1.0,0.0,1.0,1.0,/home/ekim339/projects/SD3.5/experiments/style_encoder/results/inputs/0046_44947.png,/home/ekim339/projects/SD3.5/experiments/style_encoder/results/generated/patches/r2c2/0046.png
1029,patch,46,44947.png,pricy,uumly,10.784218379955963,3049,0.0,"[2, 3]","[140, 141, 142, 143, 156, 157, 158, 159, 172, 173, 174, 175, 188, 189, 190, 191]",,200088,uurlly,0.0,0.6666666666666667,0.4,1.0,1.0,0.0,1.0,0.0,/home/ekim339/projects/SD3.5/experiments/style_encoder/results/inputs/0046_44947.png,/home/ekim339/projects/SD3.5/experiments/style_encoder/results/generated/patches/r2c3/0046.png
1030,patch,46,44947.png,pricy,uumly,10.784218379955963,3049,0.0,"[3, 0]","[192, 193, 194, 195, 208, 209, 210, 211, 224, 225, 226, 227, 240, 241, 242, 243]",,200088,uumly,1.0,1.0,0.0,1.0,1.0,1.0,1.0,1.0,/home/ekim339/projects/SD3.5/experiments/style_encoder/results/inputs/0046_44947.png,/home/ekim339/projects/SD3.5/experiments/style_encoder/results/generated/patches/r3c0/0046.png
1031,patch,46,44947.png,pricy,uumly,10.784218379955963,3049,0.0,"[3, 1]","[196, 197, 198, 199, 212, 213, 214, 215, 228, 229, 230, 231, 244, 245, 246, 247]",,200088,uurly,0.0,0.8,0.2,1.0,1.0,0.0,1.0,1.0,/home/ekim339/projects/SD3.5/experiments/style_encoder/results/inputs/0046_44947.png,/home/ekim339/projects/SD3.5/experiments/style_encoder/results/generated/patches/r3c1/0046.png
1032,patch,46,44947.png,pricy,uumly,10.784218379955963,3049,0.0,"[3, 2]","[200, 201, 202, 203, 216, 217, 218, 219, 232, 233, 234, 235, 248, 249, 250, 251]",,200088,uurly,0.0,0.8,0.2,1.0,1.0,0.0,1.0,1.0,/home/ekim339/projects/SD3.5/experiments/style_encoder/results/inputs/0046_44947.png,/home/ekim339/projects/SD3.5/experiments/style_encoder/results/generated/patches/r3c2/0046.png
1033,patch,46,44947.png,pricy,uumly,10.784218379955963,3049,0.0,"[3, 3]","[204, 205, 206, 207, 220, 221, 222, 223, 236, 237, 238, 239, 252, 253, 254, 255]",,200088,uumly,1.0,1.0,0.0,1.0,1.0,1.0,1.0,1.0,/home/ekim339/projects/SD3.5/experiments/style_encoder/results/inputs/0046_44947.png,/home/ekim339/projects/SD3.5/experiments/style_encoder/results/generated/patches/r3c3/0046.png
1034,proportion,47,07154.png,cashe,cmk1x,2.254365678670303,3050,0.0,,[],100512,200089,cempeii,0.0,0.2857142857142857,1.0,1.0,0.0,0.0,0.0,0.0,/home/ekim339/projects/SD3.5/experiments/style_encoder/results/inputs/0047_07154.png,/home/ekim339/projects/SD3.5/experiments/style_encoder/results/generated/proportions/mask-0p0/0047.png
1035,proportion,47,07154.png,cashe,cmk1x,2.254365678670303,3050,0.1,,[],100513,200089,cmkkies,0.0,0.4285714285714286,0.8,1.0,1.0,1.0,0.0,0.0,/home/ekim339/projects/SD3.5/experiments/style_encoder/results/inputs/0047_07154.png,/home/ekim339/projects/SD3.5/experiments/style_encoder/results/generated/proportions/mask-0p1/0047.png
1036,proportion,47,07154.png,cashe,cmk1x,2.254365678670303,3050,0.3,,[],100515,200089,cckking,0.0,0.2857142857142857,1.0,1.0,0.0,1.0,0.0,0.0,/home/ekim339/projects/SD3.5/experiments/style_encoder/results/inputs/0047_07154.png,/home/ekim339/projects/SD3.5/experiments/style_encoder/results/generated/proportions/mask-0p3/0047.png
1037,proportion,47,07154.png,cashe,cmk1x,2.254365678670303,3050,0.5,,[],100517,200089,cmklx,0.0,0.8,0.2,1.0,1.0,1.0,0.0,1.0,/home/ekim339/projects/SD3.5/experiments/style_encoder/results/inputs/0047_07154.png,/home/ekim339/projects/SD3.5/experiments/style_encoder/results/generated/proportions/mask-0p5/0047.png
1038,proportion,47,07154.png,cashe,cmk1x,2.254365678670303,3050,0.7,,[],100519,200089,cmkkx,0.0,0.8,0.2,1.0,1.0,1.0,0.0,1.0,/home/ekim339/projects/SD3.5/experiments/style_encoder/results/inputs/0047_07154.png,/home/ekim339/projects/SD3.5/experiments/style_encoder/results/generated/proportions/mask-0p7/0047.png
1039,patch,47,07154.png,cashe,cmk1x,2.254365678670303,3050,0.0,,[],,200089,cempeii,0.0,0.2857142857142857,1.0,1.0,0.0,0.0,0.0,0.0,/home/ekim339/projects/SD3.5/experiments/style_encoder/results/inputs/0047_07154.png,/home/ekim339/projects/SD3.5/experiments/style_encoder/results/generated/patches/none/0047.png
1040,patch,47,07154.png,cashe,cmk1x,2.254365678670303,3050,0.0,"[0, 0]","[0, 1, 2, 3, 16, 17, 18, 19, 32, 33, 34, 35, 48, 49, 50, 51]",,200089,cmkkkn,0.0,0.5,0.6,1.0,1.0,1.0,0.0,0.0,/home/ekim339/projects/SD3.5/experiments/style_encoder/results/inputs/0047_07154.png,/home/ekim339/projects/SD3.5/experiments/style_encoder/results/generated/patches/r0c0/0047.png
1041,patch,47,07154.png,cashe,cmk1x,2.254365678670303,3050,0.0,"[0, 1]","[4, 5, 6, 7, 20, 21, 22, 23, 36, 37, 38, 39, 52, 53, 54, 55]",,200089,cckkin,0.0,0.33333333333333337,0.8,1.0,0.0,1.0,0.0,0.0,/home/ekim339/projects/SD3.5/experiments/style_encoder/results/inputs/0047_07154.png,/home/ekim339/projects/SD3.5/experiments/style_encoder/results/generated/patches/r0c1/0047.png
1042,patch,47,07154.png,cashe,cmk1x,2.254365678670303,3050,0.0,"[0, 2]","[8, 9, 10, 11, 24, 25, 26, 27, 40, 41, 42, 43, 56, 57, 58, 59]",,200089,couche,0.0,0.16666666666666663,1.0,1.0,0.0,0.0,0.0,0.0,/home/ekim339/projects/SD3.5/experiments/style_encoder/results/inputs/0047_07154.png,/home/ekim339/projects/SD3.5/experiments/style_encoder/results/generated/patches/r0c2/0047.png
1043,patch,47,07154.png,cashe,cmk1x,2.254365678670303,3050,0.0,"[0, 3]","[12, 13, 14, 15, 28, 29, 30, 31, 44, 45, 46, 47, 60, 61, 62, 63]",,200089,cmkul,0.0,0.6,0.4,1.0,1.0,1.0,0.0,0.0,/home/ekim339/projects/SD3.5/experiments/style_encoder/results/inputs/0047_07154.png,/home/ekim339/projects/SD3.5/experiments/style_encoder/results/generated/patches/r0c3/0047.png
1044,patch,47,07154.png,cashe,cmk1x,2.254365678670303,3050,0.0,"[1, 0]","[64, 65, 66, 67, 80, 81, 82, 83, 96, 97, 98, 99, 112, 113, 114, 115]",,200089,cmkix,0.0,0.8,0.2,1.0,1.0,1.0,0.0,1.0,/home/ekim339/projects/SD3.5/experiments/style_encoder/results/inputs/0047_07154.png,/home/ekim339/projects/SD3.5/experiments/style_encoder/results/generated/patches/r1c0/0047.png
1045,patch,47,07154.png,cashe,cmk1x,2.254365678670303,3050,0.0,"[1, 1]","[68, 69, 70, 71, 84, 85, 86, 87, 100, 101, 102, 103, 116, 117, 118, 119]",,200089,sekkii,0.0,0.16666666666666663,1.0,0.0,0.0,1.0,0.0,0.0,/home/ekim339/projects/SD3.5/experiments/style_encoder/results/inputs/0047_07154.png,/home/ekim339/projects/SD3.5/experiments/style_encoder/results/generated/patches/r1c1/0047.png
1046,patch,47,07154.png,cashe,cmk1x,2.254365678670303,3050,0.0,"[1, 2]","[72, 73, 74, 75, 88, 89, 90, 91, 104, 105, 106, 107, 120, 121, 122, 123]",,200089,semkky,0.0,0.33333333333333337,0.8,0.0,0.0,0.0,0.0,0.0,/home/ekim339/projects/SD3.5/experiments/style_encoder/results/inputs/0047_07154.png,/home/ekim339/projects/SD3.5/experiments/style_encoder/results/generated/patches/r1c2/0047.png
1047,patch,47,07154.png,cashe,cmk1x,2.254365678670303,3050,0.0,"[1, 3]","[76, 77, 78, 79, 92, 93, 94, 95, 108, 109, 110, 111, 124, 125, 126, 127]",,200089,cmkke,0.0,0.6,0.4,1.0,1.0,1.0,0.0,0.0,/home/ekim339/projects/SD3.5/experiments/style_encoder/results/inputs/0047_07154.png,/home/ekim339/projects/SD3.5/experiments/style_encoder/results/generated/patches/r1c3/0047.png
1048,patch,47,07154.png,cashe,cmk1x,2.254365678670303,3050,0.0,"[2, 0]","[128, 129, 130, 131, 144, 145, 146, 147, 160, 161, 162, 163, 176, 177, 178, 179]",,200089,cmktx,0.0,0.8,0.2,1.0,1.0,1.0,0.0,1.0,/home/ekim339/projects/SD3.5/experiments/style_encoder/results/inputs/0047_07154.png,/home/ekim339/projects/SD3.5/experiments/style_encoder/results/generated/patches/r2c0/0047.png
1049,patch,47,07154.png,cashe,cmk1x,2.254365678670303,3050,0.0,"[2, 1]","[132, 133, 134, 135, 148, 149, 150, 151, 164, 165, 166, 167, 180, 181, 182, 183]",,200089,cmkk,0.0,0.6,0.4,1.0,1.0,1.0,0.0,0.0,/home/ekim339/projects/SD3.5/experiments/style_encoder/results/inputs/0047_07154.png,/home/ekim339/projects/SD3.5/experiments/style_encoder/results/generated/patches/r2c1/0047.png
1050,patch,47,07154.png,cashe,cmk1x,2.254365678670303,3050,0.0,"[2, 2]","[136, 137, 138, 139, 152, 153, 154, 155, 168, 169, 170, 171, 184, 185, 186, 187]",,200089,semkkin,0.0,0.2857142857142857,1.0,0.0,0.0,0.0,0.0,0.0,/home/ekim339/projects/SD3.5/experiments/style_encoder/results/inputs/0047_07154.png,/home/ekim339/projects/SD3.5/experiments/style_encoder/results/generated/patches/r2c2/0047.png
1051,patch,47,07154.png,cashe,cmk1x,2.254365678670303,3050,0.0,"[2, 3]","[140, 141, 142, 143, 156, 157, 158, 159, 172, 173, 174, 175, 188, 189, 190, 191]",,200089,cmkh,0.0,0.6,0.4,1.0,1.0,1.0,0.0,0.0,/home/ekim339/projects/SD3.5/experiments/style_encoder/results/inputs/0047_07154.png,/home/ekim339/projects/SD3.5/experiments/style_encoder/results/generated/patches/r2c3/0047.png
1052,patch,47,07154.png,cashe,cmk1x,2.254365678670303,3050,0.0,"[3, 0]","[192, 193, 194, 195, 208, 209, 210, 211, 224, 225, 226, 227, 240, 241, 242, 243]",,200089,smkhin,0.0,0.33333333333333337,0.8,0.0,1.0,1.0,0.0,0.0,/home/ekim339/projects/SD3.5/experiments/style_encoder/results/inputs/0047_07154.png,/home/ekim339/projects/SD3.5/experiments/style_encoder/results/generated/patches/r3c0/0047.png
1053,patch,47,07154.png,cashe,cmk1x,2.254365678670303,3050,0.0,"[3, 1]","[196, 197, 198, 199, 212, 213, 214, 215, 228, 229, 230, 231, 244, 245, 246, 247]",,200089,scmkkin,0.0,0.4285714285714286,0.8,0.0,0.0,0.0,0.0,0.0,/home/ekim339/projects/SD3.5/experiments/style_encoder/results/inputs/0047_07154.png,/home/ekim339/projects/SD3.5/experiments/style_encoder/results/generated/patches/r3c1/0047.png
1054,patch,47,07154.png,cashe,cmk1x,2.254365678670303,3050,0.0,"[3, 2]","[200, 201, 202, 203, 216, 217, 218, 219, 232, 233, 234, 235, 248, 249, 250, 251]",,200089,semkii,0.0,0.33333333333333337,0.8,0.0,0.0,0.0,0.0,0.0,/home/ekim339/projects/SD3.5/experiments/style_encoder/results/inputs/0047_07154.png,/home/ekim339/projects/SD3.5/experiments/style_encoder/results/generated/patches/r3c2/0047.png
1055,patch,47,07154.png,cashe,cmk1x,2.254365678670303,3050,0.0,"[3, 3]","[204, 205, 206, 207, 220, 221, 222, 223, 236, 237, 238, 239, 252, 253, 254, 255]",,200089,cmkke,0.0,0.6,0.4,1.0,1.0,1.0,0.0,0.0,/home/ekim339/projects/SD3.5/experiments/style_encoder/results/inputs/0047_07154.png,/home/ekim339/projects/SD3.5/experiments/style_encoder/results/generated/patches/r3c3/0047.png
1056,proportion,48,40980.png,legio,gojck,9.644806018902699,3051,0.0,,[],100522,200090,gojck,1.0,1.0,0.0,1.0,1.0,1.0,1.0,1.0,/home/ekim339/projects/SD3.5/experiments/style_encoder/results/inputs/0048_40980.png,/home/ekim339/projects/SD3.5/experiments/style_encoder/results/generated/proportions/mask-0p0/0048.png
1057,proportion,48,40980.png,legio,gojck,9.644806018902699,3051,0.1,,[],100523,200090,gojck,1.0,1.0,0.0,1.0,1.0,1.0,1.0,1.0,/home/ekim339/projects/SD3.5/experiments/style_encoder/results/inputs/0048_40980.png,/home/ekim339/projects/SD3.5/experiments/style_encoder/results/generated/proportions/mask-0p1/0048.png
1058,proportion,48,40980.png,legio,gojck,9.644806018902699,3051,0.3,,[],100525,200090,gojck,1.0,1.0,0.0,1.0,1.0,1.0,1.0,1.0,/home/ekim339/projects/SD3.5/experiments/style_encoder/results/inputs/0048_40980.png,/home/ekim339/projects/SD3.5/experiments/style_encoder/results/generated/proportions/mask-0p3/0048.png
1059,proportion,48,40980.png,legio,gojck,9.644806018902699,3051,0.5,,[],100527,200090,gojck,1.0,1.0,0.0,1.0,1.0,1.0,1.0,1.0,/home/ekim339/projects/SD3.5/experiments/style_encoder/results/inputs/0048_40980.png,/home/ekim339/projects/SD3.5/experiments/style_encoder/results/generated/proportions/mask-0p5/0048.png
1060,proportion,48,40980.png,legio,gojck,9.644806018902699,3051,0.7,,[],100529,200090,gojck,1.0,1.0,0.0,1.0,1.0,1.0,1.0,1.0,/home/ekim339/projects/SD3.5/experiments/style_encoder/results/inputs/0048_40980.png,/home/ekim339/projects/SD3.5/experiments/style_encoder/results/generated/proportions/mask-0p7/0048.png
1061,patch,48,40980.png,legio,gojck,9.644806018902699,3051,0.0,,[],,200090,gojck,1.0,1.0,0.0,1.0,1.0,1.0,1.0,1.0,/home/ekim339/projects/SD3.5/experiments/style_encoder/results/inputs/0048_40980.png,/home/ekim339/projects/SD3.5/experiments/style_encoder/results/generated/patches/none/0048.png
1062,patch,48,40980.png,legio,gojck,9.644806018902699,3051,0.0,"[0, 0]","[0, 1, 2, 3, 16, 17, 18, 19, 32, 33, 34, 35, 48, 49, 50, 51]",,200090,gojck,1.0,1.0,0.0,1.0,1.0,1.0,1.0,1.0,/home/ekim339/projects/SD3.5/experiments/style_encoder/results/inputs/0048_40980.png,/home/ekim339/projects/SD3.5/experiments/style_encoder/results/generated/patches/r0c0/0048.png
1063,patch,48,40980.png,legio,gojck,9.644806018902699,3051,0.0,"[0, 1]","[4, 5, 6, 7, 20, 21, 22, 23, 36, 37, 38, 39, 52, 53, 54, 55]",,200090,gojck,1.0,1.0,0.0,1.0,1.0,1.0,1.0,1.0,/home/ekim339/projects/SD3.5/experiments/style_encoder/results/inputs/0048_40980.png,/home/ekim339/projects/SD3.5/experiments/style_encoder/results/generated/patches/r0c1/0048.png
1064,patch,48,40980.png,legio,gojck,9.644806018902699,3051,0.0,"[0, 2]","[8, 9, 10, 11, 24, 25, 26, 27, 40, 41, 42, 43, 56, 57, 58, 59]",,200090,gojck,1.0,1.0,0.0,1.0,1.0,1.0,1.0,1.0,/home/ekim339/projects/SD3.5/experiments/style_encoder/results/inputs/0048_40980.png,/home/ekim339/projects/SD3.5/experiments/style_encoder/results/generated/patches/r0c2/0048.png
1065,patch,48,40980.png,legio,gojck,9.644806018902699,3051,0.0,"[0, 3]","[12, 13, 14, 15, 28, 29, 30, 31, 44, 45, 46, 47, 60, 61, 62, 63]",,200090,gojck,1.0,1.0,0.0,1.0,1.0,1.0,1.0,1.0,/home/ekim339/projects/SD3.5/experiments/style_encoder/results/inputs/0048_40980.png,/home/ekim339/projects/SD3.5/experiments/style_encoder/results/generated/patches/r0c3/0048.png
1066,patch,48,40980.png,legio,gojck,9.644806018902699,3051,0.0,"[1, 0]","[64, 65, 66, 67, 80, 81, 82, 83, 96, 97, 98, 99, 112, 113, 114, 115]",,200090,gojck,1.0,1.0,0.0,1.0,1.0,1.0,1.0,1.0,/home/ekim339/projects/SD3.5/experiments/style_encoder/results/inputs/0048_40980.png,/home/ekim339/projects/SD3.5/experiments/style_encoder/results/generated/patches/r1c0/0048.png
1067,patch,48,40980.png,legio,gojck,9.644806018902699,3051,0.0,"[1, 1]","[68, 69, 70, 71, 84, 85, 86, 87, 100, 101, 102, 103, 116, 117, 118, 119]",,200090,gojck,1.0,1.0,0.0,1.0,1.0,1.0,1.0,1.0,/home/ekim339/projects/SD3.5/experiments/style_encoder/results/inputs/0048_40980.png,/home/ekim339/projects/SD3.5/experiments/style_encoder/results/generated/patches/r1c1/0048.png
1068,patch,48,40980.png,legio,gojck,9.644806018902699,3051,0.0,"[1, 2]","[72, 73, 74, 75, 88, 89, 90, 91, 104, 105, 106, 107, 120, 121, 122, 123]",,200090,yojck,0.0,0.8,0.2,0.0,1.0,1.0,1.0,1.0,/home/ekim339/projects/SD3.5/experiments/style_encoder/results/inputs/0048_40980.png,/home/ekim339/projects/SD3.5/experiments/style_encoder/results/generated/patches/r1c2/0048.png
1069,patch,48,40980.png,legio,gojck,9.644806018902699,3051,0.0,"[1, 3]","[76, 77, 78, 79, 92, 93, 94, 95, 108, 109, 110, 111, 124, 125, 126, 127]",,200090,gojck,1.0,1.0,0.0,1.0,1.0,1.0,1.0,1.0,/home/ekim339/projects/SD3.5/experiments/style_encoder/results/inputs/0048_40980.png,/home/ekim339/projects/SD3.5/experiments/style_encoder/results/generated/patches/r1c3/0048.png
1070,patch,48,40980.png,legio,gojck,9.644806018902699,3051,0.0,"[2, 0]","[128, 129, 130, 131, 144, 145, 146, 147, 160, 161, 162, 163, 176, 177, 178, 179]",,200090,gojck,1.0,1.0,0.0,1.0,1.0,1.0,1.0,1.0,/home/ekim339/projects/SD3.5/experiments/style_encoder/results/inputs/0048_40980.png,/home/ekim339/projects/SD3.5/experiments/style_encoder/results/generated/patches/r2c0/0048.png
1071,patch,48,40980.png,legio,gojck,9.644806018902699,3051,0.0,"[2, 1]","[132, 133, 134, 135, 148, 149, 150, 151, 164, 165, 166, 167, 180, 181, 182, 183]",,200090,gojck,1.0,1.0,0.0,1.0,1.0,1.0,1.0,1.0,/home/ekim339/projects/SD3.5/experiments/style_encoder/results/inputs/0048_40980.png,/home/ekim339/projects/SD3.5/experiments/style_encoder/results/generated/patches/r2c1/0048.png
1072,patch,48,40980.png,legio,gojck,9.644806018902699,3051,0.0,"[2, 2]","[136, 137, 138, 139, 152, 153, 154, 155, 168, 169, 170, 171, 184, 185, 186, 187]",,200090,gojck,1.0,1.0,0.0,1.0,1.0,1.0,1.0,1.0,/home/ekim339/projects/SD3.5/experiments/style_encoder/results/inputs/0048_40980.png,/home/ekim339/projects/SD3.5/experiments/style_encoder/results/generated/patches/r2c2/0048.png
1073,patch,48,40980.png,legio,gojck,9.644806018902699,3051,0.0,"[2, 3]","[140, 141, 142, 143, 156, 157, 158, 159, 172, 173, 174, 175, 188, 189, 190, 191]",,200090,gojck,1.0,1.0,0.0,1.0,1.0,1.0,1.0,1.0,/home/ekim339/projects/SD3.5/experiments/style_encoder/results/inputs/0048_40980.png,/home/ekim339/projects/SD3.5/experiments/style_encoder/results/generated/patches/r2c3/0048.png
1074,patch,48,40980.png,legio,gojck,9.644806018902699,3051,0.0,"[3, 0]","[192, 193, 194, 195, 208, 209, 210, 211, 224, 225, 226, 227, 240, 241, 242, 243]",,200090,gojck,1.0,1.0,0.0,1.0,1.0,1.0,1.0,1.0,/home/ekim339/projects/SD3.5/experiments/style_encoder/results/inputs/0048_40980.png,/home/ekim339/projects/SD3.5/experiments/style_encoder/results/generated/patches/r3c0/0048.png
1075,patch,48,40980.png,legio,gojck,9.644806018902699,3051,0.0,"[3, 1]","[196, 197, 198, 199, 212, 213, 214, 215, 228, 229, 230, 231, 244, 245, 246, 247]",,200090,gojck,1.0,1.0,0.0,1.0,1.0,1.0,1.0,1.0,/home/ekim339/projects/SD3.5/experiments/style_encoder/results/inputs/0048_40980.png,/home/ekim339/projects/SD3.5/experiments/style_encoder/results/generated/patches/r3c1/0048.png
1076,patch,48,40980.png,legio,gojck,9.644806018902699,3051,0.0,"[3, 2]","[200, 201, 202, 203, 216, 217, 218, 219, 232, 233, 234, 235, 248, 249, 250, 251]",,200090,gojck,1.0,1.0,0.0,1.0,1.0,1.0,1.0,1.0,/home/ekim339/projects/SD3.5/experiments/style_encoder/results/inputs/0048_40980.png,/home/ekim339/projects/SD3.5/experiments/style_encoder/results/generated/patches/r3c2/0048.png
1077,patch,48,40980.png,legio,gojck,9.644806018902699,3051,0.0,"[3, 3]","[204, 205, 206, 207, 220, 221, 222, 223, 236, 237, 238, 239, 252, 253, 254, 255]",,200090,gojck,1.0,1.0,0.0,1.0,1.0,1.0,1.0,1.0,/home/ekim339/projects/SD3.5/experiments/style_encoder/results/inputs/0048_40980.png,/home/ekim339/projects/SD3.5/experiments/style_encoder/results/generated/patches/r3c3/0048.png
1078,proportion,49,23904.png,DUHAT,62w7g,2.1201717168656002,3052,0.0,,[],100532,200091,ozwzg,0.0,0.4,0.6,0.0,0.0,1.0,0.0,1.0,/home/ekim339/projects/SD3.5/experiments/style_encoder/results/inputs/0049_23904.png,/home/ekim339/projects/SD3.5/experiments/style_encoder/results/generated/proportions/mask-0p0/0049.png
1079,proportion,49,23904.png,DUHAT,62w7g,2.1201717168656002,3052,0.1,,[],100533,200091,qzwzg,0.0,0.4,0.6,0.0,0.0,1.0,0.0,1.0,/home/ekim339/projects/SD3.5/experiments/style_encoder/results/inputs/0049_23904.png,/home/ekim339/projects/SD3.5/experiments/style_encoder/results/generated/proportions/mask-0p1/0049.png
1080,proportion,49,23904.png,DUHAT,62w7g,2.1201717168656002,3052,0.3,,[],100535,200091,gzwzg,0.0,0.4,0.6,0.0,0.0,1.0,0.0,1.0,/home/ekim339/projects/SD3.5/experiments/style_encoder/results/inputs/0049_23904.png,/home/ekim339/projects/SD3.5/experiments/style_encoder/results/generated/proportions/mask-0p3/0049.png
1081,proportion,49,23904.png,DUHAT,62w7g,2.1201717168656002,3052,0.5,,[],100537,200091,czwzg,0.0,0.4,0.6,0.0,0.0,1.0,0.0,1.0,/home/ekim339/projects/SD3.5/experiments/style_encoder/results/inputs/0049_23904.png,/home/ekim339/projects/SD3.5/experiments/style_encoder/results/generated/proportions/mask-0p5/0049.png
1082,proportion,49,23904.png,DUHAT,62w7g,2.1201717168656002,3052,0.7,,[],100539,200091,cewzg,0.0,0.4,0.6,0.0,0.0,1.0,0.0,1.0,/home/ekim339/projects/SD3.5/experiments/style_encoder/results/inputs/0049_23904.png,/home/ekim339/projects/SD3.5/experiments/style_encoder/results/generated/proportions/mask-0p7/0049.png
1083,patch,49,23904.png,DUHAT,62w7g,2.1201717168656002,3052,0.0,,[],,200091,ozwzg,0.0,0.4,0.6,0.0,0.0,1.0,0.0,1.0,/home/ekim339/projects/SD3.5/experiments/style_encoder/results/inputs/0049_23904.png,/home/ekim339/projects/SD3.5/experiments/style_encoder/results/generated/patches/none/0049.png
1084,patch,49,23904.png,DUHAT,62w7g,2.1201717168656002,3052,0.0,"[0, 0]","[0, 1, 2, 3, 16, 17, 18, 19, 32, 33, 34, 35, 48, 49, 50, 51]",,200091,czwzg,0.0,0.4,0.6,0.0,0.0,1.0,0.0,1.0,/home/ekim339/projects/SD3.5/experiments/style_encoder/results/inputs/0049_23904.png,/home/ekim339/projects/SD3.5/experiments/style_encoder/results/generated/patches/r0c0/0049.png
1085,patch,49,23904.png,DUHAT,62w7g,2.1201717168656002,3052,0.0,"[0, 1]","[4, 5, 6, 7, 20, 21, 22, 23, 36, 37, 38, 39, 52, 53, 54, 55]",,200091,ozwzg,0.0,0.4,0.6,0.0,0.0,1.0,0.0,1.0,/home/ekim339/projects/SD3.5/experiments/style_encoder/results/inputs/0049_23904.png,/home/ekim339/projects/SD3.5/experiments/style_encoder/results/generated/patches/r0c1/0049.png
1086,patch,49,23904.png,DUHAT,62w7g,2.1201717168656002,3052,0.0,"[0, 2]","[8, 9, 10, 11, 24, 25, 26, 27, 40, 41, 42, 43, 56, 57, 58, 59]",,200091,ozwzg,0.0,0.4,0.6,0.0,0.0,1.0,0.0,1.0,/home/ekim339/projects/SD3.5/experiments/style_encoder/results/inputs/0049_23904.png,/home/ekim339/projects/SD3.5/experiments/style_encoder/results/generated/patches/r0c2/0049.png
1087,patch,49,23904.png,DUHAT,62w7g,2.1201717168656002,3052,0.0,"[0, 3]","[12, 13, 14, 15, 28, 29, 30, 31, 44, 45, 46, 47, 60, 61, 62, 63]",,200091,ozwzg,0.0,0.4,0.6,0.0,0.0,1.0,0.0,1.0,/home/ekim339/projects/SD3.5/experiments/style_encoder/results/inputs/0049_23904.png,/home/ekim339/projects/SD3.5/experiments/style_encoder/results/generated/patches/r0c3/0049.png
1088,patch,49,23904.png,DUHAT,62w7g,2.1201717168656002,3052,0.0,"[1, 0]","[64, 65, 66, 67, 80, 81, 82, 83, 96, 97, 98, 99, 112, 113, 114, 115]",,200091,ozwzg,0.0,0.4,0.6,0.0,0.0,1.0,0.0,1.0,/home/ekim339/projects/SD3.5/experiments/style_encoder/results/inputs/0049_23904.png,/home/ekim339/projects/SD3.5/experiments/style_encoder/results/generated/patches/r1c0/0049.png
1089,patch,49,23904.png,DUHAT,62w7g,2.1201717168656002,3052,0.0,"[1, 1]","[68, 69, 70, 71, 84, 85, 86, 87, 100, 101, 102, 103, 116, 117, 118, 119]",,200091,ozwzg,0.0,0.4,0.6,0.0,0.0,1.0,0.0,1.0,/home/ekim339/projects/SD3.5/experiments/style_encoder/results/inputs/0049_23904.png,/home/ekim339/projects/SD3.5/experiments/style_encoder/results/generated/patches/r1c1/0049.png
1090,patch,49,23904.png,DUHAT,62w7g,2.1201717168656002,3052,0.0,"[1, 2]","[72, 73, 74, 75, 88, 89, 90, 91, 104, 105, 106, 107, 120, 121, 122, 123]",,200091,ozwzg,0.0,0.4,0.6,0.0,0.0,1.0,0.0,1.0,/home/ekim339/projects/SD3.5/experiments/style_encoder/results/inputs/0049_23904.png,/home/ekim339/projects/SD3.5/experiments/style_encoder/results/generated/patches/r1c2/0049.png
1091,patch,49,23904.png,DUHAT,62w7g,2.1201717168656002,3052,0.0,"[1, 3]","[76, 77, 78, 79, 92, 93, 94, 95, 108, 109, 110, 111, 124, 125, 126, 127]",,200091,gzwzg,0.0,0.4,0.6,0.0,0.0,1.0,0.0,1.0,/home/ekim339/projects/SD3.5/experiments/style_encoder/results/inputs/0049_23904.png,/home/ekim339/projects/SD3.5/experiments/style_encoder/results/generated/patches/r1c3/0049.png
1092,patch,49,23904.png,DUHAT,62w7g,2.1201717168656002,3052,0.0,"[2, 0]","[128, 129, 130, 131, 144, 145, 146, 147, 160, 161, 162, 163, 176, 177, 178, 179]",,200091,qzwz,0.0,0.19999999999999996,0.8,0.0,0.0,1.0,0.0,0.0,/home/ekim339/projects/SD3.5/experiments/style_encoder/results/inputs/0049_23904.png,/home/ekim339/projects/SD3.5/experiments/style_encoder/results/generated/patches/r2c0/0049.png
1093,patch,49,23904.png,DUHAT,62w7g,2.1201717168656002,3052,0.0,"[2, 1]","[132, 133, 134, 135, 148, 149, 150, 151, 164, 165, 166, 167, 180, 181, 182, 183]",,200091,ozwzg,0.0,0.4,0.6,0.0,0.0,1.0,0.0,1.0,/home/ekim339/projects/SD3.5/experiments/style_encoder/results/inputs/0049_23904.png,/home/ekim339/projects/SD3.5/experiments/style_encoder/results/generated/patches/r2c1/0049.png
1094,patch,49,23904.png,DUHAT,62w7g,2.1201717168656002,3052,0.0,"[2, 2]","[136, 137, 138, 139, 152, 153, 154, 155, 168, 169, 170, 171, 184, 185, 186, 187]",,200091,azwzg,0.0,0.4,0.6,0.0,0.0,1.0,0.0,1.0,/home/ekim339/projects/SD3.5/experiments/style_encoder/results/inputs/0049_23904.png,/home/ekim339/projects/SD3.5/experiments/style_encoder/results/generated/patches/r2c2/0049.png
1095,patch,49,23904.png,DUHAT,62w7g,2.1201717168656002,3052,0.0,"[2, 3]","[140, 141, 142, 143, 156, 157, 158, 159, 172, 173, 174, 175, 188, 189, 190, 191]",,200091,gzwzg,0.0,0.4,0.6,0.0,0.0,1.0,0.0,1.0,/home/ekim339/projects/SD3.5/experiments/style_encoder/results/inputs/0049_23904.png,/home/ekim339/projects/SD3.5/experiments/style_encoder/results/generated/patches/r2c3/0049.png
1096,patch,49,23904.png,DUHAT,62w7g,2.1201717168656002,3052,0.0,"[3, 0]","[192, 193, 194, 195, 208, 209, 210, 211, 224, 225, 226, 227, 240, 241, 242, 243]",,200091,ozwzg,0.0,0.4,0.6,0.0,0.0,1.0,0.0,1.0,/home/ekim339/projects/SD3.5/experiments/style_encoder/results/inputs/0049_23904.png,/home/ekim339/projects/SD3.5/experiments/style_encoder/results/generated/patches/r3c0/0049.png
1097,patch,49,23904.png,DUHAT,62w7g,2.1201717168656002,3052,0.0,"[3, 1]","[196, 197, 198, 199, 212, 213, 214, 215, 228, 229, 230, 231, 244, 245, 246, 247]",,200091,dzwzg,0.0,0.4,0.6,0.0,0.0,1.0,0.0,1.0,/home/ekim339/projects/SD3.5/experiments/style_encoder/results/inputs/0049_23904.png,/home/ekim339/projects/SD3.5/experiments/style_encoder/results/generated/patches/r3c1/0049.png
1098,patch,49,23904.png,DUHAT,62w7g,2.1201717168656002,3052,0.0,"[3, 2]","[200, 201, 202, 203, 216, 217, 218, 219, 232, 233, 234, 235, 248, 249, 250, 251]",,200091,dzwzg,0.0,0.4,0.6,0.0,0.0,1.0,0.0,1.0,/home/ekim339/projects/SD3.5/experiments/style_encoder/results/inputs/0049_23904.png,/home/ekim339/projects/SD3.5/experiments/style_encoder/results/generated/patches/r3c2/0049.png
1099,patch,49,23904.png,DUHAT,62w7g,2.1201717168656002,3052,0.0,"[3, 3]","[204, 205, 206, 207, 220, 221, 222, 223, 236, 237, 238, 239, 252, 253, 254, 255]",,200091,gzwzg,0.0,0.4,0.6,0.0,0.0,1.0,0.0,1.0,/home/ekim339/projects/SD3.5/experiments/style_encoder/results/inputs/0049_23904.png,/home/ekim339/projects/SD3.5/experiments/style_encoder/results/generated/patches/r3c3/0049.png
