index,sample_index,filename,model,target_key,source_text,target_text,ocr_predicted_text,ACC,NED,CER,noise_standard_deviation,noise_seed,generation_seed,source_path,input_path,mask_path,output_path
800,0,08945.png,self_prompting_sd35,case_upper,thine,XAQKY,thine,0.0,0.0,1.0,6.756381637663084,4004,3003,/home/ekim339/project/SD3.5/datasets/SRNet_Datagen/train/train-50k-3/i_s/08945.png,/home/ekim339/project/SD3.5/experiments/self_prompting_sd35/results/inputs/0000_08945.png,/home/ekim339/project/SD3.5/datasets/SRNet_Datagen/train/train-50k-3/mask_s/08945.png,/home/ekim339/project/SD3.5/experiments/self_prompting_sd35/results/generated/self_prompting_sd35/case_upper/0000.png
801,0,08945.png,self_prompting_sd35,case_lower,thine,xaqky,thine,0.0,0.0,1.0,6.756381637663084,4004,3004,/home/ekim339/project/SD3.5/datasets/SRNet_Datagen/train/train-50k-3/i_s/08945.png,/home/ekim339/project/SD3.5/experiments/self_prompting_sd35/results/inputs/0000_08945.png,/home/ekim339/project/SD3.5/datasets/SRNet_Datagen/train/train-50k-3/mask_s/08945.png,/home/ekim339/project/SD3.5/experiments/self_prompting_sd35/results/generated/self_prompting_sd35/case_lower/0000.png
802,0,08945.png,self_prompting_sd35,special_1,thine,hKqPs,thine,0.0,0.0,1.0,6.756381637663084,4004,3005,/home/ekim339/project/SD3.5/datasets/SRNet_Datagen/train/train-50k-3/i_s/08945.png,/home/ekim339/project/SD3.5/experiments/self_prompting_sd35/results/inputs/0000_08945.png,/home/ekim339/project/SD3.5/datasets/SRNet_Datagen/train/train-50k-3/mask_s/08945.png,/home/ekim339/project/SD3.5/experiments/self_prompting_sd35/results/generated/self_prompting_sd35/special_1/0000.png
803,0,08945.png,self_prompting_sd35,special_2,thine,dtG$e,thine,0.0,0.19999999999999996,0.8,6.756381637663084,4004,3006,/home/ekim339/project/SD3.5/datasets/SRNet_Datagen/train/train-50k-3/i_s/08945.png,/home/ekim339/project/SD3.5/experiments/self_prompting_sd35/results/inputs/0000_08945.png,/home/ekim339/project/SD3.5/datasets/SRNet_Datagen/train/train-50k-3/mask_s/08945.png,/home/ekim339/project/SD3.5/experiments/self_prompting_sd35/results/generated/self_prompting_sd35/special_2/0000.png
804,0,08945.png,self_prompting_sd35,special_3,thine,laM&%,thine,0.0,0.0,1.0,6.756381637663084,4004,3007,/home/ekim339/project/SD3.5/datasets/SRNet_Datagen/train/train-50k-3/i_s/08945.png,/home/ekim339/project/SD3.5/experiments/self_prompting_sd35/results/inputs/0000_08945.png,/home/ekim339/project/SD3.5/datasets/SRNet_Datagen/train/train-50k-3/mask_s/08945.png,/home/ekim339/project/SD3.5/experiments/self_prompting_sd35/results/generated/self_prompting_sd35/special_3/0000.png
805,0,08945.png,self_prompting_sd35,special_4,thine,C.I,thine,0.0,0.0,1.6666666666666667,6.756381637663084,4004,3008,/home/ekim339/project/SD3.5/datasets/SRNet_Datagen/train/train-50k-3/i_s/08945.png,/home/ekim339/project/SD3.5/experiments/self_prompting_sd35/results/inputs/0000_08945.png,/home/ekim339/project/SD3.5/datasets/SRNet_Datagen/train/train-50k-3/mask_s/08945.png,/home/ekim339/project/SD3.5/experiments/self_prompting_sd35/results/generated/self_prompting_sd35/special_4/0000.png
806,0,08945.png,self_prompting_sd35,special_5,thine,@U+.$,thine,0.0,0.0,1.0,6.756381637663084,4004,3009,/home/ekim339/project/SD3.5/datasets/SRNet_Datagen/train/train-50k-3/i_s/08945.png,/home/ekim339/project/SD3.5/experiments/self_prompting_sd35/results/inputs/0000_08945.png,/home/ekim339/project/SD3.5/datasets/SRNet_Datagen/train/train-50k-3/mask_s/08945.png,/home/ekim339/project/SD3.5/experiments/self_prompting_sd35/results/generated/self_prompting_sd35/special_5/0000.png
807,0,08945.png,self_prompting_sd35,special_6,thine,"#=&,*",thine,0.0,0.0,1.0,6.756381637663084,4004,3010,/home/ekim339/project/SD3.5/datasets/SRNet_Datagen/train/train-50k-3/i_s/08945.png,/home/ekim339/project/SD3.5/experiments/self_prompting_sd35/results/inputs/0000_08945.png,/home/ekim339/project/SD3.5/datasets/SRNet_Datagen/train/train-50k-3/mask_s/08945.png,/home/ekim339/project/SD3.5/experiments/self_prompting_sd35/results/generated/self_prompting_sd35/special_6/0000.png
808,1,47853.png,self_prompting_sd35,case_upper,shall,GFRBQ,shall,0.0,0.0,1.0,5.549560196686573,4005,3011,/home/ekim339/project/SD3.5/datasets/SRNet_Datagen/train/train-50k-3/i_s/47853.png,/home/ekim339/project/SD3.5/experiments/self_prompting_sd35/results/inputs/0001_47853.png,/home/ekim339/project/SD3.5/datasets/SRNet_Datagen/train/train-50k-3/mask_s/47853.png,/home/ekim339/project/SD3.5/experiments/self_prompting_sd35/results/generated/self_prompting_sd35/case_upper/0001.png
809,1,47853.png,self_prompting_sd35,case_lower,shall,gfrbq,shall,0.0,0.0,1.0,5.549560196686573,4005,3012,/home/ekim339/project/SD3.5/datasets/SRNet_Datagen/train/train-50k-3/i_s/47853.png,/home/ekim339/project/SD3.5/experiments/self_prompting_sd35/results/inputs/0001_47853.png,/home/ekim339/project/SD3.5/datasets/SRNet_Datagen/train/train-50k-3/mask_s/47853.png,/home/ekim339/project/SD3.5/experiments/self_prompting_sd35/results/generated/self_prompting_sd35/case_lower/0001.png
810,1,47853.png,self_prompting_sd35,special_1,shall,jQlsN,shalla,0.0,0.16666666666666663,1.0,5.549560196686573,4005,3013,/home/ekim339/project/SD3.5/datasets/SRNet_Datagen/train/train-50k-3/i_s/47853.png,/home/ekim339/project/SD3.5/experiments/self_prompting_sd35/results/inputs/0001_47853.png,/home/ekim339/project/SD3.5/datasets/SRNet_Datagen/train/train-50k-3/mask_s/47853.png,/home/ekim339/project/SD3.5/experiments/self_prompting_sd35/results/generated/self_prompting_sd35/special_1/0001.png
811,1,47853.png,self_prompting_sd35,special_2,shall,ocp$e,shat,0.0,0.0,1.0,5.549560196686573,4005,3014,/home/ekim339/project/SD3.5/datasets/SRNet_Datagen/train/train-50k-3/i_s/47853.png,/home/ekim339/project/SD3.5/experiments/self_prompting_sd35/results/inputs/0001_47853.png,/home/ekim339/project/SD3.5/datasets/SRNet_Datagen/train/train-50k-3/mask_s/47853.png,/home/ekim339/project/SD3.5/experiments/self_prompting_sd35/results/generated/self_prompting_sd35/special_2/0001.png
812,1,47853.png,self_prompting_sd35,special_3,shall,N;?Ha,shall,0.0,0.0,1.0,5.549560196686573,4005,3015,/home/ekim339/project/SD3.5/datasets/SRNet_Datagen/train/train-50k-3/i_s/47853.png,/home/ekim339/project/SD3.5/experiments/self_prompting_sd35/results/inputs/0001_47853.png,/home/ekim339/project/SD3.5/datasets/SRNet_Datagen/train/train-50k-3/mask_s/47853.png,/home/ekim339/project/SD3.5/experiments/self_prompting_sd35/results/generated/self_prompting_sd35/special_3/0001.png
813,1,47853.png,self_prompting_sd35,special_4,shall,v=N,shall,0.0,0.0,1.6666666666666667,5.549560196686573,4005,3016,/home/ekim339/project/SD3.5/datasets/SRNet_Datagen/train/train-50k-3/i_s/47853.png,/home/ekim339/project/SD3.5/experiments/self_prompting_sd35/results/inputs/0001_47853.png,/home/ekim339/project/SD3.5/datasets/SRNet_Datagen/train/train-50k-3/mask_s/47853.png,/home/ekim339/project/SD3.5/experiments/self_prompting_sd35/results/generated/self_prompting_sd35/special_4/0001.png
814,1,47853.png,self_prompting_sd35,special_5,shall,@=.%y,ssail,0.0,0.0,1.0,5.549560196686573,4005,3017,/home/ekim339/project/SD3.5/datasets/SRNet_Datagen/train/train-50k-3/i_s/47853.png,/home/ekim339/project/SD3.5/experiments/self_prompting_sd35/results/inputs/0001_47853.png,/home/ekim339/project/SD3.5/datasets/SRNet_Datagen/train/train-50k-3/mask_s/47853.png,/home/ekim339/project/SD3.5/experiments/self_prompting_sd35/results/generated/self_prompting_sd35/special_5/0001.png
815,1,47853.png,self_prompting_sd35,special_6,shall,#;%;%,shall,0.0,0.0,1.0,5.549560196686573,4005,3018,/home/ekim339/project/SD3.5/datasets/SRNet_Datagen/train/train-50k-3/i_s/47853.png,/home/ekim339/project/SD3.5/experiments/self_prompting_sd35/results/inputs/0001_47853.png,/home/ekim339/project/SD3.5/datasets/SRNet_Datagen/train/train-50k-3/mask_s/47853.png,/home/ekim339/project/SD3.5/experiments/self_prompting_sd35/results/generated/self_prompting_sd35/special_6/0001.png
816,2,04626.png,self_prompting_sd35,case_upper,tushy,YWLJG,mone,0.0,0.0,1.0,7.104199863536806,4006,3019,/home/ekim339/project/SD3.5/datasets/SRNet_Datagen/train/train-50k-3/i_s/04626.png,/home/ekim339/project/SD3.5/experiments/self_prompting_sd35/results/inputs/0002_04626.png,/home/ekim339/project/SD3.5/datasets/SRNet_Datagen/train/train-50k-3/mask_s/04626.png,/home/ekim339/project/SD3.5/experiments/self_prompting_sd35/results/generated/self_prompting_sd35/case_upper/0002.png
817,2,04626.png,self_prompting_sd35,case_lower,tushy,ywljg,tushy,0.0,0.0,1.0,7.104199863536806,4006,3020,/home/ekim339/project/SD3.5/datasets/SRNet_Datagen/train/train-50k-3/i_s/04626.png,/home/ekim339/project/SD3.5/experiments/self_prompting_sd35/results/inputs/0002_04626.png,/home/ekim339/project/SD3.5/datasets/SRNet_Datagen/train/train-50k-3/mask_s/04626.png,/home/ekim339/project/SD3.5/experiments/self_prompting_sd35/results/generated/self_prompting_sd35/case_lower/0002.png
818,2,04626.png,self_prompting_sd35,special_1,tushy,lAkpZ,justa,0.0,0.0,1.0,7.104199863536806,4006,3021,/home/ekim339/project/SD3.5/datasets/SRNet_Datagen/train/train-50k-3/i_s/04626.png,/home/ekim339/project/SD3.5/experiments/self_prompting_sd35/results/inputs/0002_04626.png,/home/ekim339/project/SD3.5/datasets/SRNet_Datagen/train/train-50k-3/mask_s/04626.png,/home/ekim339/project/SD3.5/experiments/self_prompting_sd35/results/generated/self_prompting_sd35/special_1/0002.png
819,2,04626.png,self_prompting_sd35,special_2,tushy,DPK;w,tushy,0.0,0.0,1.0,7.104199863536806,4006,3022,/home/ekim339/project/SD3.5/datasets/SRNet_Datagen/train/train-50k-3/i_s/04626.png,/home/ekim339/project/SD3.5/experiments/self_prompting_sd35/results/inputs/0002_04626.png,/home/ekim339/project/SD3.5/datasets/SRNet_Datagen/train/train-50k-3/mask_s/04626.png,/home/ekim339/project/SD3.5/experiments/self_prompting_sd35/results/generated/self_prompting_sd35/special_2/0002.png
820,2,04626.png,self_prompting_sd35,special_3,tushy,.mk%k,tushy,0.0,0.0,1.0,7.104199863536806,4006,3023,/home/ekim339/project/SD3.5/datasets/SRNet_Datagen/train/train-50k-3/i_s/04626.png,/home/ekim339/project/SD3.5/experiments/self_prompting_sd35/results/inputs/0002_04626.png,/home/ekim339/project/SD3.5/datasets/SRNet_Datagen/train/train-50k-3/mask_s/04626.png,/home/ekim339/project/SD3.5/experiments/self_prompting_sd35/results/generated/self_prompting_sd35/special_3/0002.png
821,2,04626.png,self_prompting_sd35,special_4,tushy,xU&,lushy,0.0,0.0,1.6666666666666667,7.104199863536806,4006,3024,/home/ekim339/project/SD3.5/datasets/SRNet_Datagen/train/train-50k-3/i_s/04626.png,/home/ekim339/project/SD3.5/experiments/self_prompting_sd35/results/inputs/0002_04626.png,/home/ekim339/project/SD3.5/datasets/SRNet_Datagen/train/train-50k-3/mask_s/04626.png,/home/ekim339/project/SD3.5/experiments/self_prompting_sd35/results/generated/self_prompting_sd35/special_4/0002.png
822,2,04626.png,self_prompting_sd35,special_5,tushy,$Q!=?,tushy,0.0,0.0,1.0,7.104199863536806,4006,3025,/home/ekim339/project/SD3.5/datasets/SRNet_Datagen/train/train-50k-3/i_s/04626.png,/home/ekim339/project/SD3.5/experiments/self_prompting_sd35/results/inputs/0002_04626.png,/home/ekim339/project/SD3.5/datasets/SRNet_Datagen/train/train-50k-3/mask_s/04626.png,/home/ekim339/project/SD3.5/experiments/self_prompting_sd35/results/generated/self_prompting_sd35/special_5/0002.png
823,2,04626.png,self_prompting_sd35,special_6,tushy,*#;@.,aihhy,0.0,0.0,1.0,7.104199863536806,4006,3026,/home/ekim339/project/SD3.5/datasets/SRNet_Datagen/train/train-50k-3/i_s/04626.png,/home/ekim339/project/SD3.5/experiments/self_prompting_sd35/results/inputs/0002_04626.png,/home/ekim339/project/SD3.5/datasets/SRNet_Datagen/train/train-50k-3/mask_s/04626.png,/home/ekim339/project/SD3.5/experiments/self_prompting_sd35/results/generated/self_prompting_sd35/special_6/0002.png
824,3,47920.png,self_prompting_sd35,case_upper,could,YGIJW,could,0.0,0.0,1.0,9.835273672159019,4007,3027,/home/ekim339/project/SD3.5/datasets/SRNet_Datagen/train/train-50k-1/i_s/47920.png,/home/ekim339/project/SD3.5/experiments/self_prompting_sd35/results/inputs/0003_47920.png,/home/ekim339/project/SD3.5/datasets/SRNet_Datagen/train/train-50k-1/mask_s/47920.png,/home/ekim339/project/SD3.5/experiments/self_prompting_sd35/results/generated/self_prompting_sd35/case_upper/0003.png
825,3,47920.png,self_prompting_sd35,case_lower,could,ygijw,could,0.0,0.0,1.0,9.835273672159019,4007,3028,/home/ekim339/project/SD3.5/datasets/SRNet_Datagen/train/train-50k-1/i_s/47920.png,/home/ekim339/project/SD3.5/experiments/self_prompting_sd35/results/inputs/0003_47920.png,/home/ekim339/project/SD3.5/datasets/SRNet_Datagen/train/train-50k-1/mask_s/47920.png,/home/ekim339/project/SD3.5/experiments/self_prompting_sd35/results/generated/self_prompting_sd35/case_lower/0003.png
826,3,47920.png,self_prompting_sd35,special_1,could,cDIKr,could,0.0,0.19999999999999996,0.8,9.835273672159019,4007,3029,/home/ekim339/project/SD3.5/datasets/SRNet_Datagen/train/train-50k-1/i_s/47920.png,/home/ekim339/project/SD3.5/experiments/self_prompting_sd35/results/inputs/0003_47920.png,/home/ekim339/project/SD3.5/datasets/SRNet_Datagen/train/train-50k-1/mask_s/47920.png,/home/ekim339/project/SD3.5/experiments/self_prompting_sd35/results/generated/self_prompting_sd35/special_1/0003.png
827,3,47920.png,self_prompting_sd35,special_2,could,l!baF,could,0.0,0.0,1.0,9.835273672159019,4007,3030,/home/ekim339/project/SD3.5/datasets/SRNet_Datagen/train/train-50k-1/i_s/47920.png,/home/ekim339/project/SD3.5/experiments/self_prompting_sd35/results/inputs/0003_47920.png,/home/ekim339/project/SD3.5/datasets/SRNet_Datagen/train/train-50k-1/mask_s/47920.png,/home/ekim339/project/SD3.5/experiments/self_prompting_sd35/results/generated/self_prompting_sd35/special_2/0003.png
828,3,47920.png,self_prompting_sd35,special_3,could,;:Ufq,could,0.0,0.0,1.0,9.835273672159019,4007,3031,/home/ekim339/project/SD3.5/datasets/SRNet_Datagen/train/train-50k-1/i_s/47920.png,/home/ekim339/project/SD3.5/experiments/self_prompting_sd35/results/inputs/0003_47920.png,/home/ekim339/project/SD3.5/datasets/SRNet_Datagen/train/train-50k-1/mask_s/47920.png,/home/ekim339/project/SD3.5/experiments/self_prompting_sd35/results/generated/self_prompting_sd35/special_3/0003.png
829,3,47920.png,self_prompting_sd35,special_4,could,Z#x,could,0.0,0.0,1.6666666666666667,9.835273672159019,4007,3032,/home/ekim339/project/SD3.5/datasets/SRNet_Datagen/train/train-50k-1/i_s/47920.png,/home/ekim339/project/SD3.5/experiments/self_prompting_sd35/results/inputs/0003_47920.png,/home/ekim339/project/SD3.5/datasets/SRNet_Datagen/train/train-50k-1/mask_s/47920.png,/home/ekim339/project/SD3.5/experiments/self_prompting_sd35/results/generated/self_prompting_sd35/special_4/0003.png
830,3,47920.png,self_prompting_sd35,special_5,could,@!;r:,could,0.0,0.0,1.0,9.835273672159019,4007,3033,/home/ekim339/project/SD3.5/datasets/SRNet_Datagen/train/train-50k-1/i_s/47920.png,/home/ekim339/project/SD3.5/experiments/self_prompting_sd35/results/inputs/0003_47920.png,/home/ekim339/project/SD3.5/datasets/SRNet_Datagen/train/train-50k-1/mask_s/47920.png,/home/ekim339/project/SD3.5/experiments/self_prompting_sd35/results/generated/self_prompting_sd35/special_5/0003.png
831,3,47920.png,self_prompting_sd35,special_6,could,",*_.+",could,0.0,0.0,1.0,9.835273672159019,4007,3034,/home/ekim339/project/SD3.5/datasets/SRNet_Datagen/train/train-50k-1/i_s/47920.png,/home/ekim339/project/SD3.5/experiments/self_prompting_sd35/results/inputs/0003_47920.png,/home/ekim339/project/SD3.5/datasets/SRNet_Datagen/train/train-50k-1/mask_s/47920.png,/home/ekim339/project/SD3.5/experiments/self_prompting_sd35/results/generated/self_prompting_sd35/special_6/0003.png
832,4,41302.png,self_prompting_sd35,case_upper,mizen,XAEYO,cmmiinnnt,0.0,0.0,1.8,5.9973961582821635,4008,3035,/home/ekim339/project/SD3.5/datasets/SRNet_Datagen/train/train-50k-2/i_s/41302.png,/home/ekim339/project/SD3.5/experiments/self_prompting_sd35/results/inputs/0004_41302.png,/home/ekim339/project/SD3.5/datasets/SRNet_Datagen/train/train-50k-2/mask_s/41302.png,/home/ekim339/project/SD3.5/experiments/self_prompting_sd35/results/generated/self_prompting_sd35/case_upper/0004.png
833,4,41302.png,self_prompting_sd35,case_lower,mizen,xaeyo,mer,0.0,0.19999999999999996,0.8,5.9973961582821635,4008,3036,/home/ekim339/project/SD3.5/datasets/SRNet_Datagen/train/train-50k-2/i_s/41302.png,/home/ekim339/project/SD3.5/experiments/self_prompting_sd35/results/inputs/0004_41302.png,/home/ekim339/project/SD3.5/datasets/SRNet_Datagen/train/train-50k-2/mask_s/41302.png,/home/ekim339/project/SD3.5/experiments/self_prompting_sd35/results/generated/self_prompting_sd35/case_lower/0004.png
834,4,41302.png,self_prompting_sd35,special_1,mizen,ziPUx,ammizzent,0.0,0.11111111111111116,1.6,5.9973961582821635,4008,3037,/home/ekim339/project/SD3.5/datasets/SRNet_Datagen/train/train-50k-2/i_s/41302.png,/home/ekim339/project/SD3.5/experiments/self_prompting_sd35/results/inputs/0004_41302.png,/home/ekim339/project/SD3.5/datasets/SRNet_Datagen/train/train-50k-2/mask_s/41302.png,/home/ekim339/project/SD3.5/experiments/self_prompting_sd35/results/generated/self_prompting_sd35/special_1/0004.png
835,4,41302.png,self_prompting_sd35,special_2,mizen,pOO?h,dommiientt,0.0,0.0,2.0,5.9973961582821635,4008,3038,/home/ekim339/project/SD3.5/datasets/SRNet_Datagen/train/train-50k-2/i_s/41302.png,/home/ekim339/project/SD3.5/experiments/self_prompting_sd35/results/inputs/0004_41302.png,/home/ekim339/project/SD3.5/datasets/SRNet_Datagen/train/train-50k-2/mask_s/41302.png,/home/ekim339/project/SD3.5/experiments/self_prompting_sd35/results/generated/self_prompting_sd35/special_2/0004.png
836,4,41302.png,self_prompting_sd35,special_3,mizen,K#V?k,aemereen,0.0,0.0,1.6,5.9973961582821635,4008,3039,/home/ekim339/project/SD3.5/datasets/SRNet_Datagen/train/train-50k-2/i_s/41302.png,/home/ekim339/project/SD3.5/experiments/self_prompting_sd35/results/inputs/0004_41302.png,/home/ekim339/project/SD3.5/datasets/SRNet_Datagen/train/train-50k-2/mask_s/41302.png,/home/ekim339/project/SD3.5/experiments/self_prompting_sd35/results/generated/self_prompting_sd35/special_3/0004.png
837,4,41302.png,self_prompting_sd35,special_4,mizen,A+h,tho,0.0,0.0,1.0,5.9973961582821635,4008,3040,/home/ekim339/project/SD3.5/datasets/SRNet_Datagen/train/train-50k-2/i_s/41302.png,/home/ekim339/project/SD3.5/experiments/self_prompting_sd35/results/inputs/0004_41302.png,/home/ekim339/project/SD3.5/datasets/SRNet_Datagen/train/train-50k-2/mask_s/41302.png,/home/ekim339/project/SD3.5/experiments/self_prompting_sd35/results/generated/self_prompting_sd35/special_4/0004.png
838,4,41302.png,self_prompting_sd35,special_5,mizen,$;W?=,tron,0.0,0.0,1.0,5.9973961582821635,4008,3041,/home/ekim339/project/SD3.5/datasets/SRNet_Datagen/train/train-50k-2/i_s/41302.png,/home/ekim339/project/SD3.5/experiments/self_prompting_sd35/results/inputs/0004_41302.png,/home/ekim339/project/SD3.5/datasets/SRNet_Datagen/train/train-50k-2/mask_s/41302.png,/home/ekim339/project/SD3.5/experiments/self_prompting_sd35/results/generated/self_prompting_sd35/special_5/0004.png
839,4,41302.png,self_prompting_sd35,special_6,mizen,!:*&-,from,0.0,0.0,1.0,5.9973961582821635,4008,3042,/home/ekim339/project/SD3.5/datasets/SRNet_Datagen/train/train-50k-2/i_s/41302.png,/home/ekim339/project/SD3.5/experiments/self_prompting_sd35/results/inputs/0004_41302.png,/home/ekim339/project/SD3.5/datasets/SRNet_Datagen/train/train-50k-2/mask_s/41302.png,/home/ekim339/project/SD3.5/experiments/self_prompting_sd35/results/generated/self_prompting_sd35/special_6/0004.png
840,5,30764.png,self_prompting_sd35,case_upper,jougs,EBFTZ,jorge,0.0,0.0,1.0,6.480747726054247,4009,3043,/home/ekim339/project/SD3.5/datasets/SRNet_Datagen/train/train-50k-3/i_s/30764.png,/home/ekim339/project/SD3.5/experiments/self_prompting_sd35/results/inputs/0005_30764.png,/home/ekim339/project/SD3.5/datasets/SRNet_Datagen/train/train-50k-3/mask_s/30764.png,/home/ekim339/project/SD3.5/experiments/self_prompting_sd35/results/generated/self_prompting_sd35/case_upper/0005.png
841,5,30764.png,self_prompting_sd35,case_lower,jougs,ebftz,longs,0.0,0.0,1.0,6.480747726054247,4009,3044,/home/ekim339/project/SD3.5/datasets/SRNet_Datagen/train/train-50k-3/i_s/30764.png,/home/ekim339/project/SD3.5/experiments/self_prompting_sd35/results/inputs/0005_30764.png,/home/ekim339/project/SD3.5/datasets/SRNet_Datagen/train/train-50k-3/mask_s/30764.png,/home/ekim339/project/SD3.5/experiments/self_prompting_sd35/results/generated/self_prompting_sd35/case_lower/0005.png
842,5,30764.png,self_prompting_sd35,special_1,jougs,gGwCH,dougs,0.0,0.0,1.0,6.480747726054247,4009,3045,/home/ekim339/project/SD3.5/datasets/SRNet_Datagen/train/train-50k-3/i_s/30764.png,/home/ekim339/project/SD3.5/experiments/self_prompting_sd35/results/inputs/0005_30764.png,/home/ekim339/project/SD3.5/datasets/SRNet_Datagen/train/train-50k-3/mask_s/30764.png,/home/ekim339/project/SD3.5/experiments/self_prompting_sd35/results/generated/self_prompting_sd35/special_1/0005.png
843,5,30764.png,self_prompting_sd35,special_2,jougs,drdD$,jougs,0.0,0.0,1.0,6.480747726054247,4009,3046,/home/ekim339/project/SD3.5/datasets/SRNet_Datagen/train/train-50k-3/i_s/30764.png,/home/ekim339/project/SD3.5/experiments/self_prompting_sd35/results/inputs/0005_30764.png,/home/ekim339/project/SD3.5/datasets/SRNet_Datagen/train/train-50k-3/mask_s/30764.png,/home/ekim339/project/SD3.5/experiments/self_prompting_sd35/results/generated/self_prompting_sd35/special_2/0005.png
844,5,30764.png,self_prompting_sd35,special_3,jougs,"*y,uv",jougs,0.0,0.0,1.0,6.480747726054247,4009,3047,/home/ekim339/project/SD3.5/datasets/SRNet_Datagen/train/train-50k-3/i_s/30764.png,/home/ekim339/project/SD3.5/experiments/self_prompting_sd35/results/inputs/0005_30764.png,/home/ekim339/project/SD3.5/datasets/SRNet_Datagen/train/train-50k-3/mask_s/30764.png,/home/ekim339/project/SD3.5/experiments/self_prompting_sd35/results/generated/self_prompting_sd35/special_3/0005.png
845,5,30764.png,self_prompting_sd35,special_4,jougs,Z+j,louge,0.0,0.0,1.6666666666666667,6.480747726054247,4009,3048,/home/ekim339/project/SD3.5/datasets/SRNet_Datagen/train/train-50k-3/i_s/30764.png,/home/ekim339/project/SD3.5/experiments/self_prompting_sd35/results/inputs/0005_30764.png,/home/ekim339/project/SD3.5/datasets/SRNet_Datagen/train/train-50k-3/mask_s/30764.png,/home/ekim339/project/SD3.5/experiments/self_prompting_sd35/results/generated/self_prompting_sd35/special_4/0005.png
846,5,30764.png,self_prompting_sd35,special_5,jougs,@_&O_,long,0.0,0.0,1.0,6.480747726054247,4009,3049,/home/ekim339/project/SD3.5/datasets/SRNet_Datagen/train/train-50k-3/i_s/30764.png,/home/ekim339/project/SD3.5/experiments/self_prompting_sd35/results/inputs/0005_30764.png,/home/ekim339/project/SD3.5/datasets/SRNet_Datagen/train/train-50k-3/mask_s/30764.png,/home/ekim339/project/SD3.5/experiments/self_prompting_sd35/results/generated/self_prompting_sd35/special_5/0005.png
847,5,30764.png,self_prompting_sd35,special_6,jougs,+=-@.,jougs,0.0,0.0,1.0,6.480747726054247,4009,3050,/home/ekim339/project/SD3.5/datasets/SRNet_Datagen/train/train-50k-3/i_s/30764.png,/home/ekim339/project/SD3.5/experiments/self_prompting_sd35/results/inputs/0005_30764.png,/home/ekim339/project/SD3.5/datasets/SRNet_Datagen/train/train-50k-3/mask_s/30764.png,/home/ekim339/project/SD3.5/experiments/self_prompting_sd35/results/generated/self_prompting_sd35/special_6/0005.png
848,6,04781.png,self_prompting_sd35,case_upper,facia,AHPIO,facia,0.0,0.0,1.0,2.0150682314076747,4010,3051,/home/ekim339/project/SD3.5/datasets/SRNet_Datagen/train/train-50k-1/i_s/04781.png,/home/ekim339/project/SD3.5/experiments/self_prompting_sd35/results/inputs/0006_04781.png,/home/ekim339/project/SD3.5/datasets/SRNet_Datagen/train/train-50k-1/mask_s/04781.png,/home/ekim339/project/SD3.5/experiments/self_prompting_sd35/results/generated/self_prompting_sd35/case_upper/0006.png
849,6,04781.png,self_prompting_sd35,case_lower,facia,ahpio,fadi,0.0,0.19999999999999996,0.8,2.0150682314076747,4010,3052,/home/ekim339/project/SD3.5/datasets/SRNet_Datagen/train/train-50k-1/i_s/04781.png,/home/ekim339/project/SD3.5/experiments/self_prompting_sd35/results/inputs/0006_04781.png,/home/ekim339/project/SD3.5/datasets/SRNet_Datagen/train/train-50k-1/mask_s/04781.png,/home/ekim339/project/SD3.5/experiments/self_prompting_sd35/results/generated/self_prompting_sd35/case_lower/0006.png
850,6,04781.png,self_prompting_sd35,special_1,facia,ACnDj,fadaa,0.0,0.0,1.0,2.0150682314076747,4010,3053,/home/ekim339/project/SD3.5/datasets/SRNet_Datagen/train/train-50k-1/i_s/04781.png,/home/ekim339/project/SD3.5/experiments/self_prompting_sd35/results/inputs/0006_04781.png,/home/ekim339/project/SD3.5/datasets/SRNet_Datagen/train/train-50k-1/mask_s/04781.png,/home/ekim339/project/SD3.5/experiments/self_prompting_sd35/results/generated/self_prompting_sd35/special_1/0006.png
851,6,04781.png,self_prompting_sd35,special_2,facia,iarC@,facia,0.0,0.19999999999999996,0.8,2.0150682314076747,4010,3054,/home/ekim339/project/SD3.5/datasets/SRNet_Datagen/train/train-50k-1/i_s/04781.png,/home/ekim339/project/SD3.5/experiments/self_prompting_sd35/results/inputs/0006_04781.png,/home/ekim339/project/SD3.5/datasets/SRNet_Datagen/train/train-50k-1/mask_s/04781.png,/home/ekim339/project/SD3.5/experiments/self_prompting_sd35/results/generated/self_prompting_sd35/special_2/0006.png
852,6,04781.png,self_prompting_sd35,special_3,facia,Yy_L$,facia,0.0,0.0,1.0,2.0150682314076747,4010,3055,/home/ekim339/project/SD3.5/datasets/SRNet_Datagen/train/train-50k-1/i_s/04781.png,/home/ekim339/project/SD3.5/experiments/self_prompting_sd35/results/inputs/0006_04781.png,/home/ekim339/project/SD3.5/datasets/SRNet_Datagen/train/train-50k-1/mask_s/04781.png,/home/ekim339/project/SD3.5/experiments/self_prompting_sd35/results/generated/self_prompting_sd35/special_3/0006.png
853,6,04781.png,self_prompting_sd35,special_4,facia,&uP,facia,0.0,0.0,1.6666666666666667,2.0150682314076747,4010,3056,/home/ekim339/project/SD3.5/datasets/SRNet_Datagen/train/train-50k-1/i_s/04781.png,/home/ekim339/project/SD3.5/experiments/self_prompting_sd35/results/inputs/0006_04781.png,/home/ekim339/project/SD3.5/datasets/SRNet_Datagen/train/train-50k-1/mask_s/04781.png,/home/ekim339/project/SD3.5/experiments/self_prompting_sd35/results/generated/self_prompting_sd35/special_4/0006.png
854,6,04781.png,self_prompting_sd35,special_5,facia,&$$&C,fade,0.0,0.0,1.0,2.0150682314076747,4010,3057,/home/ekim339/project/SD3.5/datasets/SRNet_Datagen/train/train-50k-1/i_s/04781.png,/home/ekim339/project/SD3.5/experiments/self_prompting_sd35/results/inputs/0006_04781.png,/home/ekim339/project/SD3.5/datasets/SRNet_Datagen/train/train-50k-1/mask_s/04781.png,/home/ekim339/project/SD3.5/experiments/self_prompting_sd35/results/generated/self_prompting_sd35/special_5/0006.png
855,6,04781.png,self_prompting_sd35,special_6,facia,*@+*=,facia,0.0,0.0,1.0,2.0150682314076747,4010,3058,/home/ekim339/project/SD3.5/datasets/SRNet_Datagen/train/train-50k-1/i_s/04781.png,/home/ekim339/project/SD3.5/experiments/self_prompting_sd35/results/inputs/0006_04781.png,/home/ekim339/project/SD3.5/datasets/SRNet_Datagen/train/train-50k-1/mask_s/04781.png,/home/ekim339/project/SD3.5/experiments/self_prompting_sd35/results/generated/self_prompting_sd35/special_6/0006.png
856,7,01459.png,self_prompting_sd35,case_upper,bites,YSOLK,sesee,0.0,0.0,1.0,8.627726823178984,4011,3059,/home/ekim339/project/SD3.5/datasets/SRNet_Datagen/train/train-50k-4/i_s/01459.png,/home/ekim339/project/SD3.5/experiments/self_prompting_sd35/results/inputs/0007_01459.png,/home/ekim339/project/SD3.5/datasets/SRNet_Datagen/train/train-50k-4/mask_s/01459.png,/home/ekim339/project/SD3.5/experiments/self_prompting_sd35/results/generated/self_prompting_sd35/case_upper/0007.png
857,7,01459.png,self_prompting_sd35,case_lower,bites,ysolk,sene,0.0,0.19999999999999996,0.8,8.627726823178984,4011,3060,/home/ekim339/project/SD3.5/datasets/SRNet_Datagen/train/train-50k-4/i_s/01459.png,/home/ekim339/project/SD3.5/experiments/self_prompting_sd35/results/inputs/0007_01459.png,/home/ekim339/project/SD3.5/datasets/SRNet_Datagen/train/train-50k-4/mask_s/01459.png,/home/ekim339/project/SD3.5/experiments/self_prompting_sd35/results/generated/self_prompting_sd35/case_lower/0007.png
858,7,01459.png,self_prompting_sd35,special_1,bites,oDRsr,soserttsss,0.0,0.19999999999999996,1.6,8.627726823178984,4011,3061,/home/ekim339/project/SD3.5/datasets/SRNet_Datagen/train/train-50k-4/i_s/01459.png,/home/ekim339/project/SD3.5/experiments/self_prompting_sd35/results/inputs/0007_01459.png,/home/ekim339/project/SD3.5/datasets/SRNet_Datagen/train/train-50k-4/mask_s/01459.png,/home/ekim339/project/SD3.5/experiments/self_prompting_sd35/results/generated/self_prompting_sd35/special_1/0007.png
859,7,01459.png,self_prompting_sd35,special_2,bites,*MAGH,sene,0.0,0.0,1.0,8.627726823178984,4011,3062,/home/ekim339/project/SD3.5/datasets/SRNet_Datagen/train/train-50k-4/i_s/01459.png,/home/ekim339/project/SD3.5/experiments/self_prompting_sd35/results/inputs/0007_01459.png,/home/ekim339/project/SD3.5/datasets/SRNet_Datagen/train/train-50k-4/mask_s/01459.png,/home/ekim339/project/SD3.5/experiments/self_prompting_sd35/results/generated/self_prompting_sd35/special_2/0007.png
860,7,01459.png,self_prompting_sd35,special_3,bites,",Kqb+",seee,0.0,0.0,1.0,8.627726823178984,4011,3063,/home/ekim339/project/SD3.5/datasets/SRNet_Datagen/train/train-50k-4/i_s/01459.png,/home/ekim339/project/SD3.5/experiments/self_prompting_sd35/results/inputs/0007_01459.png,/home/ekim339/project/SD3.5/datasets/SRNet_Datagen/train/train-50k-4/mask_s/01459.png,/home/ekim339/project/SD3.5/experiments/self_prompting_sd35/results/generated/self_prompting_sd35/special_3/0007.png
861,7,01459.png,self_prompting_sd35,special_4,bites,mC*,aettsssss,0.0,0.0,3.0,8.627726823178984,4011,3064,/home/ekim339/project/SD3.5/datasets/SRNet_Datagen/train/train-50k-4/i_s/01459.png,/home/ekim339/project/SD3.5/experiments/self_prompting_sd35/results/inputs/0007_01459.png,/home/ekim339/project/SD3.5/datasets/SRNet_Datagen/train/train-50k-4/mask_s/01459.png,/home/ekim339/project/SD3.5/experiments/self_prompting_sd35/results/generated/self_prompting_sd35/special_4/0007.png
862,7,01459.png,self_prompting_sd35,special_5,bites,",n,?=",sene,0.0,0.0,1.0,8.627726823178984,4011,3065,/home/ekim339/project/SD3.5/datasets/SRNet_Datagen/train/train-50k-4/i_s/01459.png,/home/ekim339/project/SD3.5/experiments/self_prompting_sd35/results/inputs/0007_01459.png,/home/ekim339/project/SD3.5/datasets/SRNet_Datagen/train/train-50k-4/mask_s/01459.png,/home/ekim339/project/SD3.5/experiments/self_prompting_sd35/results/generated/self_prompting_sd35/special_5/0007.png
863,7,01459.png,self_prompting_sd35,special_6,bites,:+!=;,setttsssss,0.0,0.0,2.0,8.627726823178984,4011,3066,/home/ekim339/project/SD3.5/datasets/SRNet_Datagen/train/train-50k-4/i_s/01459.png,/home/ekim339/project/SD3.5/experiments/self_prompting_sd35/results/inputs/0007_01459.png,/home/ekim339/project/SD3.5/datasets/SRNet_Datagen/train/train-50k-4/mask_s/01459.png,/home/ekim339/project/SD3.5/experiments/self_prompting_sd35/results/generated/self_prompting_sd35/special_6/0007.png
864,8,36077.png,self_prompting_sd35,case_upper,meton,SYGUZ,mette,0.0,0.0,1.0,9.471375779649403,4012,3067,/home/ekim339/project/SD3.5/datasets/SRNet_Datagen/train/train-50k-2/i_s/36077.png,/home/ekim339/project/SD3.5/experiments/self_prompting_sd35/results/inputs/0008_36077.png,/home/ekim339/project/SD3.5/datasets/SRNet_Datagen/train/train-50k-2/mask_s/36077.png,/home/ekim339/project/SD3.5/experiments/self_prompting_sd35/results/generated/self_prompting_sd35/case_upper/0008.png
865,8,36077.png,self_prompting_sd35,case_lower,meton,syguz,thetch,0.0,0.0,1.2,9.471375779649403,4012,3068,/home/ekim339/project/SD3.5/datasets/SRNet_Datagen/train/train-50k-2/i_s/36077.png,/home/ekim339/project/SD3.5/experiments/self_prompting_sd35/results/inputs/0008_36077.png,/home/ekim339/project/SD3.5/datasets/SRNet_Datagen/train/train-50k-2/mask_s/36077.png,/home/ekim339/project/SD3.5/experiments/self_prompting_sd35/results/generated/self_prompting_sd35/case_lower/0008.png
866,8,36077.png,self_prompting_sd35,special_1,meton,fQGvb,maiin,0.0,0.0,1.0,9.471375779649403,4012,3069,/home/ekim339/project/SD3.5/datasets/SRNet_Datagen/train/train-50k-2/i_s/36077.png,/home/ekim339/project/SD3.5/experiments/self_prompting_sd35/results/inputs/0008_36077.png,/home/ekim339/project/SD3.5/datasets/SRNet_Datagen/train/train-50k-2/mask_s/36077.png,/home/ekim339/project/SD3.5/experiments/self_prompting_sd35/results/generated/self_prompting_sd35/special_1/0008.png
867,8,36077.png,self_prompting_sd35,special_2,meton,"LR,hJ",metch,0.0,0.0,1.0,9.471375779649403,4012,3070,/home/ekim339/project/SD3.5/datasets/SRNet_Datagen/train/train-50k-2/i_s/36077.png,/home/ekim339/project/SD3.5/experiments/self_prompting_sd35/results/inputs/0008_36077.png,/home/ekim339/project/SD3.5/datasets/SRNet_Datagen/train/train-50k-2/mask_s/36077.png,/home/ekim339/project/SD3.5/experiments/self_prompting_sd35/results/generated/self_prompting_sd35/special_2/0008.png
868,8,36077.png,self_prompting_sd35,special_3,meton,S-rY#,erston,0.0,0.0,1.2,9.471375779649403,4012,3071,/home/ekim339/project/SD3.5/datasets/SRNet_Datagen/train/train-50k-2/i_s/36077.png,/home/ekim339/project/SD3.5/experiments/self_prompting_sd35/results/inputs/0008_36077.png,/home/ekim339/project/SD3.5/datasets/SRNet_Datagen/train/train-50k-2/mask_s/36077.png,/home/ekim339/project/SD3.5/experiments/self_prompting_sd35/results/generated/self_prompting_sd35/special_3/0008.png
869,8,36077.png,self_prompting_sd35,special_4,meton,"oK,",tetth,0.0,0.0,1.6666666666666667,9.471375779649403,4012,3072,/home/ekim339/project/SD3.5/datasets/SRNet_Datagen/train/train-50k-2/i_s/36077.png,/home/ekim339/project/SD3.5/experiments/self_prompting_sd35/results/inputs/0008_36077.png,/home/ekim339/project/SD3.5/datasets/SRNet_Datagen/train/train-50k-2/mask_s/36077.png,/home/ekim339/project/SD3.5/experiments/self_prompting_sd35/results/generated/self_prompting_sd35/special_4/0008.png
870,8,36077.png,self_prompting_sd35,special_5,meton,*!B:?,thanks,0.0,0.0,1.2,9.471375779649403,4012,3073,/home/ekim339/project/SD3.5/datasets/SRNet_Datagen/train/train-50k-2/i_s/36077.png,/home/ekim339/project/SD3.5/experiments/self_prompting_sd35/results/inputs/0008_36077.png,/home/ekim339/project/SD3.5/datasets/SRNet_Datagen/train/train-50k-2/mask_s/36077.png,/home/ekim339/project/SD3.5/experiments/self_prompting_sd35/results/generated/self_prompting_sd35/special_5/0008.png
871,8,36077.png,self_prompting_sd35,special_6,meton,?@&=&,freth,0.0,0.0,1.0,9.471375779649403,4012,3074,/home/ekim339/project/SD3.5/datasets/SRNet_Datagen/train/train-50k-2/i_s/36077.png,/home/ekim339/project/SD3.5/experiments/self_prompting_sd35/results/inputs/0008_36077.png,/home/ekim339/project/SD3.5/datasets/SRNet_Datagen/train/train-50k-2/mask_s/36077.png,/home/ekim339/project/SD3.5/experiments/self_prompting_sd35/results/generated/self_prompting_sd35/special_6/0008.png
872,9,20512.png,self_prompting_sd35,case_upper,debus,LSDYC,debus,0.0,0.0,1.0,4.489815310055955,4013,3075,/home/ekim339/project/SD3.5/datasets/SRNet_Datagen/train/train-50k-3/i_s/20512.png,/home/ekim339/project/SD3.5/experiments/self_prompting_sd35/results/inputs/0009_20512.png,/home/ekim339/project/SD3.5/datasets/SRNet_Datagen/train/train-50k-3/mask_s/20512.png,/home/ekim339/project/SD3.5/experiments/self_prompting_sd35/results/generated/self_prompting_sd35/case_upper/0009.png
873,9,20512.png,self_prompting_sd35,case_lower,debus,lsdyc,debur,0.0,0.0,1.0,4.489815310055955,4013,3076,/home/ekim339/project/SD3.5/datasets/SRNet_Datagen/train/train-50k-3/i_s/20512.png,/home/ekim339/project/SD3.5/experiments/self_prompting_sd35/results/inputs/0009_20512.png,/home/ekim339/project/SD3.5/datasets/SRNet_Datagen/train/train-50k-3/mask_s/20512.png,/home/ekim339/project/SD3.5/experiments/self_prompting_sd35/results/generated/self_prompting_sd35/case_lower/0009.png
874,9,20512.png,self_prompting_sd35,special_1,debus,QWOLg,debuurss,0.0,0.0,1.6,4.489815310055955,4013,3077,/home/ekim339/project/SD3.5/datasets/SRNet_Datagen/train/train-50k-3/i_s/20512.png,/home/ekim339/project/SD3.5/experiments/self_prompting_sd35/results/inputs/0009_20512.png,/home/ekim339/project/SD3.5/datasets/SRNet_Datagen/train/train-50k-3/mask_s/20512.png,/home/ekim339/project/SD3.5/experiments/self_prompting_sd35/results/generated/self_prompting_sd35/special_1/0009.png
875,9,20512.png,self_prompting_sd35,special_2,debus,B*Ool,debus,0.0,0.0,1.0,4.489815310055955,4013,3078,/home/ekim339/project/SD3.5/datasets/SRNet_Datagen/train/train-50k-3/i_s/20512.png,/home/ekim339/project/SD3.5/experiments/self_prompting_sd35/results/inputs/0009_20512.png,/home/ekim339/project/SD3.5/datasets/SRNet_Datagen/train/train-50k-3/mask_s/20512.png,/home/ekim339/project/SD3.5/experiments/self_prompting_sd35/results/generated/self_prompting_sd35/special_2/0009.png
876,9,20512.png,self_prompting_sd35,special_3,debus,?PmM.,debus,0.0,0.0,1.0,4.489815310055955,4013,3079,/home/ekim339/project/SD3.5/datasets/SRNet_Datagen/train/train-50k-3/i_s/20512.png,/home/ekim339/project/SD3.5/experiments/self_prompting_sd35/results/inputs/0009_20512.png,/home/ekim339/project/SD3.5/datasets/SRNet_Datagen/train/train-50k-3/mask_s/20512.png,/home/ekim339/project/SD3.5/experiments/self_prompting_sd35/results/generated/self_prompting_sd35/special_3/0009.png
877,9,20512.png,self_prompting_sd35,special_4,debus,%Ek,debus,0.0,0.0,1.6666666666666667,4.489815310055955,4013,3080,/home/ekim339/project/SD3.5/datasets/SRNet_Datagen/train/train-50k-3/i_s/20512.png,/home/ekim339/project/SD3.5/experiments/self_prompting_sd35/results/inputs/0009_20512.png,/home/ekim339/project/SD3.5/datasets/SRNet_Datagen/train/train-50k-3/mask_s/20512.png,/home/ekim339/project/SD3.5/experiments/self_prompting_sd35/results/generated/self_prompting_sd35/special_4/0009.png
878,9,20512.png,self_prompting_sd35,special_5,debus,"@J-;,",debus,0.0,0.0,1.0,4.489815310055955,4013,3081,/home/ekim339/project/SD3.5/datasets/SRNet_Datagen/train/train-50k-3/i_s/20512.png,/home/ekim339/project/SD3.5/experiments/self_prompting_sd35/results/inputs/0009_20512.png,/home/ekim339/project/SD3.5/datasets/SRNet_Datagen/train/train-50k-3/mask_s/20512.png,/home/ekim339/project/SD3.5/experiments/self_prompting_sd35/results/generated/self_prompting_sd35/special_5/0009.png
879,9,20512.png,self_prompting_sd35,special_6,debus,".,&$*",debus,0.0,0.0,1.0,4.489815310055955,4013,3082,/home/ekim339/project/SD3.5/datasets/SRNet_Datagen/train/train-50k-3/i_s/20512.png,/home/ekim339/project/SD3.5/experiments/self_prompting_sd35/results/inputs/0009_20512.png,/home/ekim339/project/SD3.5/datasets/SRNet_Datagen/train/train-50k-3/mask_s/20512.png,/home/ekim339/project/SD3.5/experiments/self_prompting_sd35/results/generated/self_prompting_sd35/special_6/0009.png
880,10,42627.png,self_prompting_sd35,case_upper,queue,TGNMB,quque,0.0,0.0,1.0,8.959690541930598,4014,3083,/home/ekim339/project/SD3.5/datasets/SRNet_Datagen/train/train-50k-1/i_s/42627.png,/home/ekim339/project/SD3.5/experiments/self_prompting_sd35/results/inputs/0010_42627.png,/home/ekim339/project/SD3.5/datasets/SRNet_Datagen/train/train-50k-1/mask_s/42627.png,/home/ekim339/project/SD3.5/experiments/self_prompting_sd35/results/generated/self_prompting_sd35/case_upper/0010.png
881,10,42627.png,self_prompting_sd35,case_lower,queue,tgnmb,tuque,0.0,0.19999999999999996,0.8,8.959690541930598,4014,3084,/home/ekim339/project/SD3.5/datasets/SRNet_Datagen/train/train-50k-1/i_s/42627.png,/home/ekim339/project/SD3.5/experiments/self_prompting_sd35/results/inputs/0010_42627.png,/home/ekim339/project/SD3.5/datasets/SRNet_Datagen/train/train-50k-1/mask_s/42627.png,/home/ekim339/project/SD3.5/experiments/self_prompting_sd35/results/generated/self_prompting_sd35/case_lower/0010.png
882,10,42627.png,self_prompting_sd35,special_1,queue,TgTqQ,ququet,0.0,0.0,1.2,8.959690541930598,4014,3085,/home/ekim339/project/SD3.5/datasets/SRNet_Datagen/train/train-50k-1/i_s/42627.png,/home/ekim339/project/SD3.5/experiments/self_prompting_sd35/results/inputs/0010_42627.png,/home/ekim339/project/SD3.5/datasets/SRNet_Datagen/train/train-50k-1/mask_s/42627.png,/home/ekim339/project/SD3.5/experiments/self_prompting_sd35/results/generated/self_prompting_sd35/special_1/0010.png
883,10,42627.png,self_prompting_sd35,special_2,queue,FOGb*,queue,0.0,0.0,1.0,8.959690541930598,4014,3086,/home/ekim339/project/SD3.5/datasets/SRNet_Datagen/train/train-50k-1/i_s/42627.png,/home/ekim339/project/SD3.5/experiments/self_prompting_sd35/results/inputs/0010_42627.png,/home/ekim339/project/SD3.5/datasets/SRNet_Datagen/train/train-50k-1/mask_s/42627.png,/home/ekim339/project/SD3.5/experiments/self_prompting_sd35/results/generated/self_prompting_sd35/special_2/0010.png
884,10,42627.png,self_prompting_sd35,special_3,queue,"=d,VO",queue,0.0,0.0,1.0,8.959690541930598,4014,3087,/home/ekim339/project/SD3.5/datasets/SRNet_Datagen/train/train-50k-1/i_s/42627.png,/home/ekim339/project/SD3.5/experiments/self_prompting_sd35/results/inputs/0010_42627.png,/home/ekim339/project/SD3.5/datasets/SRNet_Datagen/train/train-50k-1/mask_s/42627.png,/home/ekim339/project/SD3.5/experiments/self_prompting_sd35/results/generated/self_prompting_sd35/special_3/0010.png
885,10,42627.png,self_prompting_sd35,special_4,queue,F%m,queue,0.0,0.0,1.6666666666666667,8.959690541930598,4014,3088,/home/ekim339/project/SD3.5/datasets/SRNet_Datagen/train/train-50k-1/i_s/42627.png,/home/ekim339/project/SD3.5/experiments/self_prompting_sd35/results/inputs/0010_42627.png,/home/ekim339/project/SD3.5/datasets/SRNet_Datagen/train/train-50k-1/mask_s/42627.png,/home/ekim339/project/SD3.5/experiments/self_prompting_sd35/results/generated/self_prompting_sd35/special_4/0010.png
886,10,42627.png,self_prompting_sd35,special_5,queue,%M:.=,quque,0.0,0.0,1.0,8.959690541930598,4014,3089,/home/ekim339/project/SD3.5/datasets/SRNet_Datagen/train/train-50k-1/i_s/42627.png,/home/ekim339/project/SD3.5/experiments/self_prompting_sd35/results/inputs/0010_42627.png,/home/ekim339/project/SD3.5/datasets/SRNet_Datagen/train/train-50k-1/mask_s/42627.png,/home/ekim339/project/SD3.5/experiments/self_prompting_sd35/results/generated/self_prompting_sd35/special_5/0010.png
887,10,42627.png,self_prompting_sd35,special_6,queue,#&_+&,queue,0.0,0.0,1.0,8.959690541930598,4014,3090,/home/ekim339/project/SD3.5/datasets/SRNet_Datagen/train/train-50k-1/i_s/42627.png,/home/ekim339/project/SD3.5/experiments/self_prompting_sd35/results/inputs/0010_42627.png,/home/ekim339/project/SD3.5/datasets/SRNet_Datagen/train/train-50k-1/mask_s/42627.png,/home/ekim339/project/SD3.5/experiments/self_prompting_sd35/results/generated/self_prompting_sd35/special_6/0010.png
888,11,05105.png,self_prompting_sd35,case_upper,Infus,IELDW,infus,0.0,0.0,1.0,8.12958664714082,4015,3091,/home/ekim339/project/SD3.5/datasets/SRNet_Datagen/train/train-50k-3/i_s/05105.png,/home/ekim339/project/SD3.5/experiments/self_prompting_sd35/results/inputs/0011_05105.png,/home/ekim339/project/SD3.5/datasets/SRNet_Datagen/train/train-50k-3/mask_s/05105.png,/home/ekim339/project/SD3.5/experiments/self_prompting_sd35/results/generated/self_prompting_sd35/case_upper/0011.png
889,11,05105.png,self_prompting_sd35,case_lower,Infus,ieldw,infus,0.0,0.19999999999999996,0.8,8.12958664714082,4015,3092,/home/ekim339/project/SD3.5/datasets/SRNet_Datagen/train/train-50k-3/i_s/05105.png,/home/ekim339/project/SD3.5/experiments/self_prompting_sd35/results/inputs/0011_05105.png,/home/ekim339/project/SD3.5/datasets/SRNet_Datagen/train/train-50k-3/mask_s/05105.png,/home/ekim339/project/SD3.5/experiments/self_prompting_sd35/results/generated/self_prompting_sd35/case_lower/0011.png
890,11,05105.png,self_prompting_sd35,special_1,Infus,rCUmo,puss,0.0,0.0,1.0,8.12958664714082,4015,3093,/home/ekim339/project/SD3.5/datasets/SRNet_Datagen/train/train-50k-3/i_s/05105.png,/home/ekim339/project/SD3.5/experiments/self_prompting_sd35/results/inputs/0011_05105.png,/home/ekim339/project/SD3.5/datasets/SRNet_Datagen/train/train-50k-3/mask_s/05105.png,/home/ekim339/project/SD3.5/experiments/self_prompting_sd35/results/generated/self_prompting_sd35/special_1/0011.png
891,11,05105.png,self_prompting_sd35,special_2,Infus,$GHZB,infuse,0.0,0.0,1.2,8.12958664714082,4015,3094,/home/ekim339/project/SD3.5/datasets/SRNet_Datagen/train/train-50k-3/i_s/05105.png,/home/ekim339/project/SD3.5/experiments/self_prompting_sd35/results/inputs/0011_05105.png,/home/ekim339/project/SD3.5/datasets/SRNet_Datagen/train/train-50k-3/mask_s/05105.png,/home/ekim339/project/SD3.5/experiments/self_prompting_sd35/results/generated/self_prompting_sd35/special_2/0011.png
892,11,05105.png,self_prompting_sd35,special_3,Infus,s%yL_,infus,0.0,0.0,1.0,8.12958664714082,4015,3095,/home/ekim339/project/SD3.5/datasets/SRNet_Datagen/train/train-50k-3/i_s/05105.png,/home/ekim339/project/SD3.5/experiments/self_prompting_sd35/results/inputs/0011_05105.png,/home/ekim339/project/SD3.5/datasets/SRNet_Datagen/train/train-50k-3/mask_s/05105.png,/home/ekim339/project/SD3.5/experiments/self_prompting_sd35/results/generated/self_prompting_sd35/special_3/0011.png
893,11,05105.png,self_prompting_sd35,special_4,Infus,Q@w,lifus,0.0,0.0,1.6666666666666667,8.12958664714082,4015,3096,/home/ekim339/project/SD3.5/datasets/SRNet_Datagen/train/train-50k-3/i_s/05105.png,/home/ekim339/project/SD3.5/experiments/self_prompting_sd35/results/inputs/0011_05105.png,/home/ekim339/project/SD3.5/datasets/SRNet_Datagen/train/train-50k-3/mask_s/05105.png,/home/ekim339/project/SD3.5/experiments/self_prompting_sd35/results/generated/self_prompting_sd35/special_4/0011.png
894,11,05105.png,self_prompting_sd35,special_5,Infus,!H%@@,infus,0.0,0.0,1.0,8.12958664714082,4015,3097,/home/ekim339/project/SD3.5/datasets/SRNet_Datagen/train/train-50k-3/i_s/05105.png,/home/ekim339/project/SD3.5/experiments/self_prompting_sd35/results/inputs/0011_05105.png,/home/ekim339/project/SD3.5/datasets/SRNet_Datagen/train/train-50k-3/mask_s/05105.png,/home/ekim339/project/SD3.5/experiments/self_prompting_sd35/results/generated/self_prompting_sd35/special_5/0011.png
895,11,05105.png,self_prompting_sd35,special_6,Infus,":+@,+",infus,0.0,0.0,1.0,8.12958664714082,4015,3098,/home/ekim339/project/SD3.5/datasets/SRNet_Datagen/train/train-50k-3/i_s/05105.png,/home/ekim339/project/SD3.5/experiments/self_prompting_sd35/results/inputs/0011_05105.png,/home/ekim339/project/SD3.5/datasets/SRNet_Datagen/train/train-50k-3/mask_s/05105.png,/home/ekim339/project/SD3.5/experiments/self_prompting_sd35/results/generated/self_prompting_sd35/special_6/0011.png
896,12,01506.png,self_prompting_sd35,case_upper,junee,UYBFG,sunce,0.0,0.0,1.0,10.446760120337457,4016,3099,/home/ekim339/project/SD3.5/datasets/SRNet_Datagen/train/train-50k-1/i_s/01506.png,/home/ekim339/project/SD3.5/experiments/self_prompting_sd35/results/inputs/0012_01506.png,/home/ekim339/project/SD3.5/datasets/SRNet_Datagen/train/train-50k-1/mask_s/01506.png,/home/ekim339/project/SD3.5/experiments/self_prompting_sd35/results/generated/self_prompting_sd35/case_upper/0012.png
897,12,01506.png,self_prompting_sd35,case_lower,junee,uybfg,sance,0.0,0.0,1.0,10.446760120337457,4016,3100,/home/ekim339/project/SD3.5/datasets/SRNet_Datagen/train/train-50k-1/i_s/01506.png,/home/ekim339/project/SD3.5/experiments/self_prompting_sd35/results/inputs/0012_01506.png,/home/ekim339/project/SD3.5/datasets/SRNet_Datagen/train/train-50k-1/mask_s/01506.png,/home/ekim339/project/SD3.5/experiments/self_prompting_sd35/results/generated/self_prompting_sd35/case_lower/0012.png
898,12,01506.png,self_prompting_sd35,special_1,junee,pShhS,junce,0.0,0.0,1.0,10.446760120337457,4016,3101,/home/ekim339/project/SD3.5/datasets/SRNet_Datagen/train/train-50k-1/i_s/01506.png,/home/ekim339/project/SD3.5/experiments/self_prompting_sd35/results/inputs/0012_01506.png,/home/ekim339/project/SD3.5/datasets/SRNet_Datagen/train/train-50k-1/mask_s/01506.png,/home/ekim339/project/SD3.5/experiments/self_prompting_sd35/results/generated/self_prompting_sd35/special_1/0012.png
899,12,01506.png,self_prompting_sd35,special_2,junee,Fl=ij,junee,0.0,0.0,1.0,10.446760120337457,4016,3102,/home/ekim339/project/SD3.5/datasets/SRNet_Datagen/train/train-50k-1/i_s/01506.png,/home/ekim339/project/SD3.5/experiments/self_prompting_sd35/results/inputs/0012_01506.png,/home/ekim339/project/SD3.5/datasets/SRNet_Datagen/train/train-50k-1/mask_s/01506.png,/home/ekim339/project/SD3.5/experiments/self_prompting_sd35/results/generated/self_prompting_sd35/special_2/0012.png
900,12,01506.png,self_prompting_sd35,special_3,junee,mC-A!,sunge,0.0,0.0,1.0,10.446760120337457,4016,3103,/home/ekim339/project/SD3.5/datasets/SRNet_Datagen/train/train-50k-1/i_s/01506.png,/home/ekim339/project/SD3.5/experiments/self_prompting_sd35/results/inputs/0012_01506.png,/home/ekim339/project/SD3.5/datasets/SRNet_Datagen/train/train-50k-1/mask_s/01506.png,/home/ekim339/project/SD3.5/experiments/self_prompting_sd35/results/generated/self_prompting_sd35/special_3/0012.png
901,12,01506.png,self_prompting_sd35,special_4,junee,%Df,junce,0.0,0.0,1.6666666666666667,10.446760120337457,4016,3104,/home/ekim339/project/SD3.5/datasets/SRNet_Datagen/train/train-50k-1/i_s/01506.png,/home/ekim339/project/SD3.5/experiments/self_prompting_sd35/results/inputs/0012_01506.png,/home/ekim339/project/SD3.5/datasets/SRNet_Datagen/train/train-50k-1/mask_s/01506.png,/home/ekim339/project/SD3.5/experiments/self_prompting_sd35/results/generated/self_prompting_sd35/special_4/0012.png
902,12,01506.png,self_prompting_sd35,special_5,junee,Q+_*-,junee,0.0,0.0,1.0,10.446760120337457,4016,3105,/home/ekim339/project/SD3.5/datasets/SRNet_Datagen/train/train-50k-1/i_s/01506.png,/home/ekim339/project/SD3.5/experiments/self_prompting_sd35/results/inputs/0012_01506.png,/home/ekim339/project/SD3.5/datasets/SRNet_Datagen/train/train-50k-1/mask_s/01506.png,/home/ekim339/project/SD3.5/experiments/self_prompting_sd35/results/generated/self_prompting_sd35/special_5/0012.png
903,12,01506.png,self_prompting_sd35,special_6,junee,$#*;.,sunjer,0.0,0.0,1.2,10.446760120337457,4016,3106,/home/ekim339/project/SD3.5/datasets/SRNet_Datagen/train/train-50k-1/i_s/01506.png,/home/ekim339/project/SD3.5/experiments/self_prompting_sd35/results/inputs/0012_01506.png,/home/ekim339/project/SD3.5/datasets/SRNet_Datagen/train/train-50k-1/mask_s/01506.png,/home/ekim339/project/SD3.5/experiments/self_prompting_sd35/results/generated/self_prompting_sd35/special_6/0012.png
904,13,35711.png,self_prompting_sd35,case_upper,mokos,JYICW,makes,0.0,0.0,1.0,2.181466025216155,4017,3107,/home/ekim339/project/SD3.5/datasets/SRNet_Datagen/train/train-50k-1/i_s/35711.png,/home/ekim339/project/SD3.5/experiments/self_prompting_sd35/results/inputs/0013_35711.png,/home/ekim339/project/SD3.5/datasets/SRNet_Datagen/train/train-50k-1/mask_s/35711.png,/home/ekim339/project/SD3.5/experiments/self_prompting_sd35/results/generated/self_prompting_sd35/case_upper/0013.png
905,13,35711.png,self_prompting_sd35,case_lower,mokos,jyicw,makes,0.0,0.0,1.0,2.181466025216155,4017,3108,/home/ekim339/project/SD3.5/datasets/SRNet_Datagen/train/train-50k-1/i_s/35711.png,/home/ekim339/project/SD3.5/experiments/self_prompting_sd35/results/inputs/0013_35711.png,/home/ekim339/project/SD3.5/datasets/SRNet_Datagen/train/train-50k-1/mask_s/35711.png,/home/ekim339/project/SD3.5/experiments/self_prompting_sd35/results/generated/self_prompting_sd35/case_lower/0013.png
906,13,35711.png,self_prompting_sd35,special_1,mokos,xKhqY,makes,0.0,0.0,1.0,2.181466025216155,4017,3109,/home/ekim339/project/SD3.5/datasets/SRNet_Datagen/train/train-50k-1/i_s/35711.png,/home/ekim339/project/SD3.5/experiments/self_prompting_sd35/results/inputs/0013_35711.png,/home/ekim339/project/SD3.5/datasets/SRNet_Datagen/train/train-50k-1/mask_s/35711.png,/home/ekim339/project/SD3.5/experiments/self_prompting_sd35/results/generated/self_prompting_sd35/special_1/0013.png
907,13,35711.png,self_prompting_sd35,special_2,mokos,DilZ?,makes,0.0,0.0,1.0,2.181466025216155,4017,3110,/home/ekim339/project/SD3.5/datasets/SRNet_Datagen/train/train-50k-1/i_s/35711.png,/home/ekim339/project/SD3.5/experiments/self_prompting_sd35/results/inputs/0013_35711.png,/home/ekim339/project/SD3.5/datasets/SRNet_Datagen/train/train-50k-1/mask_s/35711.png,/home/ekim339/project/SD3.5/experiments/self_prompting_sd35/results/generated/self_prompting_sd35/special_2/0013.png
908,13,35711.png,self_prompting_sd35,special_3,mokos,M;!sX,makes,0.0,0.0,1.0,2.181466025216155,4017,3111,/home/ekim339/project/SD3.5/datasets/SRNet_Datagen/train/train-50k-1/i_s/35711.png,/home/ekim339/project/SD3.5/experiments/self_prompting_sd35/results/inputs/0013_35711.png,/home/ekim339/project/SD3.5/datasets/SRNet_Datagen/train/train-50k-1/mask_s/35711.png,/home/ekim339/project/SD3.5/experiments/self_prompting_sd35/results/generated/self_prompting_sd35/special_3/0013.png
909,13,35711.png,self_prompting_sd35,special_4,mokos,%Jo,mekes,0.0,0.0,1.6666666666666667,2.181466025216155,4017,3112,/home/ekim339/project/SD3.5/datasets/SRNet_Datagen/train/train-50k-1/i_s/35711.png,/home/ekim339/project/SD3.5/experiments/self_prompting_sd35/results/inputs/0013_35711.png,/home/ekim339/project/SD3.5/datasets/SRNet_Datagen/train/train-50k-1/mask_s/35711.png,/home/ekim339/project/SD3.5/experiments/self_prompting_sd35/results/generated/self_prompting_sd35/special_4/0013.png
910,13,35711.png,self_prompting_sd35,special_5,mokos,;X--%,makes,0.0,0.0,1.0,2.181466025216155,4017,3113,/home/ekim339/project/SD3.5/datasets/SRNet_Datagen/train/train-50k-1/i_s/35711.png,/home/ekim339/project/SD3.5/experiments/self_prompting_sd35/results/inputs/0013_35711.png,/home/ekim339/project/SD3.5/datasets/SRNet_Datagen/train/train-50k-1/mask_s/35711.png,/home/ekim339/project/SD3.5/experiments/self_prompting_sd35/results/generated/self_prompting_sd35/special_5/0013.png
911,13,35711.png,self_prompting_sd35,special_6,mokos,#%_%$,makes,0.0,0.0,1.0,2.181466025216155,4017,3114,/home/ekim339/project/SD3.5/datasets/SRNet_Datagen/train/train-50k-1/i_s/35711.png,/home/ekim339/project/SD3.5/experiments/self_prompting_sd35/results/inputs/0013_35711.png,/home/ekim339/project/SD3.5/datasets/SRNet_Datagen/train/train-50k-1/mask_s/35711.png,/home/ekim339/project/SD3.5/experiments/self_prompting_sd35/results/generated/self_prompting_sd35/special_6/0013.png
912,14,42340.png,self_prompting_sd35,case_upper,facto,DAHUO,facto,0.0,0.0,1.0,2.7568186347408092,4018,3115,/home/ekim339/project/SD3.5/datasets/SRNet_Datagen/train/train-50k-1/i_s/42340.png,/home/ekim339/project/SD3.5/experiments/self_prompting_sd35/results/inputs/0014_42340.png,/home/ekim339/project/SD3.5/datasets/SRNet_Datagen/train/train-50k-1/mask_s/42340.png,/home/ekim339/project/SD3.5/experiments/self_prompting_sd35/results/generated/self_prompting_sd35/case_upper/0014.png
913,14,42340.png,self_prompting_sd35,case_lower,facto,dahuo,facto,0.0,0.4,0.6,2.7568186347408092,4018,3116,/home/ekim339/project/SD3.5/datasets/SRNet_Datagen/train/train-50k-1/i_s/42340.png,/home/ekim339/project/SD3.5/experiments/self_prompting_sd35/results/inputs/0014_42340.png,/home/ekim339/project/SD3.5/datasets/SRNet_Datagen/train/train-50k-1/mask_s/42340.png,/home/ekim339/project/SD3.5/experiments/self_prompting_sd35/results/generated/self_prompting_sd35/case_lower/0014.png
914,14,42340.png,self_prompting_sd35,special_1,facto,LQbXh,factor,0.0,0.0,1.2,2.7568186347408092,4018,3117,/home/ekim339/project/SD3.5/datasets/SRNet_Datagen/train/train-50k-1/i_s/42340.png,/home/ekim339/project/SD3.5/experiments/self_prompting_sd35/results/inputs/0014_42340.png,/home/ekim339/project/SD3.5/datasets/SRNet_Datagen/train/train-50k-1/mask_s/42340.png,/home/ekim339/project/SD3.5/experiments/self_prompting_sd35/results/generated/self_prompting_sd35/special_1/0014.png
915,14,42340.png,self_prompting_sd35,special_2,facto,_wBiU,facto,0.0,0.0,1.0,2.7568186347408092,4018,3118,/home/ekim339/project/SD3.5/datasets/SRNet_Datagen/train/train-50k-1/i_s/42340.png,/home/ekim339/project/SD3.5/experiments/self_prompting_sd35/results/inputs/0014_42340.png,/home/ekim339/project/SD3.5/datasets/SRNet_Datagen/train/train-50k-1/mask_s/42340.png,/home/ekim339/project/SD3.5/experiments/self_prompting_sd35/results/generated/self_prompting_sd35/special_2/0014.png
916,14,42340.png,self_prompting_sd35,special_3,facto,nyn-?,factor,0.0,0.0,1.2,2.7568186347408092,4018,3119,/home/ekim339/project/SD3.5/datasets/SRNet_Datagen/train/train-50k-1/i_s/42340.png,/home/ekim339/project/SD3.5/experiments/self_prompting_sd35/results/inputs/0014_42340.png,/home/ekim339/project/SD3.5/datasets/SRNet_Datagen/train/train-50k-1/mask_s/42340.png,/home/ekim339/project/SD3.5/experiments/self_prompting_sd35/results/generated/self_prompting_sd35/special_3/0014.png
917,14,42340.png,self_prompting_sd35,special_4,facto,Xu*,facto,0.0,0.0,1.6666666666666667,2.7568186347408092,4018,3120,/home/ekim339/project/SD3.5/datasets/SRNet_Datagen/train/train-50k-1/i_s/42340.png,/home/ekim339/project/SD3.5/experiments/self_prompting_sd35/results/inputs/0014_42340.png,/home/ekim339/project/SD3.5/datasets/SRNet_Datagen/train/train-50k-1/mask_s/42340.png,/home/ekim339/project/SD3.5/experiments/self_prompting_sd35/results/generated/self_prompting_sd35/special_4/0014.png
918,14,42340.png,self_prompting_sd35,special_5,facto,:i.;=,facto,0.0,0.0,1.0,2.7568186347408092,4018,3121,/home/ekim339/project/SD3.5/datasets/SRNet_Datagen/train/train-50k-1/i_s/42340.png,/home/ekim339/project/SD3.5/experiments/self_prompting_sd35/results/inputs/0014_42340.png,/home/ekim339/project/SD3.5/datasets/SRNet_Datagen/train/train-50k-1/mask_s/42340.png,/home/ekim339/project/SD3.5/experiments/self_prompting_sd35/results/generated/self_prompting_sd35/special_5/0014.png
919,14,42340.png,self_prompting_sd35,special_6,facto,@$$&#,facto,0.0,0.0,1.0,2.7568186347408092,4018,3122,/home/ekim339/project/SD3.5/datasets/SRNet_Datagen/train/train-50k-1/i_s/42340.png,/home/ekim339/project/SD3.5/experiments/self_prompting_sd35/results/inputs/0014_42340.png,/home/ekim339/project/SD3.5/datasets/SRNet_Datagen/train/train-50k-1/mask_s/42340.png,/home/ekim339/project/SD3.5/experiments/self_prompting_sd35/results/generated/self_prompting_sd35/special_6/0014.png
920,15,00588.png,self_prompting_sd35,case_upper,korin,WHYHL,krnn,0.0,0.0,1.0,8.483014649966707,4019,3123,/home/ekim339/project/SD3.5/datasets/SRNet_Datagen/train/train-50k-4/i_s/00588.png,/home/ekim339/project/SD3.5/experiments/self_prompting_sd35/results/inputs/0015_00588.png,/home/ekim339/project/SD3.5/datasets/SRNet_Datagen/train/train-50k-4/mask_s/00588.png,/home/ekim339/project/SD3.5/experiments/self_prompting_sd35/results/generated/self_prompting_sd35/case_upper/0015.png
921,15,00588.png,self_prompting_sd35,case_lower,korin,whyhl,the,0.0,0.19999999999999996,0.8,8.483014649966707,4019,3124,/home/ekim339/project/SD3.5/datasets/SRNet_Datagen/train/train-50k-4/i_s/00588.png,/home/ekim339/project/SD3.5/experiments/self_prompting_sd35/results/inputs/0015_00588.png,/home/ekim339/project/SD3.5/datasets/SRNet_Datagen/train/train-50k-4/mask_s/00588.png,/home/ekim339/project/SD3.5/experiments/self_prompting_sd35/results/generated/self_prompting_sd35/case_lower/0015.png
922,15,00588.png,self_prompting_sd35,special_1,korin,jRrlL,from,0.0,0.19999999999999996,0.8,8.483014649966707,4019,3125,/home/ekim339/project/SD3.5/datasets/SRNet_Datagen/train/train-50k-4/i_s/00588.png,/home/ekim339/project/SD3.5/experiments/self_prompting_sd35/results/inputs/0015_00588.png,/home/ekim339/project/SD3.5/datasets/SRNet_Datagen/train/train-50k-4/mask_s/00588.png,/home/ekim339/project/SD3.5/experiments/self_prompting_sd35/results/generated/self_prompting_sd35/special_1/0015.png
923,15,00588.png,self_prompting_sd35,special_2,korin,Q#gwf,form,0.0,0.0,1.0,8.483014649966707,4019,3126,/home/ekim339/project/SD3.5/datasets/SRNet_Datagen/train/train-50k-4/i_s/00588.png,/home/ekim339/project/SD3.5/experiments/self_prompting_sd35/results/inputs/0015_00588.png,/home/ekim339/project/SD3.5/datasets/SRNet_Datagen/train/train-50k-4/mask_s/00588.png,/home/ekim339/project/SD3.5/experiments/self_prompting_sd35/results/generated/self_prompting_sd35/special_2/0015.png
924,15,00588.png,self_prompting_sd35,special_3,korin,f!H*J,kerin,0.0,0.0,1.0,8.483014649966707,4019,3127,/home/ekim339/project/SD3.5/datasets/SRNet_Datagen/train/train-50k-4/i_s/00588.png,/home/ekim339/project/SD3.5/experiments/self_prompting_sd35/results/inputs/0015_00588.png,/home/ekim339/project/SD3.5/datasets/SRNet_Datagen/train/train-50k-4/mask_s/00588.png,/home/ekim339/project/SD3.5/experiments/self_prompting_sd35/results/generated/self_prompting_sd35/special_3/0015.png
925,15,00588.png,self_prompting_sd35,special_4,korin,z@j,from,0.0,0.0,1.3333333333333333,8.483014649966707,4019,3128,/home/ekim339/project/SD3.5/datasets/SRNet_Datagen/train/train-50k-4/i_s/00588.png,/home/ekim339/project/SD3.5/experiments/self_prompting_sd35/results/inputs/0015_00588.png,/home/ekim339/project/SD3.5/datasets/SRNet_Datagen/train/train-50k-4/mask_s/00588.png,/home/ekim339/project/SD3.5/experiments/self_prompting_sd35/results/generated/self_prompting_sd35/special_4/0015.png
926,15,00588.png,self_prompting_sd35,special_5,korin,++%k=,far,0.0,0.0,1.0,8.483014649966707,4019,3129,/home/ekim339/project/SD3.5/datasets/SRNet_Datagen/train/train-50k-4/i_s/00588.png,/home/ekim339/project/SD3.5/experiments/self_prompting_sd35/results/inputs/0015_00588.png,/home/ekim339/project/SD3.5/datasets/SRNet_Datagen/train/train-50k-4/mask_s/00588.png,/home/ekim339/project/SD3.5/experiments/self_prompting_sd35/results/generated/self_prompting_sd35/special_5/0015.png
927,15,00588.png,self_prompting_sd35,special_6,korin,";&,*.",foom,0.0,0.0,1.0,8.483014649966707,4019,3130,/home/ekim339/project/SD3.5/datasets/SRNet_Datagen/train/train-50k-4/i_s/00588.png,/home/ekim339/project/SD3.5/experiments/self_prompting_sd35/results/inputs/0015_00588.png,/home/ekim339/project/SD3.5/datasets/SRNet_Datagen/train/train-50k-4/mask_s/00588.png,/home/ekim339/project/SD3.5/experiments/self_prompting_sd35/results/generated/self_prompting_sd35/special_6/0015.png
928,16,44214.png,self_prompting_sd35,case_upper,omnia,KEOFO,amtoo,0.0,0.0,1.0,7.499231435521067,4020,3131,/home/ekim339/project/SD3.5/datasets/SRNet_Datagen/train/train-50k-1/i_s/44214.png,/home/ekim339/project/SD3.5/experiments/self_prompting_sd35/results/inputs/0016_44214.png,/home/ekim339/project/SD3.5/datasets/SRNet_Datagen/train/train-50k-1/mask_s/44214.png,/home/ekim339/project/SD3.5/experiments/self_prompting_sd35/results/generated/self_prompting_sd35/case_upper/0016.png
929,16,44214.png,self_prompting_sd35,case_lower,omnia,keofo,omnia,0.0,0.0,1.0,7.499231435521067,4020,3132,/home/ekim339/project/SD3.5/datasets/SRNet_Datagen/train/train-50k-1/i_s/44214.png,/home/ekim339/project/SD3.5/experiments/self_prompting_sd35/results/inputs/0016_44214.png,/home/ekim339/project/SD3.5/datasets/SRNet_Datagen/train/train-50k-1/mask_s/44214.png,/home/ekim339/project/SD3.5/experiments/self_prompting_sd35/results/generated/self_prompting_sd35/case_lower/0016.png
930,16,44214.png,self_prompting_sd35,special_1,omnia,AArHk,oriiiaa,0.0,0.0,1.4,7.499231435521067,4020,3133,/home/ekim339/project/SD3.5/datasets/SRNet_Datagen/train/train-50k-1/i_s/44214.png,/home/ekim339/project/SD3.5/experiments/self_prompting_sd35/results/inputs/0016_44214.png,/home/ekim339/project/SD3.5/datasets/SRNet_Datagen/train/train-50k-1/mask_s/44214.png,/home/ekim339/project/SD3.5/experiments/self_prompting_sd35/results/generated/self_prompting_sd35/special_1/0016.png
931,16,44214.png,self_prompting_sd35,special_2,omnia,kpx$R,ambix,0.0,0.0,1.0,7.499231435521067,4020,3134,/home/ekim339/project/SD3.5/datasets/SRNet_Datagen/train/train-50k-1/i_s/44214.png,/home/ekim339/project/SD3.5/experiments/self_prompting_sd35/results/inputs/0016_44214.png,/home/ekim339/project/SD3.5/datasets/SRNet_Datagen/train/train-50k-1/mask_s/44214.png,/home/ekim339/project/SD3.5/experiments/self_prompting_sd35/results/generated/self_prompting_sd35/special_2/0016.png
932,16,44214.png,self_prompting_sd35,special_3,omnia,:Tc!N,omni,0.0,0.0,1.0,7.499231435521067,4020,3135,/home/ekim339/project/SD3.5/datasets/SRNet_Datagen/train/train-50k-1/i_s/44214.png,/home/ekim339/project/SD3.5/experiments/self_prompting_sd35/results/inputs/0016_44214.png,/home/ekim339/project/SD3.5/datasets/SRNet_Datagen/train/train-50k-1/mask_s/44214.png,/home/ekim339/project/SD3.5/experiments/self_prompting_sd35/results/generated/self_prompting_sd35/special_3/0016.png
933,16,44214.png,self_prompting_sd35,special_4,omnia,J*T,omnia,0.0,0.0,1.6666666666666667,7.499231435521067,4020,3136,/home/ekim339/project/SD3.5/datasets/SRNet_Datagen/train/train-50k-1/i_s/44214.png,/home/ekim339/project/SD3.5/experiments/self_prompting_sd35/results/inputs/0016_44214.png,/home/ekim339/project/SD3.5/datasets/SRNet_Datagen/train/train-50k-1/mask_s/44214.png,/home/ekim339/project/SD3.5/experiments/self_prompting_sd35/results/generated/self_prompting_sd35/special_4/0016.png
934,16,44214.png,self_prompting_sd35,special_5,omnia,p*!;-,omnia,0.0,0.0,1.0,7.499231435521067,4020,3137,/home/ekim339/project/SD3.5/datasets/SRNet_Datagen/train/train-50k-1/i_s/44214.png,/home/ekim339/project/SD3.5/experiments/self_prompting_sd35/results/inputs/0016_44214.png,/home/ekim339/project/SD3.5/datasets/SRNet_Datagen/train/train-50k-1/mask_s/44214.png,/home/ekim339/project/SD3.5/experiments/self_prompting_sd35/results/generated/self_prompting_sd35/special_5/0016.png
935,16,44214.png,self_prompting_sd35,special_6,omnia,_;%:$,om155,0.0,0.0,1.0,7.499231435521067,4020,3138,/home/ekim339/project/SD3.5/datasets/SRNet_Datagen/train/train-50k-1/i_s/44214.png,/home/ekim339/project/SD3.5/experiments/self_prompting_sd35/results/inputs/0016_44214.png,/home/ekim339/project/SD3.5/datasets/SRNet_Datagen/train/train-50k-1/mask_s/44214.png,/home/ekim339/project/SD3.5/experiments/self_prompting_sd35/results/generated/self_prompting_sd35/special_6/0016.png
936,17,48883.png,self_prompting_sd35,case_upper,ARENA,ZGXEK,arena,0.0,0.0,1.0,4.013096404609726,4021,3139,/home/ekim339/project/SD3.5/datasets/SRNet_Datagen/train/train-50k-2/i_s/48883.png,/home/ekim339/project/SD3.5/experiments/self_prompting_sd35/results/inputs/0017_48883.png,/home/ekim339/project/SD3.5/datasets/SRNet_Datagen/train/train-50k-2/mask_s/48883.png,/home/ekim339/project/SD3.5/experiments/self_prompting_sd35/results/generated/self_prompting_sd35/case_upper/0017.png
937,17,48883.png,self_prompting_sd35,case_lower,ARENA,zgxek,arena,0.0,0.0,1.0,4.013096404609726,4021,3140,/home/ekim339/project/SD3.5/datasets/SRNet_Datagen/train/train-50k-2/i_s/48883.png,/home/ekim339/project/SD3.5/experiments/self_prompting_sd35/results/inputs/0017_48883.png,/home/ekim339/project/SD3.5/datasets/SRNet_Datagen/train/train-50k-2/mask_s/48883.png,/home/ekim339/project/SD3.5/experiments/self_prompting_sd35/results/generated/self_prompting_sd35/case_lower/0017.png
938,17,48883.png,self_prompting_sd35,special_1,ARENA,jGwvz,arena,0.0,0.0,1.0,4.013096404609726,4021,3141,/home/ekim339/project/SD3.5/datasets/SRNet_Datagen/train/train-50k-2/i_s/48883.png,/home/ekim339/project/SD3.5/experiments/self_prompting_sd35/results/inputs/0017_48883.png,/home/ekim339/project/SD3.5/datasets/SRNet_Datagen/train/train-50k-2/mask_s/48883.png,/home/ekim339/project/SD3.5/experiments/self_prompting_sd35/results/generated/self_prompting_sd35/special_1/0017.png
939,17,48883.png,self_prompting_sd35,special_2,ARENA,E_CBH,arena,0.0,0.0,1.0,4.013096404609726,4021,3142,/home/ekim339/project/SD3.5/datasets/SRNet_Datagen/train/train-50k-2/i_s/48883.png,/home/ekim339/project/SD3.5/experiments/self_prompting_sd35/results/inputs/0017_48883.png,/home/ekim339/project/SD3.5/datasets/SRNet_Datagen/train/train-50k-2/mask_s/48883.png,/home/ekim339/project/SD3.5/experiments/self_prompting_sd35/results/generated/self_prompting_sd35/special_2/0017.png
940,17,48883.png,self_prompting_sd35,special_3,ARENA,".W,xn",arena,0.0,0.0,1.0,4.013096404609726,4021,3143,/home/ekim339/project/SD3.5/datasets/SRNet_Datagen/train/train-50k-2/i_s/48883.png,/home/ekim339/project/SD3.5/experiments/self_prompting_sd35/results/inputs/0017_48883.png,/home/ekim339/project/SD3.5/datasets/SRNet_Datagen/train/train-50k-2/mask_s/48883.png,/home/ekim339/project/SD3.5/experiments/self_prompting_sd35/results/generated/self_prompting_sd35/special_3/0017.png
941,17,48883.png,self_prompting_sd35,special_4,ARENA,N+J,arena,0.0,0.0,1.6666666666666667,4.013096404609726,4021,3144,/home/ekim339/project/SD3.5/datasets/SRNet_Datagen/train/train-50k-2/i_s/48883.png,/home/ekim339/project/SD3.5/experiments/self_prompting_sd35/results/inputs/0017_48883.png,/home/ekim339/project/SD3.5/datasets/SRNet_Datagen/train/train-50k-2/mask_s/48883.png,/home/ekim339/project/SD3.5/experiments/self_prompting_sd35/results/generated/self_prompting_sd35/special_4/0017.png
942,17,48883.png,self_prompting_sd35,special_5,ARENA,=*V?.,arena,0.0,0.0,1.0,4.013096404609726,4021,3145,/home/ekim339/project/SD3.5/datasets/SRNet_Datagen/train/train-50k-2/i_s/48883.png,/home/ekim339/project/SD3.5/experiments/self_prompting_sd35/results/inputs/0017_48883.png,/home/ekim339/project/SD3.5/datasets/SRNet_Datagen/train/train-50k-2/mask_s/48883.png,/home/ekim339/project/SD3.5/experiments/self_prompting_sd35/results/generated/self_prompting_sd35/special_5/0017.png
943,17,48883.png,self_prompting_sd35,special_6,ARENA,+@=:$,arena,0.0,0.0,1.0,4.013096404609726,4021,3146,/home/ekim339/project/SD3.5/datasets/SRNet_Datagen/train/train-50k-2/i_s/48883.png,/home/ekim339/project/SD3.5/experiments/self_prompting_sd35/results/inputs/0017_48883.png,/home/ekim339/project/SD3.5/datasets/SRNet_Datagen/train/train-50k-2/mask_s/48883.png,/home/ekim339/project/SD3.5/experiments/self_prompting_sd35/results/generated/self_prompting_sd35/special_6/0017.png
944,18,43309.png,self_prompting_sd35,case_upper,indox,CUFHC,inoo,0.0,0.0,1.0,3.193088754109964,4022,3147,/home/ekim339/project/SD3.5/datasets/SRNet_Datagen/train/train-50k-3/i_s/43309.png,/home/ekim339/project/SD3.5/experiments/self_prompting_sd35/results/inputs/0018_43309.png,/home/ekim339/project/SD3.5/datasets/SRNet_Datagen/train/train-50k-3/mask_s/43309.png,/home/ekim339/project/SD3.5/experiments/self_prompting_sd35/results/generated/self_prompting_sd35/case_upper/0018.png
945,18,43309.png,self_prompting_sd35,case_lower,indox,cufhc,indoxe,0.0,0.0,1.2,3.193088754109964,4022,3148,/home/ekim339/project/SD3.5/datasets/SRNet_Datagen/train/train-50k-3/i_s/43309.png,/home/ekim339/project/SD3.5/experiments/self_prompting_sd35/results/inputs/0018_43309.png,/home/ekim339/project/SD3.5/datasets/SRNet_Datagen/train/train-50k-3/mask_s/43309.png,/home/ekim339/project/SD3.5/experiments/self_prompting_sd35/results/generated/self_prompting_sd35/case_lower/0018.png
946,18,43309.png,self_prompting_sd35,special_1,indox,nkZLH,snndxx,0.0,0.16666666666666663,1.0,3.193088754109964,4022,3149,/home/ekim339/project/SD3.5/datasets/SRNet_Datagen/train/train-50k-3/i_s/43309.png,/home/ekim339/project/SD3.5/experiments/self_prompting_sd35/results/inputs/0018_43309.png,/home/ekim339/project/SD3.5/datasets/SRNet_Datagen/train/train-50k-3/mask_s/43309.png,/home/ekim339/project/SD3.5/experiments/self_prompting_sd35/results/generated/self_prompting_sd35/special_1/0018.png
947,18,43309.png,self_prompting_sd35,special_2,indox,JYc=k,haxx,0.0,0.0,1.0,3.193088754109964,4022,3150,/home/ekim339/project/SD3.5/datasets/SRNet_Datagen/train/train-50k-3/i_s/43309.png,/home/ekim339/project/SD3.5/experiments/self_prompting_sd35/results/inputs/0018_43309.png,/home/ekim339/project/SD3.5/datasets/SRNet_Datagen/train/train-50k-3/mask_s/43309.png,/home/ekim339/project/SD3.5/experiments/self_prompting_sd35/results/generated/self_prompting_sd35/special_2/0018.png
948,18,43309.png,self_prompting_sd35,special_3,indox,:kJ;O,indox,0.0,0.0,1.0,3.193088754109964,4022,3151,/home/ekim339/project/SD3.5/datasets/SRNet_Datagen/train/train-50k-3/i_s/43309.png,/home/ekim339/project/SD3.5/experiments/self_prompting_sd35/results/inputs/0018_43309.png,/home/ekim339/project/SD3.5/datasets/SRNet_Datagen/train/train-50k-3/mask_s/43309.png,/home/ekim339/project/SD3.5/experiments/self_prompting_sd35/results/generated/self_prompting_sd35/special_3/0018.png
949,18,43309.png,self_prompting_sd35,special_4,indox,vu*,indoxx,0.0,0.0,2.0,3.193088754109964,4022,3152,/home/ekim339/project/SD3.5/datasets/SRNet_Datagen/train/train-50k-3/i_s/43309.png,/home/ekim339/project/SD3.5/experiments/self_prompting_sd35/results/inputs/0018_43309.png,/home/ekim339/project/SD3.5/datasets/SRNet_Datagen/train/train-50k-3/mask_s/43309.png,/home/ekim339/project/SD3.5/experiments/self_prompting_sd35/results/generated/self_prompting_sd35/special_4/0018.png
950,18,43309.png,self_prompting_sd35,special_5,indox,?.#&V,innoxx,0.0,0.0,1.2,3.193088754109964,4022,3153,/home/ekim339/project/SD3.5/datasets/SRNet_Datagen/train/train-50k-3/i_s/43309.png,/home/ekim339/project/SD3.5/experiments/self_prompting_sd35/results/inputs/0018_43309.png,/home/ekim339/project/SD3.5/datasets/SRNet_Datagen/train/train-50k-3/mask_s/43309.png,/home/ekim339/project/SD3.5/experiments/self_prompting_sd35/results/generated/self_prompting_sd35/special_5/0018.png
951,18,43309.png,self_prompting_sd35,special_6,indox,=-!&*,snndox,0.0,0.0,1.2,3.193088754109964,4022,3154,/home/ekim339/project/SD3.5/datasets/SRNet_Datagen/train/train-50k-3/i_s/43309.png,/home/ekim339/project/SD3.5/experiments/self_prompting_sd35/results/inputs/0018_43309.png,/home/ekim339/project/SD3.5/datasets/SRNet_Datagen/train/train-50k-3/mask_s/43309.png,/home/ekim339/project/SD3.5/experiments/self_prompting_sd35/results/generated/self_prompting_sd35/special_6/0018.png
952,19,06900.png,self_prompting_sd35,case_upper,deers,ZSNFM,deers,0.0,0.0,1.0,10.449521849058476,4023,3155,/home/ekim339/project/SD3.5/datasets/SRNet_Datagen/train/train-50k-3/i_s/06900.png,/home/ekim339/project/SD3.5/experiments/self_prompting_sd35/results/inputs/0019_06900.png,/home/ekim339/project/SD3.5/datasets/SRNet_Datagen/train/train-50k-3/mask_s/06900.png,/home/ekim339/project/SD3.5/experiments/self_prompting_sd35/results/generated/self_prompting_sd35/case_upper/0019.png
953,19,06900.png,self_prompting_sd35,case_lower,deers,zsnfm,deers,0.0,0.0,1.0,10.449521849058476,4023,3156,/home/ekim339/project/SD3.5/datasets/SRNet_Datagen/train/train-50k-3/i_s/06900.png,/home/ekim339/project/SD3.5/experiments/self_prompting_sd35/results/inputs/0019_06900.png,/home/ekim339/project/SD3.5/datasets/SRNet_Datagen/train/train-50k-3/mask_s/06900.png,/home/ekim339/project/SD3.5/experiments/self_prompting_sd35/results/generated/self_prompting_sd35/case_lower/0019.png
954,19,06900.png,self_prompting_sd35,special_1,deers,JBvyl,dears,0.0,0.0,1.0,10.449521849058476,4023,3157,/home/ekim339/project/SD3.5/datasets/SRNet_Datagen/train/train-50k-3/i_s/06900.png,/home/ekim339/project/SD3.5/experiments/self_prompting_sd35/results/inputs/0019_06900.png,/home/ekim339/project/SD3.5/datasets/SRNet_Datagen/train/train-50k-3/mask_s/06900.png,/home/ekim339/project/SD3.5/experiments/self_prompting_sd35/results/generated/self_prompting_sd35/special_1/0019.png
955,19,06900.png,self_prompting_sd35,special_2,deers,Hcpf_,deers,0.0,0.0,1.0,10.449521849058476,4023,3158,/home/ekim339/project/SD3.5/datasets/SRNet_Datagen/train/train-50k-3/i_s/06900.png,/home/ekim339/project/SD3.5/experiments/self_prompting_sd35/results/inputs/0019_06900.png,/home/ekim339/project/SD3.5/datasets/SRNet_Datagen/train/train-50k-3/mask_s/06900.png,/home/ekim339/project/SD3.5/experiments/self_prompting_sd35/results/generated/self_prompting_sd35/special_2/0019.png
956,19,06900.png,self_prompting_sd35,special_3,deers,XKS#?,geers,0.0,0.0,1.0,10.449521849058476,4023,3159,/home/ekim339/project/SD3.5/datasets/SRNet_Datagen/train/train-50k-3/i_s/06900.png,/home/ekim339/project/SD3.5/experiments/self_prompting_sd35/results/inputs/0019_06900.png,/home/ekim339/project/SD3.5/datasets/SRNet_Datagen/train/train-50k-3/mask_s/06900.png,/home/ekim339/project/SD3.5/experiments/self_prompting_sd35/results/generated/self_prompting_sd35/special_3/0019.png
957,19,06900.png,self_prompting_sd35,special_4,deers,V@N,peers,0.0,0.0,1.6666666666666667,10.449521849058476,4023,3160,/home/ekim339/project/SD3.5/datasets/SRNet_Datagen/train/train-50k-3/i_s/06900.png,/home/ekim339/project/SD3.5/experiments/self_prompting_sd35/results/inputs/0019_06900.png,/home/ekim339/project/SD3.5/datasets/SRNet_Datagen/train/train-50k-3/mask_s/06900.png,/home/ekim339/project/SD3.5/experiments/self_prompting_sd35/results/generated/self_prompting_sd35/special_4/0019.png
958,19,06900.png,self_prompting_sd35,special_5,deers,?$;@c,deers,0.0,0.0,1.0,10.449521849058476,4023,3161,/home/ekim339/project/SD3.5/datasets/SRNet_Datagen/train/train-50k-3/i_s/06900.png,/home/ekim339/project/SD3.5/experiments/self_prompting_sd35/results/inputs/0019_06900.png,/home/ekim339/project/SD3.5/datasets/SRNet_Datagen/train/train-50k-3/mask_s/06900.png,/home/ekim339/project/SD3.5/experiments/self_prompting_sd35/results/generated/self_prompting_sd35/special_5/0019.png
959,19,06900.png,self_prompting_sd35,special_6,deers,$&&=_,deers,0.0,0.0,1.0,10.449521849058476,4023,3162,/home/ekim339/project/SD3.5/datasets/SRNet_Datagen/train/train-50k-3/i_s/06900.png,/home/ekim339/project/SD3.5/experiments/self_prompting_sd35/results/inputs/0019_06900.png,/home/ekim339/project/SD3.5/datasets/SRNet_Datagen/train/train-50k-3/mask_s/06900.png,/home/ekim339/project/SD3.5/experiments/self_prompting_sd35/results/generated/self_prompting_sd35/special_6/0019.png
960,20,19517.png,self_prompting_sd35,case_upper,clank,GHLMY,clank,0.0,0.0,1.0,7.698804648530254,4024,3163,/home/ekim339/project/SD3.5/datasets/SRNet_Datagen/train/train-50k-2/i_s/19517.png,/home/ekim339/project/SD3.5/experiments/self_prompting_sd35/results/inputs/0020_19517.png,/home/ekim339/project/SD3.5/datasets/SRNet_Datagen/train/train-50k-2/mask_s/19517.png,/home/ekim339/project/SD3.5/experiments/self_prompting_sd35/results/generated/self_prompting_sd35/case_upper/0020.png
961,20,19517.png,self_prompting_sd35,case_lower,clank,ghlmy,clank,0.0,0.0,1.0,7.698804648530254,4024,3164,/home/ekim339/project/SD3.5/datasets/SRNet_Datagen/train/train-50k-2/i_s/19517.png,/home/ekim339/project/SD3.5/experiments/self_prompting_sd35/results/inputs/0020_19517.png,/home/ekim339/project/SD3.5/datasets/SRNet_Datagen/train/train-50k-2/mask_s/19517.png,/home/ekim339/project/SD3.5/experiments/self_prompting_sd35/results/generated/self_prompting_sd35/case_lower/0020.png
962,20,19517.png,self_prompting_sd35,special_1,clank,vjkmC,clank,0.0,0.0,1.0,7.698804648530254,4024,3165,/home/ekim339/project/SD3.5/datasets/SRNet_Datagen/train/train-50k-2/i_s/19517.png,/home/ekim339/project/SD3.5/experiments/self_prompting_sd35/results/inputs/0020_19517.png,/home/ekim339/project/SD3.5/datasets/SRNet_Datagen/train/train-50k-2/mask_s/19517.png,/home/ekim339/project/SD3.5/experiments/self_prompting_sd35/results/generated/self_prompting_sd35/special_1/0020.png
963,20,19517.png,self_prompting_sd35,special_2,clank,E$EWI,clank,0.0,0.0,1.0,7.698804648530254,4024,3166,/home/ekim339/project/SD3.5/datasets/SRNet_Datagen/train/train-50k-2/i_s/19517.png,/home/ekim339/project/SD3.5/experiments/self_prompting_sd35/results/inputs/0020_19517.png,/home/ekim339/project/SD3.5/datasets/SRNet_Datagen/train/train-50k-2/mask_s/19517.png,/home/ekim339/project/SD3.5/experiments/self_prompting_sd35/results/generated/self_prompting_sd35/special_2/0020.png
964,20,19517.png,self_prompting_sd35,special_3,clank,S?Y%G,clank,0.0,0.0,1.0,7.698804648530254,4024,3167,/home/ekim339/project/SD3.5/datasets/SRNet_Datagen/train/train-50k-2/i_s/19517.png,/home/ekim339/project/SD3.5/experiments/self_prompting_sd35/results/inputs/0020_19517.png,/home/ekim339/project/SD3.5/datasets/SRNet_Datagen/train/train-50k-2/mask_s/19517.png,/home/ekim339/project/SD3.5/experiments/self_prompting_sd35/results/generated/self_prompting_sd35/special_3/0020.png
965,20,19517.png,self_prompting_sd35,special_4,clank,nR@,clank,0.0,0.0,1.6666666666666667,7.698804648530254,4024,3168,/home/ekim339/project/SD3.5/datasets/SRNet_Datagen/train/train-50k-2/i_s/19517.png,/home/ekim339/project/SD3.5/experiments/self_prompting_sd35/results/inputs/0020_19517.png,/home/ekim339/project/SD3.5/datasets/SRNet_Datagen/train/train-50k-2/mask_s/19517.png,/home/ekim339/project/SD3.5/experiments/self_prompting_sd35/results/generated/self_prompting_sd35/special_4/0020.png
966,20,19517.png,self_prompting_sd35,special_5,clank,"*#.A,",clank,0.0,0.0,1.0,7.698804648530254,4024,3169,/home/ekim339/project/SD3.5/datasets/SRNet_Datagen/train/train-50k-2/i_s/19517.png,/home/ekim339/project/SD3.5/experiments/self_prompting_sd35/results/inputs/0020_19517.png,/home/ekim339/project/SD3.5/datasets/SRNet_Datagen/train/train-50k-2/mask_s/19517.png,/home/ekim339/project/SD3.5/experiments/self_prompting_sd35/results/generated/self_prompting_sd35/special_5/0020.png
967,20,19517.png,self_prompting_sd35,special_6,clank,"_$-,!",clank,0.0,0.0,1.0,7.698804648530254,4024,3170,/home/ekim339/project/SD3.5/datasets/SRNet_Datagen/train/train-50k-2/i_s/19517.png,/home/ekim339/project/SD3.5/experiments/self_prompting_sd35/results/inputs/0020_19517.png,/home/ekim339/project/SD3.5/datasets/SRNet_Datagen/train/train-50k-2/mask_s/19517.png,/home/ekim339/project/SD3.5/experiments/self_prompting_sd35/results/generated/self_prompting_sd35/special_6/0020.png
968,21,23155.png,self_prompting_sd35,case_upper,rewon,DUXPY,rrwggng,0.0,0.0,1.4,4.870867512401279,4025,3171,/home/ekim339/project/SD3.5/datasets/SRNet_Datagen/train/train-50k-2/i_s/23155.png,/home/ekim339/project/SD3.5/experiments/self_prompting_sd35/results/inputs/0021_23155.png,/home/ekim339/project/SD3.5/datasets/SRNet_Datagen/train/train-50k-2/mask_s/23155.png,/home/ekim339/project/SD3.5/experiments/self_prompting_sd35/results/generated/self_prompting_sd35/case_upper/0021.png
969,21,23155.png,self_prompting_sd35,case_lower,rewon,duxpy,rrwgon,0.0,0.0,1.2,4.870867512401279,4025,3172,/home/ekim339/project/SD3.5/datasets/SRNet_Datagen/train/train-50k-2/i_s/23155.png,/home/ekim339/project/SD3.5/experiments/self_prompting_sd35/results/inputs/0021_23155.png,/home/ekim339/project/SD3.5/datasets/SRNet_Datagen/train/train-50k-2/mask_s/23155.png,/home/ekim339/project/SD3.5/experiments/self_prompting_sd35/results/generated/self_prompting_sd35/case_lower/0021.png
970,21,23155.png,self_prompting_sd35,special_1,rewon,JnycA,rewgnn,0.0,0.0,1.2,4.870867512401279,4025,3173,/home/ekim339/project/SD3.5/datasets/SRNet_Datagen/train/train-50k-2/i_s/23155.png,/home/ekim339/project/SD3.5/experiments/self_prompting_sd35/results/inputs/0021_23155.png,/home/ekim339/project/SD3.5/datasets/SRNet_Datagen/train/train-50k-2/mask_s/23155.png,/home/ekim339/project/SD3.5/experiments/self_prompting_sd35/results/generated/self_prompting_sd35/special_1/0021.png
971,21,23155.png,self_prompting_sd35,special_2,rewon,"Y,nyu",rewgne,0.0,0.0,1.2,4.870867512401279,4025,3174,/home/ekim339/project/SD3.5/datasets/SRNet_Datagen/train/train-50k-2/i_s/23155.png,/home/ekim339/project/SD3.5/experiments/self_prompting_sd35/results/inputs/0021_23155.png,/home/ekim339/project/SD3.5/datasets/SRNet_Datagen/train/train-50k-2/mask_s/23155.png,/home/ekim339/project/SD3.5/experiments/self_prompting_sd35/results/generated/self_prompting_sd35/special_2/0021.png
972,21,23155.png,self_prompting_sd35,special_3,rewon,*-nwB,rewgne,0.0,0.0,1.2,4.870867512401279,4025,3175,/home/ekim339/project/SD3.5/datasets/SRNet_Datagen/train/train-50k-2/i_s/23155.png,/home/ekim339/project/SD3.5/experiments/self_prompting_sd35/results/inputs/0021_23155.png,/home/ekim339/project/SD3.5/datasets/SRNet_Datagen/train/train-50k-2/mask_s/23155.png,/home/ekim339/project/SD3.5/experiments/self_prompting_sd35/results/generated/self_prompting_sd35/special_3/0021.png
973,21,23155.png,self_prompting_sd35,special_4,rewon,&NC,fenwgni,0.0,0.0,2.3333333333333335,4.870867512401279,4025,3176,/home/ekim339/project/SD3.5/datasets/SRNet_Datagen/train/train-50k-2/i_s/23155.png,/home/ekim339/project/SD3.5/experiments/self_prompting_sd35/results/inputs/0021_23155.png,/home/ekim339/project/SD3.5/datasets/SRNet_Datagen/train/train-50k-2/mask_s/23155.png,/home/ekim339/project/SD3.5/experiments/self_prompting_sd35/results/generated/self_prompting_sd35/special_4/0021.png
974,21,23155.png,self_prompting_sd35,special_5,rewon,+!_&C,rewgre,0.0,0.0,1.2,4.870867512401279,4025,3177,/home/ekim339/project/SD3.5/datasets/SRNet_Datagen/train/train-50k-2/i_s/23155.png,/home/ekim339/project/SD3.5/experiments/self_prompting_sd35/results/inputs/0021_23155.png,/home/ekim339/project/SD3.5/datasets/SRNet_Datagen/train/train-50k-2/mask_s/23155.png,/home/ekim339/project/SD3.5/experiments/self_prompting_sd35/results/generated/self_prompting_sd35/special_5/0021.png
975,21,23155.png,self_prompting_sd35,special_6,rewon,__=+$,rewgn,0.0,0.0,1.0,4.870867512401279,4025,3178,/home/ekim339/project/SD3.5/datasets/SRNet_Datagen/train/train-50k-2/i_s/23155.png,/home/ekim339/project/SD3.5/experiments/self_prompting_sd35/results/inputs/0021_23155.png,/home/ekim339/project/SD3.5/datasets/SRNet_Datagen/train/train-50k-2/mask_s/23155.png,/home/ekim339/project/SD3.5/experiments/self_prompting_sd35/results/generated/self_prompting_sd35/special_6/0021.png
976,22,30701.png,self_prompting_sd35,case_upper,sybil,BEFNB,syysybii,0.0,0.0,1.6,7.684762841347468,4026,3179,/home/ekim339/project/SD3.5/datasets/SRNet_Datagen/train/train-50k-4/i_s/30701.png,/home/ekim339/project/SD3.5/experiments/self_prompting_sd35/results/inputs/0022_30701.png,/home/ekim339/project/SD3.5/datasets/SRNet_Datagen/train/train-50k-4/mask_s/30701.png,/home/ekim339/project/SD3.5/experiments/self_prompting_sd35/results/generated/self_prompting_sd35/case_upper/0022.png
977,22,30701.png,self_prompting_sd35,case_lower,sybil,befnb,sybil,0.0,0.0,1.0,7.684762841347468,4026,3180,/home/ekim339/project/SD3.5/datasets/SRNet_Datagen/train/train-50k-4/i_s/30701.png,/home/ekim339/project/SD3.5/experiments/self_prompting_sd35/results/inputs/0022_30701.png,/home/ekim339/project/SD3.5/datasets/SRNet_Datagen/train/train-50k-4/mask_s/30701.png,/home/ekim339/project/SD3.5/experiments/self_prompting_sd35/results/generated/self_prompting_sd35/case_lower/0022.png
978,22,30701.png,self_prompting_sd35,special_1,sybil,wQGMt,sybil,0.0,0.0,1.0,7.684762841347468,4026,3181,/home/ekim339/project/SD3.5/datasets/SRNet_Datagen/train/train-50k-4/i_s/30701.png,/home/ekim339/project/SD3.5/experiments/self_prompting_sd35/results/inputs/0022_30701.png,/home/ekim339/project/SD3.5/datasets/SRNet_Datagen/train/train-50k-4/mask_s/30701.png,/home/ekim339/project/SD3.5/experiments/self_prompting_sd35/results/generated/self_prompting_sd35/special_1/0022.png
979,22,30701.png,self_prompting_sd35,special_2,sybil,*McyZ,sybll,0.0,0.0,1.0,7.684762841347468,4026,3182,/home/ekim339/project/SD3.5/datasets/SRNet_Datagen/train/train-50k-4/i_s/30701.png,/home/ekim339/project/SD3.5/experiments/self_prompting_sd35/results/inputs/0022_30701.png,/home/ekim339/project/SD3.5/datasets/SRNet_Datagen/train/train-50k-4/mask_s/30701.png,/home/ekim339/project/SD3.5/experiments/self_prompting_sd35/results/generated/self_prompting_sd35/special_2/0022.png
980,22,30701.png,self_prompting_sd35,special_3,sybil,df+J%,sybil,0.0,0.0,1.0,7.684762841347468,4026,3183,/home/ekim339/project/SD3.5/datasets/SRNet_Datagen/train/train-50k-4/i_s/30701.png,/home/ekim339/project/SD3.5/experiments/self_prompting_sd35/results/inputs/0022_30701.png,/home/ekim339/project/SD3.5/datasets/SRNet_Datagen/train/train-50k-4/mask_s/30701.png,/home/ekim339/project/SD3.5/experiments/self_prompting_sd35/results/generated/self_prompting_sd35/special_3/0022.png
981,22,30701.png,self_prompting_sd35,special_4,sybil,*Iy,sybilis,0.0,0.0,2.3333333333333335,7.684762841347468,4026,3184,/home/ekim339/project/SD3.5/datasets/SRNet_Datagen/train/train-50k-4/i_s/30701.png,/home/ekim339/project/SD3.5/experiments/self_prompting_sd35/results/inputs/0022_30701.png,/home/ekim339/project/SD3.5/datasets/SRNet_Datagen/train/train-50k-4/mask_s/30701.png,/home/ekim339/project/SD3.5/experiments/self_prompting_sd35/results/generated/self_prompting_sd35/special_4/0022.png
982,22,30701.png,self_prompting_sd35,special_5,sybil,$a&%_,svbilc,0.0,0.0,1.2,7.684762841347468,4026,3185,/home/ekim339/project/SD3.5/datasets/SRNet_Datagen/train/train-50k-4/i_s/30701.png,/home/ekim339/project/SD3.5/experiments/self_prompting_sd35/results/inputs/0022_30701.png,/home/ekim339/project/SD3.5/datasets/SRNet_Datagen/train/train-50k-4/mask_s/30701.png,/home/ekim339/project/SD3.5/experiments/self_prompting_sd35/results/generated/self_prompting_sd35/special_5/0022.png
983,22,30701.png,self_prompting_sd35,special_6,sybil,*%?:%,sybili,0.0,0.0,1.2,7.684762841347468,4026,3186,/home/ekim339/project/SD3.5/datasets/SRNet_Datagen/train/train-50k-4/i_s/30701.png,/home/ekim339/project/SD3.5/experiments/self_prompting_sd35/results/inputs/0022_30701.png,/home/ekim339/project/SD3.5/datasets/SRNet_Datagen/train/train-50k-4/mask_s/30701.png,/home/ekim339/project/SD3.5/experiments/self_prompting_sd35/results/generated/self_prompting_sd35/special_6/0022.png
984,23,39401.png,self_prompting_sd35,case_upper,knapp,CGMZC,knapp,0.0,0.0,1.0,3.53192453656401,4027,3187,/home/ekim339/project/SD3.5/datasets/SRNet_Datagen/train/train-50k-4/i_s/39401.png,/home/ekim339/project/SD3.5/experiments/self_prompting_sd35/results/inputs/0023_39401.png,/home/ekim339/project/SD3.5/datasets/SRNet_Datagen/train/train-50k-4/mask_s/39401.png,/home/ekim339/project/SD3.5/experiments/self_prompting_sd35/results/generated/self_prompting_sd35/case_upper/0023.png
985,23,39401.png,self_prompting_sd35,case_lower,knapp,cgmzc,know,0.0,0.0,1.0,3.53192453656401,4027,3188,/home/ekim339/project/SD3.5/datasets/SRNet_Datagen/train/train-50k-4/i_s/39401.png,/home/ekim339/project/SD3.5/experiments/self_prompting_sd35/results/inputs/0023_39401.png,/home/ekim339/project/SD3.5/datasets/SRNet_Datagen/train/train-50k-4/mask_s/39401.png,/home/ekim339/project/SD3.5/experiments/self_prompting_sd35/results/generated/self_prompting_sd35/case_lower/0023.png
986,23,39401.png,self_prompting_sd35,special_1,knapp,XNMZD,knapp,0.0,0.0,1.0,3.53192453656401,4027,3189,/home/ekim339/project/SD3.5/datasets/SRNet_Datagen/train/train-50k-4/i_s/39401.png,/home/ekim339/project/SD3.5/experiments/self_prompting_sd35/results/inputs/0023_39401.png,/home/ekim339/project/SD3.5/datasets/SRNet_Datagen/train/train-50k-4/mask_s/39401.png,/home/ekim339/project/SD3.5/experiments/self_prompting_sd35/results/generated/self_prompting_sd35/special_1/0023.png
987,23,39401.png,self_prompting_sd35,special_2,knapp,f@Nqc,know,0.0,0.0,1.0,3.53192453656401,4027,3190,/home/ekim339/project/SD3.5/datasets/SRNet_Datagen/train/train-50k-4/i_s/39401.png,/home/ekim339/project/SD3.5/experiments/self_prompting_sd35/results/inputs/0023_39401.png,/home/ekim339/project/SD3.5/datasets/SRNet_Datagen/train/train-50k-4/mask_s/39401.png,/home/ekim339/project/SD3.5/experiments/self_prompting_sd35/results/generated/self_prompting_sd35/special_2/0023.png
988,23,39401.png,self_prompting_sd35,special_3,knapp,n=Aw=,knapp,0.0,0.0,1.0,3.53192453656401,4027,3191,/home/ekim339/project/SD3.5/datasets/SRNet_Datagen/train/train-50k-4/i_s/39401.png,/home/ekim339/project/SD3.5/experiments/self_prompting_sd35/results/inputs/0023_39401.png,/home/ekim339/project/SD3.5/datasets/SRNet_Datagen/train/train-50k-4/mask_s/39401.png,/home/ekim339/project/SD3.5/experiments/self_prompting_sd35/results/generated/self_prompting_sd35/special_3/0023.png
989,23,39401.png,self_prompting_sd35,special_4,knapp,%fP,knapp,0.0,0.0,1.6666666666666667,3.53192453656401,4027,3192,/home/ekim339/project/SD3.5/datasets/SRNet_Datagen/train/train-50k-4/i_s/39401.png,/home/ekim339/project/SD3.5/experiments/self_prompting_sd35/results/inputs/0023_39401.png,/home/ekim339/project/SD3.5/datasets/SRNet_Datagen/train/train-50k-4/mask_s/39401.png,/home/ekim339/project/SD3.5/experiments/self_prompting_sd35/results/generated/self_prompting_sd35/special_4/0023.png
990,23,39401.png,self_prompting_sd35,special_5,knapp,".l,-.",knappn,0.0,0.0,1.2,3.53192453656401,4027,3193,/home/ekim339/project/SD3.5/datasets/SRNet_Datagen/train/train-50k-4/i_s/39401.png,/home/ekim339/project/SD3.5/experiments/self_prompting_sd35/results/inputs/0023_39401.png,/home/ekim339/project/SD3.5/datasets/SRNet_Datagen/train/train-50k-4/mask_s/39401.png,/home/ekim339/project/SD3.5/experiments/self_prompting_sd35/results/generated/self_prompting_sd35/special_5/0023.png
991,23,39401.png,self_prompting_sd35,special_6,knapp,-+-!*,knap,0.0,0.0,1.0,3.53192453656401,4027,3194,/home/ekim339/project/SD3.5/datasets/SRNet_Datagen/train/train-50k-4/i_s/39401.png,/home/ekim339/project/SD3.5/experiments/self_prompting_sd35/results/inputs/0023_39401.png,/home/ekim339/project/SD3.5/datasets/SRNet_Datagen/train/train-50k-4/mask_s/39401.png,/home/ekim339/project/SD3.5/experiments/self_prompting_sd35/results/generated/self_prompting_sd35/special_6/0023.png
992,24,13277.png,self_prompting_sd35,case_upper,group,EGYHJ,pootosy,0.0,0.0,1.4,11.852829664727341,4028,3195,/home/ekim339/project/SD3.5/datasets/SRNet_Datagen/train/train-50k-4/i_s/13277.png,/home/ekim339/project/SD3.5/experiments/self_prompting_sd35/results/inputs/0024_13277.png,/home/ekim339/project/SD3.5/datasets/SRNet_Datagen/train/train-50k-4/mask_s/13277.png,/home/ekim339/project/SD3.5/experiments/self_prompting_sd35/results/generated/self_prompting_sd35/case_upper/0024.png
993,24,13277.png,self_prompting_sd35,case_lower,group,egyhj,paree,0.0,0.0,1.0,11.852829664727341,4028,3196,/home/ekim339/project/SD3.5/datasets/SRNet_Datagen/train/train-50k-4/i_s/13277.png,/home/ekim339/project/SD3.5/experiments/self_prompting_sd35/results/inputs/0024_13277.png,/home/ekim339/project/SD3.5/datasets/SRNet_Datagen/train/train-50k-4/mask_s/13277.png,/home/ekim339/project/SD3.5/experiments/self_prompting_sd35/results/generated/self_prompting_sd35/case_lower/0024.png
994,24,13277.png,self_prompting_sd35,special_1,group,ZaQyH,pieee,0.0,0.0,1.0,11.852829664727341,4028,3197,/home/ekim339/project/SD3.5/datasets/SRNet_Datagen/train/train-50k-4/i_s/13277.png,/home/ekim339/project/SD3.5/experiments/self_prompting_sd35/results/inputs/0024_13277.png,/home/ekim339/project/SD3.5/datasets/SRNet_Datagen/train/train-50k-4/mask_s/13277.png,/home/ekim339/project/SD3.5/experiments/self_prompting_sd35/results/generated/self_prompting_sd35/special_1/0024.png
995,24,13277.png,self_prompting_sd35,special_2,group,U*QyY,panny,0.0,0.0,1.0,11.852829664727341,4028,3198,/home/ekim339/project/SD3.5/datasets/SRNet_Datagen/train/train-50k-4/i_s/13277.png,/home/ekim339/project/SD3.5/experiments/self_prompting_sd35/results/inputs/0024_13277.png,/home/ekim339/project/SD3.5/datasets/SRNet_Datagen/train/train-50k-4/mask_s/13277.png,/home/ekim339/project/SD3.5/experiments/self_prompting_sd35/results/generated/self_prompting_sd35/special_2/0024.png
996,24,13277.png,self_prompting_sd35,special_3,group,"T,EZ_",paraaary,0.0,0.0,1.6,11.852829664727341,4028,3199,/home/ekim339/project/SD3.5/datasets/SRNet_Datagen/train/train-50k-4/i_s/13277.png,/home/ekim339/project/SD3.5/experiments/self_prompting_sd35/results/inputs/0024_13277.png,/home/ekim339/project/SD3.5/datasets/SRNet_Datagen/train/train-50k-4/mask_s/13277.png,/home/ekim339/project/SD3.5/experiments/self_prompting_sd35/results/generated/self_prompting_sd35/special_3/0024.png
997,24,13277.png,self_prompting_sd35,special_4,group,x@Z,peiapp,0.0,0.0,2.0,11.852829664727341,4028,3200,/home/ekim339/project/SD3.5/datasets/SRNet_Datagen/train/train-50k-4/i_s/13277.png,/home/ekim339/project/SD3.5/experiments/self_prompting_sd35/results/inputs/0024_13277.png,/home/ekim339/project/SD3.5/datasets/SRNet_Datagen/train/train-50k-4/mask_s/13277.png,/home/ekim339/project/SD3.5/experiments/self_prompting_sd35/results/generated/self_prompting_sd35/special_4/0024.png
998,24,13277.png,self_prompting_sd35,special_5,group,-.F-=,paielee,0.0,0.0,1.4,11.852829664727341,4028,3201,/home/ekim339/project/SD3.5/datasets/SRNet_Datagen/train/train-50k-4/i_s/13277.png,/home/ekim339/project/SD3.5/experiments/self_prompting_sd35/results/inputs/0024_13277.png,/home/ekim339/project/SD3.5/datasets/SRNet_Datagen/train/train-50k-4/mask_s/13277.png,/home/ekim339/project/SD3.5/experiments/self_prompting_sd35/results/generated/self_prompting_sd35/special_5/0024.png
999,24,13277.png,self_prompting_sd35,special_6,group,":-#.,",pary,0.0,0.0,1.0,11.852829664727341,4028,3202,/home/ekim339/project/SD3.5/datasets/SRNet_Datagen/train/train-50k-4/i_s/13277.png,/home/ekim339/project/SD3.5/experiments/self_prompting_sd35/results/inputs/0024_13277.png,/home/ekim339/project/SD3.5/datasets/SRNet_Datagen/train/train-50k-4/mask_s/13277.png,/home/ekim339/project/SD3.5/experiments/self_prompting_sd35/results/generated/self_prompting_sd35/special_6/0024.png
1000,25,02189.png,self_prompting_sd35,case_upper,hiney,MUSWD,hiney,0.0,0.0,1.0,3.28239971512917,4029,3203,/home/ekim339/project/SD3.5/datasets/SRNet_Datagen/train/train-50k-4/i_s/02189.png,/home/ekim339/project/SD3.5/experiments/self_prompting_sd35/results/inputs/0025_02189.png,/home/ekim339/project/SD3.5/datasets/SRNet_Datagen/train/train-50k-4/mask_s/02189.png,/home/ekim339/project/SD3.5/experiments/self_prompting_sd35/results/generated/self_prompting_sd35/case_upper/0025.png
1001,25,02189.png,self_prompting_sd35,case_lower,hiney,muswd,hiney,0.0,0.0,1.0,3.28239971512917,4029,3204,/home/ekim339/project/SD3.5/datasets/SRNet_Datagen/train/train-50k-4/i_s/02189.png,/home/ekim339/project/SD3.5/experiments/self_prompting_sd35/results/inputs/0025_02189.png,/home/ekim339/project/SD3.5/datasets/SRNet_Datagen/train/train-50k-4/mask_s/02189.png,/home/ekim339/project/SD3.5/experiments/self_prompting_sd35/results/generated/self_prompting_sd35/case_lower/0025.png
1002,25,02189.png,self_prompting_sd35,special_1,hiney,OUUIH,hiney,0.0,0.0,1.0,3.28239971512917,4029,3205,/home/ekim339/project/SD3.5/datasets/SRNet_Datagen/train/train-50k-4/i_s/02189.png,/home/ekim339/project/SD3.5/experiments/self_prompting_sd35/results/inputs/0025_02189.png,/home/ekim339/project/SD3.5/datasets/SRNet_Datagen/train/train-50k-4/mask_s/02189.png,/home/ekim339/project/SD3.5/experiments/self_prompting_sd35/results/generated/self_prompting_sd35/special_1/0025.png
1003,25,02189.png,self_prompting_sd35,special_2,hiney,s+aoO,hire,0.0,0.0,1.0,3.28239971512917,4029,3206,/home/ekim339/project/SD3.5/datasets/SRNet_Datagen/train/train-50k-4/i_s/02189.png,/home/ekim339/project/SD3.5/experiments/self_prompting_sd35/results/inputs/0025_02189.png,/home/ekim339/project/SD3.5/datasets/SRNet_Datagen/train/train-50k-4/mask_s/02189.png,/home/ekim339/project/SD3.5/experiments/self_prompting_sd35/results/generated/self_prompting_sd35/special_2/0025.png
1004,25,02189.png,self_prompting_sd35,special_3,hiney,j:$tT,hiney,0.0,0.0,1.0,3.28239971512917,4029,3207,/home/ekim339/project/SD3.5/datasets/SRNet_Datagen/train/train-50k-4/i_s/02189.png,/home/ekim339/project/SD3.5/experiments/self_prompting_sd35/results/inputs/0025_02189.png,/home/ekim339/project/SD3.5/datasets/SRNet_Datagen/train/train-50k-4/mask_s/02189.png,/home/ekim339/project/SD3.5/experiments/self_prompting_sd35/results/generated/self_prompting_sd35/special_3/0025.png
1005,25,02189.png,self_prompting_sd35,special_4,hiney,",xh",hiney,0.0,0.0,1.6666666666666667,3.28239971512917,4029,3208,/home/ekim339/project/SD3.5/datasets/SRNet_Datagen/train/train-50k-4/i_s/02189.png,/home/ekim339/project/SD3.5/experiments/self_prompting_sd35/results/inputs/0025_02189.png,/home/ekim339/project/SD3.5/datasets/SRNet_Datagen/train/train-50k-4/mask_s/02189.png,/home/ekim339/project/SD3.5/experiments/self_prompting_sd35/results/generated/self_prompting_sd35/special_4/0025.png
1006,25,02189.png,self_prompting_sd35,special_5,hiney,??L&!,hiney,0.0,0.0,1.0,3.28239971512917,4029,3209,/home/ekim339/project/SD3.5/datasets/SRNet_Datagen/train/train-50k-4/i_s/02189.png,/home/ekim339/project/SD3.5/experiments/self_prompting_sd35/results/inputs/0025_02189.png,/home/ekim339/project/SD3.5/datasets/SRNet_Datagen/train/train-50k-4/mask_s/02189.png,/home/ekim339/project/SD3.5/experiments/self_prompting_sd35/results/generated/self_prompting_sd35/special_5/0025.png
1007,25,02189.png,self_prompting_sd35,special_6,hiney,$;?*@,hiney,0.0,0.0,1.0,3.28239971512917,4029,3210,/home/ekim339/project/SD3.5/datasets/SRNet_Datagen/train/train-50k-4/i_s/02189.png,/home/ekim339/project/SD3.5/experiments/self_prompting_sd35/results/inputs/0025_02189.png,/home/ekim339/project/SD3.5/datasets/SRNet_Datagen/train/train-50k-4/mask_s/02189.png,/home/ekim339/project/SD3.5/experiments/self_prompting_sd35/results/generated/self_prompting_sd35/special_6/0025.png
1008,26,37955.png,self_prompting_sd35,case_upper,thein,MUOUN,them,0.0,0.0,1.0,2.518061162222528,4030,3211,/home/ekim339/project/SD3.5/datasets/SRNet_Datagen/train/train-50k-3/i_s/37955.png,/home/ekim339/project/SD3.5/experiments/self_prompting_sd35/results/inputs/0026_37955.png,/home/ekim339/project/SD3.5/datasets/SRNet_Datagen/train/train-50k-3/mask_s/37955.png,/home/ekim339/project/SD3.5/experiments/self_prompting_sd35/results/generated/self_prompting_sd35/case_upper/0026.png
1009,26,37955.png,self_prompting_sd35,case_lower,thein,muoun,there,0.0,0.0,1.0,2.518061162222528,4030,3212,/home/ekim339/project/SD3.5/datasets/SRNet_Datagen/train/train-50k-3/i_s/37955.png,/home/ekim339/project/SD3.5/experiments/self_prompting_sd35/results/inputs/0026_37955.png,/home/ekim339/project/SD3.5/datasets/SRNet_Datagen/train/train-50k-3/mask_s/37955.png,/home/ekim339/project/SD3.5/experiments/self_prompting_sd35/results/generated/self_prompting_sd35/case_lower/0026.png
1010,26,37955.png,self_prompting_sd35,special_1,thein,DGdtf,from,0.0,0.0,1.0,2.518061162222528,4030,3213,/home/ekim339/project/SD3.5/datasets/SRNet_Datagen/train/train-50k-3/i_s/37955.png,/home/ekim339/project/SD3.5/experiments/self_prompting_sd35/results/inputs/0026_37955.png,/home/ekim339/project/SD3.5/datasets/SRNet_Datagen/train/train-50k-3/mask_s/37955.png,/home/ekim339/project/SD3.5/experiments/self_prompting_sd35/results/generated/self_prompting_sd35/special_1/0026.png
1011,26,37955.png,self_prompting_sd35,special_2,thein,qP+Fx,thae,0.0,0.0,1.0,2.518061162222528,4030,3214,/home/ekim339/project/SD3.5/datasets/SRNet_Datagen/train/train-50k-3/i_s/37955.png,/home/ekim339/project/SD3.5/experiments/self_prompting_sd35/results/inputs/0026_37955.png,/home/ekim339/project/SD3.5/datasets/SRNet_Datagen/train/train-50k-3/mask_s/37955.png,/home/ekim339/project/SD3.5/experiments/self_prompting_sd35/results/generated/self_prompting_sd35/special_2/0026.png
1012,26,37955.png,self_prompting_sd35,special_3,thein,csp@;,them,0.0,0.0,1.0,2.518061162222528,4030,3215,/home/ekim339/project/SD3.5/datasets/SRNet_Datagen/train/train-50k-3/i_s/37955.png,/home/ekim339/project/SD3.5/experiments/self_prompting_sd35/results/inputs/0026_37955.png,/home/ekim339/project/SD3.5/datasets/SRNet_Datagen/train/train-50k-3/mask_s/37955.png,/home/ekim339/project/SD3.5/experiments/self_prompting_sd35/results/generated/self_prompting_sd35/special_3/0026.png
1013,26,37955.png,self_prompting_sd35,special_4,thein,Ic&,them,0.0,0.0,1.3333333333333333,2.518061162222528,4030,3216,/home/ekim339/project/SD3.5/datasets/SRNet_Datagen/train/train-50k-3/i_s/37955.png,/home/ekim339/project/SD3.5/experiments/self_prompting_sd35/results/inputs/0026_37955.png,/home/ekim339/project/SD3.5/datasets/SRNet_Datagen/train/train-50k-3/mask_s/37955.png,/home/ekim339/project/SD3.5/experiments/self_prompting_sd35/results/generated/self_prompting_sd35/special_4/0026.png
1014,26,37955.png,self_prompting_sd35,special_5,thein,.%&M%,thank,0.0,0.0,1.0,2.518061162222528,4030,3217,/home/ekim339/project/SD3.5/datasets/SRNet_Datagen/train/train-50k-3/i_s/37955.png,/home/ekim339/project/SD3.5/experiments/self_prompting_sd35/results/inputs/0026_37955.png,/home/ekim339/project/SD3.5/datasets/SRNet_Datagen/train/train-50k-3/mask_s/37955.png,/home/ekim339/project/SD3.5/experiments/self_prompting_sd35/results/generated/self_prompting_sd35/special_5/0026.png
1015,26,37955.png,self_prompting_sd35,special_6,thein,#!&#=,thanks,0.0,0.0,1.2,2.518061162222528,4030,3218,/home/ekim339/project/SD3.5/datasets/SRNet_Datagen/train/train-50k-3/i_s/37955.png,/home/ekim339/project/SD3.5/experiments/self_prompting_sd35/results/inputs/0026_37955.png,/home/ekim339/project/SD3.5/datasets/SRNet_Datagen/train/train-50k-3/mask_s/37955.png,/home/ekim339/project/SD3.5/experiments/self_prompting_sd35/results/generated/self_prompting_sd35/special_6/0026.png
1016,27,01658.png,self_prompting_sd35,case_upper,stent,QORYH,senes,0.0,0.0,1.0,6.664620432482347,4031,3219,/home/ekim339/project/SD3.5/datasets/SRNet_Datagen/train/train-50k-2/i_s/01658.png,/home/ekim339/project/SD3.5/experiments/self_prompting_sd35/results/inputs/0027_01658.png,/home/ekim339/project/SD3.5/datasets/SRNet_Datagen/train/train-50k-2/mask_s/01658.png,/home/ekim339/project/SD3.5/experiments/self_prompting_sd35/results/generated/self_prompting_sd35/case_upper/0027.png
1017,27,01658.png,self_prompting_sd35,case_lower,stent,qoryh,sroe,0.0,0.19999999999999996,0.8,6.664620432482347,4031,3220,/home/ekim339/project/SD3.5/datasets/SRNet_Datagen/train/train-50k-2/i_s/01658.png,/home/ekim339/project/SD3.5/experiments/self_prompting_sd35/results/inputs/0027_01658.png,/home/ekim339/project/SD3.5/datasets/SRNet_Datagen/train/train-50k-2/mask_s/01658.png,/home/ekim339/project/SD3.5/experiments/self_prompting_sd35/results/generated/self_prompting_sd35/case_lower/0027.png
1018,27,01658.png,self_prompting_sd35,special_1,stent,oJpGq,senee,0.0,0.0,1.0,6.664620432482347,4031,3221,/home/ekim339/project/SD3.5/datasets/SRNet_Datagen/train/train-50k-2/i_s/01658.png,/home/ekim339/project/SD3.5/experiments/self_prompting_sd35/results/inputs/0027_01658.png,/home/ekim339/project/SD3.5/datasets/SRNet_Datagen/train/train-50k-2/mask_s/01658.png,/home/ekim339/project/SD3.5/experiments/self_prompting_sd35/results/generated/self_prompting_sd35/special_1/0027.png
1019,27,01658.png,self_prompting_sd35,special_2,stent,Wl+eK,setee,0.0,0.19999999999999996,0.8,6.664620432482347,4031,3222,/home/ekim339/project/SD3.5/datasets/SRNet_Datagen/train/train-50k-2/i_s/01658.png,/home/ekim339/project/SD3.5/experiments/self_prompting_sd35/results/inputs/0027_01658.png,/home/ekim339/project/SD3.5/datasets/SRNet_Datagen/train/train-50k-2/mask_s/01658.png,/home/ekim339/project/SD3.5/experiments/self_prompting_sd35/results/generated/self_prompting_sd35/special_2/0027.png
1020,27,01658.png,self_prompting_sd35,special_3,stent,:VI?I,rese,0.0,0.0,1.0,6.664620432482347,4031,3223,/home/ekim339/project/SD3.5/datasets/SRNet_Datagen/train/train-50k-2/i_s/01658.png,/home/ekim339/project/SD3.5/experiments/self_prompting_sd35/results/inputs/0027_01658.png,/home/ekim339/project/SD3.5/datasets/SRNet_Datagen/train/train-50k-2/mask_s/01658.png,/home/ekim339/project/SD3.5/experiments/self_prompting_sd35/results/generated/self_prompting_sd35/special_3/0027.png
1021,27,01658.png,self_prompting_sd35,special_4,stent,$CY,sube,0.0,0.0,1.3333333333333333,6.664620432482347,4031,3224,/home/ekim339/project/SD3.5/datasets/SRNet_Datagen/train/train-50k-2/i_s/01658.png,/home/ekim339/project/SD3.5/experiments/self_prompting_sd35/results/inputs/0027_01658.png,/home/ekim339/project/SD3.5/datasets/SRNet_Datagen/train/train-50k-2/mask_s/01658.png,/home/ekim339/project/SD3.5/experiments/self_prompting_sd35/results/generated/self_prompting_sd35/special_4/0027.png
1022,27,01658.png,self_prompting_sd35,special_5,stent,N@_@+,sent,0.0,0.0,1.0,6.664620432482347,4031,3225,/home/ekim339/project/SD3.5/datasets/SRNet_Datagen/train/train-50k-2/i_s/01658.png,/home/ekim339/project/SD3.5/experiments/self_prompting_sd35/results/inputs/0027_01658.png,/home/ekim339/project/SD3.5/datasets/SRNet_Datagen/train/train-50k-2/mask_s/01658.png,/home/ekim339/project/SD3.5/experiments/self_prompting_sd35/results/generated/self_prompting_sd35/special_5/0027.png
1023,27,01658.png,self_prompting_sd35,special_6,stent,#:;;-,reselcatto,0.0,0.0,2.0,6.664620432482347,4031,3226,/home/ekim339/project/SD3.5/datasets/SRNet_Datagen/train/train-50k-2/i_s/01658.png,/home/ekim339/project/SD3.5/experiments/self_prompting_sd35/results/inputs/0027_01658.png,/home/ekim339/project/SD3.5/datasets/SRNet_Datagen/train/train-50k-2/mask_s/01658.png,/home/ekim339/project/SD3.5/experiments/self_prompting_sd35/results/generated/self_prompting_sd35/special_6/0027.png
1024,28,37981.png,self_prompting_sd35,case_upper,yards,CQERW,dae,0.0,0.0,1.0,9.136718717188211,4032,3227,/home/ekim339/project/SD3.5/datasets/SRNet_Datagen/train/train-50k-2/i_s/37981.png,/home/ekim339/project/SD3.5/experiments/self_prompting_sd35/results/inputs/0028_37981.png,/home/ekim339/project/SD3.5/datasets/SRNet_Datagen/train/train-50k-2/mask_s/37981.png,/home/ekim339/project/SD3.5/experiments/self_prompting_sd35/results/generated/self_prompting_sd35/case_upper/0028.png
1025,28,37981.png,self_prompting_sd35,case_lower,yards,cqerw,sand,0.0,0.0,1.0,9.136718717188211,4032,3228,/home/ekim339/project/SD3.5/datasets/SRNet_Datagen/train/train-50k-2/i_s/37981.png,/home/ekim339/project/SD3.5/experiments/self_prompting_sd35/results/inputs/0028_37981.png,/home/ekim339/project/SD3.5/datasets/SRNet_Datagen/train/train-50k-2/mask_s/37981.png,/home/ekim339/project/SD3.5/experiments/self_prompting_sd35/results/generated/self_prompting_sd35/case_lower/0028.png
1026,28,37981.png,self_prompting_sd35,special_1,yards,VjdSn,varr,0.0,0.0,1.0,9.136718717188211,4032,3229,/home/ekim339/project/SD3.5/datasets/SRNet_Datagen/train/train-50k-2/i_s/37981.png,/home/ekim339/project/SD3.5/experiments/self_prompting_sd35/results/inputs/0028_37981.png,/home/ekim339/project/SD3.5/datasets/SRNet_Datagen/train/train-50k-2/mask_s/37981.png,/home/ekim339/project/SD3.5/experiments/self_prompting_sd35/results/generated/self_prompting_sd35/special_1/0028.png
1027,28,37981.png,self_prompting_sd35,special_2,yards,L?mFN,yardy,0.0,0.0,1.0,9.136718717188211,4032,3230,/home/ekim339/project/SD3.5/datasets/SRNet_Datagen/train/train-50k-2/i_s/37981.png,/home/ekim339/project/SD3.5/experiments/self_prompting_sd35/results/inputs/0028_37981.png,/home/ekim339/project/SD3.5/datasets/SRNet_Datagen/train/train-50k-2/mask_s/37981.png,/home/ekim339/project/SD3.5/experiments/self_prompting_sd35/results/generated/self_prompting_sd35/special_2/0028.png
1028,28,37981.png,self_prompting_sd35,special_3,yards,",mLc+",yaros,0.0,0.0,1.0,9.136718717188211,4032,3231,/home/ekim339/project/SD3.5/datasets/SRNet_Datagen/train/train-50k-2/i_s/37981.png,/home/ekim339/project/SD3.5/experiments/self_prompting_sd35/results/inputs/0028_37981.png,/home/ekim339/project/SD3.5/datasets/SRNet_Datagen/train/train-50k-2/mask_s/37981.png,/home/ekim339/project/SD3.5/experiments/self_prompting_sd35/results/generated/self_prompting_sd35/special_3/0028.png
1029,28,37981.png,self_prompting_sd35,special_4,yards,We;,taats,0.0,0.0,1.6666666666666667,9.136718717188211,4032,3232,/home/ekim339/project/SD3.5/datasets/SRNet_Datagen/train/train-50k-2/i_s/37981.png,/home/ekim339/project/SD3.5/experiments/self_prompting_sd35/results/inputs/0028_37981.png,/home/ekim339/project/SD3.5/datasets/SRNet_Datagen/train/train-50k-2/mask_s/37981.png,/home/ekim339/project/SD3.5/experiments/self_prompting_sd35/results/generated/self_prompting_sd35/special_4/0028.png
1030,28,37981.png,self_prompting_sd35,special_5,yards,N$!%+,new,0.0,0.0,1.0,9.136718717188211,4032,3233,/home/ekim339/project/SD3.5/datasets/SRNet_Datagen/train/train-50k-2/i_s/37981.png,/home/ekim339/project/SD3.5/experiments/self_prompting_sd35/results/inputs/0028_37981.png,/home/ekim339/project/SD3.5/datasets/SRNet_Datagen/train/train-50k-2/mask_s/37981.png,/home/ekim339/project/SD3.5/experiments/self_prompting_sd35/results/generated/self_prompting_sd35/special_5/0028.png
1031,28,37981.png,self_prompting_sd35,special_6,yards,&!=_@,las,0.0,0.0,1.0,9.136718717188211,4032,3234,/home/ekim339/project/SD3.5/datasets/SRNet_Datagen/train/train-50k-2/i_s/37981.png,/home/ekim339/project/SD3.5/experiments/self_prompting_sd35/results/inputs/0028_37981.png,/home/ekim339/project/SD3.5/datasets/SRNet_Datagen/train/train-50k-2/mask_s/37981.png,/home/ekim339/project/SD3.5/experiments/self_prompting_sd35/results/generated/self_prompting_sd35/special_6/0028.png
1032,29,25025.png,self_prompting_sd35,case_upper,round,CKZKA,round,0.0,0.0,1.0,5.756663317986795,4033,3235,/home/ekim339/project/SD3.5/datasets/SRNet_Datagen/train/train-50k-3/i_s/25025.png,/home/ekim339/project/SD3.5/experiments/self_prompting_sd35/results/inputs/0029_25025.png,/home/ekim339/project/SD3.5/datasets/SRNet_Datagen/train/train-50k-3/mask_s/25025.png,/home/ekim339/project/SD3.5/experiments/self_prompting_sd35/results/generated/self_prompting_sd35/case_upper/0029.png
1033,29,25025.png,self_prompting_sd35,case_lower,round,ckzka,round,0.0,0.0,1.0,5.756663317986795,4033,3236,/home/ekim339/project/SD3.5/datasets/SRNet_Datagen/train/train-50k-3/i_s/25025.png,/home/ekim339/project/SD3.5/experiments/self_prompting_sd35/results/inputs/0029_25025.png,/home/ekim339/project/SD3.5/datasets/SRNet_Datagen/train/train-50k-3/mask_s/25025.png,/home/ekim339/project/SD3.5/experiments/self_prompting_sd35/results/generated/self_prompting_sd35/case_lower/0029.png
1034,29,25025.png,self_prompting_sd35,special_1,round,syzac,round,0.0,0.0,1.0,5.756663317986795,4033,3237,/home/ekim339/project/SD3.5/datasets/SRNet_Datagen/train/train-50k-3/i_s/25025.png,/home/ekim339/project/SD3.5/experiments/self_prompting_sd35/results/inputs/0029_25025.png,/home/ekim339/project/SD3.5/datasets/SRNet_Datagen/train/train-50k-3/mask_s/25025.png,/home/ekim339/project/SD3.5/experiments/self_prompting_sd35/results/generated/self_prompting_sd35/special_1/0029.png
1035,29,25025.png,self_prompting_sd35,special_2,round,*wdWf,round,0.0,0.0,1.0,5.756663317986795,4033,3238,/home/ekim339/project/SD3.5/datasets/SRNet_Datagen/train/train-50k-3/i_s/25025.png,/home/ekim339/project/SD3.5/experiments/self_prompting_sd35/results/inputs/0029_25025.png,/home/ekim339/project/SD3.5/datasets/SRNet_Datagen/train/train-50k-3/mask_s/25025.png,/home/ekim339/project/SD3.5/experiments/self_prompting_sd35/results/generated/self_prompting_sd35/special_2/0029.png
1036,29,25025.png,self_prompting_sd35,special_3,round,$Imt:,round,0.0,0.0,1.0,5.756663317986795,4033,3239,/home/ekim339/project/SD3.5/datasets/SRNet_Datagen/train/train-50k-3/i_s/25025.png,/home/ekim339/project/SD3.5/experiments/self_prompting_sd35/results/inputs/0029_25025.png,/home/ekim339/project/SD3.5/datasets/SRNet_Datagen/train/train-50k-3/mask_s/25025.png,/home/ekim339/project/SD3.5/experiments/self_prompting_sd35/results/generated/self_prompting_sd35/special_3/0029.png
1037,29,25025.png,self_prompting_sd35,special_4,round,:EX,round,0.0,0.0,1.6666666666666667,5.756663317986795,4033,3240,/home/ekim339/project/SD3.5/datasets/SRNet_Datagen/train/train-50k-3/i_s/25025.png,/home/ekim339/project/SD3.5/experiments/self_prompting_sd35/results/inputs/0029_25025.png,/home/ekim339/project/SD3.5/datasets/SRNet_Datagen/train/train-50k-3/mask_s/25025.png,/home/ekim339/project/SD3.5/experiments/self_prompting_sd35/results/generated/self_prompting_sd35/special_4/0029.png
1038,29,25025.png,self_prompting_sd35,special_5,round,"u,#%%",round,0.0,0.0,1.0,5.756663317986795,4033,3241,/home/ekim339/project/SD3.5/datasets/SRNet_Datagen/train/train-50k-3/i_s/25025.png,/home/ekim339/project/SD3.5/experiments/self_prompting_sd35/results/inputs/0029_25025.png,/home/ekim339/project/SD3.5/datasets/SRNet_Datagen/train/train-50k-3/mask_s/25025.png,/home/ekim339/project/SD3.5/experiments/self_prompting_sd35/results/generated/self_prompting_sd35/special_5/0029.png
1039,29,25025.png,self_prompting_sd35,special_6,round,;.;%_,round,0.0,0.0,1.0,5.756663317986795,4033,3242,/home/ekim339/project/SD3.5/datasets/SRNet_Datagen/train/train-50k-3/i_s/25025.png,/home/ekim339/project/SD3.5/experiments/self_prompting_sd35/results/inputs/0029_25025.png,/home/ekim339/project/SD3.5/datasets/SRNet_Datagen/train/train-50k-3/mask_s/25025.png,/home/ekim339/project/SD3.5/experiments/self_prompting_sd35/results/generated/self_prompting_sd35/special_6/0029.png
1040,30,09788.png,self_prompting_sd35,case_upper,pappi,JJNJE,teacel,0.0,0.0,1.2,4.685307467053605,4034,3243,/home/ekim339/project/SD3.5/datasets/SRNet_Datagen/train/train-50k-3/i_s/09788.png,/home/ekim339/project/SD3.5/experiments/self_prompting_sd35/results/inputs/0030_09788.png,/home/ekim339/project/SD3.5/datasets/SRNet_Datagen/train/train-50k-3/mask_s/09788.png,/home/ekim339/project/SD3.5/experiments/self_prompting_sd35/results/generated/self_prompting_sd35/case_upper/0030.png
1041,30,09788.png,self_prompting_sd35,case_lower,pappi,jjnje,taappl,0.0,0.0,1.2,4.685307467053605,4034,3244,/home/ekim339/project/SD3.5/datasets/SRNet_Datagen/train/train-50k-3/i_s/09788.png,/home/ekim339/project/SD3.5/experiments/self_prompting_sd35/results/inputs/0030_09788.png,/home/ekim339/project/SD3.5/datasets/SRNet_Datagen/train/train-50k-3/mask_s/09788.png,/home/ekim339/project/SD3.5/experiments/self_prompting_sd35/results/generated/self_prompting_sd35/case_lower/0030.png
1042,30,09788.png,self_prompting_sd35,special_1,pappi,rfYzh,tuar,0.0,0.0,1.0,4.685307467053605,4034,3245,/home/ekim339/project/SD3.5/datasets/SRNet_Datagen/train/train-50k-3/i_s/09788.png,/home/ekim339/project/SD3.5/experiments/self_prompting_sd35/results/inputs/0030_09788.png,/home/ekim339/project/SD3.5/datasets/SRNet_Datagen/train/train-50k-3/mask_s/09788.png,/home/ekim339/project/SD3.5/experiments/self_prompting_sd35/results/generated/self_prompting_sd35/special_1/0030.png
1043,30,09788.png,self_prompting_sd35,special_2,pappi,lZSS#,toaraper,0.0,0.0,1.6,4.685307467053605,4034,3246,/home/ekim339/project/SD3.5/datasets/SRNet_Datagen/train/train-50k-3/i_s/09788.png,/home/ekim339/project/SD3.5/experiments/self_prompting_sd35/results/inputs/0030_09788.png,/home/ekim339/project/SD3.5/datasets/SRNet_Datagen/train/train-50k-3/mask_s/09788.png,/home/ekim339/project/SD3.5/experiments/self_prompting_sd35/results/generated/self_prompting_sd35/special_2/0030.png
1044,30,09788.png,self_prompting_sd35,special_3,pappi,_@IqW,teppaii,0.0,0.0,1.4,4.685307467053605,4034,3247,/home/ekim339/project/SD3.5/datasets/SRNet_Datagen/train/train-50k-3/i_s/09788.png,/home/ekim339/project/SD3.5/experiments/self_prompting_sd35/results/inputs/0030_09788.png,/home/ekim339/project/SD3.5/datasets/SRNet_Datagen/train/train-50k-3/mask_s/09788.png,/home/ekim339/project/SD3.5/experiments/self_prompting_sd35/results/generated/self_prompting_sd35/special_3/0030.png
1045,30,09788.png,self_prompting_sd35,special_4,pappi,!Yb,teolgg,0.0,0.0,2.0,4.685307467053605,4034,3248,/home/ekim339/project/SD3.5/datasets/SRNet_Datagen/train/train-50k-3/i_s/09788.png,/home/ekim339/project/SD3.5/experiments/self_prompting_sd35/results/inputs/0030_09788.png,/home/ekim339/project/SD3.5/datasets/SRNet_Datagen/train/train-50k-3/mask_s/09788.png,/home/ekim339/project/SD3.5/experiments/self_prompting_sd35/results/generated/self_prompting_sd35/special_4/0030.png
1046,30,09788.png,self_prompting_sd35,special_5,pappi,!i;-#,tospulr,0.0,0.0,1.4,4.685307467053605,4034,3249,/home/ekim339/project/SD3.5/datasets/SRNet_Datagen/train/train-50k-3/i_s/09788.png,/home/ekim339/project/SD3.5/experiments/self_prompting_sd35/results/inputs/0030_09788.png,/home/ekim339/project/SD3.5/datasets/SRNet_Datagen/train/train-50k-3/mask_s/09788.png,/home/ekim339/project/SD3.5/experiments/self_prompting_sd35/results/generated/self_prompting_sd35/special_5/0030.png
1047,30,09788.png,self_prompting_sd35,special_6,pappi,;?=$_,tearaa,0.0,0.0,1.2,4.685307467053605,4034,3250,/home/ekim339/project/SD3.5/datasets/SRNet_Datagen/train/train-50k-3/i_s/09788.png,/home/ekim339/project/SD3.5/experiments/self_prompting_sd35/results/inputs/0030_09788.png,/home/ekim339/project/SD3.5/datasets/SRNet_Datagen/train/train-50k-3/mask_s/09788.png,/home/ekim339/project/SD3.5/experiments/self_prompting_sd35/results/generated/self_prompting_sd35/special_6/0030.png
1048,31,48873.png,self_prompting_sd35,case_upper,mitty,BRHGS,mitty,0.0,0.0,1.0,8.205163451032455,4035,3251,/home/ekim339/project/SD3.5/datasets/SRNet_Datagen/train/train-50k-3/i_s/48873.png,/home/ekim339/project/SD3.5/experiments/self_prompting_sd35/results/inputs/0031_48873.png,/home/ekim339/project/SD3.5/datasets/SRNet_Datagen/train/train-50k-3/mask_s/48873.png,/home/ekim339/project/SD3.5/experiments/self_prompting_sd35/results/generated/self_prompting_sd35/case_upper/0031.png
1049,31,48873.png,self_prompting_sd35,case_lower,mitty,brhgs,pnrtt,0.0,0.0,1.0,8.205163451032455,4035,3252,/home/ekim339/project/SD3.5/datasets/SRNet_Datagen/train/train-50k-3/i_s/48873.png,/home/ekim339/project/SD3.5/experiments/self_prompting_sd35/results/inputs/0031_48873.png,/home/ekim339/project/SD3.5/datasets/SRNet_Datagen/train/train-50k-3/mask_s/48873.png,/home/ekim339/project/SD3.5/experiments/self_prompting_sd35/results/generated/self_prompting_sd35/case_lower/0031.png
1050,31,48873.png,self_prompting_sd35,special_1,mitty,HkrNa,mitty,0.0,0.0,1.0,8.205163451032455,4035,3253,/home/ekim339/project/SD3.5/datasets/SRNet_Datagen/train/train-50k-3/i_s/48873.png,/home/ekim339/project/SD3.5/experiments/self_prompting_sd35/results/inputs/0031_48873.png,/home/ekim339/project/SD3.5/datasets/SRNet_Datagen/train/train-50k-3/mask_s/48873.png,/home/ekim339/project/SD3.5/experiments/self_prompting_sd35/results/generated/self_prompting_sd35/special_1/0031.png
1051,31,48873.png,self_prompting_sd35,special_2,mitty,hICw.,mitty,0.0,0.0,1.0,8.205163451032455,4035,3254,/home/ekim339/project/SD3.5/datasets/SRNet_Datagen/train/train-50k-3/i_s/48873.png,/home/ekim339/project/SD3.5/experiments/self_prompting_sd35/results/inputs/0031_48873.png,/home/ekim339/project/SD3.5/datasets/SRNet_Datagen/train/train-50k-3/mask_s/48873.png,/home/ekim339/project/SD3.5/experiments/self_prompting_sd35/results/generated/self_prompting_sd35/special_2/0031.png
1052,31,48873.png,self_prompting_sd35,special_3,mitty,F&f*x,inptty,0.0,0.0,1.2,8.205163451032455,4035,3255,/home/ekim339/project/SD3.5/datasets/SRNet_Datagen/train/train-50k-3/i_s/48873.png,/home/ekim339/project/SD3.5/experiments/self_prompting_sd35/results/inputs/0031_48873.png,/home/ekim339/project/SD3.5/datasets/SRNet_Datagen/train/train-50k-3/mask_s/48873.png,/home/ekim339/project/SD3.5/experiments/self_prompting_sd35/results/generated/self_prompting_sd35/special_3/0031.png
1053,31,48873.png,self_prompting_sd35,special_4,mitty,d%M,mirt,0.0,0.0,1.3333333333333333,8.205163451032455,4035,3256,/home/ekim339/project/SD3.5/datasets/SRNet_Datagen/train/train-50k-3/i_s/48873.png,/home/ekim339/project/SD3.5/experiments/self_prompting_sd35/results/inputs/0031_48873.png,/home/ekim339/project/SD3.5/datasets/SRNet_Datagen/train/train-50k-3/mask_s/48873.png,/home/ekim339/project/SD3.5/experiments/self_prompting_sd35/results/generated/self_prompting_sd35/special_4/0031.png
1054,31,48873.png,self_prompting_sd35,special_5,mitty,",_q??",ipirty,0.0,0.0,1.2,8.205163451032455,4035,3257,/home/ekim339/project/SD3.5/datasets/SRNet_Datagen/train/train-50k-3/i_s/48873.png,/home/ekim339/project/SD3.5/experiments/self_prompting_sd35/results/inputs/0031_48873.png,/home/ekim339/project/SD3.5/datasets/SRNet_Datagen/train/train-50k-3/mask_s/48873.png,/home/ekim339/project/SD3.5/experiments/self_prompting_sd35/results/generated/self_prompting_sd35/special_5/0031.png
1055,31,48873.png,self_prompting_sd35,special_6,mitty,_+.*$,mitty,0.0,0.0,1.0,8.205163451032455,4035,3258,/home/ekim339/project/SD3.5/datasets/SRNet_Datagen/train/train-50k-3/i_s/48873.png,/home/ekim339/project/SD3.5/experiments/self_prompting_sd35/results/inputs/0031_48873.png,/home/ekim339/project/SD3.5/datasets/SRNet_Datagen/train/train-50k-3/mask_s/48873.png,/home/ekim339/project/SD3.5/experiments/self_prompting_sd35/results/generated/self_prompting_sd35/special_6/0031.png
1056,32,48588.png,self_prompting_sd35,case_upper,Delta,ATFSG,deter,0.0,0.0,1.0,2.0051055795309862,4036,3259,/home/ekim339/project/SD3.5/datasets/SRNet_Datagen/train/train-50k-1/i_s/48588.png,/home/ekim339/project/SD3.5/experiments/self_prompting_sd35/results/inputs/0032_48588.png,/home/ekim339/project/SD3.5/datasets/SRNet_Datagen/train/train-50k-1/mask_s/48588.png,/home/ekim339/project/SD3.5/experiments/self_prompting_sd35/results/generated/self_prompting_sd35/case_upper/0032.png
1057,32,48588.png,self_prompting_sd35,case_lower,Delta,atfsg,dater,0.0,0.19999999999999996,0.8,2.0051055795309862,4036,3260,/home/ekim339/project/SD3.5/datasets/SRNet_Datagen/train/train-50k-1/i_s/48588.png,/home/ekim339/project/SD3.5/experiments/self_prompting_sd35/results/inputs/0032_48588.png,/home/ekim339/project/SD3.5/datasets/SRNet_Datagen/train/train-50k-1/mask_s/48588.png,/home/ekim339/project/SD3.5/experiments/self_prompting_sd35/results/generated/self_prompting_sd35/case_lower/0032.png
1058,32,48588.png,self_prompting_sd35,special_1,Delta,MfSzL,deltar,0.0,0.0,1.2,2.0051055795309862,4036,3261,/home/ekim339/project/SD3.5/datasets/SRNet_Datagen/train/train-50k-1/i_s/48588.png,/home/ekim339/project/SD3.5/experiments/self_prompting_sd35/results/inputs/0032_48588.png,/home/ekim339/project/SD3.5/datasets/SRNet_Datagen/train/train-50k-1/mask_s/48588.png,/home/ekim339/project/SD3.5/experiments/self_prompting_sd35/results/generated/self_prompting_sd35/special_1/0032.png
1059,32,48588.png,self_prompting_sd35,special_2,Delta,m=RPB,derai,0.0,0.0,1.0,2.0051055795309862,4036,3262,/home/ekim339/project/SD3.5/datasets/SRNet_Datagen/train/train-50k-1/i_s/48588.png,/home/ekim339/project/SD3.5/experiments/self_prompting_sd35/results/inputs/0032_48588.png,/home/ekim339/project/SD3.5/datasets/SRNet_Datagen/train/train-50k-1/mask_s/48588.png,/home/ekim339/project/SD3.5/experiments/self_prompting_sd35/results/generated/self_prompting_sd35/special_2/0032.png
1060,32,48588.png,self_prompting_sd35,special_3,Delta,:a+aQ,deter,0.0,0.0,1.0,2.0051055795309862,4036,3263,/home/ekim339/project/SD3.5/datasets/SRNet_Datagen/train/train-50k-1/i_s/48588.png,/home/ekim339/project/SD3.5/experiments/self_prompting_sd35/results/inputs/0032_48588.png,/home/ekim339/project/SD3.5/datasets/SRNet_Datagen/train/train-50k-1/mask_s/48588.png,/home/ekim339/project/SD3.5/experiments/self_prompting_sd35/results/generated/self_prompting_sd35/special_3/0032.png
1061,32,48588.png,self_prompting_sd35,special_4,Delta,E@z,date,0.0,0.0,1.3333333333333333,2.0051055795309862,4036,3264,/home/ekim339/project/SD3.5/datasets/SRNet_Datagen/train/train-50k-1/i_s/48588.png,/home/ekim339/project/SD3.5/experiments/self_prompting_sd35/results/inputs/0032_48588.png,/home/ekim339/project/SD3.5/datasets/SRNet_Datagen/train/train-50k-1/mask_s/48588.png,/home/ekim339/project/SD3.5/experiments/self_prompting_sd35/results/generated/self_prompting_sd35/special_4/0032.png
1062,32,48588.png,self_prompting_sd35,special_5,Delta,n$!=%,deta,0.0,0.0,1.0,2.0051055795309862,4036,3265,/home/ekim339/project/SD3.5/datasets/SRNet_Datagen/train/train-50k-1/i_s/48588.png,/home/ekim339/project/SD3.5/experiments/self_prompting_sd35/results/inputs/0032_48588.png,/home/ekim339/project/SD3.5/datasets/SRNet_Datagen/train/train-50k-1/mask_s/48588.png,/home/ekim339/project/SD3.5/experiments/self_prompting_sd35/results/generated/self_prompting_sd35/special_5/0032.png
1063,32,48588.png,self_prompting_sd35,special_6,Delta,;_+_@,delta,0.0,0.0,1.0,2.0051055795309862,4036,3266,/home/ekim339/project/SD3.5/datasets/SRNet_Datagen/train/train-50k-1/i_s/48588.png,/home/ekim339/project/SD3.5/experiments/self_prompting_sd35/results/inputs/0032_48588.png,/home/ekim339/project/SD3.5/datasets/SRNet_Datagen/train/train-50k-1/mask_s/48588.png,/home/ekim339/project/SD3.5/experiments/self_prompting_sd35/results/generated/self_prompting_sd35/special_6/0032.png
1064,33,06979.png,self_prompting_sd35,case_upper,lacto,MWPVO,into,0.0,0.0,1.0,8.885269501809397,4037,3267,/home/ekim339/project/SD3.5/datasets/SRNet_Datagen/train/train-50k-2/i_s/06979.png,/home/ekim339/project/SD3.5/experiments/self_prompting_sd35/results/inputs/0033_06979.png,/home/ekim339/project/SD3.5/datasets/SRNet_Datagen/train/train-50k-2/mask_s/06979.png,/home/ekim339/project/SD3.5/experiments/self_prompting_sd35/results/generated/self_prompting_sd35/case_upper/0033.png
1065,33,06979.png,self_prompting_sd35,case_lower,lacto,mwpvo,sobj,0.0,0.0,1.0,8.885269501809397,4037,3268,/home/ekim339/project/SD3.5/datasets/SRNet_Datagen/train/train-50k-2/i_s/06979.png,/home/ekim339/project/SD3.5/experiments/self_prompting_sd35/results/inputs/0033_06979.png,/home/ekim339/project/SD3.5/datasets/SRNet_Datagen/train/train-50k-2/mask_s/06979.png,/home/ekim339/project/SD3.5/experiments/self_prompting_sd35/results/generated/self_prompting_sd35/case_lower/0033.png
1066,33,06979.png,self_prompting_sd35,special_1,lacto,gVTLL,lester,0.0,0.0,1.2,8.885269501809397,4037,3269,/home/ekim339/project/SD3.5/datasets/SRNet_Datagen/train/train-50k-2/i_s/06979.png,/home/ekim339/project/SD3.5/experiments/self_prompting_sd35/results/inputs/0033_06979.png,/home/ekim339/project/SD3.5/datasets/SRNet_Datagen/train/train-50k-2/mask_s/06979.png,/home/ekim339/project/SD3.5/experiments/self_prompting_sd35/results/generated/self_prompting_sd35/special_1/0033.png
1067,33,06979.png,self_prompting_sd35,special_2,lacto,#rNde,leote,0.0,0.19999999999999996,0.8,8.885269501809397,4037,3270,/home/ekim339/project/SD3.5/datasets/SRNet_Datagen/train/train-50k-2/i_s/06979.png,/home/ekim339/project/SD3.5/experiments/self_prompting_sd35/results/inputs/0033_06979.png,/home/ekim339/project/SD3.5/datasets/SRNet_Datagen/train/train-50k-2/mask_s/06979.png,/home/ekim339/project/SD3.5/experiments/self_prompting_sd35/results/generated/self_prompting_sd35/special_2/0033.png
1068,33,06979.png,self_prompting_sd35,special_3,lacto,$djS;,lacto,0.0,0.0,1.0,8.885269501809397,4037,3271,/home/ekim339/project/SD3.5/datasets/SRNet_Datagen/train/train-50k-2/i_s/06979.png,/home/ekim339/project/SD3.5/experiments/self_prompting_sd35/results/inputs/0033_06979.png,/home/ekim339/project/SD3.5/datasets/SRNet_Datagen/train/train-50k-2/mask_s/06979.png,/home/ekim339/project/SD3.5/experiments/self_prompting_sd35/results/generated/self_prompting_sd35/special_3/0033.png
1069,33,06979.png,self_prompting_sd35,special_4,lacto,@us,lacto,0.0,0.0,1.6666666666666667,8.885269501809397,4037,3272,/home/ekim339/project/SD3.5/datasets/SRNet_Datagen/train/train-50k-2/i_s/06979.png,/home/ekim339/project/SD3.5/experiments/self_prompting_sd35/results/inputs/0033_06979.png,/home/ekim339/project/SD3.5/datasets/SRNet_Datagen/train/train-50k-2/mask_s/06979.png,/home/ekim339/project/SD3.5/experiments/self_prompting_sd35/results/generated/self_prompting_sd35/special_4/0033.png
1070,33,06979.png,self_prompting_sd35,special_5,lacto,U?&?.,bood,0.0,0.0,1.0,8.885269501809397,4037,3273,/home/ekim339/project/SD3.5/datasets/SRNet_Datagen/train/train-50k-2/i_s/06979.png,/home/ekim339/project/SD3.5/experiments/self_prompting_sd35/results/inputs/0033_06979.png,/home/ekim339/project/SD3.5/datasets/SRNet_Datagen/train/train-50k-2/mask_s/06979.png,/home/ekim339/project/SD3.5/experiments/self_prompting_sd35/results/generated/self_prompting_sd35/special_5/0033.png
1071,33,06979.png,self_prompting_sd35,special_6,lacto,&*@-.,lacto,0.0,0.0,1.0,8.885269501809397,4037,3274,/home/ekim339/project/SD3.5/datasets/SRNet_Datagen/train/train-50k-2/i_s/06979.png,/home/ekim339/project/SD3.5/experiments/self_prompting_sd35/results/inputs/0033_06979.png,/home/ekim339/project/SD3.5/datasets/SRNet_Datagen/train/train-50k-2/mask_s/06979.png,/home/ekim339/project/SD3.5/experiments/self_prompting_sd35/results/generated/self_prompting_sd35/special_6/0033.png
1072,34,36185.png,self_prompting_sd35,case_upper,sabin,HFOBB,seadin,0.0,0.0,1.2,11.262685951833797,4038,3275,/home/ekim339/project/SD3.5/datasets/SRNet_Datagen/train/train-50k-2/i_s/36185.png,/home/ekim339/project/SD3.5/experiments/self_prompting_sd35/results/inputs/0034_36185.png,/home/ekim339/project/SD3.5/datasets/SRNet_Datagen/train/train-50k-2/mask_s/36185.png,/home/ekim339/project/SD3.5/experiments/self_prompting_sd35/results/generated/self_prompting_sd35/case_upper/0034.png
1073,34,36185.png,self_prompting_sd35,case_lower,sabin,hfobb,sabid,0.0,0.0,1.0,11.262685951833797,4038,3276,/home/ekim339/project/SD3.5/datasets/SRNet_Datagen/train/train-50k-2/i_s/36185.png,/home/ekim339/project/SD3.5/experiments/self_prompting_sd35/results/inputs/0034_36185.png,/home/ekim339/project/SD3.5/datasets/SRNet_Datagen/train/train-50k-2/mask_s/36185.png,/home/ekim339/project/SD3.5/experiments/self_prompting_sd35/results/generated/self_prompting_sd35/case_lower/0034.png
1074,34,36185.png,self_prompting_sd35,special_1,sabin,UKrRO,spevicst,0.0,0.0,1.6,11.262685951833797,4038,3277,/home/ekim339/project/SD3.5/datasets/SRNet_Datagen/train/train-50k-2/i_s/36185.png,/home/ekim339/project/SD3.5/experiments/self_prompting_sd35/results/inputs/0034_36185.png,/home/ekim339/project/SD3.5/datasets/SRNet_Datagen/train/train-50k-2/mask_s/36185.png,/home/ekim339/project/SD3.5/experiments/self_prompting_sd35/results/generated/self_prompting_sd35/special_1/0034.png
1075,34,36185.png,self_prompting_sd35,special_2,sabin,BCin@,speelii,0.0,0.0,1.4,11.262685951833797,4038,3278,/home/ekim339/project/SD3.5/datasets/SRNet_Datagen/train/train-50k-2/i_s/36185.png,/home/ekim339/project/SD3.5/experiments/self_prompting_sd35/results/inputs/0034_36185.png,/home/ekim339/project/SD3.5/datasets/SRNet_Datagen/train/train-50k-2/mask_s/36185.png,/home/ekim339/project/SD3.5/experiments/self_prompting_sd35/results/generated/self_prompting_sd35/special_2/0034.png
1076,34,36185.png,self_prompting_sd35,special_3,sabin,_@MPv,sabin,0.0,0.0,1.0,11.262685951833797,4038,3279,/home/ekim339/project/SD3.5/datasets/SRNet_Datagen/train/train-50k-2/i_s/36185.png,/home/ekim339/project/SD3.5/experiments/self_prompting_sd35/results/inputs/0034_36185.png,/home/ekim339/project/SD3.5/datasets/SRNet_Datagen/train/train-50k-2/mask_s/36185.png,/home/ekim339/project/SD3.5/experiments/self_prompting_sd35/results/generated/self_prompting_sd35/special_3/0034.png
1077,34,36185.png,self_prompting_sd35,special_4,sabin,Pm-,subyy,0.0,0.0,1.6666666666666667,11.262685951833797,4038,3280,/home/ekim339/project/SD3.5/datasets/SRNet_Datagen/train/train-50k-2/i_s/36185.png,/home/ekim339/project/SD3.5/experiments/self_prompting_sd35/results/inputs/0034_36185.png,/home/ekim339/project/SD3.5/datasets/SRNet_Datagen/train/train-50k-2/mask_s/36185.png,/home/ekim339/project/SD3.5/experiments/self_prompting_sd35/results/generated/self_prompting_sd35/special_4/0034.png
1078,34,36185.png,self_prompting_sd35,special_5,sabin,r&!++,sain,0.0,0.0,1.0,11.262685951833797,4038,3281,/home/ekim339/project/SD3.5/datasets/SRNet_Datagen/train/train-50k-2/i_s/36185.png,/home/ekim339/project/SD3.5/experiments/self_prompting_sd35/results/inputs/0034_36185.png,/home/ekim339/project/SD3.5/datasets/SRNet_Datagen/train/train-50k-2/mask_s/36185.png,/home/ekim339/project/SD3.5/experiments/self_prompting_sd35/results/generated/self_prompting_sd35/special_5/0034.png
1079,34,36185.png,self_prompting_sd35,special_6,sabin,@_-?+,sabir,0.0,0.0,1.0,11.262685951833797,4038,3282,/home/ekim339/project/SD3.5/datasets/SRNet_Datagen/train/train-50k-2/i_s/36185.png,/home/ekim339/project/SD3.5/experiments/self_prompting_sd35/results/inputs/0034_36185.png,/home/ekim339/project/SD3.5/datasets/SRNet_Datagen/train/train-50k-2/mask_s/36185.png,/home/ekim339/project/SD3.5/experiments/self_prompting_sd35/results/generated/self_prompting_sd35/special_6/0034.png
1080,35,32279.png,self_prompting_sd35,case_upper,const,DIFCT,const,0.0,0.0,1.0,3.3987870862155614,4039,3283,/home/ekim339/project/SD3.5/datasets/SRNet_Datagen/train/train-50k-2/i_s/32279.png,/home/ekim339/project/SD3.5/experiments/self_prompting_sd35/results/inputs/0035_32279.png,/home/ekim339/project/SD3.5/datasets/SRNet_Datagen/train/train-50k-2/mask_s/32279.png,/home/ekim339/project/SD3.5/experiments/self_prompting_sd35/results/generated/self_prompting_sd35/case_upper/0035.png
1081,35,32279.png,self_prompting_sd35,case_lower,const,difct,const,0.0,0.19999999999999996,0.8,3.3987870862155614,4039,3284,/home/ekim339/project/SD3.5/datasets/SRNet_Datagen/train/train-50k-2/i_s/32279.png,/home/ekim339/project/SD3.5/experiments/self_prompting_sd35/results/inputs/0035_32279.png,/home/ekim339/project/SD3.5/datasets/SRNet_Datagen/train/train-50k-2/mask_s/32279.png,/home/ekim339/project/SD3.5/experiments/self_prompting_sd35/results/generated/self_prompting_sd35/case_lower/0035.png
1082,35,32279.png,self_prompting_sd35,special_1,const,QdrRD,const,0.0,0.0,1.0,3.3987870862155614,4039,3285,/home/ekim339/project/SD3.5/datasets/SRNet_Datagen/train/train-50k-2/i_s/32279.png,/home/ekim339/project/SD3.5/experiments/self_prompting_sd35/results/inputs/0035_32279.png,/home/ekim339/project/SD3.5/datasets/SRNet_Datagen/train/train-50k-2/mask_s/32279.png,/home/ekim339/project/SD3.5/experiments/self_prompting_sd35/results/generated/self_prompting_sd35/special_1/0035.png
1083,35,32279.png,self_prompting_sd35,special_2,const,A+zSQ,corst,0.0,0.0,1.0,3.3987870862155614,4039,3286,/home/ekim339/project/SD3.5/datasets/SRNet_Datagen/train/train-50k-2/i_s/32279.png,/home/ekim339/project/SD3.5/experiments/self_prompting_sd35/results/inputs/0035_32279.png,/home/ekim339/project/SD3.5/datasets/SRNet_Datagen/train/train-50k-2/mask_s/32279.png,/home/ekim339/project/SD3.5/experiments/self_prompting_sd35/results/generated/self_prompting_sd35/special_2/0035.png
1084,35,32279.png,self_prompting_sd35,special_3,const,M&@Ar,const,0.0,0.0,1.0,3.3987870862155614,4039,3287,/home/ekim339/project/SD3.5/datasets/SRNet_Datagen/train/train-50k-2/i_s/32279.png,/home/ekim339/project/SD3.5/experiments/self_prompting_sd35/results/inputs/0035_32279.png,/home/ekim339/project/SD3.5/datasets/SRNet_Datagen/train/train-50k-2/mask_s/32279.png,/home/ekim339/project/SD3.5/experiments/self_prompting_sd35/results/generated/self_prompting_sd35/special_3/0035.png
1085,35,32279.png,self_prompting_sd35,special_4,const,",AE",const,0.0,0.0,1.6666666666666667,3.3987870862155614,4039,3288,/home/ekim339/project/SD3.5/datasets/SRNet_Datagen/train/train-50k-2/i_s/32279.png,/home/ekim339/project/SD3.5/experiments/self_prompting_sd35/results/inputs/0035_32279.png,/home/ekim339/project/SD3.5/datasets/SRNet_Datagen/train/train-50k-2/mask_s/32279.png,/home/ekim339/project/SD3.5/experiments/self_prompting_sd35/results/generated/self_prompting_sd35/special_4/0035.png
1086,35,32279.png,self_prompting_sd35,special_5,const,&#&A$,const,0.0,0.0,1.0,3.3987870862155614,4039,3289,/home/ekim339/project/SD3.5/datasets/SRNet_Datagen/train/train-50k-2/i_s/32279.png,/home/ekim339/project/SD3.5/experiments/self_prompting_sd35/results/inputs/0035_32279.png,/home/ekim339/project/SD3.5/datasets/SRNet_Datagen/train/train-50k-2/mask_s/32279.png,/home/ekim339/project/SD3.5/experiments/self_prompting_sd35/results/generated/self_prompting_sd35/special_5/0035.png
1087,35,32279.png,self_prompting_sd35,special_6,const,:=#&;,const,0.0,0.0,1.0,3.3987870862155614,4039,3290,/home/ekim339/project/SD3.5/datasets/SRNet_Datagen/train/train-50k-2/i_s/32279.png,/home/ekim339/project/SD3.5/experiments/self_prompting_sd35/results/inputs/0035_32279.png,/home/ekim339/project/SD3.5/datasets/SRNet_Datagen/train/train-50k-2/mask_s/32279.png,/home/ekim339/project/SD3.5/experiments/self_prompting_sd35/results/generated/self_prompting_sd35/special_6/0035.png
1088,36,49516.png,self_prompting_sd35,case_upper,ovolo,BICHG,avdoo,0.0,0.0,1.0,7.606671363202551,4040,3291,/home/ekim339/project/SD3.5/datasets/SRNet_Datagen/train/train-50k-1/i_s/49516.png,/home/ekim339/project/SD3.5/experiments/self_prompting_sd35/results/inputs/0036_49516.png,/home/ekim339/project/SD3.5/datasets/SRNet_Datagen/train/train-50k-1/mask_s/49516.png,/home/ekim339/project/SD3.5/experiments/self_prompting_sd35/results/generated/self_prompting_sd35/case_upper/0036.png
1089,36,49516.png,self_prompting_sd35,case_lower,ovolo,bichg,oval,0.0,0.0,1.0,7.606671363202551,4040,3292,/home/ekim339/project/SD3.5/datasets/SRNet_Datagen/train/train-50k-1/i_s/49516.png,/home/ekim339/project/SD3.5/experiments/self_prompting_sd35/results/inputs/0036_49516.png,/home/ekim339/project/SD3.5/datasets/SRNet_Datagen/train/train-50k-1/mask_s/49516.png,/home/ekim339/project/SD3.5/experiments/self_prompting_sd35/results/generated/self_prompting_sd35/case_lower/0036.png
1090,36,49516.png,self_prompting_sd35,special_1,ovolo,rGwYI,avoid,0.0,0.0,1.0,7.606671363202551,4040,3293,/home/ekim339/project/SD3.5/datasets/SRNet_Datagen/train/train-50k-1/i_s/49516.png,/home/ekim339/project/SD3.5/experiments/self_prompting_sd35/results/inputs/0036_49516.png,/home/ekim339/project/SD3.5/datasets/SRNet_Datagen/train/train-50k-1/mask_s/49516.png,/home/ekim339/project/SD3.5/experiments/self_prompting_sd35/results/generated/self_prompting_sd35/special_1/0036.png
1091,36,49516.png,self_prompting_sd35,special_2,ovolo,O?RTq,ovoid,0.0,0.0,1.0,7.606671363202551,4040,3294,/home/ekim339/project/SD3.5/datasets/SRNet_Datagen/train/train-50k-1/i_s/49516.png,/home/ekim339/project/SD3.5/experiments/self_prompting_sd35/results/inputs/0036_49516.png,/home/ekim339/project/SD3.5/datasets/SRNet_Datagen/train/train-50k-1/mask_s/49516.png,/home/ekim339/project/SD3.5/experiments/self_prompting_sd35/results/generated/self_prompting_sd35/special_2/0036.png
1092,36,49516.png,self_prompting_sd35,special_3,ovolo,?Wjz+,ovalo,0.0,0.0,1.0,7.606671363202551,4040,3295,/home/ekim339/project/SD3.5/datasets/SRNet_Datagen/train/train-50k-1/i_s/49516.png,/home/ekim339/project/SD3.5/experiments/self_prompting_sd35/results/inputs/0036_49516.png,/home/ekim339/project/SD3.5/datasets/SRNet_Datagen/train/train-50k-1/mask_s/49516.png,/home/ekim339/project/SD3.5/experiments/self_prompting_sd35/results/generated/self_prompting_sd35/special_3/0036.png
1093,36,49516.png,self_prompting_sd35,special_4,ovolo,DI!,cvvllr,0.0,0.0,2.0,7.606671363202551,4040,3296,/home/ekim339/project/SD3.5/datasets/SRNet_Datagen/train/train-50k-1/i_s/49516.png,/home/ekim339/project/SD3.5/experiments/self_prompting_sd35/results/inputs/0036_49516.png,/home/ekim339/project/SD3.5/datasets/SRNet_Datagen/train/train-50k-1/mask_s/49516.png,/home/ekim339/project/SD3.5/experiments/self_prompting_sd35/results/generated/self_prompting_sd35/special_4/0036.png
1094,36,49516.png,self_prompting_sd35,special_5,ovolo,@$m$=,cvold,0.0,0.0,1.0,7.606671363202551,4040,3297,/home/ekim339/project/SD3.5/datasets/SRNet_Datagen/train/train-50k-1/i_s/49516.png,/home/ekim339/project/SD3.5/experiments/self_prompting_sd35/results/inputs/0036_49516.png,/home/ekim339/project/SD3.5/datasets/SRNet_Datagen/train/train-50k-1/mask_s/49516.png,/home/ekim339/project/SD3.5/experiments/self_prompting_sd35/results/generated/self_prompting_sd35/special_5/0036.png
1095,36,49516.png,self_prompting_sd35,special_6,ovolo,*&&=!,overt,0.0,0.0,1.0,7.606671363202551,4040,3298,/home/ekim339/project/SD3.5/datasets/SRNet_Datagen/train/train-50k-1/i_s/49516.png,/home/ekim339/project/SD3.5/experiments/self_prompting_sd35/results/inputs/0036_49516.png,/home/ekim339/project/SD3.5/datasets/SRNet_Datagen/train/train-50k-1/mask_s/49516.png,/home/ekim339/project/SD3.5/experiments/self_prompting_sd35/results/generated/self_prompting_sd35/special_6/0036.png
1096,37,31258.png,self_prompting_sd35,case_upper,hurst,DCSQY,san,0.0,0.0,1.0,3.7013787138324243,4041,3299,/home/ekim339/project/SD3.5/datasets/SRNet_Datagen/train/train-50k-1/i_s/31258.png,/home/ekim339/project/SD3.5/experiments/self_prompting_sd35/results/inputs/0037_31258.png,/home/ekim339/project/SD3.5/datasets/SRNet_Datagen/train/train-50k-1/mask_s/31258.png,/home/ekim339/project/SD3.5/experiments/self_prompting_sd35/results/generated/self_prompting_sd35/case_upper/0037.png
1097,37,31258.png,self_prompting_sd35,case_lower,hurst,dcsqy,and,0.0,0.0,1.0,3.7013787138324243,4041,3300,/home/ekim339/project/SD3.5/datasets/SRNet_Datagen/train/train-50k-1/i_s/31258.png,/home/ekim339/project/SD3.5/experiments/self_prompting_sd35/results/inputs/0037_31258.png,/home/ekim339/project/SD3.5/datasets/SRNet_Datagen/train/train-50k-1/mask_s/31258.png,/home/ekim339/project/SD3.5/experiments/self_prompting_sd35/results/generated/self_prompting_sd35/case_lower/0037.png
1098,37,31258.png,self_prompting_sd35,special_1,hurst,jXLaT,sne,0.0,0.0,1.0,3.7013787138324243,4041,3301,/home/ekim339/project/SD3.5/datasets/SRNet_Datagen/train/train-50k-1/i_s/31258.png,/home/ekim339/project/SD3.5/experiments/self_prompting_sd35/results/inputs/0037_31258.png,/home/ekim339/project/SD3.5/datasets/SRNet_Datagen/train/train-50k-1/mask_s/31258.png,/home/ekim339/project/SD3.5/experiments/self_prompting_sd35/results/generated/self_prompting_sd35/special_1/0037.png
1099,37,31258.png,self_prompting_sd35,special_2,hurst,@JxRq,sou,0.0,0.0,1.0,3.7013787138324243,4041,3302,/home/ekim339/project/SD3.5/datasets/SRNet_Datagen/train/train-50k-1/i_s/31258.png,/home/ekim339/project/SD3.5/experiments/self_prompting_sd35/results/inputs/0037_31258.png,/home/ekim339/project/SD3.5/datasets/SRNet_Datagen/train/train-50k-1/mask_s/31258.png,/home/ekim339/project/SD3.5/experiments/self_prompting_sd35/results/generated/self_prompting_sd35/special_2/0037.png
1100,37,31258.png,self_prompting_sd35,special_3,hurst,%VJp&,mos,0.0,0.0,1.0,3.7013787138324243,4041,3303,/home/ekim339/project/SD3.5/datasets/SRNet_Datagen/train/train-50k-1/i_s/31258.png,/home/ekim339/project/SD3.5/experiments/self_prompting_sd35/results/inputs/0037_31258.png,/home/ekim339/project/SD3.5/datasets/SRNet_Datagen/train/train-50k-1/mask_s/31258.png,/home/ekim339/project/SD3.5/experiments/self_prompting_sd35/results/generated/self_prompting_sd35/special_3/0037.png
1101,37,31258.png,self_prompting_sd35,special_4,hurst,#lO,the,0.0,0.0,1.0,3.7013787138324243,4041,3304,/home/ekim339/project/SD3.5/datasets/SRNet_Datagen/train/train-50k-1/i_s/31258.png,/home/ekim339/project/SD3.5/experiments/self_prompting_sd35/results/inputs/0037_31258.png,/home/ekim339/project/SD3.5/datasets/SRNet_Datagen/train/train-50k-1/mask_s/31258.png,/home/ekim339/project/SD3.5/experiments/self_prompting_sd35/results/generated/self_prompting_sd35/special_4/0037.png
1102,37,31258.png,self_prompting_sd35,special_5,hurst,!;T+%,tae,0.0,0.0,1.0,3.7013787138324243,4041,3305,/home/ekim339/project/SD3.5/datasets/SRNet_Datagen/train/train-50k-1/i_s/31258.png,/home/ekim339/project/SD3.5/experiments/self_prompting_sd35/results/inputs/0037_31258.png,/home/ekim339/project/SD3.5/datasets/SRNet_Datagen/train/train-50k-1/mask_s/31258.png,/home/ekim339/project/SD3.5/experiments/self_prompting_sd35/results/generated/self_prompting_sd35/special_5/0037.png
1103,37,31258.png,self_prompting_sd35,special_6,hurst,:;:-#,sat,0.0,0.0,1.0,3.7013787138324243,4041,3306,/home/ekim339/project/SD3.5/datasets/SRNet_Datagen/train/train-50k-1/i_s/31258.png,/home/ekim339/project/SD3.5/experiments/self_prompting_sd35/results/inputs/0037_31258.png,/home/ekim339/project/SD3.5/datasets/SRNet_Datagen/train/train-50k-1/mask_s/31258.png,/home/ekim339/project/SD3.5/experiments/self_prompting_sd35/results/generated/self_prompting_sd35/special_6/0037.png
1104,38,40248.png,self_prompting_sd35,case_upper,oomph,RHCLI,comiin,0.0,0.0,1.2,4.467820744395349,4042,3307,/home/ekim339/project/SD3.5/datasets/SRNet_Datagen/train/train-50k-2/i_s/40248.png,/home/ekim339/project/SD3.5/experiments/self_prompting_sd35/results/inputs/0038_40248.png,/home/ekim339/project/SD3.5/datasets/SRNet_Datagen/train/train-50k-2/mask_s/40248.png,/home/ekim339/project/SD3.5/experiments/self_prompting_sd35/results/generated/self_prompting_sd35/case_upper/0038.png
1105,38,40248.png,self_prompting_sd35,case_lower,oomph,rhcli,oomph,0.0,0.0,1.0,4.467820744395349,4042,3308,/home/ekim339/project/SD3.5/datasets/SRNet_Datagen/train/train-50k-2/i_s/40248.png,/home/ekim339/project/SD3.5/experiments/self_prompting_sd35/results/inputs/0038_40248.png,/home/ekim339/project/SD3.5/datasets/SRNet_Datagen/train/train-50k-2/mask_s/40248.png,/home/ekim339/project/SD3.5/experiments/self_prompting_sd35/results/generated/self_prompting_sd35/case_lower/0038.png
1106,38,40248.png,self_prompting_sd35,special_1,oomph,mJBOP,comen,0.0,0.0,1.0,4.467820744395349,4042,3309,/home/ekim339/project/SD3.5/datasets/SRNet_Datagen/train/train-50k-2/i_s/40248.png,/home/ekim339/project/SD3.5/experiments/self_prompting_sd35/results/inputs/0038_40248.png,/home/ekim339/project/SD3.5/datasets/SRNet_Datagen/train/train-50k-2/mask_s/40248.png,/home/ekim339/project/SD3.5/experiments/self_prompting_sd35/results/generated/self_prompting_sd35/special_1/0038.png
1107,38,40248.png,self_prompting_sd35,special_2,oomph,DWJY:,comm,0.0,0.0,1.0,4.467820744395349,4042,3310,/home/ekim339/project/SD3.5/datasets/SRNet_Datagen/train/train-50k-2/i_s/40248.png,/home/ekim339/project/SD3.5/experiments/self_prompting_sd35/results/inputs/0038_40248.png,/home/ekim339/project/SD3.5/datasets/SRNet_Datagen/train/train-50k-2/mask_s/40248.png,/home/ekim339/project/SD3.5/experiments/self_prompting_sd35/results/generated/self_prompting_sd35/special_2/0038.png
1108,38,40248.png,self_prompting_sd35,special_3,oomph,;q;rl,comet,0.0,0.0,1.0,4.467820744395349,4042,3311,/home/ekim339/project/SD3.5/datasets/SRNet_Datagen/train/train-50k-2/i_s/40248.png,/home/ekim339/project/SD3.5/experiments/self_prompting_sd35/results/inputs/0038_40248.png,/home/ekim339/project/SD3.5/datasets/SRNet_Datagen/train/train-50k-2/mask_s/40248.png,/home/ekim339/project/SD3.5/experiments/self_prompting_sd35/results/generated/self_prompting_sd35/special_3/0038.png
1109,38,40248.png,self_prompting_sd35,special_4,oomph,u&T,pomes,0.0,0.0,1.6666666666666667,4.467820744395349,4042,3312,/home/ekim339/project/SD3.5/datasets/SRNet_Datagen/train/train-50k-2/i_s/40248.png,/home/ekim339/project/SD3.5/experiments/self_prompting_sd35/results/inputs/0038_40248.png,/home/ekim339/project/SD3.5/datasets/SRNet_Datagen/train/train-50k-2/mask_s/40248.png,/home/ekim339/project/SD3.5/experiments/self_prompting_sd35/results/generated/self_prompting_sd35/special_4/0038.png
1110,38,40248.png,self_prompting_sd35,special_5,oomph,?m:+*,comph,0.0,0.0,1.0,4.467820744395349,4042,3313,/home/ekim339/project/SD3.5/datasets/SRNet_Datagen/train/train-50k-2/i_s/40248.png,/home/ekim339/project/SD3.5/experiments/self_prompting_sd35/results/inputs/0038_40248.png,/home/ekim339/project/SD3.5/datasets/SRNet_Datagen/train/train-50k-2/mask_s/40248.png,/home/ekim339/project/SD3.5/experiments/self_prompting_sd35/results/generated/self_prompting_sd35/special_5/0038.png
1111,38,40248.png,self_prompting_sd35,special_6,oomph,?+%#*,porpph,0.0,0.0,1.2,4.467820744395349,4042,3314,/home/ekim339/project/SD3.5/datasets/SRNet_Datagen/train/train-50k-2/i_s/40248.png,/home/ekim339/project/SD3.5/experiments/self_prompting_sd35/results/inputs/0038_40248.png,/home/ekim339/project/SD3.5/datasets/SRNet_Datagen/train/train-50k-2/mask_s/40248.png,/home/ekim339/project/SD3.5/experiments/self_prompting_sd35/results/generated/self_prompting_sd35/special_6/0038.png
1112,39,20526.png,self_prompting_sd35,case_upper,astro,GORIU,gettar,0.0,0.0,1.2,11.356515547073949,4043,3315,/home/ekim339/project/SD3.5/datasets/SRNet_Datagen/train/train-50k-1/i_s/20526.png,/home/ekim339/project/SD3.5/experiments/self_prompting_sd35/results/inputs/0039_20526.png,/home/ekim339/project/SD3.5/datasets/SRNet_Datagen/train/train-50k-1/mask_s/20526.png,/home/ekim339/project/SD3.5/experiments/self_prompting_sd35/results/generated/self_prompting_sd35/case_upper/0039.png
1113,39,20526.png,self_prompting_sd35,case_lower,astro,goriu,sone,0.0,0.19999999999999996,0.8,11.356515547073949,4043,3316,/home/ekim339/project/SD3.5/datasets/SRNet_Datagen/train/train-50k-1/i_s/20526.png,/home/ekim339/project/SD3.5/experiments/self_prompting_sd35/results/inputs/0039_20526.png,/home/ekim339/project/SD3.5/datasets/SRNet_Datagen/train/train-50k-1/mask_s/20526.png,/home/ekim339/project/SD3.5/experiments/self_prompting_sd35/results/generated/self_prompting_sd35/case_lower/0039.png
1114,39,20526.png,self_prompting_sd35,special_1,astro,jCJnP,ashoo,0.0,0.0,1.0,11.356515547073949,4043,3317,/home/ekim339/project/SD3.5/datasets/SRNet_Datagen/train/train-50k-1/i_s/20526.png,/home/ekim339/project/SD3.5/experiments/self_prompting_sd35/results/inputs/0039_20526.png,/home/ekim339/project/SD3.5/datasets/SRNet_Datagen/train/train-50k-1/mask_s/20526.png,/home/ekim339/project/SD3.5/experiments/self_prompting_sd35/results/generated/self_prompting_sd35/special_1/0039.png
1115,39,20526.png,self_prompting_sd35,special_2,astro,Nn=SZ,asho,0.0,0.0,1.0,11.356515547073949,4043,3318,/home/ekim339/project/SD3.5/datasets/SRNet_Datagen/train/train-50k-1/i_s/20526.png,/home/ekim339/project/SD3.5/experiments/self_prompting_sd35/results/inputs/0039_20526.png,/home/ekim339/project/SD3.5/datasets/SRNet_Datagen/train/train-50k-1/mask_s/20526.png,/home/ekim339/project/SD3.5/experiments/self_prompting_sd35/results/generated/self_prompting_sd35/special_2/0039.png
1116,39,20526.png,self_prompting_sd35,special_3,astro,BN?u.,ashor,0.0,0.0,1.0,11.356515547073949,4043,3319,/home/ekim339/project/SD3.5/datasets/SRNet_Datagen/train/train-50k-1/i_s/20526.png,/home/ekim339/project/SD3.5/experiments/self_prompting_sd35/results/inputs/0039_20526.png,/home/ekim339/project/SD3.5/datasets/SRNet_Datagen/train/train-50k-1/mask_s/20526.png,/home/ekim339/project/SD3.5/experiments/self_prompting_sd35/results/generated/self_prompting_sd35/special_3/0039.png
1117,39,20526.png,self_prompting_sd35,special_4,astro,P_L,astro,0.0,0.0,1.6666666666666667,11.356515547073949,4043,3320,/home/ekim339/project/SD3.5/datasets/SRNet_Datagen/train/train-50k-1/i_s/20526.png,/home/ekim339/project/SD3.5/experiments/self_prompting_sd35/results/inputs/0039_20526.png,/home/ekim339/project/SD3.5/datasets/SRNet_Datagen/train/train-50k-1/mask_s/20526.png,/home/ekim339/project/SD3.5/experiments/self_prompting_sd35/results/generated/self_prompting_sd35/special_4/0039.png
1118,39,20526.png,self_prompting_sd35,special_5,astro,@$F#+,astro,0.0,0.0,1.0,11.356515547073949,4043,3321,/home/ekim339/project/SD3.5/datasets/SRNet_Datagen/train/train-50k-1/i_s/20526.png,/home/ekim339/project/SD3.5/experiments/self_prompting_sd35/results/inputs/0039_20526.png,/home/ekim339/project/SD3.5/datasets/SRNet_Datagen/train/train-50k-1/mask_s/20526.png,/home/ekim339/project/SD3.5/experiments/self_prompting_sd35/results/generated/self_prompting_sd35/special_5/0039.png
1119,39,20526.png,self_prompting_sd35,special_6,astro,",#_#%",astor,0.0,0.0,1.0,11.356515547073949,4043,3322,/home/ekim339/project/SD3.5/datasets/SRNet_Datagen/train/train-50k-1/i_s/20526.png,/home/ekim339/project/SD3.5/experiments/self_prompting_sd35/results/inputs/0039_20526.png,/home/ekim339/project/SD3.5/datasets/SRNet_Datagen/train/train-50k-1/mask_s/20526.png,/home/ekim339/project/SD3.5/experiments/self_prompting_sd35/results/generated/self_prompting_sd35/special_6/0039.png
1120,40,04416.png,self_prompting_sd35,case_upper,lasix,CQXSD,clarie,0.0,0.0,1.2,4.417026532252171,4044,3323,/home/ekim339/project/SD3.5/datasets/SRNet_Datagen/train/train-50k-2/i_s/04416.png,/home/ekim339/project/SD3.5/experiments/self_prompting_sd35/results/inputs/0040_04416.png,/home/ekim339/project/SD3.5/datasets/SRNet_Datagen/train/train-50k-2/mask_s/04416.png,/home/ekim339/project/SD3.5/experiments/self_prompting_sd35/results/generated/self_prompting_sd35/case_upper/0040.png
1121,40,04416.png,self_prompting_sd35,case_lower,lasix,cqxsd,cane,0.0,0.19999999999999996,0.8,4.417026532252171,4044,3324,/home/ekim339/project/SD3.5/datasets/SRNet_Datagen/train/train-50k-2/i_s/04416.png,/home/ekim339/project/SD3.5/experiments/self_prompting_sd35/results/inputs/0040_04416.png,/home/ekim339/project/SD3.5/datasets/SRNet_Datagen/train/train-50k-2/mask_s/04416.png,/home/ekim339/project/SD3.5/experiments/self_prompting_sd35/results/generated/self_prompting_sd35/case_lower/0040.png
1122,40,04416.png,self_prompting_sd35,special_1,lasix,sKWUj,xraf,0.0,0.0,1.0,4.417026532252171,4044,3325,/home/ekim339/project/SD3.5/datasets/SRNet_Datagen/train/train-50k-2/i_s/04416.png,/home/ekim339/project/SD3.5/experiments/self_prompting_sd35/results/inputs/0040_04416.png,/home/ekim339/project/SD3.5/datasets/SRNet_Datagen/train/train-50k-2/mask_s/04416.png,/home/ekim339/project/SD3.5/experiments/self_prompting_sd35/results/generated/self_prompting_sd35/special_1/0040.png
1123,40,04416.png,self_prompting_sd35,special_2,lasix,FKk!k,clarie,0.0,0.0,1.2,4.417026532252171,4044,3326,/home/ekim339/project/SD3.5/datasets/SRNet_Datagen/train/train-50k-2/i_s/04416.png,/home/ekim339/project/SD3.5/experiments/self_prompting_sd35/results/inputs/0040_04416.png,/home/ekim339/project/SD3.5/datasets/SRNet_Datagen/train/train-50k-2/mask_s/04416.png,/home/ekim339/project/SD3.5/experiments/self_prompting_sd35/results/generated/self_prompting_sd35/special_2/0040.png
1124,40,04416.png,self_prompting_sd35,special_3,lasix,?oQh!,thae,0.0,0.0,1.0,4.417026532252171,4044,3327,/home/ekim339/project/SD3.5/datasets/SRNet_Datagen/train/train-50k-2/i_s/04416.png,/home/ekim339/project/SD3.5/experiments/self_prompting_sd35/results/inputs/0040_04416.png,/home/ekim339/project/SD3.5/datasets/SRNet_Datagen/train/train-50k-2/mask_s/04416.png,/home/ekim339/project/SD3.5/experiments/self_prompting_sd35/results/generated/self_prompting_sd35/special_3/0040.png
1125,40,04416.png,self_prompting_sd35,special_4,lasix,+Lt,blase,0.0,0.0,1.6666666666666667,4.417026532252171,4044,3328,/home/ekim339/project/SD3.5/datasets/SRNet_Datagen/train/train-50k-2/i_s/04416.png,/home/ekim339/project/SD3.5/experiments/self_prompting_sd35/results/inputs/0040_04416.png,/home/ekim339/project/SD3.5/datasets/SRNet_Datagen/train/train-50k-2/mask_s/04416.png,/home/ekim339/project/SD3.5/experiments/self_prompting_sd35/results/generated/self_prompting_sd35/special_4/0040.png
1126,40,04416.png,self_prompting_sd35,special_5,lasix,",:v$&",basie,0.0,0.0,1.0,4.417026532252171,4044,3329,/home/ekim339/project/SD3.5/datasets/SRNet_Datagen/train/train-50k-2/i_s/04416.png,/home/ekim339/project/SD3.5/experiments/self_prompting_sd35/results/inputs/0040_04416.png,/home/ekim339/project/SD3.5/datasets/SRNet_Datagen/train/train-50k-2/mask_s/04416.png,/home/ekim339/project/SD3.5/experiments/self_prompting_sd35/results/generated/self_prompting_sd35/special_5/0040.png
1127,40,04416.png,self_prompting_sd35,special_6,lasix,"$,@%%",blssi,0.0,0.0,1.0,4.417026532252171,4044,3330,/home/ekim339/project/SD3.5/datasets/SRNet_Datagen/train/train-50k-2/i_s/04416.png,/home/ekim339/project/SD3.5/experiments/self_prompting_sd35/results/inputs/0040_04416.png,/home/ekim339/project/SD3.5/datasets/SRNet_Datagen/train/train-50k-2/mask_s/04416.png,/home/ekim339/project/SD3.5/experiments/self_prompting_sd35/results/generated/self_prompting_sd35/special_6/0040.png
1128,41,37608.png,self_prompting_sd35,case_upper,kinds,LADMZ,brick,0.0,0.0,1.0,3.8333043420053805,4045,3331,/home/ekim339/project/SD3.5/datasets/SRNet_Datagen/train/train-50k-4/i_s/37608.png,/home/ekim339/project/SD3.5/experiments/self_prompting_sd35/results/inputs/0041_37608.png,/home/ekim339/project/SD3.5/datasets/SRNet_Datagen/train/train-50k-4/mask_s/37608.png,/home/ekim339/project/SD3.5/experiments/self_prompting_sd35/results/generated/self_prompting_sd35/case_upper/0041.png
1129,41,37608.png,self_prompting_sd35,case_lower,kinds,ladmz,tee,0.0,0.0,1.0,3.8333043420053805,4045,3332,/home/ekim339/project/SD3.5/datasets/SRNet_Datagen/train/train-50k-4/i_s/37608.png,/home/ekim339/project/SD3.5/experiments/self_prompting_sd35/results/inputs/0041_37608.png,/home/ekim339/project/SD3.5/datasets/SRNet_Datagen/train/train-50k-4/mask_s/37608.png,/home/ekim339/project/SD3.5/experiments/self_prompting_sd35/results/generated/self_prompting_sd35/case_lower/0041.png
1130,41,37608.png,self_prompting_sd35,special_1,kinds,DfqiW,sene,0.0,0.0,1.0,3.8333043420053805,4045,3333,/home/ekim339/project/SD3.5/datasets/SRNet_Datagen/train/train-50k-4/i_s/37608.png,/home/ekim339/project/SD3.5/experiments/self_prompting_sd35/results/inputs/0041_37608.png,/home/ekim339/project/SD3.5/datasets/SRNet_Datagen/train/train-50k-4/mask_s/37608.png,/home/ekim339/project/SD3.5/experiments/self_prompting_sd35/results/generated/self_prompting_sd35/special_1/0041.png
1131,41,37608.png,self_prompting_sd35,special_2,kinds,dnX;L,line,0.0,0.0,1.0,3.8333043420053805,4045,3334,/home/ekim339/project/SD3.5/datasets/SRNet_Datagen/train/train-50k-4/i_s/37608.png,/home/ekim339/project/SD3.5/experiments/self_prompting_sd35/results/inputs/0041_37608.png,/home/ekim339/project/SD3.5/datasets/SRNet_Datagen/train/train-50k-4/mask_s/37608.png,/home/ekim339/project/SD3.5/experiments/self_prompting_sd35/results/generated/self_prompting_sd35/special_2/0041.png
1132,41,37608.png,self_prompting_sd35,special_3,kinds,*yvd#,lines,0.0,0.0,1.0,3.8333043420053805,4045,3335,/home/ekim339/project/SD3.5/datasets/SRNet_Datagen/train/train-50k-4/i_s/37608.png,/home/ekim339/project/SD3.5/experiments/self_prompting_sd35/results/inputs/0041_37608.png,/home/ekim339/project/SD3.5/datasets/SRNet_Datagen/train/train-50k-4/mask_s/37608.png,/home/ekim339/project/SD3.5/experiments/self_prompting_sd35/results/generated/self_prompting_sd35/special_3/0041.png
1133,41,37608.png,self_prompting_sd35,special_4,kinds,B.F,crack,0.0,0.0,1.6666666666666667,3.8333043420053805,4045,3336,/home/ekim339/project/SD3.5/datasets/SRNet_Datagen/train/train-50k-4/i_s/37608.png,/home/ekim339/project/SD3.5/experiments/self_prompting_sd35/results/inputs/0041_37608.png,/home/ekim339/project/SD3.5/datasets/SRNet_Datagen/train/train-50k-4/mask_s/37608.png,/home/ekim339/project/SD3.5/experiments/self_prompting_sd35/results/generated/self_prompting_sd35/special_4/0041.png
1134,41,37608.png,self_prompting_sd35,special_5,kinds,%!!-r,kines,0.0,0.0,1.0,3.8333043420053805,4045,3337,/home/ekim339/project/SD3.5/datasets/SRNet_Datagen/train/train-50k-4/i_s/37608.png,/home/ekim339/project/SD3.5/experiments/self_prompting_sd35/results/inputs/0041_37608.png,/home/ekim339/project/SD3.5/datasets/SRNet_Datagen/train/train-50k-4/mask_s/37608.png,/home/ekim339/project/SD3.5/experiments/self_prompting_sd35/results/generated/self_prompting_sd35/special_5/0041.png
1135,41,37608.png,self_prompting_sd35,special_6,kinds,"*,-:$",seneds,0.0,0.0,1.2,3.8333043420053805,4045,3338,/home/ekim339/project/SD3.5/datasets/SRNet_Datagen/train/train-50k-4/i_s/37608.png,/home/ekim339/project/SD3.5/experiments/self_prompting_sd35/results/inputs/0041_37608.png,/home/ekim339/project/SD3.5/datasets/SRNet_Datagen/train/train-50k-4/mask_s/37608.png,/home/ekim339/project/SD3.5/experiments/self_prompting_sd35/results/generated/self_prompting_sd35/special_6/0041.png
1136,42,30047.png,self_prompting_sd35,case_upper,laser,GLVMW,pear,0.0,0.0,1.0,10.2374386090541,4046,3339,/home/ekim339/project/SD3.5/datasets/SRNet_Datagen/train/train-50k-3/i_s/30047.png,/home/ekim339/project/SD3.5/experiments/self_prompting_sd35/results/inputs/0042_30047.png,/home/ekim339/project/SD3.5/datasets/SRNet_Datagen/train/train-50k-3/mask_s/30047.png,/home/ekim339/project/SD3.5/experiments/self_prompting_sd35/results/generated/self_prompting_sd35/case_upper/0042.png
1137,42,30047.png,self_prompting_sd35,case_lower,laser,glvmw,lnser,0.0,0.0,1.0,10.2374386090541,4046,3340,/home/ekim339/project/SD3.5/datasets/SRNet_Datagen/train/train-50k-3/i_s/30047.png,/home/ekim339/project/SD3.5/experiments/self_prompting_sd35/results/inputs/0042_30047.png,/home/ekim339/project/SD3.5/datasets/SRNet_Datagen/train/train-50k-3/mask_s/30047.png,/home/ekim339/project/SD3.5/experiments/self_prompting_sd35/results/generated/self_prompting_sd35/case_lower/0042.png
1138,42,30047.png,self_prompting_sd35,special_1,laser,BqShX,laser,0.0,0.0,1.0,10.2374386090541,4046,3341,/home/ekim339/project/SD3.5/datasets/SRNet_Datagen/train/train-50k-3/i_s/30047.png,/home/ekim339/project/SD3.5/experiments/self_prompting_sd35/results/inputs/0042_30047.png,/home/ekim339/project/SD3.5/datasets/SRNet_Datagen/train/train-50k-3/mask_s/30047.png,/home/ekim339/project/SD3.5/experiments/self_prompting_sd35/results/generated/self_prompting_sd35/special_1/0042.png
1139,42,30047.png,self_prompting_sd35,special_2,laser,#rZRV,beeer,0.0,0.0,1.0,10.2374386090541,4046,3342,/home/ekim339/project/SD3.5/datasets/SRNet_Datagen/train/train-50k-3/i_s/30047.png,/home/ekim339/project/SD3.5/experiments/self_prompting_sd35/results/inputs/0042_30047.png,/home/ekim339/project/SD3.5/datasets/SRNet_Datagen/train/train-50k-3/mask_s/30047.png,/home/ekim339/project/SD3.5/experiments/self_prompting_sd35/results/generated/self_prompting_sd35/special_2/0042.png
1140,42,30047.png,self_prompting_sd35,special_3,laser,N?_Qo,riser,0.0,0.0,1.0,10.2374386090541,4046,3343,/home/ekim339/project/SD3.5/datasets/SRNet_Datagen/train/train-50k-3/i_s/30047.png,/home/ekim339/project/SD3.5/experiments/self_prompting_sd35/results/inputs/0042_30047.png,/home/ekim339/project/SD3.5/datasets/SRNet_Datagen/train/train-50k-3/mask_s/30047.png,/home/ekim339/project/SD3.5/experiments/self_prompting_sd35/results/generated/self_prompting_sd35/special_3/0042.png
1141,42,30047.png,self_prompting_sd35,special_4,laser,",lr",beer,0.0,0.25,1.0,10.2374386090541,4046,3344,/home/ekim339/project/SD3.5/datasets/SRNet_Datagen/train/train-50k-3/i_s/30047.png,/home/ekim339/project/SD3.5/experiments/self_prompting_sd35/results/inputs/0042_30047.png,/home/ekim339/project/SD3.5/datasets/SRNet_Datagen/train/train-50k-3/mask_s/30047.png,/home/ekim339/project/SD3.5/experiments/self_prompting_sd35/results/generated/self_prompting_sd35/special_4/0042.png
1142,42,30047.png,self_prompting_sd35,special_5,laser,"&%,x_",user,0.0,0.0,1.0,10.2374386090541,4046,3345,/home/ekim339/project/SD3.5/datasets/SRNet_Datagen/train/train-50k-3/i_s/30047.png,/home/ekim339/project/SD3.5/experiments/self_prompting_sd35/results/inputs/0042_30047.png,/home/ekim339/project/SD3.5/datasets/SRNet_Datagen/train/train-50k-3/mask_s/30047.png,/home/ekim339/project/SD3.5/experiments/self_prompting_sd35/results/generated/self_prompting_sd35/special_5/0042.png
1143,42,30047.png,self_prompting_sd35,special_6,laser,*;@*!,laser,0.0,0.0,1.0,10.2374386090541,4046,3346,/home/ekim339/project/SD3.5/datasets/SRNet_Datagen/train/train-50k-3/i_s/30047.png,/home/ekim339/project/SD3.5/experiments/self_prompting_sd35/results/inputs/0042_30047.png,/home/ekim339/project/SD3.5/datasets/SRNet_Datagen/train/train-50k-3/mask_s/30047.png,/home/ekim339/project/SD3.5/experiments/self_prompting_sd35/results/generated/self_prompting_sd35/special_6/0042.png
1144,43,32888.png,self_prompting_sd35,case_upper,blade,SQAGY,bladey,0.0,0.0,1.2,8.756840389988106,4047,3347,/home/ekim339/project/SD3.5/datasets/SRNet_Datagen/train/train-50k-1/i_s/32888.png,/home/ekim339/project/SD3.5/experiments/self_prompting_sd35/results/inputs/0043_32888.png,/home/ekim339/project/SD3.5/datasets/SRNet_Datagen/train/train-50k-1/mask_s/32888.png,/home/ekim339/project/SD3.5/experiments/self_prompting_sd35/results/generated/self_prompting_sd35/case_upper/0043.png
1145,43,32888.png,self_prompting_sd35,case_lower,blade,sqagy,place,0.0,0.19999999999999996,0.8,8.756840389988106,4047,3348,/home/ekim339/project/SD3.5/datasets/SRNet_Datagen/train/train-50k-1/i_s/32888.png,/home/ekim339/project/SD3.5/experiments/self_prompting_sd35/results/inputs/0043_32888.png,/home/ekim339/project/SD3.5/datasets/SRNet_Datagen/train/train-50k-1/mask_s/32888.png,/home/ekim339/project/SD3.5/experiments/self_prompting_sd35/results/generated/self_prompting_sd35/case_lower/0043.png
1146,43,32888.png,self_prompting_sd35,special_1,blade,WsdNu,pedey,0.0,0.19999999999999996,0.8,8.756840389988106,4047,3349,/home/ekim339/project/SD3.5/datasets/SRNet_Datagen/train/train-50k-1/i_s/32888.png,/home/ekim339/project/SD3.5/experiments/self_prompting_sd35/results/inputs/0043_32888.png,/home/ekim339/project/SD3.5/datasets/SRNet_Datagen/train/train-50k-1/mask_s/32888.png,/home/ekim339/project/SD3.5/experiments/self_prompting_sd35/results/generated/self_prompting_sd35/special_1/0043.png
1147,43,32888.png,self_prompting_sd35,special_2,blade,Qtp_Q,blade,0.0,0.0,1.0,8.756840389988106,4047,3350,/home/ekim339/project/SD3.5/datasets/SRNet_Datagen/train/train-50k-1/i_s/32888.png,/home/ekim339/project/SD3.5/experiments/self_prompting_sd35/results/inputs/0043_32888.png,/home/ekim339/project/SD3.5/datasets/SRNet_Datagen/train/train-50k-1/mask_s/32888.png,/home/ekim339/project/SD3.5/experiments/self_prompting_sd35/results/generated/self_prompting_sd35/special_2/0043.png
1148,43,32888.png,self_prompting_sd35,special_3,blade,",,EKc",pllaaey,0.0,0.0,1.4,8.756840389988106,4047,3351,/home/ekim339/project/SD3.5/datasets/SRNet_Datagen/train/train-50k-1/i_s/32888.png,/home/ekim339/project/SD3.5/experiments/self_prompting_sd35/results/inputs/0043_32888.png,/home/ekim339/project/SD3.5/datasets/SRNet_Datagen/train/train-50k-1/mask_s/32888.png,/home/ekim339/project/SD3.5/experiments/self_prompting_sd35/results/generated/self_prompting_sd35/special_3/0043.png
1149,43,32888.png,self_prompting_sd35,special_4,blade,Uk?,pacce,0.0,0.0,1.6666666666666667,8.756840389988106,4047,3352,/home/ekim339/project/SD3.5/datasets/SRNet_Datagen/train/train-50k-1/i_s/32888.png,/home/ekim339/project/SD3.5/experiments/self_prompting_sd35/results/inputs/0043_32888.png,/home/ekim339/project/SD3.5/datasets/SRNet_Datagen/train/train-50k-1/mask_s/32888.png,/home/ekim339/project/SD3.5/experiments/self_prompting_sd35/results/generated/self_prompting_sd35/special_4/0043.png
1150,43,32888.png,self_prompting_sd35,special_5,blade,+.U_?,place,0.0,0.0,1.0,8.756840389988106,4047,3353,/home/ekim339/project/SD3.5/datasets/SRNet_Datagen/train/train-50k-1/i_s/32888.png,/home/ekim339/project/SD3.5/experiments/self_prompting_sd35/results/inputs/0043_32888.png,/home/ekim339/project/SD3.5/datasets/SRNet_Datagen/train/train-50k-1/mask_s/32888.png,/home/ekim339/project/SD3.5/experiments/self_prompting_sd35/results/generated/self_prompting_sd35/special_5/0043.png
1151,43,32888.png,self_prompting_sd35,special_6,blade,"#$$,.",placey,0.0,0.0,1.2,8.756840389988106,4047,3354,/home/ekim339/project/SD3.5/datasets/SRNet_Datagen/train/train-50k-1/i_s/32888.png,/home/ekim339/project/SD3.5/experiments/self_prompting_sd35/results/inputs/0043_32888.png,/home/ekim339/project/SD3.5/datasets/SRNet_Datagen/train/train-50k-1/mask_s/32888.png,/home/ekim339/project/SD3.5/experiments/self_prompting_sd35/results/generated/self_prompting_sd35/special_6/0043.png
1152,44,48952.png,self_prompting_sd35,case_upper,Kulah,SKDRJ,kulh,0.0,0.0,1.0,5.653138018248171,4048,3355,/home/ekim339/project/SD3.5/datasets/SRNet_Datagen/train/train-50k-2/i_s/48952.png,/home/ekim339/project/SD3.5/experiments/self_prompting_sd35/results/inputs/0044_48952.png,/home/ekim339/project/SD3.5/datasets/SRNet_Datagen/train/train-50k-2/mask_s/48952.png,/home/ekim339/project/SD3.5/experiments/self_prompting_sd35/results/generated/self_prompting_sd35/case_upper/0044.png
1153,44,48952.png,self_prompting_sd35,case_lower,Kulah,skdrj,kulah,0.0,0.0,1.0,5.653138018248171,4048,3356,/home/ekim339/project/SD3.5/datasets/SRNet_Datagen/train/train-50k-2/i_s/48952.png,/home/ekim339/project/SD3.5/experiments/self_prompting_sd35/results/inputs/0044_48952.png,/home/ekim339/project/SD3.5/datasets/SRNet_Datagen/train/train-50k-2/mask_s/48952.png,/home/ekim339/project/SD3.5/experiments/self_prompting_sd35/results/generated/self_prompting_sd35/case_lower/0044.png
1154,44,48952.png,self_prompting_sd35,special_1,Kulah,NfXhE,kulah,0.0,0.0,1.0,5.653138018248171,4048,3357,/home/ekim339/project/SD3.5/datasets/SRNet_Datagen/train/train-50k-2/i_s/48952.png,/home/ekim339/project/SD3.5/experiments/self_prompting_sd35/results/inputs/0044_48952.png,/home/ekim339/project/SD3.5/datasets/SRNet_Datagen/train/train-50k-2/mask_s/48952.png,/home/ekim339/project/SD3.5/experiments/self_prompting_sd35/results/generated/self_prompting_sd35/special_1/0044.png
1155,44,48952.png,self_prompting_sd35,special_2,Kulah,Bskx.,kulah,0.0,0.0,1.0,5.653138018248171,4048,3358,/home/ekim339/project/SD3.5/datasets/SRNet_Datagen/train/train-50k-2/i_s/48952.png,/home/ekim339/project/SD3.5/experiments/self_prompting_sd35/results/inputs/0044_48952.png,/home/ekim339/project/SD3.5/datasets/SRNet_Datagen/train/train-50k-2/mask_s/48952.png,/home/ekim339/project/SD3.5/experiments/self_prompting_sd35/results/generated/self_prompting_sd35/special_2/0044.png
1156,44,48952.png,self_prompting_sd35,special_3,Kulah,wmW+;,kulah,0.0,0.0,1.0,5.653138018248171,4048,3359,/home/ekim339/project/SD3.5/datasets/SRNet_Datagen/train/train-50k-2/i_s/48952.png,/home/ekim339/project/SD3.5/experiments/self_prompting_sd35/results/inputs/0044_48952.png,/home/ekim339/project/SD3.5/datasets/SRNet_Datagen/train/train-50k-2/mask_s/48952.png,/home/ekim339/project/SD3.5/experiments/self_prompting_sd35/results/generated/self_prompting_sd35/special_3/0044.png
1157,44,48952.png,self_prompting_sd35,special_4,Kulah,*JN,kulah,0.0,0.0,1.6666666666666667,5.653138018248171,4048,3360,/home/ekim339/project/SD3.5/datasets/SRNet_Datagen/train/train-50k-2/i_s/48952.png,/home/ekim339/project/SD3.5/experiments/self_prompting_sd35/results/inputs/0044_48952.png,/home/ekim339/project/SD3.5/datasets/SRNet_Datagen/train/train-50k-2/mask_s/48952.png,/home/ekim339/project/SD3.5/experiments/self_prompting_sd35/results/generated/self_prompting_sd35/special_4/0044.png
1158,44,48952.png,self_prompting_sd35,special_5,Kulah,!%@+g,kulah,0.0,0.0,1.0,5.653138018248171,4048,3361,/home/ekim339/project/SD3.5/datasets/SRNet_Datagen/train/train-50k-2/i_s/48952.png,/home/ekim339/project/SD3.5/experiments/self_prompting_sd35/results/inputs/0044_48952.png,/home/ekim339/project/SD3.5/datasets/SRNet_Datagen/train/train-50k-2/mask_s/48952.png,/home/ekim339/project/SD3.5/experiments/self_prompting_sd35/results/generated/self_prompting_sd35/special_5/0044.png
1159,44,48952.png,self_prompting_sd35,special_6,Kulah,%&?!&,kulah,0.0,0.0,1.0,5.653138018248171,4048,3362,/home/ekim339/project/SD3.5/datasets/SRNet_Datagen/train/train-50k-2/i_s/48952.png,/home/ekim339/project/SD3.5/experiments/self_prompting_sd35/results/inputs/0044_48952.png,/home/ekim339/project/SD3.5/datasets/SRNet_Datagen/train/train-50k-2/mask_s/48952.png,/home/ekim339/project/SD3.5/experiments/self_prompting_sd35/results/generated/self_prompting_sd35/special_6/0044.png
1160,45,39573.png,self_prompting_sd35,case_upper,cooch,PCWDB,cooch,0.0,0.0,1.0,9.009972554728883,4049,3363,/home/ekim339/project/SD3.5/datasets/SRNet_Datagen/train/train-50k-2/i_s/39573.png,/home/ekim339/project/SD3.5/experiments/self_prompting_sd35/results/inputs/0045_39573.png,/home/ekim339/project/SD3.5/datasets/SRNet_Datagen/train/train-50k-2/mask_s/39573.png,/home/ekim339/project/SD3.5/experiments/self_prompting_sd35/results/generated/self_prompting_sd35/case_upper/0045.png
1161,45,39573.png,self_prompting_sd35,case_lower,cooch,pcwdb,cooch,0.0,0.0,1.0,9.009972554728883,4049,3364,/home/ekim339/project/SD3.5/datasets/SRNet_Datagen/train/train-50k-2/i_s/39573.png,/home/ekim339/project/SD3.5/experiments/self_prompting_sd35/results/inputs/0045_39573.png,/home/ekim339/project/SD3.5/datasets/SRNet_Datagen/train/train-50k-2/mask_s/39573.png,/home/ekim339/project/SD3.5/experiments/self_prompting_sd35/results/generated/self_prompting_sd35/case_lower/0045.png
1162,45,39573.png,self_prompting_sd35,special_1,cooch,VHOia,cooch,0.0,0.0,1.0,9.009972554728883,4049,3365,/home/ekim339/project/SD3.5/datasets/SRNet_Datagen/train/train-50k-2/i_s/39573.png,/home/ekim339/project/SD3.5/experiments/self_prompting_sd35/results/inputs/0045_39573.png,/home/ekim339/project/SD3.5/datasets/SRNet_Datagen/train/train-50k-2/mask_s/39573.png,/home/ekim339/project/SD3.5/experiments/self_prompting_sd35/results/generated/self_prompting_sd35/special_1/0045.png
1163,45,39573.png,self_prompting_sd35,special_2,cooch,L;EOg,cooch,0.0,0.0,1.0,9.009972554728883,4049,3366,/home/ekim339/project/SD3.5/datasets/SRNet_Datagen/train/train-50k-2/i_s/39573.png,/home/ekim339/project/SD3.5/experiments/self_prompting_sd35/results/inputs/0045_39573.png,/home/ekim339/project/SD3.5/datasets/SRNet_Datagen/train/train-50k-2/mask_s/39573.png,/home/ekim339/project/SD3.5/experiments/self_prompting_sd35/results/generated/self_prompting_sd35/special_2/0045.png
1164,45,39573.png,self_prompting_sd35,special_3,cooch,JA-a$,coach,0.0,0.0,1.0,9.009972554728883,4049,3367,/home/ekim339/project/SD3.5/datasets/SRNet_Datagen/train/train-50k-2/i_s/39573.png,/home/ekim339/project/SD3.5/experiments/self_prompting_sd35/results/inputs/0045_39573.png,/home/ekim339/project/SD3.5/datasets/SRNet_Datagen/train/train-50k-2/mask_s/39573.png,/home/ekim339/project/SD3.5/experiments/self_prompting_sd35/results/generated/self_prompting_sd35/special_3/0045.png
1165,45,39573.png,self_prompting_sd35,special_4,cooch,ow$,pooch,0.0,0.19999999999999996,1.3333333333333333,9.009972554728883,4049,3368,/home/ekim339/project/SD3.5/datasets/SRNet_Datagen/train/train-50k-2/i_s/39573.png,/home/ekim339/project/SD3.5/experiments/self_prompting_sd35/results/inputs/0045_39573.png,/home/ekim339/project/SD3.5/datasets/SRNet_Datagen/train/train-50k-2/mask_s/39573.png,/home/ekim339/project/SD3.5/experiments/self_prompting_sd35/results/generated/self_prompting_sd35/special_4/0045.png
1166,45,39573.png,self_prompting_sd35,special_5,cooch,$+p_#,pooch,0.0,0.0,1.0,9.009972554728883,4049,3369,/home/ekim339/project/SD3.5/datasets/SRNet_Datagen/train/train-50k-2/i_s/39573.png,/home/ekim339/project/SD3.5/experiments/self_prompting_sd35/results/inputs/0045_39573.png,/home/ekim339/project/SD3.5/datasets/SRNet_Datagen/train/train-50k-2/mask_s/39573.png,/home/ekim339/project/SD3.5/experiments/self_prompting_sd35/results/generated/self_prompting_sd35/special_5/0045.png
1167,45,39573.png,self_prompting_sd35,special_6,cooch,:&@%_,couch,0.0,0.0,1.0,9.009972554728883,4049,3370,/home/ekim339/project/SD3.5/datasets/SRNet_Datagen/train/train-50k-2/i_s/39573.png,/home/ekim339/project/SD3.5/experiments/self_prompting_sd35/results/inputs/0045_39573.png,/home/ekim339/project/SD3.5/datasets/SRNet_Datagen/train/train-50k-2/mask_s/39573.png,/home/ekim339/project/SD3.5/experiments/self_prompting_sd35/results/generated/self_prompting_sd35/special_6/0045.png
1168,46,33155.png,self_prompting_sd35,case_upper,slaps,FFSPP,slaps,0.0,0.0,1.0,11.64675464008494,4050,3371,/home/ekim339/project/SD3.5/datasets/SRNet_Datagen/train/train-50k-1/i_s/33155.png,/home/ekim339/project/SD3.5/experiments/self_prompting_sd35/results/inputs/0046_33155.png,/home/ekim339/project/SD3.5/datasets/SRNet_Datagen/train/train-50k-1/mask_s/33155.png,/home/ekim339/project/SD3.5/experiments/self_prompting_sd35/results/generated/self_prompting_sd35/case_upper/0046.png
1169,46,33155.png,self_prompting_sd35,case_lower,slaps,ffspp,slaps,0.0,0.19999999999999996,0.8,11.64675464008494,4050,3372,/home/ekim339/project/SD3.5/datasets/SRNet_Datagen/train/train-50k-1/i_s/33155.png,/home/ekim339/project/SD3.5/experiments/self_prompting_sd35/results/inputs/0046_33155.png,/home/ekim339/project/SD3.5/datasets/SRNet_Datagen/train/train-50k-1/mask_s/33155.png,/home/ekim339/project/SD3.5/experiments/self_prompting_sd35/results/generated/self_prompting_sd35/case_lower/0046.png
1170,46,33155.png,self_prompting_sd35,special_1,slaps,qgZnn,slaps,0.0,0.0,1.0,11.64675464008494,4050,3373,/home/ekim339/project/SD3.5/datasets/SRNet_Datagen/train/train-50k-1/i_s/33155.png,/home/ekim339/project/SD3.5/experiments/self_prompting_sd35/results/inputs/0046_33155.png,/home/ekim339/project/SD3.5/datasets/SRNet_Datagen/train/train-50k-1/mask_s/33155.png,/home/ekim339/project/SD3.5/experiments/self_prompting_sd35/results/generated/self_prompting_sd35/special_1/0046.png
1171,46,33155.png,self_prompting_sd35,special_2,slaps,jo@GN,shass,0.0,0.0,1.0,11.64675464008494,4050,3374,/home/ekim339/project/SD3.5/datasets/SRNet_Datagen/train/train-50k-1/i_s/33155.png,/home/ekim339/project/SD3.5/experiments/self_prompting_sd35/results/inputs/0046_33155.png,/home/ekim339/project/SD3.5/datasets/SRNet_Datagen/train/train-50k-1/mask_s/33155.png,/home/ekim339/project/SD3.5/experiments/self_prompting_sd35/results/generated/self_prompting_sd35/special_2/0046.png
1172,46,33155.png,self_prompting_sd35,special_3,slaps,XZ&%s,slaps,0.0,0.19999999999999996,0.8,11.64675464008494,4050,3375,/home/ekim339/project/SD3.5/datasets/SRNet_Datagen/train/train-50k-1/i_s/33155.png,/home/ekim339/project/SD3.5/experiments/self_prompting_sd35/results/inputs/0046_33155.png,/home/ekim339/project/SD3.5/datasets/SRNet_Datagen/train/train-50k-1/mask_s/33155.png,/home/ekim339/project/SD3.5/experiments/self_prompting_sd35/results/generated/self_prompting_sd35/special_3/0046.png
1173,46,33155.png,self_prompting_sd35,special_4,slaps,&Ul,seppe,0.0,0.0,1.6666666666666667,11.64675464008494,4050,3376,/home/ekim339/project/SD3.5/datasets/SRNet_Datagen/train/train-50k-1/i_s/33155.png,/home/ekim339/project/SD3.5/experiments/self_prompting_sd35/results/inputs/0046_33155.png,/home/ekim339/project/SD3.5/datasets/SRNet_Datagen/train/train-50k-1/mask_s/33155.png,/home/ekim339/project/SD3.5/experiments/self_prompting_sd35/results/generated/self_prompting_sd35/special_4/0046.png
1174,46,33155.png,self_prompting_sd35,special_5,slaps,V-_:$,slaps,0.0,0.0,1.0,11.64675464008494,4050,3377,/home/ekim339/project/SD3.5/datasets/SRNet_Datagen/train/train-50k-1/i_s/33155.png,/home/ekim339/project/SD3.5/experiments/self_prompting_sd35/results/inputs/0046_33155.png,/home/ekim339/project/SD3.5/datasets/SRNet_Datagen/train/train-50k-1/mask_s/33155.png,/home/ekim339/project/SD3.5/experiments/self_prompting_sd35/results/generated/self_prompting_sd35/special_5/0046.png
1175,46,33155.png,self_prompting_sd35,special_6,slaps,"%-,!.",slaps,0.0,0.0,1.0,11.64675464008494,4050,3378,/home/ekim339/project/SD3.5/datasets/SRNet_Datagen/train/train-50k-1/i_s/33155.png,/home/ekim339/project/SD3.5/experiments/self_prompting_sd35/results/inputs/0046_33155.png,/home/ekim339/project/SD3.5/datasets/SRNet_Datagen/train/train-50k-1/mask_s/33155.png,/home/ekim339/project/SD3.5/experiments/self_prompting_sd35/results/generated/self_prompting_sd35/special_6/0046.png
1176,47,39276.png,self_prompting_sd35,case_upper,lacto,AXPGA,prjjectllly,0.0,0.0,2.2,8.698041172680673,4051,3379,/home/ekim339/project/SD3.5/datasets/SRNet_Datagen/train/train-50k-2/i_s/39276.png,/home/ekim339/project/SD3.5/experiments/self_prompting_sd35/results/inputs/0047_39276.png,/home/ekim339/project/SD3.5/datasets/SRNet_Datagen/train/train-50k-2/mask_s/39276.png,/home/ekim339/project/SD3.5/experiments/self_prompting_sd35/results/generated/self_prompting_sd35/case_upper/0047.png
1177,47,39276.png,self_prompting_sd35,case_lower,lacto,axpga,mececto,0.0,0.0,1.4,8.698041172680673,4051,3380,/home/ekim339/project/SD3.5/datasets/SRNet_Datagen/train/train-50k-2/i_s/39276.png,/home/ekim339/project/SD3.5/experiments/self_prompting_sd35/results/inputs/0047_39276.png,/home/ekim339/project/SD3.5/datasets/SRNet_Datagen/train/train-50k-2/mask_s/39276.png,/home/ekim339/project/SD3.5/experiments/self_prompting_sd35/results/generated/self_prompting_sd35/case_lower/0047.png
1178,47,39276.png,self_prompting_sd35,special_1,lacto,ccPIu,pelectorll,0.0,0.09999999999999998,1.8,8.698041172680673,4051,3381,/home/ekim339/project/SD3.5/datasets/SRNet_Datagen/train/train-50k-2/i_s/39276.png,/home/ekim339/project/SD3.5/experiments/self_prompting_sd35/results/inputs/0047_39276.png,/home/ekim339/project/SD3.5/datasets/SRNet_Datagen/train/train-50k-2/mask_s/39276.png,/home/ekim339/project/SD3.5/experiments/self_prompting_sd35/results/generated/self_prompting_sd35/special_1/0047.png
1179,47,39276.png,self_prompting_sd35,special_2,lacto,JU%GN,prolectcll,0.0,0.0,2.0,8.698041172680673,4051,3382,/home/ekim339/project/SD3.5/datasets/SRNet_Datagen/train/train-50k-2/i_s/39276.png,/home/ekim339/project/SD3.5/experiments/self_prompting_sd35/results/inputs/0047_39276.png,/home/ekim339/project/SD3.5/datasets/SRNet_Datagen/train/train-50k-2/mask_s/39276.png,/home/ekim339/project/SD3.5/experiments/self_prompting_sd35/results/generated/self_prompting_sd35/special_2/0047.png
1180,47,39276.png,self_prompting_sd35,special_3,lacto,",z!eo",preeetorly,0.0,0.19999999999999996,1.6,8.698041172680673,4051,3383,/home/ekim339/project/SD3.5/datasets/SRNet_Datagen/train/train-50k-2/i_s/39276.png,/home/ekim339/project/SD3.5/experiments/self_prompting_sd35/results/inputs/0047_39276.png,/home/ekim339/project/SD3.5/datasets/SRNet_Datagen/train/train-50k-2/mask_s/39276.png,/home/ekim339/project/SD3.5/experiments/self_prompting_sd35/results/generated/self_prompting_sd35/special_3/0047.png
1181,47,39276.png,self_prompting_sd35,special_4,lacto,",Py",ieeectarlly,0.0,0.09090909090909094,3.3333333333333335,8.698041172680673,4051,3384,/home/ekim339/project/SD3.5/datasets/SRNet_Datagen/train/train-50k-2/i_s/39276.png,/home/ekim339/project/SD3.5/experiments/self_prompting_sd35/results/inputs/0047_39276.png,/home/ekim339/project/SD3.5/datasets/SRNet_Datagen/train/train-50k-2/mask_s/39276.png,/home/ekim339/project/SD3.5/experiments/self_prompting_sd35/results/generated/self_prompting_sd35/special_4/0047.png
1182,47,39276.png,self_prompting_sd35,special_5,lacto,o%+__,peleetally,0.0,0.0,2.0,8.698041172680673,4051,3385,/home/ekim339/project/SD3.5/datasets/SRNet_Datagen/train/train-50k-2/i_s/39276.png,/home/ekim339/project/SD3.5/experiments/self_prompting_sd35/results/inputs/0047_39276.png,/home/ekim339/project/SD3.5/datasets/SRNet_Datagen/train/train-50k-2/mask_s/39276.png,/home/ekim339/project/SD3.5/experiments/self_prompting_sd35/results/generated/self_prompting_sd35/special_5/0047.png
1183,47,39276.png,self_prompting_sd35,special_6,lacto,;*_.:,preeectllly,0.0,0.0,2.2,8.698041172680673,4051,3386,/home/ekim339/project/SD3.5/datasets/SRNet_Datagen/train/train-50k-2/i_s/39276.png,/home/ekim339/project/SD3.5/experiments/self_prompting_sd35/results/inputs/0047_39276.png,/home/ekim339/project/SD3.5/datasets/SRNet_Datagen/train/train-50k-2/mask_s/39276.png,/home/ekim339/project/SD3.5/experiments/self_prompting_sd35/results/generated/self_prompting_sd35/special_6/0047.png
1184,48,22699.png,self_prompting_sd35,case_upper,sprue,XIRXM,the,0.0,0.0,1.0,10.32173309781491,4052,3387,/home/ekim339/project/SD3.5/datasets/SRNet_Datagen/train/train-50k-3/i_s/22699.png,/home/ekim339/project/SD3.5/experiments/self_prompting_sd35/results/inputs/0048_22699.png,/home/ekim339/project/SD3.5/datasets/SRNet_Datagen/train/train-50k-3/mask_s/22699.png,/home/ekim339/project/SD3.5/experiments/self_prompting_sd35/results/generated/self_prompting_sd35/case_upper/0048.png
1185,48,22699.png,self_prompting_sd35,case_lower,sprue,xirxm,seee,0.0,0.0,1.0,10.32173309781491,4052,3388,/home/ekim339/project/SD3.5/datasets/SRNet_Datagen/train/train-50k-3/i_s/22699.png,/home/ekim339/project/SD3.5/experiments/self_prompting_sd35/results/inputs/0048_22699.png,/home/ekim339/project/SD3.5/datasets/SRNet_Datagen/train/train-50k-3/mask_s/22699.png,/home/ekim339/project/SD3.5/experiments/self_prompting_sd35/results/generated/self_prompting_sd35/case_lower/0048.png
1186,48,22699.png,self_prompting_sd35,special_1,sprue,Wxjur,newsgroups,0.0,0.09999999999999998,1.8,10.32173309781491,4052,3389,/home/ekim339/project/SD3.5/datasets/SRNet_Datagen/train/train-50k-3/i_s/22699.png,/home/ekim339/project/SD3.5/experiments/self_prompting_sd35/results/inputs/0048_22699.png,/home/ekim339/project/SD3.5/datasets/SRNet_Datagen/train/train-50k-3/mask_s/22699.png,/home/ekim339/project/SD3.5/experiments/self_prompting_sd35/results/generated/self_prompting_sd35/special_1/0048.png
1187,48,22699.png,self_prompting_sd35,special_2,sprue,ca*zP,see,0.0,0.0,1.0,10.32173309781491,4052,3390,/home/ekim339/project/SD3.5/datasets/SRNet_Datagen/train/train-50k-3/i_s/22699.png,/home/ekim339/project/SD3.5/experiments/self_prompting_sd35/results/inputs/0048_22699.png,/home/ekim339/project/SD3.5/datasets/SRNet_Datagen/train/train-50k-3/mask_s/22699.png,/home/ekim339/project/SD3.5/experiments/self_prompting_sd35/results/generated/self_prompting_sd35/special_2/0048.png
1188,48,22699.png,self_prompting_sd35,special_3,sprue,kp.R:,tee,0.0,0.0,1.0,10.32173309781491,4052,3391,/home/ekim339/project/SD3.5/datasets/SRNet_Datagen/train/train-50k-3/i_s/22699.png,/home/ekim339/project/SD3.5/experiments/self_prompting_sd35/results/inputs/0048_22699.png,/home/ekim339/project/SD3.5/datasets/SRNet_Datagen/train/train-50k-3/mask_s/22699.png,/home/ekim339/project/SD3.5/experiments/self_prompting_sd35/results/generated/self_prompting_sd35/special_3/0048.png
1189,48,22699.png,self_prompting_sd35,special_4,sprue,nO+,tee,0.0,0.0,1.0,10.32173309781491,4052,3392,/home/ekim339/project/SD3.5/datasets/SRNet_Datagen/train/train-50k-3/i_s/22699.png,/home/ekim339/project/SD3.5/experiments/self_prompting_sd35/results/inputs/0048_22699.png,/home/ekim339/project/SD3.5/datasets/SRNet_Datagen/train/train-50k-3/mask_s/22699.png,/home/ekim339/project/SD3.5/experiments/self_prompting_sd35/results/generated/self_prompting_sd35/special_4/0048.png
1190,48,22699.png,self_prompting_sd35,special_5,sprue,N_@$#,meee,0.0,0.0,1.0,10.32173309781491,4052,3393,/home/ekim339/project/SD3.5/datasets/SRNet_Datagen/train/train-50k-3/i_s/22699.png,/home/ekim339/project/SD3.5/experiments/self_prompting_sd35/results/inputs/0048_22699.png,/home/ekim339/project/SD3.5/datasets/SRNet_Datagen/train/train-50k-3/mask_s/22699.png,/home/ekim339/project/SD3.5/experiments/self_prompting_sd35/results/generated/self_prompting_sd35/special_5/0048.png
1191,48,22699.png,self_prompting_sd35,special_6,sprue,*:?#?,seee,0.0,0.0,1.0,10.32173309781491,4052,3394,/home/ekim339/project/SD3.5/datasets/SRNet_Datagen/train/train-50k-3/i_s/22699.png,/home/ekim339/project/SD3.5/experiments/self_prompting_sd35/results/inputs/0048_22699.png,/home/ekim339/project/SD3.5/datasets/SRNet_Datagen/train/train-50k-3/mask_s/22699.png,/home/ekim339/project/SD3.5/experiments/self_prompting_sd35/results/generated/self_prompting_sd35/special_6/0048.png
1192,49,33305.png,self_prompting_sd35,case_upper,sleak,WFXYI,froeic,0.0,0.0,1.2,9.130122753321634,4053,3395,/home/ekim339/project/SD3.5/datasets/SRNet_Datagen/train/train-50k-3/i_s/33305.png,/home/ekim339/project/SD3.5/experiments/self_prompting_sd35/results/inputs/0049_33305.png,/home/ekim339/project/SD3.5/datasets/SRNet_Datagen/train/train-50k-3/mask_s/33305.png,/home/ekim339/project/SD3.5/experiments/self_prompting_sd35/results/generated/self_prompting_sd35/case_upper/0049.png
1193,49,33305.png,self_prompting_sd35,case_lower,sleak,wfxyi,spakes,0.0,0.0,1.2,9.130122753321634,4053,3396,/home/ekim339/project/SD3.5/datasets/SRNet_Datagen/train/train-50k-3/i_s/33305.png,/home/ekim339/project/SD3.5/experiments/self_prompting_sd35/results/inputs/0049_33305.png,/home/ekim339/project/SD3.5/datasets/SRNet_Datagen/train/train-50k-3/mask_s/33305.png,/home/ekim339/project/SD3.5/experiments/self_prompting_sd35/results/generated/self_prompting_sd35/case_lower/0049.png
1194,49,33305.png,self_prompting_sd35,special_1,sleak,SFWaS,saaaks,0.0,0.16666666666666663,1.0,9.130122753321634,4053,3397,/home/ekim339/project/SD3.5/datasets/SRNet_Datagen/train/train-50k-3/i_s/33305.png,/home/ekim339/project/SD3.5/experiments/self_prompting_sd35/results/inputs/0049_33305.png,/home/ekim339/project/SD3.5/datasets/SRNet_Datagen/train/train-50k-3/mask_s/33305.png,/home/ekim339/project/SD3.5/experiments/self_prompting_sd35/results/generated/self_prompting_sd35/special_1/0049.png
1195,49,33305.png,self_prompting_sd35,special_2,sleak,sQ*kb,tese,0.0,0.0,1.0,9.130122753321634,4053,3398,/home/ekim339/project/SD3.5/datasets/SRNet_Datagen/train/train-50k-3/i_s/33305.png,/home/ekim339/project/SD3.5/experiments/self_prompting_sd35/results/inputs/0049_33305.png,/home/ekim339/project/SD3.5/datasets/SRNet_Datagen/train/train-50k-3/mask_s/33305.png,/home/ekim339/project/SD3.5/experiments/self_prompting_sd35/results/generated/self_prompting_sd35/special_2/0049.png
1196,49,33305.png,self_prompting_sd35,special_3,sleak,mZ-%P,teeks,0.0,0.0,1.0,9.130122753321634,4053,3399,/home/ekim339/project/SD3.5/datasets/SRNet_Datagen/train/train-50k-3/i_s/33305.png,/home/ekim339/project/SD3.5/experiments/self_prompting_sd35/results/inputs/0049_33305.png,/home/ekim339/project/SD3.5/datasets/SRNet_Datagen/train/train-50k-3/mask_s/33305.png,/home/ekim339/project/SD3.5/experiments/self_prompting_sd35/results/generated/self_prompting_sd35/special_3/0049.png
1197,49,33305.png,self_prompting_sd35,special_4,sleak,;Td,seals,0.0,0.0,1.6666666666666667,9.130122753321634,4053,3400,/home/ekim339/project/SD3.5/datasets/SRNet_Datagen/train/train-50k-3/i_s/33305.png,/home/ekim339/project/SD3.5/experiments/self_prompting_sd35/results/inputs/0049_33305.png,/home/ekim339/project/SD3.5/datasets/SRNet_Datagen/train/train-50k-3/mask_s/33305.png,/home/ekim339/project/SD3.5/experiments/self_prompting_sd35/results/generated/self_prompting_sd35/special_4/0049.png
1198,49,33305.png,self_prompting_sd35,special_5,sleak,:?_w=,sooee,0.0,0.0,1.0,9.130122753321634,4053,3401,/home/ekim339/project/SD3.5/datasets/SRNet_Datagen/train/train-50k-3/i_s/33305.png,/home/ekim339/project/SD3.5/experiments/self_prompting_sd35/results/inputs/0049_33305.png,/home/ekim339/project/SD3.5/datasets/SRNet_Datagen/train/train-50k-3/mask_s/33305.png,/home/ekim339/project/SD3.5/experiments/self_prompting_sd35/results/generated/self_prompting_sd35/special_5/0049.png
1199,49,33305.png,self_prompting_sd35,special_6,sleak,"_&!,.",seeeeees,0.0,0.0,1.6,9.130122753321634,4053,3402,/home/ekim339/project/SD3.5/datasets/SRNet_Datagen/train/train-50k-3/i_s/33305.png,/home/ekim339/project/SD3.5/experiments/self_prompting_sd35/results/inputs/0049_33305.png,/home/ekim339/project/SD3.5/datasets/SRNet_Datagen/train/train-50k-3/mask_s/33305.png,/home/ekim339/project/SD3.5/experiments/self_prompting_sd35/results/generated/self_prompting_sd35/special_6/0049.png
1200,50,15996.png,self_prompting_sd35,case_upper,slope,MVWZD,wlaps,0.0,0.0,1.0,9.352931344659758,4054,3403,/home/ekim339/project/SD3.5/datasets/SRNet_Datagen/train/train-50k-2/i_s/15996.png,/home/ekim339/project/SD3.5/experiments/self_prompting_sd35/results/inputs/0050_15996.png,/home/ekim339/project/SD3.5/datasets/SRNet_Datagen/train/train-50k-2/mask_s/15996.png,/home/ekim339/project/SD3.5/experiments/self_prompting_sd35/results/generated/self_prompting_sd35/case_upper/0050.png
1201,50,15996.png,self_prompting_sd35,case_lower,slope,mvwzd,slope,0.0,0.0,1.0,9.352931344659758,4054,3404,/home/ekim339/project/SD3.5/datasets/SRNet_Datagen/train/train-50k-2/i_s/15996.png,/home/ekim339/project/SD3.5/experiments/self_prompting_sd35/results/inputs/0050_15996.png,/home/ekim339/project/SD3.5/datasets/SRNet_Datagen/train/train-50k-2/mask_s/15996.png,/home/ekim339/project/SD3.5/experiments/self_prompting_sd35/results/generated/self_prompting_sd35/case_lower/0050.png
1202,50,15996.png,self_prompting_sd35,special_1,slope,oNaNX,eaipppl,0.0,0.0,1.4,9.352931344659758,4054,3405,/home/ekim339/project/SD3.5/datasets/SRNet_Datagen/train/train-50k-2/i_s/15996.png,/home/ekim339/project/SD3.5/experiments/self_prompting_sd35/results/inputs/0050_15996.png,/home/ekim339/project/SD3.5/datasets/SRNet_Datagen/train/train-50k-2/mask_s/15996.png,/home/ekim339/project/SD3.5/experiments/self_prompting_sd35/results/generated/self_prompting_sd35/special_1/0050.png
1203,50,15996.png,self_prompting_sd35,special_2,slope,zn:Dp,soppe,0.0,0.0,1.0,9.352931344659758,4054,3406,/home/ekim339/project/SD3.5/datasets/SRNet_Datagen/train/train-50k-2/i_s/15996.png,/home/ekim339/project/SD3.5/experiments/self_prompting_sd35/results/inputs/0050_15996.png,/home/ekim339/project/SD3.5/datasets/SRNet_Datagen/train/train-50k-2/mask_s/15996.png,/home/ekim339/project/SD3.5/experiments/self_prompting_sd35/results/generated/self_prompting_sd35/special_2/0050.png
1204,50,15996.png,self_prompting_sd35,special_3,slope,=Tg&d,sispy,0.0,0.0,1.0,9.352931344659758,4054,3407,/home/ekim339/project/SD3.5/datasets/SRNet_Datagen/train/train-50k-2/i_s/15996.png,/home/ekim339/project/SD3.5/experiments/self_prompting_sd35/results/inputs/0050_15996.png,/home/ekim339/project/SD3.5/datasets/SRNet_Datagen/train/train-50k-2/mask_s/15996.png,/home/ekim339/project/SD3.5/experiments/self_prompting_sd35/results/generated/self_prompting_sd35/special_3/0050.png
1205,50,15996.png,self_prompting_sd35,special_4,slope,P@p,sisepp,0.0,0.16666666666666663,1.6666666666666667,9.352931344659758,4054,3408,/home/ekim339/project/SD3.5/datasets/SRNet_Datagen/train/train-50k-2/i_s/15996.png,/home/ekim339/project/SD3.5/experiments/self_prompting_sd35/results/inputs/0050_15996.png,/home/ekim339/project/SD3.5/datasets/SRNet_Datagen/train/train-50k-2/mask_s/15996.png,/home/ekim339/project/SD3.5/experiments/self_prompting_sd35/results/generated/self_prompting_sd35/special_4/0050.png
1206,50,15996.png,self_prompting_sd35,special_5,slope,Q.!#+,slope,0.0,0.0,1.0,9.352931344659758,4054,3409,/home/ekim339/project/SD3.5/datasets/SRNet_Datagen/train/train-50k-2/i_s/15996.png,/home/ekim339/project/SD3.5/experiments/self_prompting_sd35/results/inputs/0050_15996.png,/home/ekim339/project/SD3.5/datasets/SRNet_Datagen/train/train-50k-2/mask_s/15996.png,/home/ekim339/project/SD3.5/experiments/self_prompting_sd35/results/generated/self_prompting_sd35/special_5/0050.png
1207,50,15996.png,self_prompting_sd35,special_6,slope,=%&-_,slspe,0.0,0.0,1.0,9.352931344659758,4054,3410,/home/ekim339/project/SD3.5/datasets/SRNet_Datagen/train/train-50k-2/i_s/15996.png,/home/ekim339/project/SD3.5/experiments/self_prompting_sd35/results/inputs/0050_15996.png,/home/ekim339/project/SD3.5/datasets/SRNet_Datagen/train/train-50k-2/mask_s/15996.png,/home/ekim339/project/SD3.5/experiments/self_prompting_sd35/results/generated/self_prompting_sd35/special_6/0050.png
1208,51,04727.png,self_prompting_sd35,case_upper,slyly,FUHFK,surpect,0.0,0.0,1.4,11.853132133362646,4055,3411,/home/ekim339/project/SD3.5/datasets/SRNet_Datagen/train/train-50k-1/i_s/04727.png,/home/ekim339/project/SD3.5/experiments/self_prompting_sd35/results/inputs/0051_04727.png,/home/ekim339/project/SD3.5/datasets/SRNet_Datagen/train/train-50k-1/mask_s/04727.png,/home/ekim339/project/SD3.5/experiments/self_prompting_sd35/results/generated/self_prompting_sd35/case_upper/0051.png
1209,51,04727.png,self_prompting_sd35,case_lower,slyly,fuhfk,sender,0.0,0.0,1.2,11.853132133362646,4055,3412,/home/ekim339/project/SD3.5/datasets/SRNet_Datagen/train/train-50k-1/i_s/04727.png,/home/ekim339/project/SD3.5/experiments/self_prompting_sd35/results/inputs/0051_04727.png,/home/ekim339/project/SD3.5/datasets/SRNet_Datagen/train/train-50k-1/mask_s/04727.png,/home/ekim339/project/SD3.5/experiments/self_prompting_sd35/results/generated/self_prompting_sd35/case_lower/0051.png
1210,51,04727.png,self_prompting_sd35,special_1,slyly,FJjaZ,sarjans,0.0,0.2857142857142857,1.0,11.853132133362646,4055,3413,/home/ekim339/project/SD3.5/datasets/SRNet_Datagen/train/train-50k-1/i_s/04727.png,/home/ekim339/project/SD3.5/experiments/self_prompting_sd35/results/inputs/0051_04727.png,/home/ekim339/project/SD3.5/datasets/SRNet_Datagen/train/train-50k-1/mask_s/04727.png,/home/ekim339/project/SD3.5/experiments/self_prompting_sd35/results/generated/self_prompting_sd35/special_1/0051.png
1211,51,04727.png,self_prompting_sd35,special_2,slyly,qrPu:,sane,0.0,0.0,1.0,11.853132133362646,4055,3414,/home/ekim339/project/SD3.5/datasets/SRNet_Datagen/train/train-50k-1/i_s/04727.png,/home/ekim339/project/SD3.5/experiments/self_prompting_sd35/results/inputs/0051_04727.png,/home/ekim339/project/SD3.5/datasets/SRNet_Datagen/train/train-50k-1/mask_s/04727.png,/home/ekim339/project/SD3.5/experiments/self_prompting_sd35/results/generated/self_prompting_sd35/special_2/0051.png
1212,51,04727.png,self_prompting_sd35,special_3,slyly,kF$m-,ness,0.0,0.0,1.0,11.853132133362646,4055,3415,/home/ekim339/project/SD3.5/datasets/SRNet_Datagen/train/train-50k-1/i_s/04727.png,/home/ekim339/project/SD3.5/experiments/self_prompting_sd35/results/inputs/0051_04727.png,/home/ekim339/project/SD3.5/datasets/SRNet_Datagen/train/train-50k-1/mask_s/04727.png,/home/ekim339/project/SD3.5/experiments/self_prompting_sd35/results/generated/self_prompting_sd35/special_3/0051.png
1213,51,04727.png,self_prompting_sd35,special_4,slyly,",IF",masty,0.0,0.0,1.6666666666666667,11.853132133362646,4055,3416,/home/ekim339/project/SD3.5/datasets/SRNet_Datagen/train/train-50k-1/i_s/04727.png,/home/ekim339/project/SD3.5/experiments/self_prompting_sd35/results/inputs/0051_04727.png,/home/ekim339/project/SD3.5/datasets/SRNet_Datagen/train/train-50k-1/mask_s/04727.png,/home/ekim339/project/SD3.5/experiments/self_prompting_sd35/results/generated/self_prompting_sd35/special_4/0051.png
1214,51,04727.png,self_prompting_sd35,special_5,slyly,-?x?=,tee,0.0,0.0,1.0,11.853132133362646,4055,3417,/home/ekim339/project/SD3.5/datasets/SRNet_Datagen/train/train-50k-1/i_s/04727.png,/home/ekim339/project/SD3.5/experiments/self_prompting_sd35/results/inputs/0051_04727.png,/home/ekim339/project/SD3.5/datasets/SRNet_Datagen/train/train-50k-1/mask_s/04727.png,/home/ekim339/project/SD3.5/experiments/self_prompting_sd35/results/generated/self_prompting_sd35/special_5/0051.png
1215,51,04727.png,self_prompting_sd35,special_6,slyly,!==@=,saoples,0.0,0.0,1.4,11.853132133362646,4055,3418,/home/ekim339/project/SD3.5/datasets/SRNet_Datagen/train/train-50k-1/i_s/04727.png,/home/ekim339/project/SD3.5/experiments/self_prompting_sd35/results/inputs/0051_04727.png,/home/ekim339/project/SD3.5/datasets/SRNet_Datagen/train/train-50k-1/mask_s/04727.png,/home/ekim339/project/SD3.5/experiments/self_prompting_sd35/results/generated/self_prompting_sd35/special_6/0051.png
1216,52,07841.png,self_prompting_sd35,case_upper,reefy,OYCME,reeif,0.0,0.0,1.0,7.956496761258945,4056,3419,/home/ekim339/project/SD3.5/datasets/SRNet_Datagen/train/train-50k-1/i_s/07841.png,/home/ekim339/project/SD3.5/experiments/self_prompting_sd35/results/inputs/0052_07841.png,/home/ekim339/project/SD3.5/datasets/SRNet_Datagen/train/train-50k-1/mask_s/07841.png,/home/ekim339/project/SD3.5/experiments/self_prompting_sd35/results/generated/self_prompting_sd35/case_upper/0052.png
1217,52,07841.png,self_prompting_sd35,case_lower,reefy,oycme,realy,0.0,0.0,1.0,7.956496761258945,4056,3420,/home/ekim339/project/SD3.5/datasets/SRNet_Datagen/train/train-50k-1/i_s/07841.png,/home/ekim339/project/SD3.5/experiments/self_prompting_sd35/results/inputs/0052_07841.png,/home/ekim339/project/SD3.5/datasets/SRNet_Datagen/train/train-50k-1/mask_s/07841.png,/home/ekim339/project/SD3.5/experiments/self_prompting_sd35/results/generated/self_prompting_sd35/case_lower/0052.png
1218,52,07841.png,self_prompting_sd35,special_1,reefy,fBZpF,reary,0.0,0.0,1.0,7.956496761258945,4056,3421,/home/ekim339/project/SD3.5/datasets/SRNet_Datagen/train/train-50k-1/i_s/07841.png,/home/ekim339/project/SD3.5/experiments/self_prompting_sd35/results/inputs/0052_07841.png,/home/ekim339/project/SD3.5/datasets/SRNet_Datagen/train/train-50k-1/mask_s/07841.png,/home/ekim339/project/SD3.5/experiments/self_prompting_sd35/results/generated/self_prompting_sd35/special_1/0052.png
1219,52,07841.png,self_prompting_sd35,special_2,reefy,hytk+,harry,0.0,0.19999999999999996,0.8,7.956496761258945,4056,3422,/home/ekim339/project/SD3.5/datasets/SRNet_Datagen/train/train-50k-1/i_s/07841.png,/home/ekim339/project/SD3.5/experiments/self_prompting_sd35/results/inputs/0052_07841.png,/home/ekim339/project/SD3.5/datasets/SRNet_Datagen/train/train-50k-1/mask_s/07841.png,/home/ekim339/project/SD3.5/experiments/self_prompting_sd35/results/generated/self_prompting_sd35/special_2/0052.png
1220,52,07841.png,self_prompting_sd35,special_3,reefy,@M;hQ,reely,0.0,0.0,1.0,7.956496761258945,4056,3423,/home/ekim339/project/SD3.5/datasets/SRNet_Datagen/train/train-50k-1/i_s/07841.png,/home/ekim339/project/SD3.5/experiments/self_prompting_sd35/results/inputs/0052_07841.png,/home/ekim339/project/SD3.5/datasets/SRNet_Datagen/train/train-50k-1/mask_s/07841.png,/home/ekim339/project/SD3.5/experiments/self_prompting_sd35/results/generated/self_prompting_sd35/special_3/0052.png
1221,52,07841.png,self_prompting_sd35,special_4,reefy,+dA,reaify,0.0,0.0,2.0,7.956496761258945,4056,3424,/home/ekim339/project/SD3.5/datasets/SRNet_Datagen/train/train-50k-1/i_s/07841.png,/home/ekim339/project/SD3.5/experiments/self_prompting_sd35/results/inputs/0052_07841.png,/home/ekim339/project/SD3.5/datasets/SRNet_Datagen/train/train-50k-1/mask_s/07841.png,/home/ekim339/project/SD3.5/experiments/self_prompting_sd35/results/generated/self_prompting_sd35/special_4/0052.png
1222,52,07841.png,self_prompting_sd35,special_5,reefy,=H+!&,recry,0.0,0.0,1.0,7.956496761258945,4056,3425,/home/ekim339/project/SD3.5/datasets/SRNet_Datagen/train/train-50k-1/i_s/07841.png,/home/ekim339/project/SD3.5/experiments/self_prompting_sd35/results/inputs/0052_07841.png,/home/ekim339/project/SD3.5/datasets/SRNet_Datagen/train/train-50k-1/mask_s/07841.png,/home/ekim339/project/SD3.5/experiments/self_prompting_sd35/results/generated/self_prompting_sd35/special_5/0052.png
1223,52,07841.png,self_prompting_sd35,special_6,reefy,%&$&*,ceatry,0.0,0.0,1.2,7.956496761258945,4056,3426,/home/ekim339/project/SD3.5/datasets/SRNet_Datagen/train/train-50k-1/i_s/07841.png,/home/ekim339/project/SD3.5/experiments/self_prompting_sd35/results/inputs/0052_07841.png,/home/ekim339/project/SD3.5/datasets/SRNet_Datagen/train/train-50k-1/mask_s/07841.png,/home/ekim339/project/SD3.5/experiments/self_prompting_sd35/results/generated/self_prompting_sd35/special_6/0052.png
1224,53,40625.png,self_prompting_sd35,case_upper,gimel,BRCZN,sene,0.0,0.0,1.0,7.771268387187414,4057,3427,/home/ekim339/project/SD3.5/datasets/SRNet_Datagen/train/train-50k-3/i_s/40625.png,/home/ekim339/project/SD3.5/experiments/self_prompting_sd35/results/inputs/0053_40625.png,/home/ekim339/project/SD3.5/datasets/SRNet_Datagen/train/train-50k-3/mask_s/40625.png,/home/ekim339/project/SD3.5/experiments/self_prompting_sd35/results/generated/self_prompting_sd35/case_upper/0053.png
1225,53,40625.png,self_prompting_sd35,case_lower,gimel,brczn,linel,0.0,0.0,1.0,7.771268387187414,4057,3428,/home/ekim339/project/SD3.5/datasets/SRNet_Datagen/train/train-50k-3/i_s/40625.png,/home/ekim339/project/SD3.5/experiments/self_prompting_sd35/results/inputs/0053_40625.png,/home/ekim339/project/SD3.5/datasets/SRNet_Datagen/train/train-50k-3/mask_s/40625.png,/home/ekim339/project/SD3.5/experiments/self_prompting_sd35/results/generated/self_prompting_sd35/case_lower/0053.png
1226,53,40625.png,self_prompting_sd35,special_1,gimel,UjKIo,woth,0.0,0.0,1.0,7.771268387187414,4057,3429,/home/ekim339/project/SD3.5/datasets/SRNet_Datagen/train/train-50k-3/i_s/40625.png,/home/ekim339/project/SD3.5/experiments/self_prompting_sd35/results/inputs/0053_40625.png,/home/ekim339/project/SD3.5/datasets/SRNet_Datagen/train/train-50k-3/mask_s/40625.png,/home/ekim339/project/SD3.5/experiments/self_prompting_sd35/results/generated/self_prompting_sd35/special_1/0053.png
1227,53,40625.png,self_prompting_sd35,special_2,gimel,@mDtI,sonee,0.0,0.0,1.0,7.771268387187414,4057,3430,/home/ekim339/project/SD3.5/datasets/SRNet_Datagen/train/train-50k-3/i_s/40625.png,/home/ekim339/project/SD3.5/experiments/self_prompting_sd35/results/inputs/0053_40625.png,/home/ekim339/project/SD3.5/datasets/SRNet_Datagen/train/train-50k-3/mask_s/40625.png,/home/ekim339/project/SD3.5/experiments/self_prompting_sd35/results/generated/self_prompting_sd35/special_2/0053.png
1228,53,40625.png,self_prompting_sd35,special_3,gimel,Z=.vG,teee,0.0,0.0,1.0,7.771268387187414,4057,3431,/home/ekim339/project/SD3.5/datasets/SRNet_Datagen/train/train-50k-3/i_s/40625.png,/home/ekim339/project/SD3.5/experiments/self_prompting_sd35/results/inputs/0053_40625.png,/home/ekim339/project/SD3.5/datasets/SRNet_Datagen/train/train-50k-3/mask_s/40625.png,/home/ekim339/project/SD3.5/experiments/self_prompting_sd35/results/generated/self_prompting_sd35/special_3/0053.png
1229,53,40625.png,self_prompting_sd35,special_4,gimel,!ox,sememai,0.0,0.0,2.3333333333333335,7.771268387187414,4057,3432,/home/ekim339/project/SD3.5/datasets/SRNet_Datagen/train/train-50k-3/i_s/40625.png,/home/ekim339/project/SD3.5/experiments/self_prompting_sd35/results/inputs/0053_40625.png,/home/ekim339/project/SD3.5/datasets/SRNet_Datagen/train/train-50k-3/mask_s/40625.png,/home/ekim339/project/SD3.5/experiments/self_prompting_sd35/results/generated/self_prompting_sd35/special_4/0053.png
1230,53,40625.png,self_prompting_sd35,special_5,gimel,"&_G$,",serel,0.0,0.0,1.0,7.771268387187414,4057,3433,/home/ekim339/project/SD3.5/datasets/SRNet_Datagen/train/train-50k-3/i_s/40625.png,/home/ekim339/project/SD3.5/experiments/self_prompting_sd35/results/inputs/0053_40625.png,/home/ekim339/project/SD3.5/datasets/SRNet_Datagen/train/train-50k-3/mask_s/40625.png,/home/ekim339/project/SD3.5/experiments/self_prompting_sd35/results/generated/self_prompting_sd35/special_5/0053.png
1231,53,40625.png,self_prompting_sd35,special_6,gimel,".;=,+",sene,0.0,0.0,1.0,7.771268387187414,4057,3434,/home/ekim339/project/SD3.5/datasets/SRNet_Datagen/train/train-50k-3/i_s/40625.png,/home/ekim339/project/SD3.5/experiments/self_prompting_sd35/results/inputs/0053_40625.png,/home/ekim339/project/SD3.5/datasets/SRNet_Datagen/train/train-50k-3/mask_s/40625.png,/home/ekim339/project/SD3.5/experiments/self_prompting_sd35/results/generated/self_prompting_sd35/special_6/0053.png
1232,54,04916.png,self_prompting_sd35,case_upper,Silly,OUGBX,ssby,0.0,0.0,1.0,11.612159421016074,4058,3435,/home/ekim339/project/SD3.5/datasets/SRNet_Datagen/train/train-50k-1/i_s/04916.png,/home/ekim339/project/SD3.5/experiments/self_prompting_sd35/results/inputs/0054_04916.png,/home/ekim339/project/SD3.5/datasets/SRNet_Datagen/train/train-50k-1/mask_s/04916.png,/home/ekim339/project/SD3.5/experiments/self_prompting_sd35/results/generated/self_prompting_sd35/case_upper/0054.png
1233,54,04916.png,self_prompting_sd35,case_lower,Silly,ougbx,slyy,0.0,0.0,1.0,11.612159421016074,4058,3436,/home/ekim339/project/SD3.5/datasets/SRNet_Datagen/train/train-50k-1/i_s/04916.png,/home/ekim339/project/SD3.5/experiments/self_prompting_sd35/results/inputs/0054_04916.png,/home/ekim339/project/SD3.5/datasets/SRNet_Datagen/train/train-50k-1/mask_s/04916.png,/home/ekim339/project/SD3.5/experiments/self_prompting_sd35/results/generated/self_prompting_sd35/case_lower/0054.png
1234,54,04916.png,self_prompting_sd35,special_1,Silly,KtZco,sly,0.0,0.0,1.0,11.612159421016074,4058,3437,/home/ekim339/project/SD3.5/datasets/SRNet_Datagen/train/train-50k-1/i_s/04916.png,/home/ekim339/project/SD3.5/experiments/self_prompting_sd35/results/inputs/0054_04916.png,/home/ekim339/project/SD3.5/datasets/SRNet_Datagen/train/train-50k-1/mask_s/04916.png,/home/ekim339/project/SD3.5/experiments/self_prompting_sd35/results/generated/self_prompting_sd35/special_1/0054.png
1235,54,04916.png,self_prompting_sd35,special_2,Silly,&lNAj,silllt,0.0,0.16666666666666663,1.0,11.612159421016074,4058,3438,/home/ekim339/project/SD3.5/datasets/SRNet_Datagen/train/train-50k-1/i_s/04916.png,/home/ekim339/project/SD3.5/experiments/self_prompting_sd35/results/inputs/0054_04916.png,/home/ekim339/project/SD3.5/datasets/SRNet_Datagen/train/train-50k-1/mask_s/04916.png,/home/ekim339/project/SD3.5/experiments/self_prompting_sd35/results/generated/self_prompting_sd35/special_2/0054.png
1236,54,04916.png,self_prompting_sd35,special_3,Silly,"W.C,r",say,0.0,0.0,1.0,11.612159421016074,4058,3439,/home/ekim339/project/SD3.5/datasets/SRNet_Datagen/train/train-50k-1/i_s/04916.png,/home/ekim339/project/SD3.5/experiments/self_prompting_sd35/results/inputs/0054_04916.png,/home/ekim339/project/SD3.5/datasets/SRNet_Datagen/train/train-50k-1/mask_s/04916.png,/home/ekim339/project/SD3.5/experiments/self_prompting_sd35/results/generated/self_prompting_sd35/special_3/0054.png
1237,54,04916.png,self_prompting_sd35,special_4,Silly,.eB,ssys,0.0,0.0,1.3333333333333333,11.612159421016074,4058,3440,/home/ekim339/project/SD3.5/datasets/SRNet_Datagen/train/train-50k-1/i_s/04916.png,/home/ekim339/project/SD3.5/experiments/self_prompting_sd35/results/inputs/0054_04916.png,/home/ekim339/project/SD3.5/datasets/SRNet_Datagen/train/train-50k-1/mask_s/04916.png,/home/ekim339/project/SD3.5/experiments/self_prompting_sd35/results/generated/self_prompting_sd35/special_4/0054.png
1238,54,04916.png,self_prompting_sd35,special_5,Silly,N?@@@,says,0.0,0.0,1.0,11.612159421016074,4058,3441,/home/ekim339/project/SD3.5/datasets/SRNet_Datagen/train/train-50k-1/i_s/04916.png,/home/ekim339/project/SD3.5/experiments/self_prompting_sd35/results/inputs/0054_04916.png,/home/ekim339/project/SD3.5/datasets/SRNet_Datagen/train/train-50k-1/mask_s/04916.png,/home/ekim339/project/SD3.5/experiments/self_prompting_sd35/results/generated/self_prompting_sd35/special_5/0054.png
1239,54,04916.png,self_prompting_sd35,special_6,Silly,",;:::",sesse,0.0,0.0,1.0,11.612159421016074,4058,3442,/home/ekim339/project/SD3.5/datasets/SRNet_Datagen/train/train-50k-1/i_s/04916.png,/home/ekim339/project/SD3.5/experiments/self_prompting_sd35/results/inputs/0054_04916.png,/home/ekim339/project/SD3.5/datasets/SRNet_Datagen/train/train-50k-1/mask_s/04916.png,/home/ekim339/project/SD3.5/experiments/self_prompting_sd35/results/generated/self_prompting_sd35/special_6/0054.png
1240,55,30974.png,self_prompting_sd35,case_upper,vacua,LXTHC,vacual,0.0,0.0,1.2,5.997137879918618,4059,3443,/home/ekim339/project/SD3.5/datasets/SRNet_Datagen/train/train-50k-1/i_s/30974.png,/home/ekim339/project/SD3.5/experiments/self_prompting_sd35/results/inputs/0055_30974.png,/home/ekim339/project/SD3.5/datasets/SRNet_Datagen/train/train-50k-1/mask_s/30974.png,/home/ekim339/project/SD3.5/experiments/self_prompting_sd35/results/generated/self_prompting_sd35/case_upper/0055.png
1241,55,30974.png,self_prompting_sd35,case_lower,vacua,lxthc,vacual,0.0,0.0,1.2,5.997137879918618,4059,3444,/home/ekim339/project/SD3.5/datasets/SRNet_Datagen/train/train-50k-1/i_s/30974.png,/home/ekim339/project/SD3.5/experiments/self_prompting_sd35/results/inputs/0055_30974.png,/home/ekim339/project/SD3.5/datasets/SRNet_Datagen/train/train-50k-1/mask_s/30974.png,/home/ekim339/project/SD3.5/experiments/self_prompting_sd35/results/generated/self_prompting_sd35/case_lower/0055.png
1242,55,30974.png,self_prompting_sd35,special_1,vacua,lXpQr,vacuua,0.0,0.0,1.2,5.997137879918618,4059,3445,/home/ekim339/project/SD3.5/datasets/SRNet_Datagen/train/train-50k-1/i_s/30974.png,/home/ekim339/project/SD3.5/experiments/self_prompting_sd35/results/inputs/0055_30974.png,/home/ekim339/project/SD3.5/datasets/SRNet_Datagen/train/train-50k-1/mask_s/30974.png,/home/ekim339/project/SD3.5/experiments/self_prompting_sd35/results/generated/self_prompting_sd35/special_1/0055.png
1243,55,30974.png,self_prompting_sd35,special_2,vacua,kuK&k,vacual,0.0,0.0,1.2,5.997137879918618,4059,3446,/home/ekim339/project/SD3.5/datasets/SRNet_Datagen/train/train-50k-1/i_s/30974.png,/home/ekim339/project/SD3.5/experiments/self_prompting_sd35/results/inputs/0055_30974.png,/home/ekim339/project/SD3.5/datasets/SRNet_Datagen/train/train-50k-1/mask_s/30974.png,/home/ekim339/project/SD3.5/experiments/self_prompting_sd35/results/generated/self_prompting_sd35/special_2/0055.png
1244,55,30974.png,self_prompting_sd35,special_3,vacua,vl$%H,vacuu,0.0,0.19999999999999996,0.8,5.997137879918618,4059,3447,/home/ekim339/project/SD3.5/datasets/SRNet_Datagen/train/train-50k-1/i_s/30974.png,/home/ekim339/project/SD3.5/experiments/self_prompting_sd35/results/inputs/0055_30974.png,/home/ekim339/project/SD3.5/datasets/SRNet_Datagen/train/train-50k-1/mask_s/30974.png,/home/ekim339/project/SD3.5/experiments/self_prompting_sd35/results/generated/self_prompting_sd35/special_3/0055.png
1245,55,30974.png,self_prompting_sd35,special_4,vacua,Po.,vacual,0.0,0.0,2.0,5.997137879918618,4059,3448,/home/ekim339/project/SD3.5/datasets/SRNet_Datagen/train/train-50k-1/i_s/30974.png,/home/ekim339/project/SD3.5/experiments/self_prompting_sd35/results/inputs/0055_30974.png,/home/ekim339/project/SD3.5/datasets/SRNet_Datagen/train/train-50k-1/mask_s/30974.png,/home/ekim339/project/SD3.5/experiments/self_prompting_sd35/results/generated/self_prompting_sd35/special_4/0055.png
1246,55,30974.png,self_prompting_sd35,special_5,vacua,G!__&,visuula,0.0,0.0,1.4,5.997137879918618,4059,3449,/home/ekim339/project/SD3.5/datasets/SRNet_Datagen/train/train-50k-1/i_s/30974.png,/home/ekim339/project/SD3.5/experiments/self_prompting_sd35/results/inputs/0055_30974.png,/home/ekim339/project/SD3.5/datasets/SRNet_Datagen/train/train-50k-1/mask_s/30974.png,/home/ekim339/project/SD3.5/experiments/self_prompting_sd35/results/generated/self_prompting_sd35/special_5/0055.png
1247,55,30974.png,self_prompting_sd35,special_6,vacua,-?-;;,vasuaa,0.0,0.0,1.2,5.997137879918618,4059,3450,/home/ekim339/project/SD3.5/datasets/SRNet_Datagen/train/train-50k-1/i_s/30974.png,/home/ekim339/project/SD3.5/experiments/self_prompting_sd35/results/inputs/0055_30974.png,/home/ekim339/project/SD3.5/datasets/SRNet_Datagen/train/train-50k-1/mask_s/30974.png,/home/ekim339/project/SD3.5/experiments/self_prompting_sd35/results/generated/self_prompting_sd35/special_6/0055.png
1248,56,08563.png,self_prompting_sd35,case_upper,soler,RJYCF,soler,0.0,0.0,1.0,7.551076256691517,4060,3451,/home/ekim339/project/SD3.5/datasets/SRNet_Datagen/train/train-50k-4/i_s/08563.png,/home/ekim339/project/SD3.5/experiments/self_prompting_sd35/results/inputs/0056_08563.png,/home/ekim339/project/SD3.5/datasets/SRNet_Datagen/train/train-50k-4/mask_s/08563.png,/home/ekim339/project/SD3.5/experiments/self_prompting_sd35/results/generated/self_prompting_sd35/case_upper/0056.png
1249,56,08563.png,self_prompting_sd35,case_lower,soler,rjycf,soler,0.0,0.0,1.0,7.551076256691517,4060,3452,/home/ekim339/project/SD3.5/datasets/SRNet_Datagen/train/train-50k-4/i_s/08563.png,/home/ekim339/project/SD3.5/experiments/self_prompting_sd35/results/inputs/0056_08563.png,/home/ekim339/project/SD3.5/datasets/SRNet_Datagen/train/train-50k-4/mask_s/08563.png,/home/ekim339/project/SD3.5/experiments/self_prompting_sd35/results/generated/self_prompting_sd35/case_lower/0056.png
1250,56,08563.png,self_prompting_sd35,special_1,soler,tfpFb,soler,0.0,0.0,1.0,7.551076256691517,4060,3453,/home/ekim339/project/SD3.5/datasets/SRNet_Datagen/train/train-50k-4/i_s/08563.png,/home/ekim339/project/SD3.5/experiments/self_prompting_sd35/results/inputs/0056_08563.png,/home/ekim339/project/SD3.5/datasets/SRNet_Datagen/train/train-50k-4/mask_s/08563.png,/home/ekim339/project/SD3.5/experiments/self_prompting_sd35/results/generated/self_prompting_sd35/special_1/0056.png
1251,56,08563.png,self_prompting_sd35,special_2,soler,+DNwp,soler,0.0,0.0,1.0,7.551076256691517,4060,3454,/home/ekim339/project/SD3.5/datasets/SRNet_Datagen/train/train-50k-4/i_s/08563.png,/home/ekim339/project/SD3.5/experiments/self_prompting_sd35/results/inputs/0056_08563.png,/home/ekim339/project/SD3.5/datasets/SRNet_Datagen/train/train-50k-4/mask_s/08563.png,/home/ekim339/project/SD3.5/experiments/self_prompting_sd35/results/generated/self_prompting_sd35/special_2/0056.png
1252,56,08563.png,self_prompting_sd35,special_3,soler,"c$,WY",solar,0.0,0.0,1.0,7.551076256691517,4060,3455,/home/ekim339/project/SD3.5/datasets/SRNet_Datagen/train/train-50k-4/i_s/08563.png,/home/ekim339/project/SD3.5/experiments/self_prompting_sd35/results/inputs/0056_08563.png,/home/ekim339/project/SD3.5/datasets/SRNet_Datagen/train/train-50k-4/mask_s/08563.png,/home/ekim339/project/SD3.5/experiments/self_prompting_sd35/results/generated/self_prompting_sd35/special_3/0056.png
1253,56,08563.png,self_prompting_sd35,special_4,soler,cU:,solud,0.0,0.0,1.6666666666666667,7.551076256691517,4060,3456,/home/ekim339/project/SD3.5/datasets/SRNet_Datagen/train/train-50k-4/i_s/08563.png,/home/ekim339/project/SD3.5/experiments/self_prompting_sd35/results/inputs/0056_08563.png,/home/ekim339/project/SD3.5/datasets/SRNet_Datagen/train/train-50k-4/mask_s/08563.png,/home/ekim339/project/SD3.5/experiments/self_prompting_sd35/results/generated/self_prompting_sd35/special_4/0056.png
1254,56,08563.png,self_prompting_sd35,special_5,soler,?+$I@,soler,0.0,0.0,1.0,7.551076256691517,4060,3457,/home/ekim339/project/SD3.5/datasets/SRNet_Datagen/train/train-50k-4/i_s/08563.png,/home/ekim339/project/SD3.5/experiments/self_prompting_sd35/results/inputs/0056_08563.png,/home/ekim339/project/SD3.5/datasets/SRNet_Datagen/train/train-50k-4/mask_s/08563.png,/home/ekim339/project/SD3.5/experiments/self_prompting_sd35/results/generated/self_prompting_sd35/special_5/0056.png
1255,56,08563.png,self_prompting_sd35,special_6,soler,"#=,@?",solar,0.0,0.0,1.0,7.551076256691517,4060,3458,/home/ekim339/project/SD3.5/datasets/SRNet_Datagen/train/train-50k-4/i_s/08563.png,/home/ekim339/project/SD3.5/experiments/self_prompting_sd35/results/inputs/0056_08563.png,/home/ekim339/project/SD3.5/datasets/SRNet_Datagen/train/train-50k-4/mask_s/08563.png,/home/ekim339/project/SD3.5/experiments/self_prompting_sd35/results/generated/self_prompting_sd35/special_6/0056.png
1256,57,14010.png,self_prompting_sd35,case_upper,aggro,DABMV,cester,0.0,0.0,1.2,7.0682923900187395,4061,3459,/home/ekim339/project/SD3.5/datasets/SRNet_Datagen/train/train-50k-2/i_s/14010.png,/home/ekim339/project/SD3.5/experiments/self_prompting_sd35/results/inputs/0057_14010.png,/home/ekim339/project/SD3.5/datasets/SRNet_Datagen/train/train-50k-2/mask_s/14010.png,/home/ekim339/project/SD3.5/experiments/self_prompting_sd35/results/generated/self_prompting_sd35/case_upper/0057.png
1257,57,14010.png,self_prompting_sd35,case_lower,aggro,dabmv,aggro,0.0,0.0,1.0,7.0682923900187395,4061,3460,/home/ekim339/project/SD3.5/datasets/SRNet_Datagen/train/train-50k-2/i_s/14010.png,/home/ekim339/project/SD3.5/experiments/self_prompting_sd35/results/inputs/0057_14010.png,/home/ekim339/project/SD3.5/datasets/SRNet_Datagen/train/train-50k-2/mask_s/14010.png,/home/ekim339/project/SD3.5/experiments/self_prompting_sd35/results/generated/self_prompting_sd35/case_lower/0057.png
1258,57,14010.png,self_prompting_sd35,special_1,aggro,qdxpy,sadlere,0.0,0.1428571428571429,1.2,7.0682923900187395,4061,3461,/home/ekim339/project/SD3.5/datasets/SRNet_Datagen/train/train-50k-2/i_s/14010.png,/home/ekim339/project/SD3.5/experiments/self_prompting_sd35/results/inputs/0057_14010.png,/home/ekim339/project/SD3.5/datasets/SRNet_Datagen/train/train-50k-2/mask_s/14010.png,/home/ekim339/project/SD3.5/experiments/self_prompting_sd35/results/generated/self_prompting_sd35/special_1/0057.png
1259,57,14010.png,self_prompting_sd35,special_2,aggro,_KuDW,serject,0.0,0.0,1.4,7.0682923900187395,4061,3462,/home/ekim339/project/SD3.5/datasets/SRNet_Datagen/train/train-50k-2/i_s/14010.png,/home/ekim339/project/SD3.5/experiments/self_prompting_sd35/results/inputs/0057_14010.png,/home/ekim339/project/SD3.5/datasets/SRNet_Datagen/train/train-50k-2/mask_s/14010.png,/home/ekim339/project/SD3.5/experiments/self_prompting_sd35/results/generated/self_prompting_sd35/special_2/0057.png
1260,57,14010.png,self_prompting_sd35,special_3,aggro,-%pHc,aagro,0.0,0.0,1.0,7.0682923900187395,4061,3463,/home/ekim339/project/SD3.5/datasets/SRNet_Datagen/train/train-50k-2/i_s/14010.png,/home/ekim339/project/SD3.5/experiments/self_prompting_sd35/results/inputs/0057_14010.png,/home/ekim339/project/SD3.5/datasets/SRNet_Datagen/train/train-50k-2/mask_s/14010.png,/home/ekim339/project/SD3.5/experiments/self_prompting_sd35/results/generated/self_prompting_sd35/special_3/0057.png
1261,57,14010.png,self_prompting_sd35,special_4,aggro,",Rx",aatto,0.0,0.0,1.6666666666666667,7.0682923900187395,4061,3464,/home/ekim339/project/SD3.5/datasets/SRNet_Datagen/train/train-50k-2/i_s/14010.png,/home/ekim339/project/SD3.5/experiments/self_prompting_sd35/results/inputs/0057_14010.png,/home/ekim339/project/SD3.5/datasets/SRNet_Datagen/train/train-50k-2/mask_s/14010.png,/home/ekim339/project/SD3.5/experiments/self_prompting_sd35/results/generated/self_prompting_sd35/special_4/0057.png
1262,57,14010.png,self_prompting_sd35,special_5,aggro,D@*=&,agggee,0.0,0.0,1.2,7.0682923900187395,4061,3465,/home/ekim339/project/SD3.5/datasets/SRNet_Datagen/train/train-50k-2/i_s/14010.png,/home/ekim339/project/SD3.5/experiments/self_prompting_sd35/results/inputs/0057_14010.png,/home/ekim339/project/SD3.5/datasets/SRNet_Datagen/train/train-50k-2/mask_s/14010.png,/home/ekim339/project/SD3.5/experiments/self_prompting_sd35/results/generated/self_prompting_sd35/special_5/0057.png
1263,57,14010.png,self_prompting_sd35,special_6,aggro,-_*!+,seieee,0.0,0.0,1.2,7.0682923900187395,4061,3466,/home/ekim339/project/SD3.5/datasets/SRNet_Datagen/train/train-50k-2/i_s/14010.png,/home/ekim339/project/SD3.5/experiments/self_prompting_sd35/results/inputs/0057_14010.png,/home/ekim339/project/SD3.5/datasets/SRNet_Datagen/train/train-50k-2/mask_s/14010.png,/home/ekim339/project/SD3.5/experiments/self_prompting_sd35/results/generated/self_prompting_sd35/special_6/0057.png
1264,58,13154.png,self_prompting_sd35,case_upper,surah,HHFPP,surah,0.0,0.0,1.0,5.110790965910647,4062,3467,/home/ekim339/project/SD3.5/datasets/SRNet_Datagen/train/train-50k-4/i_s/13154.png,/home/ekim339/project/SD3.5/experiments/self_prompting_sd35/results/inputs/0058_13154.png,/home/ekim339/project/SD3.5/datasets/SRNet_Datagen/train/train-50k-4/mask_s/13154.png,/home/ekim339/project/SD3.5/experiments/self_prompting_sd35/results/generated/self_prompting_sd35/case_upper/0058.png
1265,58,13154.png,self_prompting_sd35,case_lower,surah,hhfpp,surah,0.0,0.0,1.0,5.110790965910647,4062,3468,/home/ekim339/project/SD3.5/datasets/SRNet_Datagen/train/train-50k-4/i_s/13154.png,/home/ekim339/project/SD3.5/experiments/self_prompting_sd35/results/inputs/0058_13154.png,/home/ekim339/project/SD3.5/datasets/SRNet_Datagen/train/train-50k-4/mask_s/13154.png,/home/ekim339/project/SD3.5/experiments/self_prompting_sd35/results/generated/self_prompting_sd35/case_lower/0058.png
1266,58,13154.png,self_prompting_sd35,special_1,surah,luECg,surah,0.0,0.19999999999999996,0.8,5.110790965910647,4062,3469,/home/ekim339/project/SD3.5/datasets/SRNet_Datagen/train/train-50k-4/i_s/13154.png,/home/ekim339/project/SD3.5/experiments/self_prompting_sd35/results/inputs/0058_13154.png,/home/ekim339/project/SD3.5/datasets/SRNet_Datagen/train/train-50k-4/mask_s/13154.png,/home/ekim339/project/SD3.5/experiments/self_prompting_sd35/results/generated/self_prompting_sd35/special_1/0058.png
1267,58,13154.png,self_prompting_sd35,special_2,surah,!SWPt,surah,0.0,0.0,1.0,5.110790965910647,4062,3470,/home/ekim339/project/SD3.5/datasets/SRNet_Datagen/train/train-50k-4/i_s/13154.png,/home/ekim339/project/SD3.5/experiments/self_prompting_sd35/results/inputs/0058_13154.png,/home/ekim339/project/SD3.5/datasets/SRNet_Datagen/train/train-50k-4/mask_s/13154.png,/home/ekim339/project/SD3.5/experiments/self_prompting_sd35/results/generated/self_prompting_sd35/special_2/0058.png
1268,58,13154.png,self_prompting_sd35,special_3,surah,%#EGK,surah,0.0,0.0,1.0,5.110790965910647,4062,3471,/home/ekim339/project/SD3.5/datasets/SRNet_Datagen/train/train-50k-4/i_s/13154.png,/home/ekim339/project/SD3.5/experiments/self_prompting_sd35/results/inputs/0058_13154.png,/home/ekim339/project/SD3.5/datasets/SRNet_Datagen/train/train-50k-4/mask_s/13154.png,/home/ekim339/project/SD3.5/experiments/self_prompting_sd35/results/generated/self_prompting_sd35/special_3/0058.png
1269,58,13154.png,self_prompting_sd35,special_4,surah,AR*,surah,0.0,0.0,1.6666666666666667,5.110790965910647,4062,3472,/home/ekim339/project/SD3.5/datasets/SRNet_Datagen/train/train-50k-4/i_s/13154.png,/home/ekim339/project/SD3.5/experiments/self_prompting_sd35/results/inputs/0058_13154.png,/home/ekim339/project/SD3.5/datasets/SRNet_Datagen/train/train-50k-4/mask_s/13154.png,/home/ekim339/project/SD3.5/experiments/self_prompting_sd35/results/generated/self_prompting_sd35/special_4/0058.png
1270,58,13154.png,self_prompting_sd35,special_5,surah,:j#!:,surah,0.0,0.0,1.0,5.110790965910647,4062,3473,/home/ekim339/project/SD3.5/datasets/SRNet_Datagen/train/train-50k-4/i_s/13154.png,/home/ekim339/project/SD3.5/experiments/self_prompting_sd35/results/inputs/0058_13154.png,/home/ekim339/project/SD3.5/datasets/SRNet_Datagen/train/train-50k-4/mask_s/13154.png,/home/ekim339/project/SD3.5/experiments/self_prompting_sd35/results/generated/self_prompting_sd35/special_5/0058.png
1271,58,13154.png,self_prompting_sd35,special_6,surah,#??+?,surah,0.0,0.0,1.0,5.110790965910647,4062,3474,/home/ekim339/project/SD3.5/datasets/SRNet_Datagen/train/train-50k-4/i_s/13154.png,/home/ekim339/project/SD3.5/experiments/self_prompting_sd35/results/inputs/0058_13154.png,/home/ekim339/project/SD3.5/datasets/SRNet_Datagen/train/train-50k-4/mask_s/13154.png,/home/ekim339/project/SD3.5/experiments/self_prompting_sd35/results/generated/self_prompting_sd35/special_6/0058.png
1272,59,15441.png,self_prompting_sd35,case_upper,manit,LYFKK,manit,0.0,0.0,1.0,4.91857131315175,4063,3475,/home/ekim339/project/SD3.5/datasets/SRNet_Datagen/train/train-50k-2/i_s/15441.png,/home/ekim339/project/SD3.5/experiments/self_prompting_sd35/results/inputs/0059_15441.png,/home/ekim339/project/SD3.5/datasets/SRNet_Datagen/train/train-50k-2/mask_s/15441.png,/home/ekim339/project/SD3.5/experiments/self_prompting_sd35/results/generated/self_prompting_sd35/case_upper/0059.png
1273,59,15441.png,self_prompting_sd35,case_lower,manit,lyfkk,mark,0.0,0.19999999999999996,0.8,4.91857131315175,4063,3476,/home/ekim339/project/SD3.5/datasets/SRNet_Datagen/train/train-50k-2/i_s/15441.png,/home/ekim339/project/SD3.5/experiments/self_prompting_sd35/results/inputs/0059_15441.png,/home/ekim339/project/SD3.5/datasets/SRNet_Datagen/train/train-50k-2/mask_s/15441.png,/home/ekim339/project/SD3.5/experiments/self_prompting_sd35/results/generated/self_prompting_sd35/case_lower/0059.png
1274,59,15441.png,self_prompting_sd35,special_1,manit,RVzbh,manit,0.0,0.0,1.0,4.91857131315175,4063,3477,/home/ekim339/project/SD3.5/datasets/SRNet_Datagen/train/train-50k-2/i_s/15441.png,/home/ekim339/project/SD3.5/experiments/self_prompting_sd35/results/inputs/0059_15441.png,/home/ekim339/project/SD3.5/datasets/SRNet_Datagen/train/train-50k-2/mask_s/15441.png,/home/ekim339/project/SD3.5/experiments/self_prompting_sd35/results/generated/self_prompting_sd35/special_1/0059.png
1275,59,15441.png,self_prompting_sd35,special_2,manit,%PIEi,manit,0.0,0.0,1.0,4.91857131315175,4063,3478,/home/ekim339/project/SD3.5/datasets/SRNet_Datagen/train/train-50k-2/i_s/15441.png,/home/ekim339/project/SD3.5/experiments/self_prompting_sd35/results/inputs/0059_15441.png,/home/ekim339/project/SD3.5/datasets/SRNet_Datagen/train/train-50k-2/mask_s/15441.png,/home/ekim339/project/SD3.5/experiments/self_prompting_sd35/results/generated/self_prompting_sd35/special_2/0059.png
1276,59,15441.png,self_prompting_sd35,special_3,manit,.O$uF,manif,0.0,0.0,1.0,4.91857131315175,4063,3479,/home/ekim339/project/SD3.5/datasets/SRNet_Datagen/train/train-50k-2/i_s/15441.png,/home/ekim339/project/SD3.5/experiments/self_prompting_sd35/results/inputs/0059_15441.png,/home/ekim339/project/SD3.5/datasets/SRNet_Datagen/train/train-50k-2/mask_s/15441.png,/home/ekim339/project/SD3.5/experiments/self_prompting_sd35/results/generated/self_prompting_sd35/special_3/0059.png
1277,59,15441.png,self_prompting_sd35,special_4,manit,O:f,manit,0.0,0.0,1.6666666666666667,4.91857131315175,4063,3480,/home/ekim339/project/SD3.5/datasets/SRNet_Datagen/train/train-50k-2/i_s/15441.png,/home/ekim339/project/SD3.5/experiments/self_prompting_sd35/results/inputs/0059_15441.png,/home/ekim339/project/SD3.5/datasets/SRNet_Datagen/train/train-50k-2/mask_s/15441.png,/home/ekim339/project/SD3.5/experiments/self_prompting_sd35/results/generated/self_prompting_sd35/special_4/0059.png
1278,59,15441.png,self_prompting_sd35,special_5,manit,_?t%!,manit,0.0,0.0,1.0,4.91857131315175,4063,3481,/home/ekim339/project/SD3.5/datasets/SRNet_Datagen/train/train-50k-2/i_s/15441.png,/home/ekim339/project/SD3.5/experiments/self_prompting_sd35/results/inputs/0059_15441.png,/home/ekim339/project/SD3.5/datasets/SRNet_Datagen/train/train-50k-2/mask_s/15441.png,/home/ekim339/project/SD3.5/experiments/self_prompting_sd35/results/generated/self_prompting_sd35/special_5/0059.png
1279,59,15441.png,self_prompting_sd35,special_6,manit,!;$._,manit,0.0,0.0,1.0,4.91857131315175,4063,3482,/home/ekim339/project/SD3.5/datasets/SRNet_Datagen/train/train-50k-2/i_s/15441.png,/home/ekim339/project/SD3.5/experiments/self_prompting_sd35/results/inputs/0059_15441.png,/home/ekim339/project/SD3.5/datasets/SRNet_Datagen/train/train-50k-2/mask_s/15441.png,/home/ekim339/project/SD3.5/experiments/self_prompting_sd35/results/generated/self_prompting_sd35/special_6/0059.png
1280,60,15512.png,self_prompting_sd35,case_upper,skips,IUTLI,skips,0.0,0.0,1.0,11.477087999494046,4064,3483,/home/ekim339/project/SD3.5/datasets/SRNet_Datagen/train/train-50k-4/i_s/15512.png,/home/ekim339/project/SD3.5/experiments/self_prompting_sd35/results/inputs/0060_15512.png,/home/ekim339/project/SD3.5/datasets/SRNet_Datagen/train/train-50k-4/mask_s/15512.png,/home/ekim339/project/SD3.5/experiments/self_prompting_sd35/results/generated/self_prompting_sd35/case_upper/0060.png
1281,60,15512.png,self_prompting_sd35,case_lower,skips,iutli,skips,0.0,0.0,1.0,11.477087999494046,4064,3484,/home/ekim339/project/SD3.5/datasets/SRNet_Datagen/train/train-50k-4/i_s/15512.png,/home/ekim339/project/SD3.5/experiments/self_prompting_sd35/results/inputs/0060_15512.png,/home/ekim339/project/SD3.5/datasets/SRNet_Datagen/train/train-50k-4/mask_s/15512.png,/home/ekim339/project/SD3.5/experiments/self_prompting_sd35/results/generated/self_prompting_sd35/case_lower/0060.png
1282,60,15512.png,self_prompting_sd35,special_1,skips,ejDtY,slope,0.0,0.0,1.0,11.477087999494046,4064,3485,/home/ekim339/project/SD3.5/datasets/SRNet_Datagen/train/train-50k-4/i_s/15512.png,/home/ekim339/project/SD3.5/experiments/self_prompting_sd35/results/inputs/0060_15512.png,/home/ekim339/project/SD3.5/datasets/SRNet_Datagen/train/train-50k-4/mask_s/15512.png,/home/ekim339/project/SD3.5/experiments/self_prompting_sd35/results/generated/self_prompting_sd35/special_1/0060.png
1283,60,15512.png,self_prompting_sd35,special_2,skips,SS.TV,skips,0.0,0.0,1.0,11.477087999494046,4064,3486,/home/ekim339/project/SD3.5/datasets/SRNet_Datagen/train/train-50k-4/i_s/15512.png,/home/ekim339/project/SD3.5/experiments/self_prompting_sd35/results/inputs/0060_15512.png,/home/ekim339/project/SD3.5/datasets/SRNet_Datagen/train/train-50k-4/mask_s/15512.png,/home/ekim339/project/SD3.5/experiments/self_prompting_sd35/results/generated/self_prompting_sd35/special_2/0060.png
1284,60,15512.png,self_prompting_sd35,special_3,skips,"D,dN=",slips,0.0,0.0,1.0,11.477087999494046,4064,3487,/home/ekim339/project/SD3.5/datasets/SRNet_Datagen/train/train-50k-4/i_s/15512.png,/home/ekim339/project/SD3.5/experiments/self_prompting_sd35/results/inputs/0060_15512.png,/home/ekim339/project/SD3.5/datasets/SRNet_Datagen/train/train-50k-4/mask_s/15512.png,/home/ekim339/project/SD3.5/experiments/self_prompting_sd35/results/generated/self_prompting_sd35/special_3/0060.png
1285,60,15512.png,self_prompting_sd35,special_4,skips,Gq*,skips,0.0,0.0,1.6666666666666667,11.477087999494046,4064,3488,/home/ekim339/project/SD3.5/datasets/SRNet_Datagen/train/train-50k-4/i_s/15512.png,/home/ekim339/project/SD3.5/experiments/self_prompting_sd35/results/inputs/0060_15512.png,/home/ekim339/project/SD3.5/datasets/SRNet_Datagen/train/train-50k-4/mask_s/15512.png,/home/ekim339/project/SD3.5/experiments/self_prompting_sd35/results/generated/self_prompting_sd35/special_4/0060.png
1286,60,15512.png,self_prompting_sd35,special_5,skips,&@%r+,skips,0.0,0.0,1.0,11.477087999494046,4064,3489,/home/ekim339/project/SD3.5/datasets/SRNet_Datagen/train/train-50k-4/i_s/15512.png,/home/ekim339/project/SD3.5/experiments/self_prompting_sd35/results/inputs/0060_15512.png,/home/ekim339/project/SD3.5/datasets/SRNet_Datagen/train/train-50k-4/mask_s/15512.png,/home/ekim339/project/SD3.5/experiments/self_prompting_sd35/results/generated/self_prompting_sd35/special_5/0060.png
1287,60,15512.png,self_prompting_sd35,special_6,skips,"%,+-,",skips,0.0,0.0,1.0,11.477087999494046,4064,3490,/home/ekim339/project/SD3.5/datasets/SRNet_Datagen/train/train-50k-4/i_s/15512.png,/home/ekim339/project/SD3.5/experiments/self_prompting_sd35/results/inputs/0060_15512.png,/home/ekim339/project/SD3.5/datasets/SRNet_Datagen/train/train-50k-4/mask_s/15512.png,/home/ekim339/project/SD3.5/experiments/self_prompting_sd35/results/generated/self_prompting_sd35/special_6/0060.png
1288,61,33125.png,self_prompting_sd35,case_upper,vibra,ZLGGL,vibra,0.0,0.0,1.0,5.258678883515728,4065,3491,/home/ekim339/project/SD3.5/datasets/SRNet_Datagen/train/train-50k-4/i_s/33125.png,/home/ekim339/project/SD3.5/experiments/self_prompting_sd35/results/inputs/0061_33125.png,/home/ekim339/project/SD3.5/datasets/SRNet_Datagen/train/train-50k-4/mask_s/33125.png,/home/ekim339/project/SD3.5/experiments/self_prompting_sd35/results/generated/self_prompting_sd35/case_upper/0061.png
1289,61,33125.png,self_prompting_sd35,case_lower,vibra,zlggl,vibra,0.0,0.0,1.0,5.258678883515728,4065,3492,/home/ekim339/project/SD3.5/datasets/SRNet_Datagen/train/train-50k-4/i_s/33125.png,/home/ekim339/project/SD3.5/experiments/self_prompting_sd35/results/inputs/0061_33125.png,/home/ekim339/project/SD3.5/datasets/SRNet_Datagen/train/train-50k-4/mask_s/33125.png,/home/ekim339/project/SD3.5/experiments/self_prompting_sd35/results/generated/self_prompting_sd35/case_lower/0061.png
1290,61,33125.png,self_prompting_sd35,special_1,vibra,iKjpt,viara,0.0,0.0,1.0,5.258678883515728,4065,3493,/home/ekim339/project/SD3.5/datasets/SRNet_Datagen/train/train-50k-4/i_s/33125.png,/home/ekim339/project/SD3.5/experiments/self_prompting_sd35/results/inputs/0061_33125.png,/home/ekim339/project/SD3.5/datasets/SRNet_Datagen/train/train-50k-4/mask_s/33125.png,/home/ekim339/project/SD3.5/experiments/self_prompting_sd35/results/generated/self_prompting_sd35/special_1/0061.png
1291,61,33125.png,self_prompting_sd35,special_2,vibra,i$XaG,vibra,0.0,0.19999999999999996,0.8,5.258678883515728,4065,3494,/home/ekim339/project/SD3.5/datasets/SRNet_Datagen/train/train-50k-4/i_s/33125.png,/home/ekim339/project/SD3.5/experiments/self_prompting_sd35/results/inputs/0061_33125.png,/home/ekim339/project/SD3.5/datasets/SRNet_Datagen/train/train-50k-4/mask_s/33125.png,/home/ekim339/project/SD3.5/experiments/self_prompting_sd35/results/generated/self_prompting_sd35/special_2/0061.png
1292,61,33125.png,self_prompting_sd35,special_3,vibra,N!BN#,vibra,0.0,0.0,1.0,5.258678883515728,4065,3495,/home/ekim339/project/SD3.5/datasets/SRNet_Datagen/train/train-50k-4/i_s/33125.png,/home/ekim339/project/SD3.5/experiments/self_prompting_sd35/results/inputs/0061_33125.png,/home/ekim339/project/SD3.5/datasets/SRNet_Datagen/train/train-50k-4/mask_s/33125.png,/home/ekim339/project/SD3.5/experiments/self_prompting_sd35/results/generated/self_prompting_sd35/special_3/0061.png
1293,61,33125.png,self_prompting_sd35,special_4,vibra,RX@,vibra,0.0,0.0,1.6666666666666667,5.258678883515728,4065,3496,/home/ekim339/project/SD3.5/datasets/SRNet_Datagen/train/train-50k-4/i_s/33125.png,/home/ekim339/project/SD3.5/experiments/self_prompting_sd35/results/inputs/0061_33125.png,/home/ekim339/project/SD3.5/datasets/SRNet_Datagen/train/train-50k-4/mask_s/33125.png,/home/ekim339/project/SD3.5/experiments/self_prompting_sd35/results/generated/self_prompting_sd35/special_4/0061.png
1294,61,33125.png,self_prompting_sd35,special_5,vibra,".!,.d",vibra,0.0,0.0,1.0,5.258678883515728,4065,3497,/home/ekim339/project/SD3.5/datasets/SRNet_Datagen/train/train-50k-4/i_s/33125.png,/home/ekim339/project/SD3.5/experiments/self_prompting_sd35/results/inputs/0061_33125.png,/home/ekim339/project/SD3.5/datasets/SRNet_Datagen/train/train-50k-4/mask_s/33125.png,/home/ekim339/project/SD3.5/experiments/self_prompting_sd35/results/generated/self_prompting_sd35/special_5/0061.png
1295,61,33125.png,self_prompting_sd35,special_6,vibra,:+:!@,vibra,0.0,0.0,1.0,5.258678883515728,4065,3498,/home/ekim339/project/SD3.5/datasets/SRNet_Datagen/train/train-50k-4/i_s/33125.png,/home/ekim339/project/SD3.5/experiments/self_prompting_sd35/results/inputs/0061_33125.png,/home/ekim339/project/SD3.5/datasets/SRNet_Datagen/train/train-50k-4/mask_s/33125.png,/home/ekim339/project/SD3.5/experiments/self_prompting_sd35/results/generated/self_prompting_sd35/special_6/0061.png
1296,62,25383.png,self_prompting_sd35,case_upper,wacko,IKGOY,wacko,0.0,0.0,1.0,7.551058509839528,4066,3499,/home/ekim339/project/SD3.5/datasets/SRNet_Datagen/train/train-50k-2/i_s/25383.png,/home/ekim339/project/SD3.5/experiments/self_prompting_sd35/results/inputs/0062_25383.png,/home/ekim339/project/SD3.5/datasets/SRNet_Datagen/train/train-50k-2/mask_s/25383.png,/home/ekim339/project/SD3.5/experiments/self_prompting_sd35/results/generated/self_prompting_sd35/case_upper/0062.png
1297,62,25383.png,self_prompting_sd35,case_lower,wacko,ikgoy,wacko,0.0,0.0,1.0,7.551058509839528,4066,3500,/home/ekim339/project/SD3.5/datasets/SRNet_Datagen/train/train-50k-2/i_s/25383.png,/home/ekim339/project/SD3.5/experiments/self_prompting_sd35/results/inputs/0062_25383.png,/home/ekim339/project/SD3.5/datasets/SRNet_Datagen/train/train-50k-2/mask_s/25383.png,/home/ekim339/project/SD3.5/experiments/self_prompting_sd35/results/generated/self_prompting_sd35/case_lower/0062.png
1298,62,25383.png,self_prompting_sd35,special_1,wacko,wlvfi,wacko,0.0,0.19999999999999996,0.8,7.551058509839528,4066,3501,/home/ekim339/project/SD3.5/datasets/SRNet_Datagen/train/train-50k-2/i_s/25383.png,/home/ekim339/project/SD3.5/experiments/self_prompting_sd35/results/inputs/0062_25383.png,/home/ekim339/project/SD3.5/datasets/SRNet_Datagen/train/train-50k-2/mask_s/25383.png,/home/ekim339/project/SD3.5/experiments/self_prompting_sd35/results/generated/self_prompting_sd35/special_1/0062.png
1299,62,25383.png,self_prompting_sd35,special_2,wacko,HH:Bq,wacko,0.0,0.0,1.0,7.551058509839528,4066,3502,/home/ekim339/project/SD3.5/datasets/SRNet_Datagen/train/train-50k-2/i_s/25383.png,/home/ekim339/project/SD3.5/experiments/self_prompting_sd35/results/inputs/0062_25383.png,/home/ekim339/project/SD3.5/datasets/SRNet_Datagen/train/train-50k-2/mask_s/25383.png,/home/ekim339/project/SD3.5/experiments/self_prompting_sd35/results/generated/self_prompting_sd35/special_2/0062.png
1300,62,25383.png,self_prompting_sd35,special_3,wacko,_b.ac,wacko,0.0,0.0,1.0,7.551058509839528,4066,3503,/home/ekim339/project/SD3.5/datasets/SRNet_Datagen/train/train-50k-2/i_s/25383.png,/home/ekim339/project/SD3.5/experiments/self_prompting_sd35/results/inputs/0062_25383.png,/home/ekim339/project/SD3.5/datasets/SRNet_Datagen/train/train-50k-2/mask_s/25383.png,/home/ekim339/project/SD3.5/experiments/self_prompting_sd35/results/generated/self_prompting_sd35/special_3/0062.png
1301,62,25383.png,self_prompting_sd35,special_4,wacko,Q=E,wacko,0.0,0.0,1.6666666666666667,7.551058509839528,4066,3504,/home/ekim339/project/SD3.5/datasets/SRNet_Datagen/train/train-50k-2/i_s/25383.png,/home/ekim339/project/SD3.5/experiments/self_prompting_sd35/results/inputs/0062_25383.png,/home/ekim339/project/SD3.5/datasets/SRNet_Datagen/train/train-50k-2/mask_s/25383.png,/home/ekim339/project/SD3.5/experiments/self_prompting_sd35/results/generated/self_prompting_sd35/special_4/0062.png
1302,62,25383.png,self_prompting_sd35,special_5,wacko,:.@Q:,wacko,0.0,0.0,1.0,7.551058509839528,4066,3505,/home/ekim339/project/SD3.5/datasets/SRNet_Datagen/train/train-50k-2/i_s/25383.png,/home/ekim339/project/SD3.5/experiments/self_prompting_sd35/results/inputs/0062_25383.png,/home/ekim339/project/SD3.5/datasets/SRNet_Datagen/train/train-50k-2/mask_s/25383.png,/home/ekim339/project/SD3.5/experiments/self_prompting_sd35/results/generated/self_prompting_sd35/special_5/0062.png
1303,62,25383.png,self_prompting_sd35,special_6,wacko,#.$:*,wacko,0.0,0.0,1.0,7.551058509839528,4066,3506,/home/ekim339/project/SD3.5/datasets/SRNet_Datagen/train/train-50k-2/i_s/25383.png,/home/ekim339/project/SD3.5/experiments/self_prompting_sd35/results/inputs/0062_25383.png,/home/ekim339/project/SD3.5/datasets/SRNet_Datagen/train/train-50k-2/mask_s/25383.png,/home/ekim339/project/SD3.5/experiments/self_prompting_sd35/results/generated/self_prompting_sd35/special_6/0062.png
1304,63,05482.png,self_prompting_sd35,case_upper,scalp,KNCNP,scalp,0.0,0.0,1.0,5.94165387213754,4067,3507,/home/ekim339/project/SD3.5/datasets/SRNet_Datagen/train/train-50k-1/i_s/05482.png,/home/ekim339/project/SD3.5/experiments/self_prompting_sd35/results/inputs/0063_05482.png,/home/ekim339/project/SD3.5/datasets/SRNet_Datagen/train/train-50k-1/mask_s/05482.png,/home/ekim339/project/SD3.5/experiments/self_prompting_sd35/results/generated/self_prompting_sd35/case_upper/0063.png
1305,63,05482.png,self_prompting_sd35,case_lower,scalp,kncnp,scalp,0.0,0.19999999999999996,0.8,5.94165387213754,4067,3508,/home/ekim339/project/SD3.5/datasets/SRNet_Datagen/train/train-50k-1/i_s/05482.png,/home/ekim339/project/SD3.5/experiments/self_prompting_sd35/results/inputs/0063_05482.png,/home/ekim339/project/SD3.5/datasets/SRNet_Datagen/train/train-50k-1/mask_s/05482.png,/home/ekim339/project/SD3.5/experiments/self_prompting_sd35/results/generated/self_prompting_sd35/case_lower/0063.png
1306,63,05482.png,self_prompting_sd35,special_1,scalp,cAMNr,scalp,0.0,0.0,1.0,5.94165387213754,4067,3509,/home/ekim339/project/SD3.5/datasets/SRNet_Datagen/train/train-50k-1/i_s/05482.png,/home/ekim339/project/SD3.5/experiments/self_prompting_sd35/results/inputs/0063_05482.png,/home/ekim339/project/SD3.5/datasets/SRNet_Datagen/train/train-50k-1/mask_s/05482.png,/home/ekim339/project/SD3.5/experiments/self_prompting_sd35/results/generated/self_prompting_sd35/special_1/0063.png
1307,63,05482.png,self_prompting_sd35,special_2,scalp,tO_rK,scalp,0.0,0.0,1.0,5.94165387213754,4067,3510,/home/ekim339/project/SD3.5/datasets/SRNet_Datagen/train/train-50k-1/i_s/05482.png,/home/ekim339/project/SD3.5/experiments/self_prompting_sd35/results/inputs/0063_05482.png,/home/ekim339/project/SD3.5/datasets/SRNet_Datagen/train/train-50k-1/mask_s/05482.png,/home/ekim339/project/SD3.5/experiments/self_prompting_sd35/results/generated/self_prompting_sd35/special_2/0063.png
1308,63,05482.png,self_prompting_sd35,special_3,scalp,_Ybi*,scalp,0.0,0.0,1.0,5.94165387213754,4067,3511,/home/ekim339/project/SD3.5/datasets/SRNet_Datagen/train/train-50k-1/i_s/05482.png,/home/ekim339/project/SD3.5/experiments/self_prompting_sd35/results/inputs/0063_05482.png,/home/ekim339/project/SD3.5/datasets/SRNet_Datagen/train/train-50k-1/mask_s/05482.png,/home/ekim339/project/SD3.5/experiments/self_prompting_sd35/results/generated/self_prompting_sd35/special_3/0063.png
1309,63,05482.png,self_prompting_sd35,special_4,scalp,Sd.,scago,0.0,0.0,1.6666666666666667,5.94165387213754,4067,3512,/home/ekim339/project/SD3.5/datasets/SRNet_Datagen/train/train-50k-1/i_s/05482.png,/home/ekim339/project/SD3.5/experiments/self_prompting_sd35/results/inputs/0063_05482.png,/home/ekim339/project/SD3.5/datasets/SRNet_Datagen/train/train-50k-1/mask_s/05482.png,/home/ekim339/project/SD3.5/experiments/self_prompting_sd35/results/generated/self_prompting_sd35/special_4/0063.png
1310,63,05482.png,self_prompting_sd35,special_5,scalp,",!z:&",scalp,0.0,0.0,1.0,5.94165387213754,4067,3513,/home/ekim339/project/SD3.5/datasets/SRNet_Datagen/train/train-50k-1/i_s/05482.png,/home/ekim339/project/SD3.5/experiments/self_prompting_sd35/results/inputs/0063_05482.png,/home/ekim339/project/SD3.5/datasets/SRNet_Datagen/train/train-50k-1/mask_s/05482.png,/home/ekim339/project/SD3.5/experiments/self_prompting_sd35/results/generated/self_prompting_sd35/special_5/0063.png
1311,63,05482.png,self_prompting_sd35,special_6,scalp,.$.&=,scalp,0.0,0.0,1.0,5.94165387213754,4067,3514,/home/ekim339/project/SD3.5/datasets/SRNet_Datagen/train/train-50k-1/i_s/05482.png,/home/ekim339/project/SD3.5/experiments/self_prompting_sd35/results/inputs/0063_05482.png,/home/ekim339/project/SD3.5/datasets/SRNet_Datagen/train/train-50k-1/mask_s/05482.png,/home/ekim339/project/SD3.5/experiments/self_prompting_sd35/results/generated/self_prompting_sd35/special_6/0063.png
1312,64,43752.png,self_prompting_sd35,case_upper,devel,HOUYU,devel,0.0,0.0,1.0,5.771164565021644,4068,3515,/home/ekim339/project/SD3.5/datasets/SRNet_Datagen/train/train-50k-4/i_s/43752.png,/home/ekim339/project/SD3.5/experiments/self_prompting_sd35/results/inputs/0064_43752.png,/home/ekim339/project/SD3.5/datasets/SRNet_Datagen/train/train-50k-4/mask_s/43752.png,/home/ekim339/project/SD3.5/experiments/self_prompting_sd35/results/generated/self_prompting_sd35/case_upper/0064.png
1313,64,43752.png,self_prompting_sd35,case_lower,devel,houyu,devel,0.0,0.0,1.0,5.771164565021644,4068,3516,/home/ekim339/project/SD3.5/datasets/SRNet_Datagen/train/train-50k-4/i_s/43752.png,/home/ekim339/project/SD3.5/experiments/self_prompting_sd35/results/inputs/0064_43752.png,/home/ekim339/project/SD3.5/datasets/SRNet_Datagen/train/train-50k-4/mask_s/43752.png,/home/ekim339/project/SD3.5/experiments/self_prompting_sd35/results/generated/self_prompting_sd35/case_lower/0064.png
1314,64,43752.png,self_prompting_sd35,special_1,devel,KiVmy,devel,0.0,0.0,1.0,5.771164565021644,4068,3517,/home/ekim339/project/SD3.5/datasets/SRNet_Datagen/train/train-50k-4/i_s/43752.png,/home/ekim339/project/SD3.5/experiments/self_prompting_sd35/results/inputs/0064_43752.png,/home/ekim339/project/SD3.5/datasets/SRNet_Datagen/train/train-50k-4/mask_s/43752.png,/home/ekim339/project/SD3.5/experiments/self_prompting_sd35/results/generated/self_prompting_sd35/special_1/0064.png
1315,64,43752.png,self_prompting_sd35,special_2,devel,IvQ!c,devel,0.0,0.0,1.0,5.771164565021644,4068,3518,/home/ekim339/project/SD3.5/datasets/SRNet_Datagen/train/train-50k-4/i_s/43752.png,/home/ekim339/project/SD3.5/experiments/self_prompting_sd35/results/inputs/0064_43752.png,/home/ekim339/project/SD3.5/datasets/SRNet_Datagen/train/train-50k-4/mask_s/43752.png,/home/ekim339/project/SD3.5/experiments/self_prompting_sd35/results/generated/self_prompting_sd35/special_2/0064.png
1316,64,43752.png,self_prompting_sd35,special_3,devel,X-l*g,devel,0.0,0.0,1.0,5.771164565021644,4068,3519,/home/ekim339/project/SD3.5/datasets/SRNet_Datagen/train/train-50k-4/i_s/43752.png,/home/ekim339/project/SD3.5/experiments/self_prompting_sd35/results/inputs/0064_43752.png,/home/ekim339/project/SD3.5/datasets/SRNet_Datagen/train/train-50k-4/mask_s/43752.png,/home/ekim339/project/SD3.5/experiments/self_prompting_sd35/results/generated/self_prompting_sd35/special_3/0064.png
1317,64,43752.png,self_prompting_sd35,special_4,devel,KI-,devel,0.0,0.0,1.6666666666666667,5.771164565021644,4068,3520,/home/ekim339/project/SD3.5/datasets/SRNet_Datagen/train/train-50k-4/i_s/43752.png,/home/ekim339/project/SD3.5/experiments/self_prompting_sd35/results/inputs/0064_43752.png,/home/ekim339/project/SD3.5/datasets/SRNet_Datagen/train/train-50k-4/mask_s/43752.png,/home/ekim339/project/SD3.5/experiments/self_prompting_sd35/results/generated/self_prompting_sd35/special_4/0064.png
1318,64,43752.png,self_prompting_sd35,special_5,devel,"%i+,_",devel,0.0,0.0,1.0,5.771164565021644,4068,3521,/home/ekim339/project/SD3.5/datasets/SRNet_Datagen/train/train-50k-4/i_s/43752.png,/home/ekim339/project/SD3.5/experiments/self_prompting_sd35/results/inputs/0064_43752.png,/home/ekim339/project/SD3.5/datasets/SRNet_Datagen/train/train-50k-4/mask_s/43752.png,/home/ekim339/project/SD3.5/experiments/self_prompting_sd35/results/generated/self_prompting_sd35/special_5/0064.png
1319,64,43752.png,self_prompting_sd35,special_6,devel,";_,?#",devel,0.0,0.0,1.0,5.771164565021644,4068,3522,/home/ekim339/project/SD3.5/datasets/SRNet_Datagen/train/train-50k-4/i_s/43752.png,/home/ekim339/project/SD3.5/experiments/self_prompting_sd35/results/inputs/0064_43752.png,/home/ekim339/project/SD3.5/datasets/SRNet_Datagen/train/train-50k-4/mask_s/43752.png,/home/ekim339/project/SD3.5/experiments/self_prompting_sd35/results/generated/self_prompting_sd35/special_6/0064.png
1320,65,44793.png,self_prompting_sd35,case_upper,calle,MLYOB,seneeec,0.0,0.0,1.4,11.600768926841868,4069,3523,/home/ekim339/project/SD3.5/datasets/SRNet_Datagen/train/train-50k-3/i_s/44793.png,/home/ekim339/project/SD3.5/experiments/self_prompting_sd35/results/inputs/0065_44793.png,/home/ekim339/project/SD3.5/datasets/SRNet_Datagen/train/train-50k-3/mask_s/44793.png,/home/ekim339/project/SD3.5/experiments/self_prompting_sd35/results/generated/self_prompting_sd35/case_upper/0065.png
1321,65,44793.png,self_prompting_sd35,case_lower,calle,mlyob,mene,0.0,0.19999999999999996,0.8,11.600768926841868,4069,3524,/home/ekim339/project/SD3.5/datasets/SRNet_Datagen/train/train-50k-3/i_s/44793.png,/home/ekim339/project/SD3.5/experiments/self_prompting_sd35/results/inputs/0065_44793.png,/home/ekim339/project/SD3.5/datasets/SRNet_Datagen/train/train-50k-3/mask_s/44793.png,/home/ekim339/project/SD3.5/experiments/self_prompting_sd35/results/generated/self_prompting_sd35/case_lower/0065.png
1322,65,44793.png,self_prompting_sd35,special_1,calle,byrgj,seneele,0.0,0.0,1.4,11.600768926841868,4069,3525,/home/ekim339/project/SD3.5/datasets/SRNet_Datagen/train/train-50k-3/i_s/44793.png,/home/ekim339/project/SD3.5/experiments/self_prompting_sd35/results/inputs/0065_44793.png,/home/ekim339/project/SD3.5/datasets/SRNet_Datagen/train/train-50k-3/mask_s/44793.png,/home/ekim339/project/SD3.5/experiments/self_prompting_sd35/results/generated/self_prompting_sd35/special_1/0065.png
1323,65,44793.png,self_prompting_sd35,special_2,calle,UHPQ%,subject,0.0,0.0,1.4,11.600768926841868,4069,3526,/home/ekim339/project/SD3.5/datasets/SRNet_Datagen/train/train-50k-3/i_s/44793.png,/home/ekim339/project/SD3.5/experiments/self_prompting_sd35/results/inputs/0065_44793.png,/home/ekim339/project/SD3.5/datasets/SRNet_Datagen/train/train-50k-3/mask_s/44793.png,/home/ekim339/project/SD3.5/experiments/self_prompting_sd35/results/generated/self_prompting_sd35/special_2/0065.png
1324,65,44793.png,self_prompting_sd35,special_3,calle,&$BIZ,seneee,0.0,0.0,1.2,11.600768926841868,4069,3527,/home/ekim339/project/SD3.5/datasets/SRNet_Datagen/train/train-50k-3/i_s/44793.png,/home/ekim339/project/SD3.5/experiments/self_prompting_sd35/results/inputs/0065_44793.png,/home/ekim339/project/SD3.5/datasets/SRNet_Datagen/train/train-50k-3/mask_s/44793.png,/home/ekim339/project/SD3.5/experiments/self_prompting_sd35/results/generated/self_prompting_sd35/special_3/0065.png
1325,65,44793.png,self_prompting_sd35,special_4,calle,ip+,sunject,0.0,0.0,2.3333333333333335,11.600768926841868,4069,3528,/home/ekim339/project/SD3.5/datasets/SRNet_Datagen/train/train-50k-3/i_s/44793.png,/home/ekim339/project/SD3.5/experiments/self_prompting_sd35/results/inputs/0065_44793.png,/home/ekim339/project/SD3.5/datasets/SRNet_Datagen/train/train-50k-3/mask_s/44793.png,/home/ekim339/project/SD3.5/experiments/self_prompting_sd35/results/generated/self_prompting_sd35/special_4/0065.png
1326,65,44793.png,self_prompting_sd35,special_5,calle,.O@@;,sene,0.0,0.0,1.0,11.600768926841868,4069,3529,/home/ekim339/project/SD3.5/datasets/SRNet_Datagen/train/train-50k-3/i_s/44793.png,/home/ekim339/project/SD3.5/experiments/self_prompting_sd35/results/inputs/0065_44793.png,/home/ekim339/project/SD3.5/datasets/SRNet_Datagen/train/train-50k-3/mask_s/44793.png,/home/ekim339/project/SD3.5/experiments/self_prompting_sd35/results/generated/self_prompting_sd35/special_5/0065.png
1327,65,44793.png,self_prompting_sd35,special_6,calle,;@##=,sene,0.0,0.0,1.0,11.600768926841868,4069,3530,/home/ekim339/project/SD3.5/datasets/SRNet_Datagen/train/train-50k-3/i_s/44793.png,/home/ekim339/project/SD3.5/experiments/self_prompting_sd35/results/inputs/0065_44793.png,/home/ekim339/project/SD3.5/datasets/SRNet_Datagen/train/train-50k-3/mask_s/44793.png,/home/ekim339/project/SD3.5/experiments/self_prompting_sd35/results/generated/self_prompting_sd35/special_6/0065.png
1328,66,18796.png,self_prompting_sd35,case_upper,muddy,GYZYA,muddy,0.0,0.0,1.0,5.183852667186652,4070,3531,/home/ekim339/project/SD3.5/datasets/SRNet_Datagen/train/train-50k-2/i_s/18796.png,/home/ekim339/project/SD3.5/experiments/self_prompting_sd35/results/inputs/0066_18796.png,/home/ekim339/project/SD3.5/datasets/SRNet_Datagen/train/train-50k-2/mask_s/18796.png,/home/ekim339/project/SD3.5/experiments/self_prompting_sd35/results/generated/self_prompting_sd35/case_upper/0066.png
1329,66,18796.png,self_prompting_sd35,case_lower,muddy,gyzya,muddy,0.0,0.0,1.0,5.183852667186652,4070,3532,/home/ekim339/project/SD3.5/datasets/SRNet_Datagen/train/train-50k-2/i_s/18796.png,/home/ekim339/project/SD3.5/experiments/self_prompting_sd35/results/inputs/0066_18796.png,/home/ekim339/project/SD3.5/datasets/SRNet_Datagen/train/train-50k-2/mask_s/18796.png,/home/ekim339/project/SD3.5/experiments/self_prompting_sd35/results/generated/self_prompting_sd35/case_lower/0066.png
1330,66,18796.png,self_prompting_sd35,special_1,muddy,yudMT,muddy,0.0,0.4,0.6,5.183852667186652,4070,3533,/home/ekim339/project/SD3.5/datasets/SRNet_Datagen/train/train-50k-2/i_s/18796.png,/home/ekim339/project/SD3.5/experiments/self_prompting_sd35/results/inputs/0066_18796.png,/home/ekim339/project/SD3.5/datasets/SRNet_Datagen/train/train-50k-2/mask_s/18796.png,/home/ekim339/project/SD3.5/experiments/self_prompting_sd35/results/generated/self_prompting_sd35/special_1/0066.png
1331,66,18796.png,self_prompting_sd35,special_2,muddy,RB*kR,muddy,0.0,0.0,1.0,5.183852667186652,4070,3534,/home/ekim339/project/SD3.5/datasets/SRNet_Datagen/train/train-50k-2/i_s/18796.png,/home/ekim339/project/SD3.5/experiments/self_prompting_sd35/results/inputs/0066_18796.png,/home/ekim339/project/SD3.5/datasets/SRNet_Datagen/train/train-50k-2/mask_s/18796.png,/home/ekim339/project/SD3.5/experiments/self_prompting_sd35/results/generated/self_prompting_sd35/special_2/0066.png
1332,66,18796.png,self_prompting_sd35,special_3,muddy,&HuM@,muddy,0.0,0.0,1.0,5.183852667186652,4070,3535,/home/ekim339/project/SD3.5/datasets/SRNet_Datagen/train/train-50k-2/i_s/18796.png,/home/ekim339/project/SD3.5/experiments/self_prompting_sd35/results/inputs/0066_18796.png,/home/ekim339/project/SD3.5/datasets/SRNet_Datagen/train/train-50k-2/mask_s/18796.png,/home/ekim339/project/SD3.5/experiments/self_prompting_sd35/results/generated/self_prompting_sd35/special_3/0066.png
1333,66,18796.png,self_prompting_sd35,special_4,muddy,s=E,muddy,0.0,0.0,1.6666666666666667,5.183852667186652,4070,3536,/home/ekim339/project/SD3.5/datasets/SRNet_Datagen/train/train-50k-2/i_s/18796.png,/home/ekim339/project/SD3.5/experiments/self_prompting_sd35/results/inputs/0066_18796.png,/home/ekim339/project/SD3.5/datasets/SRNet_Datagen/train/train-50k-2/mask_s/18796.png,/home/ekim339/project/SD3.5/experiments/self_prompting_sd35/results/generated/self_prompting_sd35/special_4/0066.png
1334,66,18796.png,self_prompting_sd35,special_5,muddy,"=&w,;",muddy,0.0,0.0,1.0,5.183852667186652,4070,3537,/home/ekim339/project/SD3.5/datasets/SRNet_Datagen/train/train-50k-2/i_s/18796.png,/home/ekim339/project/SD3.5/experiments/self_prompting_sd35/results/inputs/0066_18796.png,/home/ekim339/project/SD3.5/datasets/SRNet_Datagen/train/train-50k-2/mask_s/18796.png,/home/ekim339/project/SD3.5/experiments/self_prompting_sd35/results/generated/self_prompting_sd35/special_5/0066.png
1335,66,18796.png,self_prompting_sd35,special_6,muddy,$+#&$,muddy,0.0,0.0,1.0,5.183852667186652,4070,3538,/home/ekim339/project/SD3.5/datasets/SRNet_Datagen/train/train-50k-2/i_s/18796.png,/home/ekim339/project/SD3.5/experiments/self_prompting_sd35/results/inputs/0066_18796.png,/home/ekim339/project/SD3.5/datasets/SRNet_Datagen/train/train-50k-2/mask_s/18796.png,/home/ekim339/project/SD3.5/experiments/self_prompting_sd35/results/generated/self_prompting_sd35/special_6/0066.png
1336,67,17007.png,self_prompting_sd35,case_upper,layer,OYGJI,sever,0.0,0.0,1.0,6.601236961631667,4071,3539,/home/ekim339/project/SD3.5/datasets/SRNet_Datagen/train/train-50k-1/i_s/17007.png,/home/ekim339/project/SD3.5/experiments/self_prompting_sd35/results/inputs/0067_17007.png,/home/ekim339/project/SD3.5/datasets/SRNet_Datagen/train/train-50k-1/mask_s/17007.png,/home/ekim339/project/SD3.5/experiments/self_prompting_sd35/results/generated/self_prompting_sd35/case_upper/0067.png
1337,67,17007.png,self_prompting_sd35,case_lower,layer,oygji,coyr,0.0,0.19999999999999996,0.8,6.601236961631667,4071,3540,/home/ekim339/project/SD3.5/datasets/SRNet_Datagen/train/train-50k-1/i_s/17007.png,/home/ekim339/project/SD3.5/experiments/self_prompting_sd35/results/inputs/0067_17007.png,/home/ekim339/project/SD3.5/datasets/SRNet_Datagen/train/train-50k-1/mask_s/17007.png,/home/ekim339/project/SD3.5/experiments/self_prompting_sd35/results/generated/self_prompting_sd35/case_lower/0067.png
1338,67,17007.png,self_prompting_sd35,special_1,layer,WWKHM,seteei,0.0,0.0,1.2,6.601236961631667,4071,3541,/home/ekim339/project/SD3.5/datasets/SRNet_Datagen/train/train-50k-1/i_s/17007.png,/home/ekim339/project/SD3.5/experiments/self_prompting_sd35/results/inputs/0067_17007.png,/home/ekim339/project/SD3.5/datasets/SRNet_Datagen/train/train-50k-1/mask_s/17007.png,/home/ekim339/project/SD3.5/experiments/self_prompting_sd35/results/generated/self_prompting_sd35/special_1/0067.png
1339,67,17007.png,self_prompting_sd35,special_2,layer,h$suI,sete,0.0,0.0,1.0,6.601236961631667,4071,3542,/home/ekim339/project/SD3.5/datasets/SRNet_Datagen/train/train-50k-1/i_s/17007.png,/home/ekim339/project/SD3.5/experiments/self_prompting_sd35/results/inputs/0067_17007.png,/home/ekim339/project/SD3.5/datasets/SRNet_Datagen/train/train-50k-1/mask_s/17007.png,/home/ekim339/project/SD3.5/experiments/self_prompting_sd35/results/generated/self_prompting_sd35/special_2/0067.png
1340,67,17007.png,self_prompting_sd35,special_3,layer,?&JqU,dates,0.0,0.0,1.0,6.601236961631667,4071,3543,/home/ekim339/project/SD3.5/datasets/SRNet_Datagen/train/train-50k-1/i_s/17007.png,/home/ekim339/project/SD3.5/experiments/self_prompting_sd35/results/inputs/0067_17007.png,/home/ekim339/project/SD3.5/datasets/SRNet_Datagen/train/train-50k-1/mask_s/17007.png,/home/ekim339/project/SD3.5/experiments/self_prompting_sd35/results/generated/self_prompting_sd35/special_3/0067.png
1341,67,17007.png,self_prompting_sd35,special_4,layer,:Mc,sibee,0.0,0.0,1.6666666666666667,6.601236961631667,4071,3544,/home/ekim339/project/SD3.5/datasets/SRNet_Datagen/train/train-50k-1/i_s/17007.png,/home/ekim339/project/SD3.5/experiments/self_prompting_sd35/results/inputs/0067_17007.png,/home/ekim339/project/SD3.5/datasets/SRNet_Datagen/train/train-50k-1/mask_s/17007.png,/home/ekim339/project/SD3.5/experiments/self_prompting_sd35/results/generated/self_prompting_sd35/special_4/0067.png
1342,67,17007.png,self_prompting_sd35,special_5,layer,_%%_N,dane,0.0,0.0,1.0,6.601236961631667,4071,3545,/home/ekim339/project/SD3.5/datasets/SRNet_Datagen/train/train-50k-1/i_s/17007.png,/home/ekim339/project/SD3.5/experiments/self_prompting_sd35/results/inputs/0067_17007.png,/home/ekim339/project/SD3.5/datasets/SRNet_Datagen/train/train-50k-1/mask_s/17007.png,/home/ekim339/project/SD3.5/experiments/self_prompting_sd35/results/generated/self_prompting_sd35/special_5/0067.png
1343,67,17007.png,self_prompting_sd35,special_6,layer,",-=*_",sniers,0.0,0.0,1.2,6.601236961631667,4071,3546,/home/ekim339/project/SD3.5/datasets/SRNet_Datagen/train/train-50k-1/i_s/17007.png,/home/ekim339/project/SD3.5/experiments/self_prompting_sd35/results/inputs/0067_17007.png,/home/ekim339/project/SD3.5/datasets/SRNet_Datagen/train/train-50k-1/mask_s/17007.png,/home/ekim339/project/SD3.5/experiments/self_prompting_sd35/results/generated/self_prompting_sd35/special_6/0067.png
1344,68,08524.png,self_prompting_sd35,case_upper,sooth,IXRTB,sooth,0.0,0.0,1.0,6.41491731688589,4072,3547,/home/ekim339/project/SD3.5/datasets/SRNet_Datagen/train/train-50k-2/i_s/08524.png,/home/ekim339/project/SD3.5/experiments/self_prompting_sd35/results/inputs/0068_08524.png,/home/ekim339/project/SD3.5/datasets/SRNet_Datagen/train/train-50k-2/mask_s/08524.png,/home/ekim339/project/SD3.5/experiments/self_prompting_sd35/results/generated/self_prompting_sd35/case_upper/0068.png
1345,68,08524.png,self_prompting_sd35,case_lower,sooth,ixrtb,sooth,0.0,0.19999999999999996,0.8,6.41491731688589,4072,3548,/home/ekim339/project/SD3.5/datasets/SRNet_Datagen/train/train-50k-2/i_s/08524.png,/home/ekim339/project/SD3.5/experiments/self_prompting_sd35/results/inputs/0068_08524.png,/home/ekim339/project/SD3.5/datasets/SRNet_Datagen/train/train-50k-2/mask_s/08524.png,/home/ekim339/project/SD3.5/experiments/self_prompting_sd35/results/generated/self_prompting_sd35/case_lower/0068.png
1346,68,08524.png,self_prompting_sd35,special_1,sooth,EreJZ,sooth,0.0,0.0,1.0,6.41491731688589,4072,3549,/home/ekim339/project/SD3.5/datasets/SRNet_Datagen/train/train-50k-2/i_s/08524.png,/home/ekim339/project/SD3.5/experiments/self_prompting_sd35/results/inputs/0068_08524.png,/home/ekim339/project/SD3.5/datasets/SRNet_Datagen/train/train-50k-2/mask_s/08524.png,/home/ekim339/project/SD3.5/experiments/self_prompting_sd35/results/generated/self_prompting_sd35/special_1/0068.png
1347,68,08524.png,self_prompting_sd35,special_2,sooth,kCsc!,sectric,0.0,0.0,1.4,6.41491731688589,4072,3550,/home/ekim339/project/SD3.5/datasets/SRNet_Datagen/train/train-50k-2/i_s/08524.png,/home/ekim339/project/SD3.5/experiments/self_prompting_sd35/results/inputs/0068_08524.png,/home/ekim339/project/SD3.5/datasets/SRNet_Datagen/train/train-50k-2/mask_s/08524.png,/home/ekim339/project/SD3.5/experiments/self_prompting_sd35/results/generated/self_prompting_sd35/special_2/0068.png
1348,68,08524.png,self_prompting_sd35,special_3,sooth,crz$#,seeeti,0.0,0.0,1.2,6.41491731688589,4072,3551,/home/ekim339/project/SD3.5/datasets/SRNet_Datagen/train/train-50k-2/i_s/08524.png,/home/ekim339/project/SD3.5/experiments/self_prompting_sd35/results/inputs/0068_08524.png,/home/ekim339/project/SD3.5/datasets/SRNet_Datagen/train/train-50k-2/mask_s/08524.png,/home/ekim339/project/SD3.5/experiments/self_prompting_sd35/results/generated/self_prompting_sd35/special_3/0068.png
1349,68,08524.png,self_prompting_sd35,special_4,sooth,M#H,spoth,0.0,0.0,1.6666666666666667,6.41491731688589,4072,3552,/home/ekim339/project/SD3.5/datasets/SRNet_Datagen/train/train-50k-2/i_s/08524.png,/home/ekim339/project/SD3.5/experiments/self_prompting_sd35/results/inputs/0068_08524.png,/home/ekim339/project/SD3.5/datasets/SRNet_Datagen/train/train-50k-2/mask_s/08524.png,/home/ekim339/project/SD3.5/experiments/self_prompting_sd35/results/generated/self_prompting_sd35/special_4/0068.png
1350,68,08524.png,self_prompting_sd35,special_5,sooth,!&:@a,sooth,0.0,0.0,1.0,6.41491731688589,4072,3553,/home/ekim339/project/SD3.5/datasets/SRNet_Datagen/train/train-50k-2/i_s/08524.png,/home/ekim339/project/SD3.5/experiments/self_prompting_sd35/results/inputs/0068_08524.png,/home/ekim339/project/SD3.5/datasets/SRNet_Datagen/train/train-50k-2/mask_s/08524.png,/home/ekim339/project/SD3.5/experiments/self_prompting_sd35/results/generated/self_prompting_sd35/special_5/0068.png
1351,68,08524.png,self_prompting_sd35,special_6,sooth,**.;.,sootf,0.0,0.0,1.0,6.41491731688589,4072,3554,/home/ekim339/project/SD3.5/datasets/SRNet_Datagen/train/train-50k-2/i_s/08524.png,/home/ekim339/project/SD3.5/experiments/self_prompting_sd35/results/inputs/0068_08524.png,/home/ekim339/project/SD3.5/datasets/SRNet_Datagen/train/train-50k-2/mask_s/08524.png,/home/ekim339/project/SD3.5/experiments/self_prompting_sd35/results/generated/self_prompting_sd35/special_6/0068.png
1352,69,11903.png,self_prompting_sd35,case_upper,hauls,RFOFP,hauls,0.0,0.0,1.0,7.317031278913556,4073,3555,/home/ekim339/project/SD3.5/datasets/SRNet_Datagen/train/train-50k-4/i_s/11903.png,/home/ekim339/project/SD3.5/experiments/self_prompting_sd35/results/inputs/0069_11903.png,/home/ekim339/project/SD3.5/datasets/SRNet_Datagen/train/train-50k-4/mask_s/11903.png,/home/ekim339/project/SD3.5/experiments/self_prompting_sd35/results/generated/self_prompting_sd35/case_upper/0069.png
1353,69,11903.png,self_prompting_sd35,case_lower,hauls,rfofp,iauus,0.0,0.0,1.0,7.317031278913556,4073,3556,/home/ekim339/project/SD3.5/datasets/SRNet_Datagen/train/train-50k-4/i_s/11903.png,/home/ekim339/project/SD3.5/experiments/self_prompting_sd35/results/inputs/0069_11903.png,/home/ekim339/project/SD3.5/datasets/SRNet_Datagen/train/train-50k-4/mask_s/11903.png,/home/ekim339/project/SD3.5/experiments/self_prompting_sd35/results/generated/self_prompting_sd35/case_lower/0069.png
1354,69,11903.png,self_prompting_sd35,special_1,hauls,bClWL,haulks,0.0,0.16666666666666663,1.0,7.317031278913556,4073,3557,/home/ekim339/project/SD3.5/datasets/SRNet_Datagen/train/train-50k-4/i_s/11903.png,/home/ekim339/project/SD3.5/experiments/self_prompting_sd35/results/inputs/0069_11903.png,/home/ekim339/project/SD3.5/datasets/SRNet_Datagen/train/train-50k-4/mask_s/11903.png,/home/ekim339/project/SD3.5/experiments/self_prompting_sd35/results/generated/self_prompting_sd35/special_1/0069.png
1355,69,11903.png,self_prompting_sd35,special_2,hauls,G&onD,thause,0.0,0.0,1.2,7.317031278913556,4073,3558,/home/ekim339/project/SD3.5/datasets/SRNet_Datagen/train/train-50k-4/i_s/11903.png,/home/ekim339/project/SD3.5/experiments/self_prompting_sd35/results/inputs/0069_11903.png,/home/ekim339/project/SD3.5/datasets/SRNet_Datagen/train/train-50k-4/mask_s/11903.png,/home/ekim339/project/SD3.5/experiments/self_prompting_sd35/results/generated/self_prompting_sd35/special_2/0069.png
1356,69,11903.png,self_prompting_sd35,special_3,hauls,;Bm.l,hadls,0.0,0.0,1.0,7.317031278913556,4073,3559,/home/ekim339/project/SD3.5/datasets/SRNet_Datagen/train/train-50k-4/i_s/11903.png,/home/ekim339/project/SD3.5/experiments/self_prompting_sd35/results/inputs/0069_11903.png,/home/ekim339/project/SD3.5/datasets/SRNet_Datagen/train/train-50k-4/mask_s/11903.png,/home/ekim339/project/SD3.5/experiments/self_prompting_sd35/results/generated/self_prompting_sd35/special_3/0069.png
1357,69,11903.png,self_prompting_sd35,special_4,hauls,#sT,hauls,0.0,0.0,1.6666666666666667,7.317031278913556,4073,3560,/home/ekim339/project/SD3.5/datasets/SRNet_Datagen/train/train-50k-4/i_s/11903.png,/home/ekim339/project/SD3.5/experiments/self_prompting_sd35/results/inputs/0069_11903.png,/home/ekim339/project/SD3.5/datasets/SRNet_Datagen/train/train-50k-4/mask_s/11903.png,/home/ekim339/project/SD3.5/experiments/self_prompting_sd35/results/generated/self_prompting_sd35/special_4/0069.png
1358,69,11903.png,self_prompting_sd35,special_5,hauls,$=?g+,thaugh,0.0,0.16666666666666663,1.0,7.317031278913556,4073,3561,/home/ekim339/project/SD3.5/datasets/SRNet_Datagen/train/train-50k-4/i_s/11903.png,/home/ekim339/project/SD3.5/experiments/self_prompting_sd35/results/inputs/0069_11903.png,/home/ekim339/project/SD3.5/datasets/SRNet_Datagen/train/train-50k-4/mask_s/11903.png,/home/ekim339/project/SD3.5/experiments/self_prompting_sd35/results/generated/self_prompting_sd35/special_5/0069.png
1359,69,11903.png,self_prompting_sd35,special_6,hauls,_.!+;,hauls,0.0,0.0,1.0,7.317031278913556,4073,3562,/home/ekim339/project/SD3.5/datasets/SRNet_Datagen/train/train-50k-4/i_s/11903.png,/home/ekim339/project/SD3.5/experiments/self_prompting_sd35/results/inputs/0069_11903.png,/home/ekim339/project/SD3.5/datasets/SRNet_Datagen/train/train-50k-4/mask_s/11903.png,/home/ekim339/project/SD3.5/experiments/self_prompting_sd35/results/generated/self_prompting_sd35/special_6/0069.png
1360,70,34323.png,self_prompting_sd35,case_upper,creek,KTDEA,sone,0.0,0.0,1.0,10.15470667471994,4074,3563,/home/ekim339/project/SD3.5/datasets/SRNet_Datagen/train/train-50k-2/i_s/34323.png,/home/ekim339/project/SD3.5/experiments/self_prompting_sd35/results/inputs/0070_34323.png,/home/ekim339/project/SD3.5/datasets/SRNet_Datagen/train/train-50k-2/mask_s/34323.png,/home/ekim339/project/SD3.5/experiments/self_prompting_sd35/results/generated/self_prompting_sd35/case_upper/0070.png
1361,70,34323.png,self_prompting_sd35,case_lower,creek,ktdea,sesoogee,0.0,0.125,1.4,10.15470667471994,4074,3564,/home/ekim339/project/SD3.5/datasets/SRNet_Datagen/train/train-50k-2/i_s/34323.png,/home/ekim339/project/SD3.5/experiments/self_prompting_sd35/results/inputs/0070_34323.png,/home/ekim339/project/SD3.5/datasets/SRNet_Datagen/train/train-50k-2/mask_s/34323.png,/home/ekim339/project/SD3.5/experiments/self_prompting_sd35/results/generated/self_prompting_sd35/case_lower/0070.png
1362,70,34323.png,self_prompting_sd35,special_1,creek,HxEpS,mecroggii,0.0,0.0,1.8,10.15470667471994,4074,3565,/home/ekim339/project/SD3.5/datasets/SRNet_Datagen/train/train-50k-2/i_s/34323.png,/home/ekim339/project/SD3.5/experiments/self_prompting_sd35/results/inputs/0070_34323.png,/home/ekim339/project/SD3.5/datasets/SRNet_Datagen/train/train-50k-2/mask_s/34323.png,/home/ekim339/project/SD3.5/experiments/self_prompting_sd35/results/generated/self_prompting_sd35/special_1/0070.png
1363,70,34323.png,self_prompting_sd35,special_2,creek,B$EWz,iecrreation,0.0,0.0,2.2,10.15470667471994,4074,3566,/home/ekim339/project/SD3.5/datasets/SRNet_Datagen/train/train-50k-2/i_s/34323.png,/home/ekim339/project/SD3.5/experiments/self_prompting_sd35/results/inputs/0070_34323.png,/home/ekim339/project/SD3.5/datasets/SRNet_Datagen/train/train-50k-2/mask_s/34323.png,/home/ekim339/project/SD3.5/experiments/self_prompting_sd35/results/generated/self_prompting_sd35/special_2/0070.png
1364,70,34323.png,self_prompting_sd35,special_3,creek,kLm@*,mecrraati,0.0,0.0,1.8,10.15470667471994,4074,3567,/home/ekim339/project/SD3.5/datasets/SRNet_Datagen/train/train-50k-2/i_s/34323.png,/home/ekim339/project/SD3.5/experiments/self_prompting_sd35/results/inputs/0070_34323.png,/home/ekim339/project/SD3.5/datasets/SRNet_Datagen/train/train-50k-2/mask_s/34323.png,/home/ekim339/project/SD3.5/experiments/self_prompting_sd35/results/generated/self_prompting_sd35/special_3/0070.png
1365,70,34323.png,self_prompting_sd35,special_4,creek,?JX,ceteraake,0.0,0.0,3.0,10.15470667471994,4074,3568,/home/ekim339/project/SD3.5/datasets/SRNet_Datagen/train/train-50k-2/i_s/34323.png,/home/ekim339/project/SD3.5/experiments/self_prompting_sd35/results/inputs/0070_34323.png,/home/ekim339/project/SD3.5/datasets/SRNet_Datagen/train/train-50k-2/mask_s/34323.png,/home/ekim339/project/SD3.5/experiments/self_prompting_sd35/results/generated/self_prompting_sd35/special_4/0070.png
1366,70,34323.png,self_prompting_sd35,special_5,creek,=:_L?,iecrralyze,0.0,0.0,2.0,10.15470667471994,4074,3569,/home/ekim339/project/SD3.5/datasets/SRNet_Datagen/train/train-50k-2/i_s/34323.png,/home/ekim339/project/SD3.5/experiments/self_prompting_sd35/results/inputs/0070_34323.png,/home/ekim339/project/SD3.5/datasets/SRNet_Datagen/train/train-50k-2/mask_s/34323.png,/home/ekim339/project/SD3.5/experiments/self_prompting_sd35/results/generated/self_prompting_sd35/special_5/0070.png
1367,70,34323.png,self_prompting_sd35,special_6,creek,",@+!&",incrralliin,0.0,0.0,2.2,10.15470667471994,4074,3570,/home/ekim339/project/SD3.5/datasets/SRNet_Datagen/train/train-50k-2/i_s/34323.png,/home/ekim339/project/SD3.5/experiments/self_prompting_sd35/results/inputs/0070_34323.png,/home/ekim339/project/SD3.5/datasets/SRNet_Datagen/train/train-50k-2/mask_s/34323.png,/home/ekim339/project/SD3.5/experiments/self_prompting_sd35/results/generated/self_prompting_sd35/special_6/0070.png
1368,71,20710.png,self_prompting_sd35,case_upper,prink,KPBCF,coorria,0.0,0.0,1.4,10.569393844982482,4075,3571,/home/ekim339/project/SD3.5/datasets/SRNet_Datagen/train/train-50k-2/i_s/20710.png,/home/ekim339/project/SD3.5/experiments/self_prompting_sd35/results/inputs/0071_20710.png,/home/ekim339/project/SD3.5/datasets/SRNet_Datagen/train/train-50k-2/mask_s/20710.png,/home/ekim339/project/SD3.5/experiments/self_prompting_sd35/results/generated/self_prompting_sd35/case_upper/0071.png
1369,71,20710.png,self_prompting_sd35,case_lower,prink,kpbcf,piky,0.0,0.19999999999999996,0.8,10.569393844982482,4075,3572,/home/ekim339/project/SD3.5/datasets/SRNet_Datagen/train/train-50k-2/i_s/20710.png,/home/ekim339/project/SD3.5/experiments/self_prompting_sd35/results/inputs/0071_20710.png,/home/ekim339/project/SD3.5/datasets/SRNet_Datagen/train/train-50k-2/mask_s/20710.png,/home/ekim339/project/SD3.5/experiments/self_prompting_sd35/results/generated/self_prompting_sd35/case_lower/0071.png
1370,71,20710.png,self_prompting_sd35,special_1,prink,IYrgK,saptiy,0.0,0.0,1.2,10.569393844982482,4075,3573,/home/ekim339/project/SD3.5/datasets/SRNet_Datagen/train/train-50k-2/i_s/20710.png,/home/ekim339/project/SD3.5/experiments/self_prompting_sd35/results/inputs/0071_20710.png,/home/ekim339/project/SD3.5/datasets/SRNet_Datagen/train/train-50k-2/mask_s/20710.png,/home/ekim339/project/SD3.5/experiments/self_prompting_sd35/results/generated/self_prompting_sd35/special_1/0071.png
1371,71,20710.png,self_prompting_sd35,special_2,prink,gozl+,iepprraay,0.0,0.0,1.8,10.569393844982482,4075,3574,/home/ekim339/project/SD3.5/datasets/SRNet_Datagen/train/train-50k-2/i_s/20710.png,/home/ekim339/project/SD3.5/experiments/self_prompting_sd35/results/inputs/0071_20710.png,/home/ekim339/project/SD3.5/datasets/SRNet_Datagen/train/train-50k-2/mask_s/20710.png,/home/ekim339/project/SD3.5/experiments/self_prompting_sd35/results/generated/self_prompting_sd35/special_2/0071.png
1372,71,20710.png,self_prompting_sd35,special_3,prink,=_wxp,priry,0.0,0.0,1.0,10.569393844982482,4075,3575,/home/ekim339/project/SD3.5/datasets/SRNet_Datagen/train/train-50k-2/i_s/20710.png,/home/ekim339/project/SD3.5/experiments/self_prompting_sd35/results/inputs/0071_20710.png,/home/ekim339/project/SD3.5/datasets/SRNet_Datagen/train/train-50k-2/mask_s/20710.png,/home/ekim339/project/SD3.5/experiments/self_prompting_sd35/results/generated/self_prompting_sd35/special_3/0071.png
1373,71,20710.png,self_prompting_sd35,special_4,prink,mU:,mitt,0.0,0.25,1.0,10.569393844982482,4075,3576,/home/ekim339/project/SD3.5/datasets/SRNet_Datagen/train/train-50k-2/i_s/20710.png,/home/ekim339/project/SD3.5/experiments/self_prompting_sd35/results/inputs/0071_20710.png,/home/ekim339/project/SD3.5/datasets/SRNet_Datagen/train/train-50k-2/mask_s/20710.png,/home/ekim339/project/SD3.5/experiments/self_prompting_sd35/results/generated/self_prompting_sd35/special_4/0071.png
1374,71,20710.png,self_prompting_sd35,special_5,prink,-T-=?,thicy,0.0,0.0,1.0,10.569393844982482,4075,3577,/home/ekim339/project/SD3.5/datasets/SRNet_Datagen/train/train-50k-2/i_s/20710.png,/home/ekim339/project/SD3.5/experiments/self_prompting_sd35/results/inputs/0071_20710.png,/home/ekim339/project/SD3.5/datasets/SRNet_Datagen/train/train-50k-2/mask_s/20710.png,/home/ekim339/project/SD3.5/experiments/self_prompting_sd35/results/generated/self_prompting_sd35/special_5/0071.png
1375,71,20710.png,self_prompting_sd35,special_6,prink,?*$@.,spicy,0.0,0.0,1.0,10.569393844982482,4075,3578,/home/ekim339/project/SD3.5/datasets/SRNet_Datagen/train/train-50k-2/i_s/20710.png,/home/ekim339/project/SD3.5/experiments/self_prompting_sd35/results/inputs/0071_20710.png,/home/ekim339/project/SD3.5/datasets/SRNet_Datagen/train/train-50k-2/mask_s/20710.png,/home/ekim339/project/SD3.5/experiments/self_prompting_sd35/results/generated/self_prompting_sd35/special_6/0071.png
1376,72,49668.png,self_prompting_sd35,case_upper,studs,NPKCA,dluude,0.0,0.0,1.2,3.546140889074433,4076,3579,/home/ekim339/project/SD3.5/datasets/SRNet_Datagen/train/train-50k-2/i_s/49668.png,/home/ekim339/project/SD3.5/experiments/self_prompting_sd35/results/inputs/0072_49668.png,/home/ekim339/project/SD3.5/datasets/SRNet_Datagen/train/train-50k-2/mask_s/49668.png,/home/ekim339/project/SD3.5/experiments/self_prompting_sd35/results/generated/self_prompting_sd35/case_upper/0072.png
1377,72,49668.png,self_prompting_sd35,case_lower,studs,npkca,lines,0.0,0.0,1.0,3.546140889074433,4076,3580,/home/ekim339/project/SD3.5/datasets/SRNet_Datagen/train/train-50k-2/i_s/49668.png,/home/ekim339/project/SD3.5/experiments/self_prompting_sd35/results/inputs/0072_49668.png,/home/ekim339/project/SD3.5/datasets/SRNet_Datagen/train/train-50k-2/mask_s/49668.png,/home/ekim339/project/SD3.5/experiments/self_prompting_sd35/results/generated/self_prompting_sd35/case_lower/0072.png
1378,72,49668.png,self_prompting_sd35,special_1,studs,mDsXv,dhne,0.0,0.0,1.0,3.546140889074433,4076,3581,/home/ekim339/project/SD3.5/datasets/SRNet_Datagen/train/train-50k-2/i_s/49668.png,/home/ekim339/project/SD3.5/experiments/self_prompting_sd35/results/inputs/0072_49668.png,/home/ekim339/project/SD3.5/datasets/SRNet_Datagen/train/train-50k-2/mask_s/49668.png,/home/ekim339/project/SD3.5/experiments/self_prompting_sd35/results/generated/self_prompting_sd35/special_1/0072.png
1379,72,49668.png,self_prompting_sd35,special_2,studs,nOxQ#,studk,0.0,0.0,1.0,3.546140889074433,4076,3582,/home/ekim339/project/SD3.5/datasets/SRNet_Datagen/train/train-50k-2/i_s/49668.png,/home/ekim339/project/SD3.5/experiments/self_prompting_sd35/results/inputs/0072_49668.png,/home/ekim339/project/SD3.5/datasets/SRNet_Datagen/train/train-50k-2/mask_s/49668.png,/home/ekim339/project/SD3.5/experiments/self_prompting_sd35/results/generated/self_prompting_sd35/special_2/0072.png
1380,72,49668.png,self_prompting_sd35,special_3,studs,-Ys:g,studs,0.0,0.0,1.0,3.546140889074433,4076,3583,/home/ekim339/project/SD3.5/datasets/SRNet_Datagen/train/train-50k-2/i_s/49668.png,/home/ekim339/project/SD3.5/experiments/self_prompting_sd35/results/inputs/0072_49668.png,/home/ekim339/project/SD3.5/datasets/SRNet_Datagen/train/train-50k-2/mask_s/49668.png,/home/ekim339/project/SD3.5/experiments/self_prompting_sd35/results/generated/self_prompting_sd35/special_3/0072.png
1381,72,49668.png,self_prompting_sd35,special_4,studs,I_f,sites,0.0,0.0,1.6666666666666667,3.546140889074433,4076,3584,/home/ekim339/project/SD3.5/datasets/SRNet_Datagen/train/train-50k-2/i_s/49668.png,/home/ekim339/project/SD3.5/experiments/self_prompting_sd35/results/inputs/0072_49668.png,/home/ekim339/project/SD3.5/datasets/SRNet_Datagen/train/train-50k-2/mask_s/49668.png,/home/ekim339/project/SD3.5/experiments/self_prompting_sd35/results/generated/self_prompting_sd35/special_4/0072.png
1382,72,49668.png,self_prompting_sd35,special_5,studs,$=:+t,stuut,0.0,0.19999999999999996,0.8,3.546140889074433,4076,3585,/home/ekim339/project/SD3.5/datasets/SRNet_Datagen/train/train-50k-2/i_s/49668.png,/home/ekim339/project/SD3.5/experiments/self_prompting_sd35/results/inputs/0072_49668.png,/home/ekim339/project/SD3.5/datasets/SRNet_Datagen/train/train-50k-2/mask_s/49668.png,/home/ekim339/project/SD3.5/experiments/self_prompting_sd35/results/generated/self_prompting_sd35/special_5/0072.png
1383,72,49668.png,self_prompting_sd35,special_6,studs,$;%=:,stut,0.0,0.0,1.0,3.546140889074433,4076,3586,/home/ekim339/project/SD3.5/datasets/SRNet_Datagen/train/train-50k-2/i_s/49668.png,/home/ekim339/project/SD3.5/experiments/self_prompting_sd35/results/inputs/0072_49668.png,/home/ekim339/project/SD3.5/datasets/SRNet_Datagen/train/train-50k-2/mask_s/49668.png,/home/ekim339/project/SD3.5/experiments/self_prompting_sd35/results/generated/self_prompting_sd35/special_6/0072.png
1384,73,11374.png,self_prompting_sd35,case_upper,indan,HGMOW,inder,0.0,0.0,1.0,2.4611295832869677,4077,3587,/home/ekim339/project/SD3.5/datasets/SRNet_Datagen/train/train-50k-1/i_s/11374.png,/home/ekim339/project/SD3.5/experiments/self_prompting_sd35/results/inputs/0073_11374.png,/home/ekim339/project/SD3.5/datasets/SRNet_Datagen/train/train-50k-1/mask_s/11374.png,/home/ekim339/project/SD3.5/experiments/self_prompting_sd35/results/generated/self_prompting_sd35/case_upper/0073.png
1385,73,11374.png,self_prompting_sd35,case_lower,indan,hgmow,indan,0.0,0.0,1.0,2.4611295832869677,4077,3588,/home/ekim339/project/SD3.5/datasets/SRNet_Datagen/train/train-50k-1/i_s/11374.png,/home/ekim339/project/SD3.5/experiments/self_prompting_sd35/results/inputs/0073_11374.png,/home/ekim339/project/SD3.5/datasets/SRNet_Datagen/train/train-50k-1/mask_s/11374.png,/home/ekim339/project/SD3.5/experiments/self_prompting_sd35/results/generated/self_prompting_sd35/case_lower/0073.png
1386,73,11374.png,self_prompting_sd35,special_1,indan,mWwxK,indor,0.0,0.0,1.0,2.4611295832869677,4077,3589,/home/ekim339/project/SD3.5/datasets/SRNet_Datagen/train/train-50k-1/i_s/11374.png,/home/ekim339/project/SD3.5/experiments/self_prompting_sd35/results/inputs/0073_11374.png,/home/ekim339/project/SD3.5/datasets/SRNet_Datagen/train/train-50k-1/mask_s/11374.png,/home/ekim339/project/SD3.5/experiments/self_prompting_sd35/results/generated/self_prompting_sd35/special_1/0073.png
1387,73,11374.png,self_prompting_sd35,special_2,indan,yOAi;,index,0.0,0.0,1.0,2.4611295832869677,4077,3590,/home/ekim339/project/SD3.5/datasets/SRNet_Datagen/train/train-50k-1/i_s/11374.png,/home/ekim339/project/SD3.5/experiments/self_prompting_sd35/results/inputs/0073_11374.png,/home/ekim339/project/SD3.5/datasets/SRNet_Datagen/train/train-50k-1/mask_s/11374.png,/home/ekim339/project/SD3.5/experiments/self_prompting_sd35/results/generated/self_prompting_sd35/special_2/0073.png
1388,73,11374.png,self_prompting_sd35,special_3,indan,aU#R:,indan,0.0,0.0,1.0,2.4611295832869677,4077,3591,/home/ekim339/project/SD3.5/datasets/SRNet_Datagen/train/train-50k-1/i_s/11374.png,/home/ekim339/project/SD3.5/experiments/self_prompting_sd35/results/inputs/0073_11374.png,/home/ekim339/project/SD3.5/datasets/SRNet_Datagen/train/train-50k-1/mask_s/11374.png,/home/ekim339/project/SD3.5/experiments/self_prompting_sd35/results/generated/self_prompting_sd35/special_3/0073.png
1389,73,11374.png,self_prompting_sd35,special_4,indan,g%m,inden,0.0,0.0,1.6666666666666667,2.4611295832869677,4077,3592,/home/ekim339/project/SD3.5/datasets/SRNet_Datagen/train/train-50k-1/i_s/11374.png,/home/ekim339/project/SD3.5/experiments/self_prompting_sd35/results/inputs/0073_11374.png,/home/ekim339/project/SD3.5/datasets/SRNet_Datagen/train/train-50k-1/mask_s/11374.png,/home/ekim339/project/SD3.5/experiments/self_prompting_sd35/results/generated/self_prompting_sd35/special_4/0073.png
1390,73,11374.png,self_prompting_sd35,special_5,indan,$$T%!,indan,0.0,0.0,1.0,2.4611295832869677,4077,3593,/home/ekim339/project/SD3.5/datasets/SRNet_Datagen/train/train-50k-1/i_s/11374.png,/home/ekim339/project/SD3.5/experiments/self_prompting_sd35/results/inputs/0073_11374.png,/home/ekim339/project/SD3.5/datasets/SRNet_Datagen/train/train-50k-1/mask_s/11374.png,/home/ekim339/project/SD3.5/experiments/self_prompting_sd35/results/generated/self_prompting_sd35/special_5/0073.png
1391,73,11374.png,self_prompting_sd35,special_6,indan,.$@;=,inclane,0.0,0.0,1.4,2.4611295832869677,4077,3594,/home/ekim339/project/SD3.5/datasets/SRNet_Datagen/train/train-50k-1/i_s/11374.png,/home/ekim339/project/SD3.5/experiments/self_prompting_sd35/results/inputs/0073_11374.png,/home/ekim339/project/SD3.5/datasets/SRNet_Datagen/train/train-50k-1/mask_s/11374.png,/home/ekim339/project/SD3.5/experiments/self_prompting_sd35/results/generated/self_prompting_sd35/special_6/0073.png
1392,74,39814.png,self_prompting_sd35,case_upper,flews,VBAGB,news,0.0,0.0,1.0,6.8219108663401675,4078,3595,/home/ekim339/project/SD3.5/datasets/SRNet_Datagen/train/train-50k-2/i_s/39814.png,/home/ekim339/project/SD3.5/experiments/self_prompting_sd35/results/inputs/0074_39814.png,/home/ekim339/project/SD3.5/datasets/SRNet_Datagen/train/train-50k-2/mask_s/39814.png,/home/ekim339/project/SD3.5/experiments/self_prompting_sd35/results/generated/self_prompting_sd35/case_upper/0074.png
1393,74,39814.png,self_prompting_sd35,case_lower,flews,vbagb,newss,0.0,0.0,1.0,6.8219108663401675,4078,3596,/home/ekim339/project/SD3.5/datasets/SRNet_Datagen/train/train-50k-2/i_s/39814.png,/home/ekim339/project/SD3.5/experiments/self_prompting_sd35/results/inputs/0074_39814.png,/home/ekim339/project/SD3.5/datasets/SRNet_Datagen/train/train-50k-2/mask_s/39814.png,/home/ekim339/project/SD3.5/experiments/self_prompting_sd35/results/generated/self_prompting_sd35/case_lower/0074.png
1394,74,39814.png,self_prompting_sd35,special_1,flews,oLwRD,news,0.0,0.19999999999999996,0.8,6.8219108663401675,4078,3597,/home/ekim339/project/SD3.5/datasets/SRNet_Datagen/train/train-50k-2/i_s/39814.png,/home/ekim339/project/SD3.5/experiments/self_prompting_sd35/results/inputs/0074_39814.png,/home/ekim339/project/SD3.5/datasets/SRNet_Datagen/train/train-50k-2/mask_s/39814.png,/home/ekim339/project/SD3.5/experiments/self_prompting_sd35/results/generated/self_prompting_sd35/special_1/0074.png
1395,74,39814.png,self_prompting_sd35,special_2,flews,VOok%,news,0.0,0.0,1.0,6.8219108663401675,4078,3598,/home/ekim339/project/SD3.5/datasets/SRNet_Datagen/train/train-50k-2/i_s/39814.png,/home/ekim339/project/SD3.5/experiments/self_prompting_sd35/results/inputs/0074_39814.png,/home/ekim339/project/SD3.5/datasets/SRNet_Datagen/train/train-50k-2/mask_s/39814.png,/home/ekim339/project/SD3.5/experiments/self_prompting_sd35/results/generated/self_prompting_sd35/special_2/0074.png
1396,74,39814.png,self_prompting_sd35,special_3,flews,"t,bY-",flews,0.0,0.0,1.0,6.8219108663401675,4078,3599,/home/ekim339/project/SD3.5/datasets/SRNet_Datagen/train/train-50k-2/i_s/39814.png,/home/ekim339/project/SD3.5/experiments/self_prompting_sd35/results/inputs/0074_39814.png,/home/ekim339/project/SD3.5/datasets/SRNet_Datagen/train/train-50k-2/mask_s/39814.png,/home/ekim339/project/SD3.5/experiments/self_prompting_sd35/results/generated/self_prompting_sd35/special_3/0074.png
1397,74,39814.png,self_prompting_sd35,special_4,flews,b%v,news,0.0,0.0,1.3333333333333333,6.8219108663401675,4078,3600,/home/ekim339/project/SD3.5/datasets/SRNet_Datagen/train/train-50k-2/i_s/39814.png,/home/ekim339/project/SD3.5/experiments/self_prompting_sd35/results/inputs/0074_39814.png,/home/ekim339/project/SD3.5/datasets/SRNet_Datagen/train/train-50k-2/mask_s/39814.png,/home/ekim339/project/SD3.5/experiments/self_prompting_sd35/results/generated/self_prompting_sd35/special_4/0074.png
1398,74,39814.png,self_prompting_sd35,special_5,flews,u$@*%,sesternee,0.0,0.0,1.8,6.8219108663401675,4078,3601,/home/ekim339/project/SD3.5/datasets/SRNet_Datagen/train/train-50k-2/i_s/39814.png,/home/ekim339/project/SD3.5/experiments/self_prompting_sd35/results/inputs/0074_39814.png,/home/ekim339/project/SD3.5/datasets/SRNet_Datagen/train/train-50k-2/mask_s/39814.png,/home/ekim339/project/SD3.5/experiments/self_prompting_sd35/results/generated/self_prompting_sd35/special_5/0074.png
1399,74,39814.png,self_prompting_sd35,special_6,flews,==$=&,flews,0.0,0.0,1.0,6.8219108663401675,4078,3602,/home/ekim339/project/SD3.5/datasets/SRNet_Datagen/train/train-50k-2/i_s/39814.png,/home/ekim339/project/SD3.5/experiments/self_prompting_sd35/results/inputs/0074_39814.png,/home/ekim339/project/SD3.5/datasets/SRNet_Datagen/train/train-50k-2/mask_s/39814.png,/home/ekim339/project/SD3.5/experiments/self_prompting_sd35/results/generated/self_prompting_sd35/special_6/0074.png
1400,75,35362.png,self_prompting_sd35,case_upper,savey,QTSNP,savey,0.0,0.0,1.0,3.2592285201574747,4079,3603,/home/ekim339/project/SD3.5/datasets/SRNet_Datagen/train/train-50k-2/i_s/35362.png,/home/ekim339/project/SD3.5/experiments/self_prompting_sd35/results/inputs/0075_35362.png,/home/ekim339/project/SD3.5/datasets/SRNet_Datagen/train/train-50k-2/mask_s/35362.png,/home/ekim339/project/SD3.5/experiments/self_prompting_sd35/results/generated/self_prompting_sd35/case_upper/0075.png
1401,75,35362.png,self_prompting_sd35,case_lower,savey,qtsnp,savey,0.0,0.0,1.0,3.2592285201574747,4079,3604,/home/ekim339/project/SD3.5/datasets/SRNet_Datagen/train/train-50k-2/i_s/35362.png,/home/ekim339/project/SD3.5/experiments/self_prompting_sd35/results/inputs/0075_35362.png,/home/ekim339/project/SD3.5/datasets/SRNet_Datagen/train/train-50k-2/mask_s/35362.png,/home/ekim339/project/SD3.5/experiments/self_prompting_sd35/results/generated/self_prompting_sd35/case_lower/0075.png
1402,75,35362.png,self_prompting_sd35,special_1,savey,FcKYQ,saver,0.0,0.0,1.0,3.2592285201574747,4079,3605,/home/ekim339/project/SD3.5/datasets/SRNet_Datagen/train/train-50k-2/i_s/35362.png,/home/ekim339/project/SD3.5/experiments/self_prompting_sd35/results/inputs/0075_35362.png,/home/ekim339/project/SD3.5/datasets/SRNet_Datagen/train/train-50k-2/mask_s/35362.png,/home/ekim339/project/SD3.5/experiments/self_prompting_sd35/results/generated/self_prompting_sd35/special_1/0075.png
1403,75,35362.png,self_prompting_sd35,special_2,savey,lHAN:,savey,0.0,0.0,1.0,3.2592285201574747,4079,3606,/home/ekim339/project/SD3.5/datasets/SRNet_Datagen/train/train-50k-2/i_s/35362.png,/home/ekim339/project/SD3.5/experiments/self_prompting_sd35/results/inputs/0075_35362.png,/home/ekim339/project/SD3.5/datasets/SRNet_Datagen/train/train-50k-2/mask_s/35362.png,/home/ekim339/project/SD3.5/experiments/self_prompting_sd35/results/generated/self_prompting_sd35/special_2/0075.png
1404,75,35362.png,self_prompting_sd35,special_3,savey,Z-@sg,savey,0.0,0.0,1.0,3.2592285201574747,4079,3607,/home/ekim339/project/SD3.5/datasets/SRNet_Datagen/train/train-50k-2/i_s/35362.png,/home/ekim339/project/SD3.5/experiments/self_prompting_sd35/results/inputs/0075_35362.png,/home/ekim339/project/SD3.5/datasets/SRNet_Datagen/train/train-50k-2/mask_s/35362.png,/home/ekim339/project/SD3.5/experiments/self_prompting_sd35/results/generated/self_prompting_sd35/special_3/0075.png
1405,75,35362.png,self_prompting_sd35,special_4,savey,vB#,savey,0.0,0.19999999999999996,1.3333333333333333,3.2592285201574747,4079,3608,/home/ekim339/project/SD3.5/datasets/SRNet_Datagen/train/train-50k-2/i_s/35362.png,/home/ekim339/project/SD3.5/experiments/self_prompting_sd35/results/inputs/0075_35362.png,/home/ekim339/project/SD3.5/datasets/SRNet_Datagen/train/train-50k-2/mask_s/35362.png,/home/ekim339/project/SD3.5/experiments/self_prompting_sd35/results/generated/self_prompting_sd35/special_4/0075.png
1406,75,35362.png,self_prompting_sd35,special_5,savey,+!*@D,savey,0.0,0.0,1.0,3.2592285201574747,4079,3609,/home/ekim339/project/SD3.5/datasets/SRNet_Datagen/train/train-50k-2/i_s/35362.png,/home/ekim339/project/SD3.5/experiments/self_prompting_sd35/results/inputs/0075_35362.png,/home/ekim339/project/SD3.5/datasets/SRNet_Datagen/train/train-50k-2/mask_s/35362.png,/home/ekim339/project/SD3.5/experiments/self_prompting_sd35/results/generated/self_prompting_sd35/special_5/0075.png
1407,75,35362.png,self_prompting_sd35,special_6,savey,:%-*+,savey,0.0,0.0,1.0,3.2592285201574747,4079,3610,/home/ekim339/project/SD3.5/datasets/SRNet_Datagen/train/train-50k-2/i_s/35362.png,/home/ekim339/project/SD3.5/experiments/self_prompting_sd35/results/inputs/0075_35362.png,/home/ekim339/project/SD3.5/datasets/SRNet_Datagen/train/train-50k-2/mask_s/35362.png,/home/ekim339/project/SD3.5/experiments/self_prompting_sd35/results/generated/self_prompting_sd35/special_6/0075.png
1408,76,09812.png,self_prompting_sd35,case_upper,softy,EBTWT,prorty,0.0,0.0,1.2,2.2530509200186195,4080,3611,/home/ekim339/project/SD3.5/datasets/SRNet_Datagen/train/train-50k-1/i_s/09812.png,/home/ekim339/project/SD3.5/experiments/self_prompting_sd35/results/inputs/0076_09812.png,/home/ekim339/project/SD3.5/datasets/SRNet_Datagen/train/train-50k-1/mask_s/09812.png,/home/ekim339/project/SD3.5/experiments/self_prompting_sd35/results/generated/self_prompting_sd35/case_upper/0076.png
1409,76,09812.png,self_prompting_sd35,case_lower,softy,ebtwt,goofy,0.0,0.0,1.0,2.2530509200186195,4080,3612,/home/ekim339/project/SD3.5/datasets/SRNet_Datagen/train/train-50k-1/i_s/09812.png,/home/ekim339/project/SD3.5/experiments/self_prompting_sd35/results/inputs/0076_09812.png,/home/ekim339/project/SD3.5/datasets/SRNet_Datagen/train/train-50k-1/mask_s/09812.png,/home/ekim339/project/SD3.5/experiments/self_prompting_sd35/results/generated/self_prompting_sd35/case_lower/0076.png
1410,76,09812.png,self_prompting_sd35,special_1,softy,ubrFo,porttip,0.0,0.1428571428571429,1.2,2.2530509200186195,4080,3613,/home/ekim339/project/SD3.5/datasets/SRNet_Datagen/train/train-50k-1/i_s/09812.png,/home/ekim339/project/SD3.5/experiments/self_prompting_sd35/results/inputs/0076_09812.png,/home/ekim339/project/SD3.5/datasets/SRNet_Datagen/train/train-50k-1/mask_s/09812.png,/home/ekim339/project/SD3.5/experiments/self_prompting_sd35/results/generated/self_prompting_sd35/special_1/0076.png
1411,76,09812.png,self_prompting_sd35,special_2,softy,HW:Yb,chafty,0.0,0.0,1.2,2.2530509200186195,4080,3614,/home/ekim339/project/SD3.5/datasets/SRNet_Datagen/train/train-50k-1/i_s/09812.png,/home/ekim339/project/SD3.5/experiments/self_prompting_sd35/results/inputs/0076_09812.png,/home/ekim339/project/SD3.5/datasets/SRNet_Datagen/train/train-50k-1/mask_s/09812.png,/home/ekim339/project/SD3.5/experiments/self_prompting_sd35/results/generated/self_prompting_sd35/special_2/0076.png
1412,76,09812.png,self_prompting_sd35,special_3,softy,"fN:s,",pooi,0.0,0.0,1.0,2.2530509200186195,4080,3615,/home/ekim339/project/SD3.5/datasets/SRNet_Datagen/train/train-50k-1/i_s/09812.png,/home/ekim339/project/SD3.5/experiments/self_prompting_sd35/results/inputs/0076_09812.png,/home/ekim339/project/SD3.5/datasets/SRNet_Datagen/train/train-50k-1/mask_s/09812.png,/home/ekim339/project/SD3.5/experiments/self_prompting_sd35/results/generated/self_prompting_sd35/special_3/0076.png
1413,76,09812.png,self_prompting_sd35,special_4,softy,o#Z,geffty,0.0,0.0,2.0,2.2530509200186195,4080,3616,/home/ekim339/project/SD3.5/datasets/SRNet_Datagen/train/train-50k-1/i_s/09812.png,/home/ekim339/project/SD3.5/experiments/self_prompting_sd35/results/inputs/0076_09812.png,/home/ekim339/project/SD3.5/datasets/SRNet_Datagen/train/train-50k-1/mask_s/09812.png,/home/ekim339/project/SD3.5/experiments/self_prompting_sd35/results/generated/self_prompting_sd35/special_4/0076.png
1414,76,09812.png,self_prompting_sd35,special_5,softy,",-?:d",peati,0.0,0.0,1.0,2.2530509200186195,4080,3617,/home/ekim339/project/SD3.5/datasets/SRNet_Datagen/train/train-50k-1/i_s/09812.png,/home/ekim339/project/SD3.5/experiments/self_prompting_sd35/results/inputs/0076_09812.png,/home/ekim339/project/SD3.5/datasets/SRNet_Datagen/train/train-50k-1/mask_s/09812.png,/home/ekim339/project/SD3.5/experiments/self_prompting_sd35/results/generated/self_prompting_sd35/special_5/0076.png
1415,76,09812.png,self_prompting_sd35,special_6,softy,*#@+@,softy,0.0,0.0,1.0,2.2530509200186195,4080,3618,/home/ekim339/project/SD3.5/datasets/SRNet_Datagen/train/train-50k-1/i_s/09812.png,/home/ekim339/project/SD3.5/experiments/self_prompting_sd35/results/inputs/0076_09812.png,/home/ekim339/project/SD3.5/datasets/SRNet_Datagen/train/train-50k-1/mask_s/09812.png,/home/ekim339/project/SD3.5/experiments/self_prompting_sd35/results/generated/self_prompting_sd35/special_6/0076.png
1416,77,47795.png,self_prompting_sd35,case_upper,woses,GTJIE,senee,0.0,0.0,1.0,10.688574385925895,4081,3619,/home/ekim339/project/SD3.5/datasets/SRNet_Datagen/train/train-50k-4/i_s/47795.png,/home/ekim339/project/SD3.5/experiments/self_prompting_sd35/results/inputs/0077_47795.png,/home/ekim339/project/SD3.5/datasets/SRNet_Datagen/train/train-50k-4/mask_s/47795.png,/home/ekim339/project/SD3.5/experiments/self_prompting_sd35/results/generated/self_prompting_sd35/case_upper/0077.png
1417,77,47795.png,self_prompting_sd35,case_lower,woses,gtjie,surje,0.0,0.19999999999999996,0.8,10.688574385925895,4081,3620,/home/ekim339/project/SD3.5/datasets/SRNet_Datagen/train/train-50k-4/i_s/47795.png,/home/ekim339/project/SD3.5/experiments/self_prompting_sd35/results/inputs/0077_47795.png,/home/ekim339/project/SD3.5/datasets/SRNet_Datagen/train/train-50k-4/mask_s/47795.png,/home/ekim339/project/SD3.5/experiments/self_prompting_sd35/results/generated/self_prompting_sd35/case_lower/0077.png
1418,77,47795.png,self_prompting_sd35,special_1,woses,mlffP,lene,0.0,0.19999999999999996,0.8,10.688574385925895,4081,3621,/home/ekim339/project/SD3.5/datasets/SRNet_Datagen/train/train-50k-4/i_s/47795.png,/home/ekim339/project/SD3.5/experiments/self_prompting_sd35/results/inputs/0077_47795.png,/home/ekim339/project/SD3.5/datasets/SRNet_Datagen/train/train-50k-4/mask_s/47795.png,/home/ekim339/project/SD3.5/experiments/self_prompting_sd35/results/generated/self_prompting_sd35/special_1/0077.png
1419,77,47795.png,self_prompting_sd35,special_2,woses,xQRX-,seweers,0.0,0.0,1.4,10.688574385925895,4081,3622,/home/ekim339/project/SD3.5/datasets/SRNet_Datagen/train/train-50k-4/i_s/47795.png,/home/ekim339/project/SD3.5/experiments/self_prompting_sd35/results/inputs/0077_47795.png,/home/ekim339/project/SD3.5/datasets/SRNet_Datagen/train/train-50k-4/mask_s/47795.png,/home/ekim339/project/SD3.5/experiments/self_prompting_sd35/results/generated/self_prompting_sd35/special_2/0077.png
1420,77,47795.png,self_prompting_sd35,special_3,woses,mWJ:*,srga,0.0,0.0,1.0,10.688574385925895,4081,3623,/home/ekim339/project/SD3.5/datasets/SRNet_Datagen/train/train-50k-4/i_s/47795.png,/home/ekim339/project/SD3.5/experiments/self_prompting_sd35/results/inputs/0077_47795.png,/home/ekim339/project/SD3.5/datasets/SRNet_Datagen/train/train-50k-4/mask_s/47795.png,/home/ekim339/project/SD3.5/experiments/self_prompting_sd35/results/generated/self_prompting_sd35/special_3/0077.png
1421,77,47795.png,self_prompting_sd35,special_4,woses,",Xh",segaer,0.0,0.0,2.0,10.688574385925895,4081,3624,/home/ekim339/project/SD3.5/datasets/SRNet_Datagen/train/train-50k-4/i_s/47795.png,/home/ekim339/project/SD3.5/experiments/self_prompting_sd35/results/inputs/0077_47795.png,/home/ekim339/project/SD3.5/datasets/SRNet_Datagen/train/train-50k-4/mask_s/47795.png,/home/ekim339/project/SD3.5/experiments/self_prompting_sd35/results/generated/self_prompting_sd35/special_4/0077.png
1422,77,47795.png,self_prompting_sd35,special_5,woses,;R;;+,sene,0.0,0.0,1.0,10.688574385925895,4081,3625,/home/ekim339/project/SD3.5/datasets/SRNet_Datagen/train/train-50k-4/i_s/47795.png,/home/ekim339/project/SD3.5/experiments/self_prompting_sd35/results/inputs/0077_47795.png,/home/ekim339/project/SD3.5/datasets/SRNet_Datagen/train/train-50k-4/mask_s/47795.png,/home/ekim339/project/SD3.5/experiments/self_prompting_sd35/results/generated/self_prompting_sd35/special_5/0077.png
1423,77,47795.png,self_prompting_sd35,special_6,woses,#%?-=,sege,0.0,0.0,1.0,10.688574385925895,4081,3626,/home/ekim339/project/SD3.5/datasets/SRNet_Datagen/train/train-50k-4/i_s/47795.png,/home/ekim339/project/SD3.5/experiments/self_prompting_sd35/results/inputs/0077_47795.png,/home/ekim339/project/SD3.5/datasets/SRNet_Datagen/train/train-50k-4/mask_s/47795.png,/home/ekim339/project/SD3.5/experiments/self_prompting_sd35/results/generated/self_prompting_sd35/special_6/0077.png
1424,78,40162.png,self_prompting_sd35,case_upper,reset,DBAUZ,resett,0.0,0.0,1.2,3.97422872615571,4082,3627,/home/ekim339/project/SD3.5/datasets/SRNet_Datagen/train/train-50k-2/i_s/40162.png,/home/ekim339/project/SD3.5/experiments/self_prompting_sd35/results/inputs/0078_40162.png,/home/ekim339/project/SD3.5/datasets/SRNet_Datagen/train/train-50k-2/mask_s/40162.png,/home/ekim339/project/SD3.5/experiments/self_prompting_sd35/results/generated/self_prompting_sd35/case_upper/0078.png
1425,78,40162.png,self_prompting_sd35,case_lower,reset,dbauz,reset,0.0,0.0,1.0,3.97422872615571,4082,3628,/home/ekim339/project/SD3.5/datasets/SRNet_Datagen/train/train-50k-2/i_s/40162.png,/home/ekim339/project/SD3.5/experiments/self_prompting_sd35/results/inputs/0078_40162.png,/home/ekim339/project/SD3.5/datasets/SRNet_Datagen/train/train-50k-2/mask_s/40162.png,/home/ekim339/project/SD3.5/experiments/self_prompting_sd35/results/generated/self_prompting_sd35/case_lower/0078.png
1426,78,40162.png,self_prompting_sd35,special_1,reset,cUiqD,roggit,0.0,0.0,1.2,3.97422872615571,4082,3629,/home/ekim339/project/SD3.5/datasets/SRNet_Datagen/train/train-50k-2/i_s/40162.png,/home/ekim339/project/SD3.5/experiments/self_prompting_sd35/results/inputs/0078_40162.png,/home/ekim339/project/SD3.5/datasets/SRNet_Datagen/train/train-50k-2/mask_s/40162.png,/home/ekim339/project/SD3.5/experiments/self_prompting_sd35/results/generated/self_prompting_sd35/special_1/0078.png
1427,78,40162.png,self_prompting_sd35,special_2,reset,Zng-t,resolt,0.0,0.16666666666666663,1.0,3.97422872615571,4082,3630,/home/ekim339/project/SD3.5/datasets/SRNet_Datagen/train/train-50k-2/i_s/40162.png,/home/ekim339/project/SD3.5/experiments/self_prompting_sd35/results/inputs/0078_40162.png,/home/ekim339/project/SD3.5/datasets/SRNet_Datagen/train/train-50k-2/mask_s/40162.png,/home/ekim339/project/SD3.5/experiments/self_prompting_sd35/results/generated/self_prompting_sd35/special_2/0078.png
1428,78,40162.png,self_prompting_sd35,special_3,reset,",zzW&",reset,0.0,0.0,1.0,3.97422872615571,4082,3631,/home/ekim339/project/SD3.5/datasets/SRNet_Datagen/train/train-50k-2/i_s/40162.png,/home/ekim339/project/SD3.5/experiments/self_prompting_sd35/results/inputs/0078_40162.png,/home/ekim339/project/SD3.5/datasets/SRNet_Datagen/train/train-50k-2/mask_s/40162.png,/home/ekim339/project/SD3.5/experiments/self_prompting_sd35/results/generated/self_prompting_sd35/special_3/0078.png
1429,78,40162.png,self_prompting_sd35,special_4,reset,rt@,reset,0.0,0.19999999999999996,1.3333333333333333,3.97422872615571,4082,3632,/home/ekim339/project/SD3.5/datasets/SRNet_Datagen/train/train-50k-2/i_s/40162.png,/home/ekim339/project/SD3.5/experiments/self_prompting_sd35/results/inputs/0078_40162.png,/home/ekim339/project/SD3.5/datasets/SRNet_Datagen/train/train-50k-2/mask_s/40162.png,/home/ekim339/project/SD3.5/experiments/self_prompting_sd35/results/generated/self_prompting_sd35/special_4/0078.png
1430,78,40162.png,self_prompting_sd35,special_5,reset,=o-##,reset,0.0,0.0,1.0,3.97422872615571,4082,3633,/home/ekim339/project/SD3.5/datasets/SRNet_Datagen/train/train-50k-2/i_s/40162.png,/home/ekim339/project/SD3.5/experiments/self_prompting_sd35/results/inputs/0078_40162.png,/home/ekim339/project/SD3.5/datasets/SRNet_Datagen/train/train-50k-2/mask_s/40162.png,/home/ekim339/project/SD3.5/experiments/self_prompting_sd35/results/generated/self_prompting_sd35/special_5/0078.png
1431,78,40162.png,self_prompting_sd35,special_6,reset,?.+?=,resert,0.0,0.0,1.2,3.97422872615571,4082,3634,/home/ekim339/project/SD3.5/datasets/SRNet_Datagen/train/train-50k-2/i_s/40162.png,/home/ekim339/project/SD3.5/experiments/self_prompting_sd35/results/inputs/0078_40162.png,/home/ekim339/project/SD3.5/datasets/SRNet_Datagen/train/train-50k-2/mask_s/40162.png,/home/ekim339/project/SD3.5/experiments/self_prompting_sd35/results/generated/self_prompting_sd35/special_6/0078.png
1432,79,17150.png,self_prompting_sd35,case_upper,twins,EEXZT,twins,0.0,0.0,1.0,3.4944367717886853,4083,3635,/home/ekim339/project/SD3.5/datasets/SRNet_Datagen/train/train-50k-3/i_s/17150.png,/home/ekim339/project/SD3.5/experiments/self_prompting_sd35/results/inputs/0079_17150.png,/home/ekim339/project/SD3.5/datasets/SRNet_Datagen/train/train-50k-3/mask_s/17150.png,/home/ekim339/project/SD3.5/experiments/self_prompting_sd35/results/generated/self_prompting_sd35/case_upper/0079.png
1433,79,17150.png,self_prompting_sd35,case_lower,twins,eexzt,thiin,0.0,0.0,1.0,3.4944367717886853,4083,3636,/home/ekim339/project/SD3.5/datasets/SRNet_Datagen/train/train-50k-3/i_s/17150.png,/home/ekim339/project/SD3.5/experiments/self_prompting_sd35/results/inputs/0079_17150.png,/home/ekim339/project/SD3.5/datasets/SRNet_Datagen/train/train-50k-3/mask_s/17150.png,/home/ekim339/project/SD3.5/experiments/self_prompting_sd35/results/generated/self_prompting_sd35/case_lower/0079.png
1434,79,17150.png,self_prompting_sd35,special_1,twins,uecxI,twin,0.0,0.0,1.0,3.4944367717886853,4083,3637,/home/ekim339/project/SD3.5/datasets/SRNet_Datagen/train/train-50k-3/i_s/17150.png,/home/ekim339/project/SD3.5/experiments/self_prompting_sd35/results/inputs/0079_17150.png,/home/ekim339/project/SD3.5/datasets/SRNet_Datagen/train/train-50k-3/mask_s/17150.png,/home/ekim339/project/SD3.5/experiments/self_prompting_sd35/results/generated/self_prompting_sd35/special_1/0079.png
1435,79,17150.png,self_prompting_sd35,special_2,twins,$uIsu,thingg,0.0,0.0,1.2,3.4944367717886853,4083,3638,/home/ekim339/project/SD3.5/datasets/SRNet_Datagen/train/train-50k-3/i_s/17150.png,/home/ekim339/project/SD3.5/experiments/self_prompting_sd35/results/inputs/0079_17150.png,/home/ekim339/project/SD3.5/datasets/SRNet_Datagen/train/train-50k-3/mask_s/17150.png,/home/ekim339/project/SD3.5/experiments/self_prompting_sd35/results/generated/self_prompting_sd35/special_2/0079.png
1436,79,17150.png,self_prompting_sd35,special_3,twins,",t%sC",two,0.0,0.19999999999999996,0.8,3.4944367717886853,4083,3639,/home/ekim339/project/SD3.5/datasets/SRNet_Datagen/train/train-50k-3/i_s/17150.png,/home/ekim339/project/SD3.5/experiments/self_prompting_sd35/results/inputs/0079_17150.png,/home/ekim339/project/SD3.5/datasets/SRNet_Datagen/train/train-50k-3/mask_s/17150.png,/home/ekim339/project/SD3.5/experiments/self_prompting_sd35/results/generated/self_prompting_sd35/special_3/0079.png
1437,79,17150.png,self_prompting_sd35,special_4,twins,=Cv,therii,0.0,0.0,2.0,3.4944367717886853,4083,3640,/home/ekim339/project/SD3.5/datasets/SRNet_Datagen/train/train-50k-3/i_s/17150.png,/home/ekim339/project/SD3.5/experiments/self_prompting_sd35/results/inputs/0079_17150.png,/home/ekim339/project/SD3.5/datasets/SRNet_Datagen/train/train-50k-3/mask_s/17150.png,/home/ekim339/project/SD3.5/experiments/self_prompting_sd35/results/generated/self_prompting_sd35/special_4/0079.png
1438,79,17150.png,self_prompting_sd35,special_5,twins,#!I$%,twins,0.0,0.0,1.0,3.4944367717886853,4083,3641,/home/ekim339/project/SD3.5/datasets/SRNet_Datagen/train/train-50k-3/i_s/17150.png,/home/ekim339/project/SD3.5/experiments/self_prompting_sd35/results/inputs/0079_17150.png,/home/ekim339/project/SD3.5/datasets/SRNet_Datagen/train/train-50k-3/mask_s/17150.png,/home/ekim339/project/SD3.5/experiments/self_prompting_sd35/results/generated/self_prompting_sd35/special_5/0079.png
1439,79,17150.png,self_prompting_sd35,special_6,twins,"!,=++",thisse,0.0,0.0,1.2,3.4944367717886853,4083,3642,/home/ekim339/project/SD3.5/datasets/SRNet_Datagen/train/train-50k-3/i_s/17150.png,/home/ekim339/project/SD3.5/experiments/self_prompting_sd35/results/inputs/0079_17150.png,/home/ekim339/project/SD3.5/datasets/SRNet_Datagen/train/train-50k-3/mask_s/17150.png,/home/ekim339/project/SD3.5/experiments/self_prompting_sd35/results/generated/self_prompting_sd35/special_6/0079.png
1440,80,42655.png,self_prompting_sd35,case_upper,uinal,XJHCV,ulnaa,0.0,0.0,1.0,11.809050428767163,4084,3643,/home/ekim339/project/SD3.5/datasets/SRNet_Datagen/train/train-50k-1/i_s/42655.png,/home/ekim339/project/SD3.5/experiments/self_prompting_sd35/results/inputs/0080_42655.png,/home/ekim339/project/SD3.5/datasets/SRNet_Datagen/train/train-50k-1/mask_s/42655.png,/home/ekim339/project/SD3.5/experiments/self_prompting_sd35/results/generated/self_prompting_sd35/case_upper/0080.png
1441,80,42655.png,self_prompting_sd35,case_lower,uinal,xjhcv,ulnaa,0.0,0.0,1.0,11.809050428767163,4084,3644,/home/ekim339/project/SD3.5/datasets/SRNet_Datagen/train/train-50k-1/i_s/42655.png,/home/ekim339/project/SD3.5/experiments/self_prompting_sd35/results/inputs/0080_42655.png,/home/ekim339/project/SD3.5/datasets/SRNet_Datagen/train/train-50k-1/mask_s/42655.png,/home/ekim339/project/SD3.5/experiments/self_prompting_sd35/results/generated/self_prompting_sd35/case_lower/0080.png
1442,80,42655.png,self_prompting_sd35,special_1,uinal,jPrvz,ulnar,0.0,0.0,1.0,11.809050428767163,4084,3645,/home/ekim339/project/SD3.5/datasets/SRNet_Datagen/train/train-50k-1/i_s/42655.png,/home/ekim339/project/SD3.5/experiments/self_prompting_sd35/results/inputs/0080_42655.png,/home/ekim339/project/SD3.5/datasets/SRNet_Datagen/train/train-50k-1/mask_s/42655.png,/home/ekim339/project/SD3.5/experiments/self_prompting_sd35/results/generated/self_prompting_sd35/special_1/0080.png
1443,80,42655.png,self_prompting_sd35,special_2,uinal,HMb_a,ulnaa,0.0,0.19999999999999996,0.8,11.809050428767163,4084,3646,/home/ekim339/project/SD3.5/datasets/SRNet_Datagen/train/train-50k-1/i_s/42655.png,/home/ekim339/project/SD3.5/experiments/self_prompting_sd35/results/inputs/0080_42655.png,/home/ekim339/project/SD3.5/datasets/SRNet_Datagen/train/train-50k-1/mask_s/42655.png,/home/ekim339/project/SD3.5/experiments/self_prompting_sd35/results/generated/self_prompting_sd35/special_2/0080.png
1444,80,42655.png,self_prompting_sd35,special_3,uinal,#Aj?y,flnal,0.0,0.0,1.0,11.809050428767163,4084,3647,/home/ekim339/project/SD3.5/datasets/SRNet_Datagen/train/train-50k-1/i_s/42655.png,/home/ekim339/project/SD3.5/experiments/self_prompting_sd35/results/inputs/0080_42655.png,/home/ekim339/project/SD3.5/datasets/SRNet_Datagen/train/train-50k-1/mask_s/42655.png,/home/ekim339/project/SD3.5/experiments/self_prompting_sd35/results/generated/self_prompting_sd35/special_3/0080.png
1445,80,42655.png,self_prompting_sd35,special_4,uinal,T%N,vinal,0.0,0.0,1.6666666666666667,11.809050428767163,4084,3648,/home/ekim339/project/SD3.5/datasets/SRNet_Datagen/train/train-50k-1/i_s/42655.png,/home/ekim339/project/SD3.5/experiments/self_prompting_sd35/results/inputs/0080_42655.png,/home/ekim339/project/SD3.5/datasets/SRNet_Datagen/train/train-50k-1/mask_s/42655.png,/home/ekim339/project/SD3.5/experiments/self_prompting_sd35/results/generated/self_prompting_sd35/special_4/0080.png
1446,80,42655.png,self_prompting_sd35,special_5,uinal,",:?@p",ulnaa,0.0,0.0,1.0,11.809050428767163,4084,3649,/home/ekim339/project/SD3.5/datasets/SRNet_Datagen/train/train-50k-1/i_s/42655.png,/home/ekim339/project/SD3.5/experiments/self_prompting_sd35/results/inputs/0080_42655.png,/home/ekim339/project/SD3.5/datasets/SRNet_Datagen/train/train-50k-1/mask_s/42655.png,/home/ekim339/project/SD3.5/experiments/self_prompting_sd35/results/generated/self_prompting_sd35/special_5/0080.png
1447,80,42655.png,self_prompting_sd35,special_6,uinal,%$:@%,uilnal,0.0,0.0,1.2,11.809050428767163,4084,3650,/home/ekim339/project/SD3.5/datasets/SRNet_Datagen/train/train-50k-1/i_s/42655.png,/home/ekim339/project/SD3.5/experiments/self_prompting_sd35/results/inputs/0080_42655.png,/home/ekim339/project/SD3.5/datasets/SRNet_Datagen/train/train-50k-1/mask_s/42655.png,/home/ekim339/project/SD3.5/experiments/self_prompting_sd35/results/generated/self_prompting_sd35/special_6/0080.png
1448,81,25297.png,self_prompting_sd35,case_upper,front,AUPDV,dentii,0.0,0.0,1.2,5.467122581517538,4085,3651,/home/ekim339/project/SD3.5/datasets/SRNet_Datagen/train/train-50k-4/i_s/25297.png,/home/ekim339/project/SD3.5/experiments/self_prompting_sd35/results/inputs/0081_25297.png,/home/ekim339/project/SD3.5/datasets/SRNet_Datagen/train/train-50k-4/mask_s/25297.png,/home/ekim339/project/SD3.5/experiments/self_prompting_sd35/results/generated/self_prompting_sd35/case_upper/0081.png
1449,81,25297.png,self_prompting_sd35,case_lower,front,aupdv,iefrcent,0.0,0.0,1.6,5.467122581517538,4085,3652,/home/ekim339/project/SD3.5/datasets/SRNet_Datagen/train/train-50k-4/i_s/25297.png,/home/ekim339/project/SD3.5/experiments/self_prompting_sd35/results/inputs/0081_25297.png,/home/ekim339/project/SD3.5/datasets/SRNet_Datagen/train/train-50k-4/mask_s/25297.png,/home/ekim339/project/SD3.5/experiments/self_prompting_sd35/results/generated/self_prompting_sd35/case_lower/0081.png
1450,81,25297.png,self_prompting_sd35,special_1,front,MkHIg,sio,0.0,0.0,1.0,5.467122581517538,4085,3653,/home/ekim339/project/SD3.5/datasets/SRNet_Datagen/train/train-50k-4/i_s/25297.png,/home/ekim339/project/SD3.5/experiments/self_prompting_sd35/results/inputs/0081_25297.png,/home/ekim339/project/SD3.5/datasets/SRNet_Datagen/train/train-50k-4/mask_s/25297.png,/home/ekim339/project/SD3.5/experiments/self_prompting_sd35/results/generated/self_prompting_sd35/special_1/0081.png
1451,81,25297.png,self_prompting_sd35,special_2,front,:aliC,desertiiii,0.0,0.09999999999999998,1.8,5.467122581517538,4085,3654,/home/ekim339/project/SD3.5/datasets/SRNet_Datagen/train/train-50k-4/i_s/25297.png,/home/ekim339/project/SD3.5/experiments/self_prompting_sd35/results/inputs/0081_25297.png,/home/ekim339/project/SD3.5/datasets/SRNet_Datagen/train/train-50k-4/mask_s/25297.png,/home/ekim339/project/SD3.5/experiments/self_prompting_sd35/results/generated/self_prompting_sd35/special_2/0081.png
1452,81,25297.png,self_prompting_sd35,special_3,front,"r,H*U",sentiia,0.0,0.0,1.4,5.467122581517538,4085,3655,/home/ekim339/project/SD3.5/datasets/SRNet_Datagen/train/train-50k-4/i_s/25297.png,/home/ekim339/project/SD3.5/experiments/self_prompting_sd35/results/inputs/0081_25297.png,/home/ekim339/project/SD3.5/datasets/SRNet_Datagen/train/train-50k-4/mask_s/25297.png,/home/ekim339/project/SD3.5/experiments/self_prompting_sd35/results/generated/self_prompting_sd35/special_3/0081.png
1453,81,25297.png,self_prompting_sd35,special_4,front,!hz,foo,0.0,0.0,1.0,5.467122581517538,4085,3656,/home/ekim339/project/SD3.5/datasets/SRNet_Datagen/train/train-50k-4/i_s/25297.png,/home/ekim339/project/SD3.5/experiments/self_prompting_sd35/results/inputs/0081_25297.png,/home/ekim339/project/SD3.5/datasets/SRNet_Datagen/train/train-50k-4/mask_s/25297.png,/home/ekim339/project/SD3.5/experiments/self_prompting_sd35/results/generated/self_prompting_sd35/special_4/0081.png
1454,81,25297.png,self_prompting_sd35,special_5,front,=:e&?,senein,0.0,0.16666666666666663,1.0,5.467122581517538,4085,3657,/home/ekim339/project/SD3.5/datasets/SRNet_Datagen/train/train-50k-4/i_s/25297.png,/home/ekim339/project/SD3.5/experiments/self_prompting_sd35/results/inputs/0081_25297.png,/home/ekim339/project/SD3.5/datasets/SRNet_Datagen/train/train-50k-4/mask_s/25297.png,/home/ekim339/project/SD3.5/experiments/self_prompting_sd35/results/generated/self_prompting_sd35/special_5/0081.png
1455,81,25297.png,self_prompting_sd35,special_6,front,%_.*$,son,0.0,0.0,1.0,5.467122581517538,4085,3658,/home/ekim339/project/SD3.5/datasets/SRNet_Datagen/train/train-50k-4/i_s/25297.png,/home/ekim339/project/SD3.5/experiments/self_prompting_sd35/results/inputs/0081_25297.png,/home/ekim339/project/SD3.5/datasets/SRNet_Datagen/train/train-50k-4/mask_s/25297.png,/home/ekim339/project/SD3.5/experiments/self_prompting_sd35/results/generated/self_prompting_sd35/special_6/0081.png
1456,82,36190.png,self_prompting_sd35,case_upper,Peros,RTBHQ,teree,0.0,0.0,1.0,10.2377033595945,4086,3659,/home/ekim339/project/SD3.5/datasets/SRNet_Datagen/train/train-50k-1/i_s/36190.png,/home/ekim339/project/SD3.5/experiments/self_prompting_sd35/results/inputs/0082_36190.png,/home/ekim339/project/SD3.5/datasets/SRNet_Datagen/train/train-50k-1/mask_s/36190.png,/home/ekim339/project/SD3.5/experiments/self_prompting_sd35/results/generated/self_prompting_sd35/case_upper/0082.png
1457,82,36190.png,self_prompting_sd35,case_lower,Peros,rtbhq,pernt,0.0,0.0,1.0,10.2377033595945,4086,3660,/home/ekim339/project/SD3.5/datasets/SRNet_Datagen/train/train-50k-1/i_s/36190.png,/home/ekim339/project/SD3.5/experiments/self_prompting_sd35/results/inputs/0082_36190.png,/home/ekim339/project/SD3.5/datasets/SRNet_Datagen/train/train-50k-1/mask_s/36190.png,/home/ekim339/project/SD3.5/experiments/self_prompting_sd35/results/generated/self_prompting_sd35/case_lower/0082.png
1458,82,36190.png,self_prompting_sd35,special_1,Peros,nMemj,fest,0.0,0.19999999999999996,0.8,10.2377033595945,4086,3661,/home/ekim339/project/SD3.5/datasets/SRNet_Datagen/train/train-50k-1/i_s/36190.png,/home/ekim339/project/SD3.5/experiments/self_prompting_sd35/results/inputs/0082_36190.png,/home/ekim339/project/SD3.5/datasets/SRNet_Datagen/train/train-50k-1/mask_s/36190.png,/home/ekim339/project/SD3.5/experiments/self_prompting_sd35/results/generated/self_prompting_sd35/special_1/0082.png
1459,82,36190.png,self_prompting_sd35,special_2,Peros,c+Hmw,parts,0.0,0.0,1.0,10.2377033595945,4086,3662,/home/ekim339/project/SD3.5/datasets/SRNet_Datagen/train/train-50k-1/i_s/36190.png,/home/ekim339/project/SD3.5/experiments/self_prompting_sd35/results/inputs/0082_36190.png,/home/ekim339/project/SD3.5/datasets/SRNet_Datagen/train/train-50k-1/mask_s/36190.png,/home/ekim339/project/SD3.5/experiments/self_prompting_sd35/results/generated/self_prompting_sd35/special_2/0082.png
1460,82,36190.png,self_prompting_sd35,special_3,Peros,@u_pS,199,0.0,0.0,1.0,10.2377033595945,4086,3663,/home/ekim339/project/SD3.5/datasets/SRNet_Datagen/train/train-50k-1/i_s/36190.png,/home/ekim339/project/SD3.5/experiments/self_prompting_sd35/results/inputs/0082_36190.png,/home/ekim339/project/SD3.5/datasets/SRNet_Datagen/train/train-50k-1/mask_s/36190.png,/home/ekim339/project/SD3.5/experiments/self_prompting_sd35/results/generated/self_prompting_sd35/special_3/0082.png
1461,82,36190.png,self_prompting_sd35,special_4,Peros,d?b,detes,0.0,0.19999999999999996,1.3333333333333333,10.2377033595945,4086,3664,/home/ekim339/project/SD3.5/datasets/SRNet_Datagen/train/train-50k-1/i_s/36190.png,/home/ekim339/project/SD3.5/experiments/self_prompting_sd35/results/inputs/0082_36190.png,/home/ekim339/project/SD3.5/datasets/SRNet_Datagen/train/train-50k-1/mask_s/36190.png,/home/ekim339/project/SD3.5/experiments/self_prompting_sd35/results/generated/self_prompting_sd35/special_4/0082.png
1462,82,36190.png,self_prompting_sd35,special_5,Peros,?$+@W,pards,0.0,0.0,1.0,10.2377033595945,4086,3665,/home/ekim339/project/SD3.5/datasets/SRNet_Datagen/train/train-50k-1/i_s/36190.png,/home/ekim339/project/SD3.5/experiments/self_prompting_sd35/results/inputs/0082_36190.png,/home/ekim339/project/SD3.5/datasets/SRNet_Datagen/train/train-50k-1/mask_s/36190.png,/home/ekim339/project/SD3.5/experiments/self_prompting_sd35/results/generated/self_prompting_sd35/special_5/0082.png
1463,82,36190.png,self_prompting_sd35,special_6,Peros,;=;#$,peros,0.0,0.0,1.0,10.2377033595945,4086,3666,/home/ekim339/project/SD3.5/datasets/SRNet_Datagen/train/train-50k-1/i_s/36190.png,/home/ekim339/project/SD3.5/experiments/self_prompting_sd35/results/inputs/0082_36190.png,/home/ekim339/project/SD3.5/datasets/SRNet_Datagen/train/train-50k-1/mask_s/36190.png,/home/ekim339/project/SD3.5/experiments/self_prompting_sd35/results/generated/self_prompting_sd35/special_6/0082.png
1464,83,15444.png,self_prompting_sd35,case_upper,Milty,VPYFR,mility,0.0,0.0,1.2,4.61252685299975,4087,3667,/home/ekim339/project/SD3.5/datasets/SRNet_Datagen/train/train-50k-2/i_s/15444.png,/home/ekim339/project/SD3.5/experiments/self_prompting_sd35/results/inputs/0083_15444.png,/home/ekim339/project/SD3.5/datasets/SRNet_Datagen/train/train-50k-2/mask_s/15444.png,/home/ekim339/project/SD3.5/experiments/self_prompting_sd35/results/generated/self_prompting_sd35/case_upper/0083.png
1465,83,15444.png,self_prompting_sd35,case_lower,Milty,vpyfr,miliy,0.0,0.0,1.0,4.61252685299975,4087,3668,/home/ekim339/project/SD3.5/datasets/SRNet_Datagen/train/train-50k-2/i_s/15444.png,/home/ekim339/project/SD3.5/experiments/self_prompting_sd35/results/inputs/0083_15444.png,/home/ekim339/project/SD3.5/datasets/SRNet_Datagen/train/train-50k-2/mask_s/15444.png,/home/ekim339/project/SD3.5/experiments/self_prompting_sd35/results/generated/self_prompting_sd35/case_lower/0083.png
1466,83,15444.png,self_prompting_sd35,special_1,Milty,ttNDa,mility,0.0,0.0,1.2,4.61252685299975,4087,3669,/home/ekim339/project/SD3.5/datasets/SRNet_Datagen/train/train-50k-2/i_s/15444.png,/home/ekim339/project/SD3.5/experiments/self_prompting_sd35/results/inputs/0083_15444.png,/home/ekim339/project/SD3.5/datasets/SRNet_Datagen/train/train-50k-2/mask_s/15444.png,/home/ekim339/project/SD3.5/experiments/self_prompting_sd35/results/generated/self_prompting_sd35/special_1/0083.png
1467,83,15444.png,self_prompting_sd35,special_2,Milty,nmYN.,miliyy,0.0,0.0,1.2,4.61252685299975,4087,3670,/home/ekim339/project/SD3.5/datasets/SRNet_Datagen/train/train-50k-2/i_s/15444.png,/home/ekim339/project/SD3.5/experiments/self_prompting_sd35/results/inputs/0083_15444.png,/home/ekim339/project/SD3.5/datasets/SRNet_Datagen/train/train-50k-2/mask_s/15444.png,/home/ekim339/project/SD3.5/experiments/self_prompting_sd35/results/generated/self_prompting_sd35/special_2/0083.png
1468,83,15444.png,self_prompting_sd35,special_3,Milty,Y#rA@,milyy,0.0,0.0,1.0,4.61252685299975,4087,3671,/home/ekim339/project/SD3.5/datasets/SRNet_Datagen/train/train-50k-2/i_s/15444.png,/home/ekim339/project/SD3.5/experiments/self_prompting_sd35/results/inputs/0083_15444.png,/home/ekim339/project/SD3.5/datasets/SRNet_Datagen/train/train-50k-2/mask_s/15444.png,/home/ekim339/project/SD3.5/experiments/self_prompting_sd35/results/generated/self_prompting_sd35/special_3/0083.png
1469,83,15444.png,self_prompting_sd35,special_4,Milty,uy+,mility,0.0,0.0,2.0,4.61252685299975,4087,3672,/home/ekim339/project/SD3.5/datasets/SRNet_Datagen/train/train-50k-2/i_s/15444.png,/home/ekim339/project/SD3.5/experiments/self_prompting_sd35/results/inputs/0083_15444.png,/home/ekim339/project/SD3.5/datasets/SRNet_Datagen/train/train-50k-2/mask_s/15444.png,/home/ekim339/project/SD3.5/experiments/self_prompting_sd35/results/generated/self_prompting_sd35/special_4/0083.png
1470,83,15444.png,self_prompting_sd35,special_5,Milty,R*-!$,milty,0.0,0.0,1.0,4.61252685299975,4087,3673,/home/ekim339/project/SD3.5/datasets/SRNet_Datagen/train/train-50k-2/i_s/15444.png,/home/ekim339/project/SD3.5/experiments/self_prompting_sd35/results/inputs/0083_15444.png,/home/ekim339/project/SD3.5/datasets/SRNet_Datagen/train/train-50k-2/mask_s/15444.png,/home/ekim339/project/SD3.5/experiments/self_prompting_sd35/results/generated/self_prompting_sd35/special_5/0083.png
1471,83,15444.png,self_prompting_sd35,special_6,Milty,+=-?!,maty,0.0,0.0,1.0,4.61252685299975,4087,3674,/home/ekim339/project/SD3.5/datasets/SRNet_Datagen/train/train-50k-2/i_s/15444.png,/home/ekim339/project/SD3.5/experiments/self_prompting_sd35/results/inputs/0083_15444.png,/home/ekim339/project/SD3.5/datasets/SRNet_Datagen/train/train-50k-2/mask_s/15444.png,/home/ekim339/project/SD3.5/experiments/self_prompting_sd35/results/generated/self_prompting_sd35/special_6/0083.png
1472,84,33899.png,self_prompting_sd35,case_upper,perle,KPQDQ,ppeeee,0.0,0.0,1.2,7.393997616789719,4088,3675,/home/ekim339/project/SD3.5/datasets/SRNet_Datagen/train/train-50k-2/i_s/33899.png,/home/ekim339/project/SD3.5/experiments/self_prompting_sd35/results/inputs/0084_33899.png,/home/ekim339/project/SD3.5/datasets/SRNet_Datagen/train/train-50k-2/mask_s/33899.png,/home/ekim339/project/SD3.5/experiments/self_prompting_sd35/results/generated/self_prompting_sd35/case_upper/0084.png
1473,84,33899.png,self_prompting_sd35,case_lower,perle,kpqdq,panee,0.0,0.0,1.0,7.393997616789719,4088,3676,/home/ekim339/project/SD3.5/datasets/SRNet_Datagen/train/train-50k-2/i_s/33899.png,/home/ekim339/project/SD3.5/experiments/self_prompting_sd35/results/inputs/0084_33899.png,/home/ekim339/project/SD3.5/datasets/SRNet_Datagen/train/train-50k-2/mask_s/33899.png,/home/ekim339/project/SD3.5/experiments/self_prompting_sd35/results/generated/self_prompting_sd35/case_lower/0084.png
1474,84,33899.png,self_prompting_sd35,special_1,perle,SxWaL,penile,0.0,0.0,1.2,7.393997616789719,4088,3677,/home/ekim339/project/SD3.5/datasets/SRNet_Datagen/train/train-50k-2/i_s/33899.png,/home/ekim339/project/SD3.5/experiments/self_prompting_sd35/results/inputs/0084_33899.png,/home/ekim339/project/SD3.5/datasets/SRNet_Datagen/train/train-50k-2/mask_s/33899.png,/home/ekim339/project/SD3.5/experiments/self_prompting_sd35/results/generated/self_prompting_sd35/special_1/0084.png
1475,84,33899.png,self_prompting_sd35,special_2,perle,!iHSH,poopee,0.0,0.0,1.2,7.393997616789719,4088,3678,/home/ekim339/project/SD3.5/datasets/SRNet_Datagen/train/train-50k-2/i_s/33899.png,/home/ekim339/project/SD3.5/experiments/self_prompting_sd35/results/inputs/0084_33899.png,/home/ekim339/project/SD3.5/datasets/SRNet_Datagen/train/train-50k-2/mask_s/33899.png,/home/ekim339/project/SD3.5/experiments/self_prompting_sd35/results/generated/self_prompting_sd35/special_2/0084.png
1476,84,33899.png,self_prompting_sd35,special_3,perle,@Fh#m,peneee,0.0,0.0,1.2,7.393997616789719,4088,3679,/home/ekim339/project/SD3.5/datasets/SRNet_Datagen/train/train-50k-2/i_s/33899.png,/home/ekim339/project/SD3.5/experiments/self_prompting_sd35/results/inputs/0084_33899.png,/home/ekim339/project/SD3.5/datasets/SRNet_Datagen/train/train-50k-2/mask_s/33899.png,/home/ekim339/project/SD3.5/experiments/self_prompting_sd35/results/generated/self_prompting_sd35/special_3/0084.png
1477,84,33899.png,self_prompting_sd35,special_4,perle,R%q,peril,0.0,0.0,1.6666666666666667,7.393997616789719,4088,3680,/home/ekim339/project/SD3.5/datasets/SRNet_Datagen/train/train-50k-2/i_s/33899.png,/home/ekim339/project/SD3.5/experiments/self_prompting_sd35/results/inputs/0084_33899.png,/home/ekim339/project/SD3.5/datasets/SRNet_Datagen/train/train-50k-2/mask_s/33899.png,/home/ekim339/project/SD3.5/experiments/self_prompting_sd35/results/generated/self_prompting_sd35/special_4/0084.png
1478,84,33899.png,self_prompting_sd35,special_5,perle,",u*#!",psr3,0.0,0.0,1.0,7.393997616789719,4088,3681,/home/ekim339/project/SD3.5/datasets/SRNet_Datagen/train/train-50k-2/i_s/33899.png,/home/ekim339/project/SD3.5/experiments/self_prompting_sd35/results/inputs/0084_33899.png,/home/ekim339/project/SD3.5/datasets/SRNet_Datagen/train/train-50k-2/mask_s/33899.png,/home/ekim339/project/SD3.5/experiments/self_prompting_sd35/results/generated/self_prompting_sd35/special_5/0084.png
1479,84,33899.png,self_prompting_sd35,special_6,perle,&=+$&,peeree,0.0,0.0,1.2,7.393997616789719,4088,3682,/home/ekim339/project/SD3.5/datasets/SRNet_Datagen/train/train-50k-2/i_s/33899.png,/home/ekim339/project/SD3.5/experiments/self_prompting_sd35/results/inputs/0084_33899.png,/home/ekim339/project/SD3.5/datasets/SRNet_Datagen/train/train-50k-2/mask_s/33899.png,/home/ekim339/project/SD3.5/experiments/self_prompting_sd35/results/generated/self_prompting_sd35/special_6/0084.png
1480,85,46386.png,self_prompting_sd35,case_upper,TEMPI,LWTSS,lenr,0.0,0.0,1.0,8.356800674519677,4089,3683,/home/ekim339/project/SD3.5/datasets/SRNet_Datagen/train/train-50k-3/i_s/46386.png,/home/ekim339/project/SD3.5/experiments/self_prompting_sd35/results/inputs/0085_46386.png,/home/ekim339/project/SD3.5/datasets/SRNet_Datagen/train/train-50k-3/mask_s/46386.png,/home/ekim339/project/SD3.5/experiments/self_prompting_sd35/results/generated/self_prompting_sd35/case_upper/0085.png
1481,85,46386.png,self_prompting_sd35,case_lower,TEMPI,lwtss,thmrl,0.0,0.0,1.0,8.356800674519677,4089,3684,/home/ekim339/project/SD3.5/datasets/SRNet_Datagen/train/train-50k-3/i_s/46386.png,/home/ekim339/project/SD3.5/experiments/self_prompting_sd35/results/inputs/0085_46386.png,/home/ekim339/project/SD3.5/datasets/SRNet_Datagen/train/train-50k-3/mask_s/46386.png,/home/ekim339/project/SD3.5/experiments/self_prompting_sd35/results/generated/self_prompting_sd35/case_lower/0085.png
1482,85,46386.png,self_prompting_sd35,special_1,TEMPI,SRKKq,terp,0.0,0.0,1.0,8.356800674519677,4089,3685,/home/ekim339/project/SD3.5/datasets/SRNet_Datagen/train/train-50k-3/i_s/46386.png,/home/ekim339/project/SD3.5/experiments/self_prompting_sd35/results/inputs/0085_46386.png,/home/ekim339/project/SD3.5/datasets/SRNet_Datagen/train/train-50k-3/mask_s/46386.png,/home/ekim339/project/SD3.5/experiments/self_prompting_sd35/results/generated/self_prompting_sd35/special_1/0085.png
1483,85,46386.png,self_prompting_sd35,special_2,TEMPI,"KWFG,",ter,0.0,0.0,1.0,8.356800674519677,4089,3686,/home/ekim339/project/SD3.5/datasets/SRNet_Datagen/train/train-50k-3/i_s/46386.png,/home/ekim339/project/SD3.5/experiments/self_prompting_sd35/results/inputs/0085_46386.png,/home/ekim339/project/SD3.5/datasets/SRNet_Datagen/train/train-50k-3/mask_s/46386.png,/home/ekim339/project/SD3.5/experiments/self_prompting_sd35/results/generated/self_prompting_sd35/special_2/0085.png
1484,85,46386.png,self_prompting_sd35,special_3,TEMPI,;l*vD,tera,0.0,0.0,1.0,8.356800674519677,4089,3687,/home/ekim339/project/SD3.5/datasets/SRNet_Datagen/train/train-50k-3/i_s/46386.png,/home/ekim339/project/SD3.5/experiments/self_prompting_sd35/results/inputs/0085_46386.png,/home/ekim339/project/SD3.5/datasets/SRNet_Datagen/train/train-50k-3/mask_s/46386.png,/home/ekim339/project/SD3.5/experiments/self_prompting_sd35/results/generated/self_prompting_sd35/special_3/0085.png
1485,85,46386.png,self_prompting_sd35,special_4,TEMPI,.Nd,tar,0.0,0.0,1.0,8.356800674519677,4089,3688,/home/ekim339/project/SD3.5/datasets/SRNet_Datagen/train/train-50k-3/i_s/46386.png,/home/ekim339/project/SD3.5/experiments/self_prompting_sd35/results/inputs/0085_46386.png,/home/ekim339/project/SD3.5/datasets/SRNet_Datagen/train/train-50k-3/mask_s/46386.png,/home/ekim339/project/SD3.5/experiments/self_prompting_sd35/results/generated/self_prompting_sd35/special_4/0085.png
1486,85,46386.png,self_prompting_sd35,special_5,TEMPI,@V@_%,thil,0.0,0.0,1.0,8.356800674519677,4089,3689,/home/ekim339/project/SD3.5/datasets/SRNet_Datagen/train/train-50k-3/i_s/46386.png,/home/ekim339/project/SD3.5/experiments/self_prompting_sd35/results/inputs/0085_46386.png,/home/ekim339/project/SD3.5/datasets/SRNet_Datagen/train/train-50k-3/mask_s/46386.png,/home/ekim339/project/SD3.5/experiments/self_prompting_sd35/results/generated/self_prompting_sd35/special_5/0085.png
1487,85,46386.png,self_prompting_sd35,special_6,TEMPI,*;@?+,temk,0.0,0.0,1.0,8.356800674519677,4089,3690,/home/ekim339/project/SD3.5/datasets/SRNet_Datagen/train/train-50k-3/i_s/46386.png,/home/ekim339/project/SD3.5/experiments/self_prompting_sd35/results/inputs/0085_46386.png,/home/ekim339/project/SD3.5/datasets/SRNet_Datagen/train/train-50k-3/mask_s/46386.png,/home/ekim339/project/SD3.5/experiments/self_prompting_sd35/results/generated/self_prompting_sd35/special_6/0085.png
1488,86,40600.png,self_prompting_sd35,case_upper,lpdtl,UCHHY,spplllt,0.0,0.0,1.4,10.015552342496479,4090,3691,/home/ekim339/project/SD3.5/datasets/SRNet_Datagen/train/train-50k-2/i_s/40600.png,/home/ekim339/project/SD3.5/experiments/self_prompting_sd35/results/inputs/0086_40600.png,/home/ekim339/project/SD3.5/datasets/SRNet_Datagen/train/train-50k-2/mask_s/40600.png,/home/ekim339/project/SD3.5/experiments/self_prompting_sd35/results/generated/self_prompting_sd35/case_upper/0086.png
1489,86,40600.png,self_prompting_sd35,case_lower,lpdtl,uchhy,sollplli,0.0,0.0,1.6,10.015552342496479,4090,3692,/home/ekim339/project/SD3.5/datasets/SRNet_Datagen/train/train-50k-2/i_s/40600.png,/home/ekim339/project/SD3.5/experiments/self_prompting_sd35/results/inputs/0086_40600.png,/home/ekim339/project/SD3.5/datasets/SRNet_Datagen/train/train-50k-2/mask_s/40600.png,/home/ekim339/project/SD3.5/experiments/self_prompting_sd35/results/generated/self_prompting_sd35/case_lower/0086.png
1490,86,40600.png,self_prompting_sd35,special_1,lpdtl,RquwY,appp,0.0,0.0,1.0,10.015552342496479,4090,3693,/home/ekim339/project/SD3.5/datasets/SRNet_Datagen/train/train-50k-2/i_s/40600.png,/home/ekim339/project/SD3.5/experiments/self_prompting_sd35/results/inputs/0086_40600.png,/home/ekim339/project/SD3.5/datasets/SRNet_Datagen/train/train-50k-2/mask_s/40600.png,/home/ekim339/project/SD3.5/experiments/self_prompting_sd35/results/generated/self_prompting_sd35/special_1/0086.png
1491,86,40600.png,self_prompting_sd35,special_2,lpdtl,Z-jmB,tee,0.0,0.0,1.0,10.015552342496479,4090,3694,/home/ekim339/project/SD3.5/datasets/SRNet_Datagen/train/train-50k-2/i_s/40600.png,/home/ekim339/project/SD3.5/experiments/self_prompting_sd35/results/inputs/0086_40600.png,/home/ekim339/project/SD3.5/datasets/SRNet_Datagen/train/train-50k-2/mask_s/40600.png,/home/ekim339/project/SD3.5/experiments/self_prompting_sd35/results/generated/self_prompting_sd35/special_2/0086.png
1492,86,40600.png,self_prompting_sd35,special_3,lpdtl,gD?*l,soo,0.0,0.0,1.0,10.015552342496479,4090,3695,/home/ekim339/project/SD3.5/datasets/SRNet_Datagen/train/train-50k-2/i_s/40600.png,/home/ekim339/project/SD3.5/experiments/self_prompting_sd35/results/inputs/0086_40600.png,/home/ekim339/project/SD3.5/datasets/SRNet_Datagen/train/train-50k-2/mask_s/40600.png,/home/ekim339/project/SD3.5/experiments/self_prompting_sd35/results/generated/self_prompting_sd35/special_3/0086.png
1493,86,40600.png,self_prompting_sd35,special_4,lpdtl,?dy,spti,0.0,0.0,1.3333333333333333,10.015552342496479,4090,3696,/home/ekim339/project/SD3.5/datasets/SRNet_Datagen/train/train-50k-2/i_s/40600.png,/home/ekim339/project/SD3.5/experiments/self_prompting_sd35/results/inputs/0086_40600.png,/home/ekim339/project/SD3.5/datasets/SRNet_Datagen/train/train-50k-2/mask_s/40600.png,/home/ekim339/project/SD3.5/experiments/self_prompting_sd35/results/generated/self_prompting_sd35/special_4/0086.png
1494,86,40600.png,self_prompting_sd35,special_5,lpdtl,"*M;,*",aoo,0.0,0.0,1.0,10.015552342496479,4090,3697,/home/ekim339/project/SD3.5/datasets/SRNet_Datagen/train/train-50k-2/i_s/40600.png,/home/ekim339/project/SD3.5/experiments/self_prompting_sd35/results/inputs/0086_40600.png,/home/ekim339/project/SD3.5/datasets/SRNet_Datagen/train/train-50k-2/mask_s/40600.png,/home/ekim339/project/SD3.5/experiments/self_prompting_sd35/results/generated/self_prompting_sd35/special_5/0086.png
1495,86,40600.png,self_prompting_sd35,special_6,lpdtl,!&+*&,sersaas,0.0,0.0,1.4,10.015552342496479,4090,3698,/home/ekim339/project/SD3.5/datasets/SRNet_Datagen/train/train-50k-2/i_s/40600.png,/home/ekim339/project/SD3.5/experiments/self_prompting_sd35/results/inputs/0086_40600.png,/home/ekim339/project/SD3.5/datasets/SRNet_Datagen/train/train-50k-2/mask_s/40600.png,/home/ekim339/project/SD3.5/experiments/self_prompting_sd35/results/generated/self_prompting_sd35/special_6/0086.png
1496,87,20277.png,self_prompting_sd35,case_upper,alike,QPLIO,taee,0.0,0.0,1.0,2.4612248666210625,4091,3699,/home/ekim339/project/SD3.5/datasets/SRNet_Datagen/train/train-50k-2/i_s/20277.png,/home/ekim339/project/SD3.5/experiments/self_prompting_sd35/results/inputs/0087_20277.png,/home/ekim339/project/SD3.5/datasets/SRNet_Datagen/train/train-50k-2/mask_s/20277.png,/home/ekim339/project/SD3.5/experiments/self_prompting_sd35/results/generated/self_prompting_sd35/case_upper/0087.png
1497,87,20277.png,self_prompting_sd35,case_lower,alike,qplio,make,0.0,0.0,1.0,2.4612248666210625,4091,3700,/home/ekim339/project/SD3.5/datasets/SRNet_Datagen/train/train-50k-2/i_s/20277.png,/home/ekim339/project/SD3.5/experiments/self_prompting_sd35/results/inputs/0087_20277.png,/home/ekim339/project/SD3.5/datasets/SRNet_Datagen/train/train-50k-2/mask_s/20277.png,/home/ekim339/project/SD3.5/experiments/self_prompting_sd35/results/generated/self_prompting_sd35/case_lower/0087.png
1498,87,20277.png,self_prompting_sd35,special_1,alike,lleRB,make,0.0,0.0,1.0,2.4612248666210625,4091,3701,/home/ekim339/project/SD3.5/datasets/SRNet_Datagen/train/train-50k-2/i_s/20277.png,/home/ekim339/project/SD3.5/experiments/self_prompting_sd35/results/inputs/0087_20277.png,/home/ekim339/project/SD3.5/datasets/SRNet_Datagen/train/train-50k-2/mask_s/20277.png,/home/ekim339/project/SD3.5/experiments/self_prompting_sd35/results/generated/self_prompting_sd35/special_1/0087.png
1499,87,20277.png,self_prompting_sd35,special_2,alike,%IbeM,take,0.0,0.19999999999999996,0.8,2.4612248666210625,4091,3702,/home/ekim339/project/SD3.5/datasets/SRNet_Datagen/train/train-50k-2/i_s/20277.png,/home/ekim339/project/SD3.5/experiments/self_prompting_sd35/results/inputs/0087_20277.png,/home/ekim339/project/SD3.5/datasets/SRNet_Datagen/train/train-50k-2/mask_s/20277.png,/home/ekim339/project/SD3.5/experiments/self_prompting_sd35/results/generated/self_prompting_sd35/special_2/0087.png
1500,87,20277.png,self_prompting_sd35,special_3,alike,@Dm%w,make,0.0,0.0,1.0,2.4612248666210625,4091,3703,/home/ekim339/project/SD3.5/datasets/SRNet_Datagen/train/train-50k-2/i_s/20277.png,/home/ekim339/project/SD3.5/experiments/self_prompting_sd35/results/inputs/0087_20277.png,/home/ekim339/project/SD3.5/datasets/SRNet_Datagen/train/train-50k-2/mask_s/20277.png,/home/ekim339/project/SD3.5/experiments/self_prompting_sd35/results/generated/self_prompting_sd35/special_3/0087.png
1501,87,20277.png,self_prompting_sd35,special_4,alike,r_M,take,0.0,0.0,1.3333333333333333,2.4612248666210625,4091,3704,/home/ekim339/project/SD3.5/datasets/SRNet_Datagen/train/train-50k-2/i_s/20277.png,/home/ekim339/project/SD3.5/experiments/self_prompting_sd35/results/inputs/0087_20277.png,/home/ekim339/project/SD3.5/datasets/SRNet_Datagen/train/train-50k-2/mask_s/20277.png,/home/ekim339/project/SD3.5/experiments/self_prompting_sd35/results/generated/self_prompting_sd35/special_4/0087.png
1502,87,20277.png,self_prompting_sd35,special_5,alike,+=#.F,make,0.0,0.0,1.0,2.4612248666210625,4091,3705,/home/ekim339/project/SD3.5/datasets/SRNet_Datagen/train/train-50k-2/i_s/20277.png,/home/ekim339/project/SD3.5/experiments/self_prompting_sd35/results/inputs/0087_20277.png,/home/ekim339/project/SD3.5/datasets/SRNet_Datagen/train/train-50k-2/mask_s/20277.png,/home/ekim339/project/SD3.5/experiments/self_prompting_sd35/results/generated/self_prompting_sd35/special_5/0087.png
1503,87,20277.png,self_prompting_sd35,special_6,alike,$$:#!,aake,0.0,0.0,1.0,2.4612248666210625,4091,3706,/home/ekim339/project/SD3.5/datasets/SRNet_Datagen/train/train-50k-2/i_s/20277.png,/home/ekim339/project/SD3.5/experiments/self_prompting_sd35/results/inputs/0087_20277.png,/home/ekim339/project/SD3.5/datasets/SRNet_Datagen/train/train-50k-2/mask_s/20277.png,/home/ekim339/project/SD3.5/experiments/self_prompting_sd35/results/generated/self_prompting_sd35/special_6/0087.png
1504,88,24606.png,self_prompting_sd35,case_upper,meter,PXLFT,synctent,0.0,0.0,1.6,5.061994804093695,4092,3707,/home/ekim339/project/SD3.5/datasets/SRNet_Datagen/train/train-50k-1/i_s/24606.png,/home/ekim339/project/SD3.5/experiments/self_prompting_sd35/results/inputs/0088_24606.png,/home/ekim339/project/SD3.5/datasets/SRNet_Datagen/train/train-50k-1/mask_s/24606.png,/home/ekim339/project/SD3.5/experiments/self_prompting_sd35/results/generated/self_prompting_sd35/case_upper/0088.png
1505,88,24606.png,self_prompting_sd35,case_lower,meter,pxlft,sene,0.0,0.0,1.0,5.061994804093695,4092,3708,/home/ekim339/project/SD3.5/datasets/SRNet_Datagen/train/train-50k-1/i_s/24606.png,/home/ekim339/project/SD3.5/experiments/self_prompting_sd35/results/inputs/0088_24606.png,/home/ekim339/project/SD3.5/datasets/SRNet_Datagen/train/train-50k-1/mask_s/24606.png,/home/ekim339/project/SD3.5/experiments/self_prompting_sd35/results/generated/self_prompting_sd35/case_lower/0088.png
1506,88,24606.png,self_prompting_sd35,special_1,meter,YbSFZ,winter,0.0,0.0,1.2,5.061994804093695,4092,3709,/home/ekim339/project/SD3.5/datasets/SRNet_Datagen/train/train-50k-1/i_s/24606.png,/home/ekim339/project/SD3.5/experiments/self_prompting_sd35/results/inputs/0088_24606.png,/home/ekim339/project/SD3.5/datasets/SRNet_Datagen/train/train-50k-1/mask_s/24606.png,/home/ekim339/project/SD3.5/experiments/self_prompting_sd35/results/generated/self_prompting_sd35/special_1/0088.png
1507,88,24606.png,self_prompting_sd35,special_2,meter,xm;KR,meterr,0.0,0.0,1.2,5.061994804093695,4092,3710,/home/ekim339/project/SD3.5/datasets/SRNet_Datagen/train/train-50k-1/i_s/24606.png,/home/ekim339/project/SD3.5/experiments/self_prompting_sd35/results/inputs/0088_24606.png,/home/ekim339/project/SD3.5/datasets/SRNet_Datagen/train/train-50k-1/mask_s/24606.png,/home/ekim339/project/SD3.5/experiments/self_prompting_sd35/results/generated/self_prompting_sd35/special_2/0088.png
1508,88,24606.png,self_prompting_sd35,special_3,meter,jq@*u,meter,0.0,0.0,1.0,5.061994804093695,4092,3711,/home/ekim339/project/SD3.5/datasets/SRNet_Datagen/train/train-50k-1/i_s/24606.png,/home/ekim339/project/SD3.5/experiments/self_prompting_sd35/results/inputs/0088_24606.png,/home/ekim339/project/SD3.5/datasets/SRNet_Datagen/train/train-50k-1/mask_s/24606.png,/home/ekim339/project/SD3.5/experiments/self_prompting_sd35/results/generated/self_prompting_sd35/special_3/0088.png
1509,88,24606.png,self_prompting_sd35,special_4,meter,o&X,mojeet,0.0,0.16666666666666663,1.6666666666666667,5.061994804093695,4092,3712,/home/ekim339/project/SD3.5/datasets/SRNet_Datagen/train/train-50k-1/i_s/24606.png,/home/ekim339/project/SD3.5/experiments/self_prompting_sd35/results/inputs/0088_24606.png,/home/ekim339/project/SD3.5/datasets/SRNet_Datagen/train/train-50k-1/mask_s/24606.png,/home/ekim339/project/SD3.5/experiments/self_prompting_sd35/results/generated/self_prompting_sd35/special_4/0088.png
1510,88,24606.png,self_prompting_sd35,special_5,meter,*;#T!,sexee,0.0,0.0,1.0,5.061994804093695,4092,3713,/home/ekim339/project/SD3.5/datasets/SRNet_Datagen/train/train-50k-1/i_s/24606.png,/home/ekim339/project/SD3.5/experiments/self_prompting_sd35/results/inputs/0088_24606.png,/home/ekim339/project/SD3.5/datasets/SRNet_Datagen/train/train-50k-1/mask_s/24606.png,/home/ekim339/project/SD3.5/experiments/self_prompting_sd35/results/generated/self_prompting_sd35/special_5/0088.png
1511,88,24606.png,self_prompting_sd35,special_6,meter,?;@&_,seatenn,0.0,0.0,1.4,5.061994804093695,4092,3714,/home/ekim339/project/SD3.5/datasets/SRNet_Datagen/train/train-50k-1/i_s/24606.png,/home/ekim339/project/SD3.5/experiments/self_prompting_sd35/results/inputs/0088_24606.png,/home/ekim339/project/SD3.5/datasets/SRNet_Datagen/train/train-50k-1/mask_s/24606.png,/home/ekim339/project/SD3.5/experiments/self_prompting_sd35/results/generated/self_prompting_sd35/special_6/0088.png
1512,89,14103.png,self_prompting_sd35,case_upper,stupa,IMEWQ,stuped,0.0,0.0,1.2,10.899170305741302,4093,3715,/home/ekim339/project/SD3.5/datasets/SRNet_Datagen/train/train-50k-1/i_s/14103.png,/home/ekim339/project/SD3.5/experiments/self_prompting_sd35/results/inputs/0089_14103.png,/home/ekim339/project/SD3.5/datasets/SRNet_Datagen/train/train-50k-1/mask_s/14103.png,/home/ekim339/project/SD3.5/experiments/self_prompting_sd35/results/generated/self_prompting_sd35/case_upper/0089.png
1513,89,14103.png,self_prompting_sd35,case_lower,stupa,imewq,suppa,0.0,0.0,1.0,10.899170305741302,4093,3716,/home/ekim339/project/SD3.5/datasets/SRNet_Datagen/train/train-50k-1/i_s/14103.png,/home/ekim339/project/SD3.5/experiments/self_prompting_sd35/results/inputs/0089_14103.png,/home/ekim339/project/SD3.5/datasets/SRNet_Datagen/train/train-50k-1/mask_s/14103.png,/home/ekim339/project/SD3.5/experiments/self_prompting_sd35/results/generated/self_prompting_sd35/case_lower/0089.png
1514,89,14103.png,self_prompting_sd35,special_1,stupa,tHfvu,sluce,0.0,0.0,1.0,10.899170305741302,4093,3717,/home/ekim339/project/SD3.5/datasets/SRNet_Datagen/train/train-50k-1/i_s/14103.png,/home/ekim339/project/SD3.5/experiments/self_prompting_sd35/results/inputs/0089_14103.png,/home/ekim339/project/SD3.5/datasets/SRNet_Datagen/train/train-50k-1/mask_s/14103.png,/home/ekim339/project/SD3.5/experiments/self_prompting_sd35/results/generated/self_prompting_sd35/special_1/0089.png
1515,89,14103.png,self_prompting_sd35,special_2,stupa,Vm-co,stupa,0.0,0.0,1.0,10.899170305741302,4093,3718,/home/ekim339/project/SD3.5/datasets/SRNet_Datagen/train/train-50k-1/i_s/14103.png,/home/ekim339/project/SD3.5/experiments/self_prompting_sd35/results/inputs/0089_14103.png,/home/ekim339/project/SD3.5/datasets/SRNet_Datagen/train/train-50k-1/mask_s/14103.png,/home/ekim339/project/SD3.5/experiments/self_prompting_sd35/results/generated/self_prompting_sd35/special_2/0089.png
1516,89,14103.png,self_prompting_sd35,special_3,stupa,JfP&_,stupar,0.0,0.0,1.2,10.899170305741302,4093,3719,/home/ekim339/project/SD3.5/datasets/SRNet_Datagen/train/train-50k-1/i_s/14103.png,/home/ekim339/project/SD3.5/experiments/self_prompting_sd35/results/inputs/0089_14103.png,/home/ekim339/project/SD3.5/datasets/SRNet_Datagen/train/train-50k-1/mask_s/14103.png,/home/ekim339/project/SD3.5/experiments/self_prompting_sd35/results/generated/self_prompting_sd35/special_3/0089.png
1517,89,14103.png,self_prompting_sd35,special_4,stupa,$Qu,stupar,0.0,0.16666666666666663,1.6666666666666667,10.899170305741302,4093,3720,/home/ekim339/project/SD3.5/datasets/SRNet_Datagen/train/train-50k-1/i_s/14103.png,/home/ekim339/project/SD3.5/experiments/self_prompting_sd35/results/inputs/0089_14103.png,/home/ekim339/project/SD3.5/datasets/SRNet_Datagen/train/train-50k-1/mask_s/14103.png,/home/ekim339/project/SD3.5/experiments/self_prompting_sd35/results/generated/self_prompting_sd35/special_4/0089.png
1518,89,14103.png,self_prompting_sd35,special_5,stupa,!!*f$,stucia,0.0,0.0,1.2,10.899170305741302,4093,3721,/home/ekim339/project/SD3.5/datasets/SRNet_Datagen/train/train-50k-1/i_s/14103.png,/home/ekim339/project/SD3.5/experiments/self_prompting_sd35/results/inputs/0089_14103.png,/home/ekim339/project/SD3.5/datasets/SRNet_Datagen/train/train-50k-1/mask_s/14103.png,/home/ekim339/project/SD3.5/experiments/self_prompting_sd35/results/generated/self_prompting_sd35/special_5/0089.png
1519,89,14103.png,self_prompting_sd35,special_6,stupa,+:=?@,stupar,0.0,0.0,1.2,10.899170305741302,4093,3722,/home/ekim339/project/SD3.5/datasets/SRNet_Datagen/train/train-50k-1/i_s/14103.png,/home/ekim339/project/SD3.5/experiments/self_prompting_sd35/results/inputs/0089_14103.png,/home/ekim339/project/SD3.5/datasets/SRNet_Datagen/train/train-50k-1/mask_s/14103.png,/home/ekim339/project/SD3.5/experiments/self_prompting_sd35/results/generated/self_prompting_sd35/special_6/0089.png
1520,90,36017.png,self_prompting_sd35,case_upper,jinny,ATVUQ,jinny,0.0,0.0,1.0,2.9040293507732278,4094,3723,/home/ekim339/project/SD3.5/datasets/SRNet_Datagen/train/train-50k-2/i_s/36017.png,/home/ekim339/project/SD3.5/experiments/self_prompting_sd35/results/inputs/0090_36017.png,/home/ekim339/project/SD3.5/datasets/SRNet_Datagen/train/train-50k-2/mask_s/36017.png,/home/ekim339/project/SD3.5/experiments/self_prompting_sd35/results/generated/self_prompting_sd35/case_upper/0090.png
1521,90,36017.png,self_prompting_sd35,case_lower,jinny,atvuq,fiy,0.0,0.0,1.0,2.9040293507732278,4094,3724,/home/ekim339/project/SD3.5/datasets/SRNet_Datagen/train/train-50k-2/i_s/36017.png,/home/ekim339/project/SD3.5/experiments/self_prompting_sd35/results/inputs/0090_36017.png,/home/ekim339/project/SD3.5/datasets/SRNet_Datagen/train/train-50k-2/mask_s/36017.png,/home/ekim339/project/SD3.5/experiments/self_prompting_sd35/results/generated/self_prompting_sd35/case_lower/0090.png
1522,90,36017.png,self_prompting_sd35,special_1,jinny,knDsl,jimg,0.0,0.0,1.0,2.9040293507732278,4094,3725,/home/ekim339/project/SD3.5/datasets/SRNet_Datagen/train/train-50k-2/i_s/36017.png,/home/ekim339/project/SD3.5/experiments/self_prompting_sd35/results/inputs/0090_36017.png,/home/ekim339/project/SD3.5/datasets/SRNet_Datagen/train/train-50k-2/mask_s/36017.png,/home/ekim339/project/SD3.5/experiments/self_prompting_sd35/results/generated/self_prompting_sd35/special_1/0090.png
1523,90,36017.png,self_prompting_sd35,special_2,jinny,l@ZaF,jinny,0.0,0.0,1.0,2.9040293507732278,4094,3726,/home/ekim339/project/SD3.5/datasets/SRNet_Datagen/train/train-50k-2/i_s/36017.png,/home/ekim339/project/SD3.5/experiments/self_prompting_sd35/results/inputs/0090_36017.png,/home/ekim339/project/SD3.5/datasets/SRNet_Datagen/train/train-50k-2/mask_s/36017.png,/home/ekim339/project/SD3.5/experiments/self_prompting_sd35/results/generated/self_prompting_sd35/special_2/0090.png
1524,90,36017.png,self_prompting_sd35,special_3,jinny,Qqr%!,jinny,0.0,0.0,1.0,2.9040293507732278,4094,3727,/home/ekim339/project/SD3.5/datasets/SRNet_Datagen/train/train-50k-2/i_s/36017.png,/home/ekim339/project/SD3.5/experiments/self_prompting_sd35/results/inputs/0090_36017.png,/home/ekim339/project/SD3.5/datasets/SRNet_Datagen/train/train-50k-2/mask_s/36017.png,/home/ekim339/project/SD3.5/experiments/self_prompting_sd35/results/generated/self_prompting_sd35/special_3/0090.png
1525,90,36017.png,self_prompting_sd35,special_4,jinny,B:t,by,0.0,0.0,1.0,2.9040293507732278,4094,3728,/home/ekim339/project/SD3.5/datasets/SRNet_Datagen/train/train-50k-2/i_s/36017.png,/home/ekim339/project/SD3.5/experiments/self_prompting_sd35/results/inputs/0090_36017.png,/home/ekim339/project/SD3.5/datasets/SRNet_Datagen/train/train-50k-2/mask_s/36017.png,/home/ekim339/project/SD3.5/experiments/self_prompting_sd35/results/generated/self_prompting_sd35/special_4/0090.png
1526,90,36017.png,self_prompting_sd35,special_5,jinny,$+#-e,lindl,0.0,0.0,1.0,2.9040293507732278,4094,3729,/home/ekim339/project/SD3.5/datasets/SRNet_Datagen/train/train-50k-2/i_s/36017.png,/home/ekim339/project/SD3.5/experiments/self_prompting_sd35/results/inputs/0090_36017.png,/home/ekim339/project/SD3.5/datasets/SRNet_Datagen/train/train-50k-2/mask_s/36017.png,/home/ekim339/project/SD3.5/experiments/self_prompting_sd35/results/generated/self_prompting_sd35/special_5/0090.png
1527,90,36017.png,self_prompting_sd35,special_6,jinny,:_-#_,the,0.0,0.0,1.0,2.9040293507732278,4094,3730,/home/ekim339/project/SD3.5/datasets/SRNet_Datagen/train/train-50k-2/i_s/36017.png,/home/ekim339/project/SD3.5/experiments/self_prompting_sd35/results/inputs/0090_36017.png,/home/ekim339/project/SD3.5/datasets/SRNet_Datagen/train/train-50k-2/mask_s/36017.png,/home/ekim339/project/SD3.5/experiments/self_prompting_sd35/results/generated/self_prompting_sd35/special_6/0090.png
1528,91,41593.png,self_prompting_sd35,case_upper,namer,ISQXR,namar,0.0,0.0,1.0,2.1153252528955537,4095,3731,/home/ekim339/project/SD3.5/datasets/SRNet_Datagen/train/train-50k-3/i_s/41593.png,/home/ekim339/project/SD3.5/experiments/self_prompting_sd35/results/inputs/0091_41593.png,/home/ekim339/project/SD3.5/datasets/SRNet_Datagen/train/train-50k-3/mask_s/41593.png,/home/ekim339/project/SD3.5/experiments/self_prompting_sd35/results/generated/self_prompting_sd35/case_upper/0091.png
1529,91,41593.png,self_prompting_sd35,case_lower,namer,isqxr,pamer,0.0,0.19999999999999996,0.8,2.1153252528955537,4095,3732,/home/ekim339/project/SD3.5/datasets/SRNet_Datagen/train/train-50k-3/i_s/41593.png,/home/ekim339/project/SD3.5/experiments/self_prompting_sd35/results/inputs/0091_41593.png,/home/ekim339/project/SD3.5/datasets/SRNet_Datagen/train/train-50k-3/mask_s/41593.png,/home/ekim339/project/SD3.5/experiments/self_prompting_sd35/results/generated/self_prompting_sd35/case_lower/0091.png
1530,91,41593.png,self_prompting_sd35,special_1,namer,wMGsp,ramor,0.0,0.0,1.0,2.1153252528955537,4095,3733,/home/ekim339/project/SD3.5/datasets/SRNet_Datagen/train/train-50k-3/i_s/41593.png,/home/ekim339/project/SD3.5/experiments/self_prompting_sd35/results/inputs/0091_41593.png,/home/ekim339/project/SD3.5/datasets/SRNet_Datagen/train/train-50k-3/mask_s/41593.png,/home/ekim339/project/SD3.5/experiments/self_prompting_sd35/results/generated/self_prompting_sd35/special_1/0091.png
1531,91,41593.png,self_prompting_sd35,special_2,namer,=BZZH,namels,0.0,0.0,1.2,2.1153252528955537,4095,3734,/home/ekim339/project/SD3.5/datasets/SRNet_Datagen/train/train-50k-3/i_s/41593.png,/home/ekim339/project/SD3.5/experiments/self_prompting_sd35/results/inputs/0091_41593.png,/home/ekim339/project/SD3.5/datasets/SRNet_Datagen/train/train-50k-3/mask_s/41593.png,/home/ekim339/project/SD3.5/experiments/self_prompting_sd35/results/generated/self_prompting_sd35/special_2/0091.png
1532,91,41593.png,self_prompting_sd35,special_3,namer,T:.Wu,namer,0.0,0.0,1.0,2.1153252528955537,4095,3735,/home/ekim339/project/SD3.5/datasets/SRNet_Datagen/train/train-50k-3/i_s/41593.png,/home/ekim339/project/SD3.5/experiments/self_prompting_sd35/results/inputs/0091_41593.png,/home/ekim339/project/SD3.5/datasets/SRNet_Datagen/train/train-50k-3/mask_s/41593.png,/home/ekim339/project/SD3.5/experiments/self_prompting_sd35/results/generated/self_prompting_sd35/special_3/0091.png
1533,91,41593.png,self_prompting_sd35,special_4,namer,V+g,names,0.0,0.0,1.6666666666666667,2.1153252528955537,4095,3736,/home/ekim339/project/SD3.5/datasets/SRNet_Datagen/train/train-50k-3/i_s/41593.png,/home/ekim339/project/SD3.5/experiments/self_prompting_sd35/results/inputs/0091_41593.png,/home/ekim339/project/SD3.5/datasets/SRNet_Datagen/train/train-50k-3/mask_s/41593.png,/home/ekim339/project/SD3.5/experiments/self_prompting_sd35/results/generated/self_prompting_sd35/special_4/0091.png
1534,91,41593.png,self_prompting_sd35,special_5,namer,";,+:W",narger,0.0,0.0,1.2,2.1153252528955537,4095,3737,/home/ekim339/project/SD3.5/datasets/SRNet_Datagen/train/train-50k-3/i_s/41593.png,/home/ekim339/project/SD3.5/experiments/self_prompting_sd35/results/inputs/0091_41593.png,/home/ekim339/project/SD3.5/datasets/SRNet_Datagen/train/train-50k-3/mask_s/41593.png,/home/ekim339/project/SD3.5/experiments/self_prompting_sd35/results/generated/self_prompting_sd35/special_5/0091.png
1535,91,41593.png,self_prompting_sd35,special_6,namer,#=:$=,namer,0.0,0.0,1.0,2.1153252528955537,4095,3738,/home/ekim339/project/SD3.5/datasets/SRNet_Datagen/train/train-50k-3/i_s/41593.png,/home/ekim339/project/SD3.5/experiments/self_prompting_sd35/results/inputs/0091_41593.png,/home/ekim339/project/SD3.5/datasets/SRNet_Datagen/train/train-50k-3/mask_s/41593.png,/home/ekim339/project/SD3.5/experiments/self_prompting_sd35/results/generated/self_prompting_sd35/special_6/0091.png
1536,92,41425.png,self_prompting_sd35,case_upper,eggar,EFKXY,eggar,0.0,0.0,1.0,4.985507420504987,4096,3739,/home/ekim339/project/SD3.5/datasets/SRNet_Datagen/train/train-50k-2/i_s/41425.png,/home/ekim339/project/SD3.5/experiments/self_prompting_sd35/results/inputs/0092_41425.png,/home/ekim339/project/SD3.5/datasets/SRNet_Datagen/train/train-50k-2/mask_s/41425.png,/home/ekim339/project/SD3.5/experiments/self_prompting_sd35/results/generated/self_prompting_sd35/case_upper/0092.png
1537,92,41425.png,self_prompting_sd35,case_lower,eggar,efkxy,eggar,0.0,0.19999999999999996,0.8,4.985507420504987,4096,3740,/home/ekim339/project/SD3.5/datasets/SRNet_Datagen/train/train-50k-2/i_s/41425.png,/home/ekim339/project/SD3.5/experiments/self_prompting_sd35/results/inputs/0092_41425.png,/home/ekim339/project/SD3.5/datasets/SRNet_Datagen/train/train-50k-2/mask_s/41425.png,/home/ekim339/project/SD3.5/experiments/self_prompting_sd35/results/generated/self_prompting_sd35/case_lower/0092.png
1538,92,41425.png,self_prompting_sd35,special_1,eggar,PunKg,eggar,0.0,0.0,1.0,4.985507420504987,4096,3741,/home/ekim339/project/SD3.5/datasets/SRNet_Datagen/train/train-50k-2/i_s/41425.png,/home/ekim339/project/SD3.5/experiments/self_prompting_sd35/results/inputs/0092_41425.png,/home/ekim339/project/SD3.5/datasets/SRNet_Datagen/train/train-50k-2/mask_s/41425.png,/home/ekim339/project/SD3.5/experiments/self_prompting_sd35/results/generated/self_prompting_sd35/special_1/0092.png
1539,92,41425.png,self_prompting_sd35,special_2,eggar,uCnK@,eggar,0.0,0.0,1.0,4.985507420504987,4096,3742,/home/ekim339/project/SD3.5/datasets/SRNet_Datagen/train/train-50k-2/i_s/41425.png,/home/ekim339/project/SD3.5/experiments/self_prompting_sd35/results/inputs/0092_41425.png,/home/ekim339/project/SD3.5/datasets/SRNet_Datagen/train/train-50k-2/mask_s/41425.png,/home/ekim339/project/SD3.5/experiments/self_prompting_sd35/results/generated/self_prompting_sd35/special_2/0092.png
1540,92,41425.png,self_prompting_sd35,special_3,eggar,KQ@E.,eggar,0.0,0.0,1.0,4.985507420504987,4096,3743,/home/ekim339/project/SD3.5/datasets/SRNet_Datagen/train/train-50k-2/i_s/41425.png,/home/ekim339/project/SD3.5/experiments/self_prompting_sd35/results/inputs/0092_41425.png,/home/ekim339/project/SD3.5/datasets/SRNet_Datagen/train/train-50k-2/mask_s/41425.png,/home/ekim339/project/SD3.5/experiments/self_prompting_sd35/results/generated/self_prompting_sd35/special_3/0092.png
1541,92,41425.png,self_prompting_sd35,special_4,eggar,V-c,eggar,0.0,0.0,1.6666666666666667,4.985507420504987,4096,3744,/home/ekim339/project/SD3.5/datasets/SRNet_Datagen/train/train-50k-2/i_s/41425.png,/home/ekim339/project/SD3.5/experiments/self_prompting_sd35/results/inputs/0092_41425.png,/home/ekim339/project/SD3.5/datasets/SRNet_Datagen/train/train-50k-2/mask_s/41425.png,/home/ekim339/project/SD3.5/experiments/self_prompting_sd35/results/generated/self_prompting_sd35/special_4/0092.png
1542,92,41425.png,self_prompting_sd35,special_5,eggar,",w@:@",eegar,0.0,0.0,1.0,4.985507420504987,4096,3745,/home/ekim339/project/SD3.5/datasets/SRNet_Datagen/train/train-50k-2/i_s/41425.png,/home/ekim339/project/SD3.5/experiments/self_prompting_sd35/results/inputs/0092_41425.png,/home/ekim339/project/SD3.5/datasets/SRNet_Datagen/train/train-50k-2/mask_s/41425.png,/home/ekim339/project/SD3.5/experiments/self_prompting_sd35/results/generated/self_prompting_sd35/special_5/0092.png
1543,92,41425.png,self_prompting_sd35,special_6,eggar,_=%$$,eggar,0.0,0.0,1.0,4.985507420504987,4096,3746,/home/ekim339/project/SD3.5/datasets/SRNet_Datagen/train/train-50k-2/i_s/41425.png,/home/ekim339/project/SD3.5/experiments/self_prompting_sd35/results/inputs/0092_41425.png,/home/ekim339/project/SD3.5/datasets/SRNet_Datagen/train/train-50k-2/mask_s/41425.png,/home/ekim339/project/SD3.5/experiments/self_prompting_sd35/results/generated/self_prompting_sd35/special_6/0092.png
1544,93,33669.png,self_prompting_sd35,case_upper,waked,TGLCE,waked,0.0,0.0,1.0,10.224404344048134,4097,3747,/home/ekim339/project/SD3.5/datasets/SRNet_Datagen/train/train-50k-4/i_s/33669.png,/home/ekim339/project/SD3.5/experiments/self_prompting_sd35/results/inputs/0093_33669.png,/home/ekim339/project/SD3.5/datasets/SRNet_Datagen/train/train-50k-4/mask_s/33669.png,/home/ekim339/project/SD3.5/experiments/self_prompting_sd35/results/generated/self_prompting_sd35/case_upper/0093.png
1545,93,33669.png,self_prompting_sd35,case_lower,waked,tglce,waked,0.0,0.0,1.0,10.224404344048134,4097,3748,/home/ekim339/project/SD3.5/datasets/SRNet_Datagen/train/train-50k-4/i_s/33669.png,/home/ekim339/project/SD3.5/experiments/self_prompting_sd35/results/inputs/0093_33669.png,/home/ekim339/project/SD3.5/datasets/SRNet_Datagen/train/train-50k-4/mask_s/33669.png,/home/ekim339/project/SD3.5/experiments/self_prompting_sd35/results/generated/self_prompting_sd35/case_lower/0093.png
1546,93,33669.png,self_prompting_sd35,special_1,waked,AahnJ,waked,0.0,0.19999999999999996,0.8,10.224404344048134,4097,3749,/home/ekim339/project/SD3.5/datasets/SRNet_Datagen/train/train-50k-4/i_s/33669.png,/home/ekim339/project/SD3.5/experiments/self_prompting_sd35/results/inputs/0093_33669.png,/home/ekim339/project/SD3.5/datasets/SRNet_Datagen/train/train-50k-4/mask_s/33669.png,/home/ekim339/project/SD3.5/experiments/self_prompting_sd35/results/generated/self_prompting_sd35/special_1/0093.png
1547,93,33669.png,self_prompting_sd35,special_2,waked,P&FnZ,waked,0.0,0.0,1.0,10.224404344048134,4097,3750,/home/ekim339/project/SD3.5/datasets/SRNet_Datagen/train/train-50k-4/i_s/33669.png,/home/ekim339/project/SD3.5/experiments/self_prompting_sd35/results/inputs/0093_33669.png,/home/ekim339/project/SD3.5/datasets/SRNet_Datagen/train/train-50k-4/mask_s/33669.png,/home/ekim339/project/SD3.5/experiments/self_prompting_sd35/results/generated/self_prompting_sd35/special_2/0093.png
1548,93,33669.png,self_prompting_sd35,special_3,waked,"r,$KS",waked,0.0,0.0,1.0,10.224404344048134,4097,3751,/home/ekim339/project/SD3.5/datasets/SRNet_Datagen/train/train-50k-4/i_s/33669.png,/home/ekim339/project/SD3.5/experiments/self_prompting_sd35/results/inputs/0093_33669.png,/home/ekim339/project/SD3.5/datasets/SRNet_Datagen/train/train-50k-4/mask_s/33669.png,/home/ekim339/project/SD3.5/experiments/self_prompting_sd35/results/generated/self_prompting_sd35/special_3/0093.png
1549,93,33669.png,self_prompting_sd35,special_4,waked,"vZ,",waked,0.0,0.0,1.6666666666666667,10.224404344048134,4097,3752,/home/ekim339/project/SD3.5/datasets/SRNet_Datagen/train/train-50k-4/i_s/33669.png,/home/ekim339/project/SD3.5/experiments/self_prompting_sd35/results/inputs/0093_33669.png,/home/ekim339/project/SD3.5/datasets/SRNet_Datagen/train/train-50k-4/mask_s/33669.png,/home/ekim339/project/SD3.5/experiments/self_prompting_sd35/results/generated/self_prompting_sd35/special_4/0093.png
1550,93,33669.png,self_prompting_sd35,special_5,waked,_+:H%,waked,0.0,0.0,1.0,10.224404344048134,4097,3753,/home/ekim339/project/SD3.5/datasets/SRNet_Datagen/train/train-50k-4/i_s/33669.png,/home/ekim339/project/SD3.5/experiments/self_prompting_sd35/results/inputs/0093_33669.png,/home/ekim339/project/SD3.5/datasets/SRNet_Datagen/train/train-50k-4/mask_s/33669.png,/home/ekim339/project/SD3.5/experiments/self_prompting_sd35/results/generated/self_prompting_sd35/special_5/0093.png
1551,93,33669.png,self_prompting_sd35,special_6,waked,;_;-!,waked,0.0,0.0,1.0,10.224404344048134,4097,3754,/home/ekim339/project/SD3.5/datasets/SRNet_Datagen/train/train-50k-4/i_s/33669.png,/home/ekim339/project/SD3.5/experiments/self_prompting_sd35/results/inputs/0093_33669.png,/home/ekim339/project/SD3.5/datasets/SRNet_Datagen/train/train-50k-4/mask_s/33669.png,/home/ekim339/project/SD3.5/experiments/self_prompting_sd35/results/generated/self_prompting_sd35/special_6/0093.png
1552,94,35177.png,self_prompting_sd35,case_upper,bagel,YNNUG,bagel,0.0,0.0,1.0,8.956984557830117,4098,3755,/home/ekim339/project/SD3.5/datasets/SRNet_Datagen/train/train-50k-4/i_s/35177.png,/home/ekim339/project/SD3.5/experiments/self_prompting_sd35/results/inputs/0094_35177.png,/home/ekim339/project/SD3.5/datasets/SRNet_Datagen/train/train-50k-4/mask_s/35177.png,/home/ekim339/project/SD3.5/experiments/self_prompting_sd35/results/generated/self_prompting_sd35/case_upper/0094.png
1553,94,35177.png,self_prompting_sd35,case_lower,bagel,ynnug,hagel,0.0,0.0,1.0,8.956984557830117,4098,3756,/home/ekim339/project/SD3.5/datasets/SRNet_Datagen/train/train-50k-4/i_s/35177.png,/home/ekim339/project/SD3.5/experiments/self_prompting_sd35/results/inputs/0094_35177.png,/home/ekim339/project/SD3.5/datasets/SRNet_Datagen/train/train-50k-4/mask_s/35177.png,/home/ekim339/project/SD3.5/experiments/self_prompting_sd35/results/generated/self_prompting_sd35/case_lower/0094.png
1554,94,35177.png,self_prompting_sd35,special_1,bagel,qXiWl,bagel,0.0,0.19999999999999996,0.8,8.956984557830117,4098,3757,/home/ekim339/project/SD3.5/datasets/SRNet_Datagen/train/train-50k-4/i_s/35177.png,/home/ekim339/project/SD3.5/experiments/self_prompting_sd35/results/inputs/0094_35177.png,/home/ekim339/project/SD3.5/datasets/SRNet_Datagen/train/train-50k-4/mask_s/35177.png,/home/ekim339/project/SD3.5/experiments/self_prompting_sd35/results/generated/self_prompting_sd35/special_1/0094.png
1555,94,35177.png,self_prompting_sd35,special_2,bagel,ghgV-,bagel,0.0,0.19999999999999996,0.8,8.956984557830117,4098,3758,/home/ekim339/project/SD3.5/datasets/SRNet_Datagen/train/train-50k-4/i_s/35177.png,/home/ekim339/project/SD3.5/experiments/self_prompting_sd35/results/inputs/0094_35177.png,/home/ekim339/project/SD3.5/datasets/SRNet_Datagen/train/train-50k-4/mask_s/35177.png,/home/ekim339/project/SD3.5/experiments/self_prompting_sd35/results/generated/self_prompting_sd35/special_2/0094.png
1556,94,35177.png,self_prompting_sd35,special_3,bagel,yxw-*,bagel,0.0,0.0,1.0,8.956984557830117,4098,3759,/home/ekim339/project/SD3.5/datasets/SRNet_Datagen/train/train-50k-4/i_s/35177.png,/home/ekim339/project/SD3.5/experiments/self_prompting_sd35/results/inputs/0094_35177.png,/home/ekim339/project/SD3.5/datasets/SRNet_Datagen/train/train-50k-4/mask_s/35177.png,/home/ekim339/project/SD3.5/experiments/self_prompting_sd35/results/generated/self_prompting_sd35/special_3/0094.png
1557,94,35177.png,self_prompting_sd35,special_4,bagel,:AJ,bagel,0.0,0.0,1.6666666666666667,8.956984557830117,4098,3760,/home/ekim339/project/SD3.5/datasets/SRNet_Datagen/train/train-50k-4/i_s/35177.png,/home/ekim339/project/SD3.5/experiments/self_prompting_sd35/results/inputs/0094_35177.png,/home/ekim339/project/SD3.5/datasets/SRNet_Datagen/train/train-50k-4/mask_s/35177.png,/home/ekim339/project/SD3.5/experiments/self_prompting_sd35/results/generated/self_prompting_sd35/special_4/0094.png
1558,94,35177.png,self_prompting_sd35,special_5,bagel,$J?$-,bagel,0.0,0.0,1.0,8.956984557830117,4098,3761,/home/ekim339/project/SD3.5/datasets/SRNet_Datagen/train/train-50k-4/i_s/35177.png,/home/ekim339/project/SD3.5/experiments/self_prompting_sd35/results/inputs/0094_35177.png,/home/ekim339/project/SD3.5/datasets/SRNet_Datagen/train/train-50k-4/mask_s/35177.png,/home/ekim339/project/SD3.5/experiments/self_prompting_sd35/results/generated/self_prompting_sd35/special_5/0094.png
1559,94,35177.png,self_prompting_sd35,special_6,bagel,%+@:_,bagel,0.0,0.0,1.0,8.956984557830117,4098,3762,/home/ekim339/project/SD3.5/datasets/SRNet_Datagen/train/train-50k-4/i_s/35177.png,/home/ekim339/project/SD3.5/experiments/self_prompting_sd35/results/inputs/0094_35177.png,/home/ekim339/project/SD3.5/datasets/SRNet_Datagen/train/train-50k-4/mask_s/35177.png,/home/ekim339/project/SD3.5/experiments/self_prompting_sd35/results/generated/self_prompting_sd35/special_6/0094.png
1560,95,09454.png,self_prompting_sd35,case_upper,extra,SDVPE,seperr,0.0,0.0,1.2,2.2381215343969645,4099,3763,/home/ekim339/project/SD3.5/datasets/SRNet_Datagen/train/train-50k-2/i_s/09454.png,/home/ekim339/project/SD3.5/experiments/self_prompting_sd35/results/inputs/0095_09454.png,/home/ekim339/project/SD3.5/datasets/SRNet_Datagen/train/train-50k-2/mask_s/09454.png,/home/ekim339/project/SD3.5/experiments/self_prompting_sd35/results/generated/self_prompting_sd35/case_upper/0095.png
1561,95,09454.png,self_prompting_sd35,case_lower,extra,sdvpe,sepeerra,0.0,0.25,1.2,2.2381215343969645,4099,3764,/home/ekim339/project/SD3.5/datasets/SRNet_Datagen/train/train-50k-2/i_s/09454.png,/home/ekim339/project/SD3.5/experiments/self_prompting_sd35/results/inputs/0095_09454.png,/home/ekim339/project/SD3.5/datasets/SRNet_Datagen/train/train-50k-2/mask_s/09454.png,/home/ekim339/project/SD3.5/experiments/self_prompting_sd35/results/generated/self_prompting_sd35/case_lower/0095.png
1562,95,09454.png,self_prompting_sd35,special_1,extra,RhSGR,extra,0.0,0.0,1.0,2.2381215343969645,4099,3765,/home/ekim339/project/SD3.5/datasets/SRNet_Datagen/train/train-50k-2/i_s/09454.png,/home/ekim339/project/SD3.5/experiments/self_prompting_sd35/results/inputs/0095_09454.png,/home/ekim339/project/SD3.5/datasets/SRNet_Datagen/train/train-50k-2/mask_s/09454.png,/home/ekim339/project/SD3.5/experiments/self_prompting_sd35/results/generated/self_prompting_sd35/special_1/0095.png
1563,95,09454.png,self_prompting_sd35,special_2,extra,"cP,Qg",secee,0.0,0.0,1.0,2.2381215343969645,4099,3766,/home/ekim339/project/SD3.5/datasets/SRNet_Datagen/train/train-50k-2/i_s/09454.png,/home/ekim339/project/SD3.5/experiments/self_prompting_sd35/results/inputs/0095_09454.png,/home/ekim339/project/SD3.5/datasets/SRNet_Datagen/train/train-50k-2/mask_s/09454.png,/home/ekim339/project/SD3.5/experiments/self_prompting_sd35/results/generated/self_prompting_sd35/special_2/0095.png
1564,95,09454.png,self_prompting_sd35,special_3,extra,",.ciB",coner,0.0,0.0,1.0,2.2381215343969645,4099,3767,/home/ekim339/project/SD3.5/datasets/SRNet_Datagen/train/train-50k-2/i_s/09454.png,/home/ekim339/project/SD3.5/experiments/self_prompting_sd35/results/inputs/0095_09454.png,/home/ekim339/project/SD3.5/datasets/SRNet_Datagen/train/train-50k-2/mask_s/09454.png,/home/ekim339/project/SD3.5/experiments/self_prompting_sd35/results/generated/self_prompting_sd35/special_3/0095.png
1565,95,09454.png,self_prompting_sd35,special_4,extra,#iU,senee,0.0,0.0,1.6666666666666667,2.2381215343969645,4099,3768,/home/ekim339/project/SD3.5/datasets/SRNet_Datagen/train/train-50k-2/i_s/09454.png,/home/ekim339/project/SD3.5/experiments/self_prompting_sd35/results/inputs/0095_09454.png,/home/ekim339/project/SD3.5/datasets/SRNet_Datagen/train/train-50k-2/mask_s/09454.png,/home/ekim339/project/SD3.5/experiments/self_prompting_sd35/results/generated/self_prompting_sd35/special_4/0095.png
1566,95,09454.png,self_prompting_sd35,special_5,extra,*_+m!,sener,0.0,0.0,1.0,2.2381215343969645,4099,3769,/home/ekim339/project/SD3.5/datasets/SRNet_Datagen/train/train-50k-2/i_s/09454.png,/home/ekim339/project/SD3.5/experiments/self_prompting_sd35/results/inputs/0095_09454.png,/home/ekim339/project/SD3.5/datasets/SRNet_Datagen/train/train-50k-2/mask_s/09454.png,/home/ekim339/project/SD3.5/experiments/self_prompting_sd35/results/generated/self_prompting_sd35/special_5/0095.png
1567,95,09454.png,self_prompting_sd35,special_6,extra,;??%?,centra,0.0,0.0,1.2,2.2381215343969645,4099,3770,/home/ekim339/project/SD3.5/datasets/SRNet_Datagen/train/train-50k-2/i_s/09454.png,/home/ekim339/project/SD3.5/experiments/self_prompting_sd35/results/inputs/0095_09454.png,/home/ekim339/project/SD3.5/datasets/SRNet_Datagen/train/train-50k-2/mask_s/09454.png,/home/ekim339/project/SD3.5/experiments/self_prompting_sd35/results/generated/self_prompting_sd35/special_6/0095.png
1568,96,46844.png,self_prompting_sd35,case_upper,badly,HHFCO,baoly,0.0,0.0,1.0,7.096691475042649,4100,3771,/home/ekim339/project/SD3.5/datasets/SRNet_Datagen/train/train-50k-3/i_s/46844.png,/home/ekim339/project/SD3.5/experiments/self_prompting_sd35/results/inputs/0096_46844.png,/home/ekim339/project/SD3.5/datasets/SRNet_Datagen/train/train-50k-3/mask_s/46844.png,/home/ekim339/project/SD3.5/experiments/self_prompting_sd35/results/generated/self_prompting_sd35/case_upper/0096.png
1569,96,46844.png,self_prompting_sd35,case_lower,badly,hhfco,hardiyy,0.0,0.1428571428571429,1.2,7.096691475042649,4100,3772,/home/ekim339/project/SD3.5/datasets/SRNet_Datagen/train/train-50k-3/i_s/46844.png,/home/ekim339/project/SD3.5/experiments/self_prompting_sd35/results/inputs/0096_46844.png,/home/ekim339/project/SD3.5/datasets/SRNet_Datagen/train/train-50k-3/mask_s/46844.png,/home/ekim339/project/SD3.5/experiments/self_prompting_sd35/results/generated/self_prompting_sd35/case_lower/0096.png
1570,96,46844.png,self_prompting_sd35,special_1,badly,YGLok,bady,0.0,0.0,1.0,7.096691475042649,4100,3773,/home/ekim339/project/SD3.5/datasets/SRNet_Datagen/train/train-50k-3/i_s/46844.png,/home/ekim339/project/SD3.5/experiments/self_prompting_sd35/results/inputs/0096_46844.png,/home/ekim339/project/SD3.5/datasets/SRNet_Datagen/train/train-50k-3/mask_s/46844.png,/home/ekim339/project/SD3.5/experiments/self_prompting_sd35/results/generated/self_prompting_sd35/special_1/0096.png
1571,96,46844.png,self_prompting_sd35,special_2,badly,:ILxb,badly,0.0,0.0,1.0,7.096691475042649,4100,3774,/home/ekim339/project/SD3.5/datasets/SRNet_Datagen/train/train-50k-3/i_s/46844.png,/home/ekim339/project/SD3.5/experiments/self_prompting_sd35/results/inputs/0096_46844.png,/home/ekim339/project/SD3.5/datasets/SRNet_Datagen/train/train-50k-3/mask_s/46844.png,/home/ekim339/project/SD3.5/experiments/self_prompting_sd35/results/generated/self_prompting_sd35/special_2/0096.png
1572,96,46844.png,self_prompting_sd35,special_3,badly,bPn?;,wopppyy,0.0,0.0,1.4,7.096691475042649,4100,3775,/home/ekim339/project/SD3.5/datasets/SRNet_Datagen/train/train-50k-3/i_s/46844.png,/home/ekim339/project/SD3.5/experiments/self_prompting_sd35/results/inputs/0096_46844.png,/home/ekim339/project/SD3.5/datasets/SRNet_Datagen/train/train-50k-3/mask_s/46844.png,/home/ekim339/project/SD3.5/experiments/self_prompting_sd35/results/generated/self_prompting_sd35/special_3/0096.png
1573,96,46844.png,self_prompting_sd35,special_4,badly,?er,henly,0.0,0.19999999999999996,1.3333333333333333,7.096691475042649,4100,3776,/home/ekim339/project/SD3.5/datasets/SRNet_Datagen/train/train-50k-3/i_s/46844.png,/home/ekim339/project/SD3.5/experiments/self_prompting_sd35/results/inputs/0096_46844.png,/home/ekim339/project/SD3.5/datasets/SRNet_Datagen/train/train-50k-3/mask_s/46844.png,/home/ekim339/project/SD3.5/experiments/self_prompting_sd35/results/generated/self_prompting_sd35/special_4/0096.png
1574,96,46844.png,self_prompting_sd35,special_5,badly,.k-&.,haoly,0.0,0.0,1.0,7.096691475042649,4100,3777,/home/ekim339/project/SD3.5/datasets/SRNet_Datagen/train/train-50k-3/i_s/46844.png,/home/ekim339/project/SD3.5/experiments/self_prompting_sd35/results/inputs/0096_46844.png,/home/ekim339/project/SD3.5/datasets/SRNet_Datagen/train/train-50k-3/mask_s/46844.png,/home/ekim339/project/SD3.5/experiments/self_prompting_sd35/results/generated/self_prompting_sd35/special_5/0096.png
1575,96,46844.png,self_prompting_sd35,special_6,badly,@!%_.,body,0.0,0.0,1.0,7.096691475042649,4100,3778,/home/ekim339/project/SD3.5/datasets/SRNet_Datagen/train/train-50k-3/i_s/46844.png,/home/ekim339/project/SD3.5/experiments/self_prompting_sd35/results/inputs/0096_46844.png,/home/ekim339/project/SD3.5/datasets/SRNet_Datagen/train/train-50k-3/mask_s/46844.png,/home/ekim339/project/SD3.5/experiments/self_prompting_sd35/results/generated/self_prompting_sd35/special_6/0096.png
1576,97,40610.png,self_prompting_sd35,case_upper,larky,XVYAE,marky,0.0,0.0,1.0,3.967255765101009,4101,3779,/home/ekim339/project/SD3.5/datasets/SRNet_Datagen/train/train-50k-1/i_s/40610.png,/home/ekim339/project/SD3.5/experiments/self_prompting_sd35/results/inputs/0097_40610.png,/home/ekim339/project/SD3.5/datasets/SRNet_Datagen/train/train-50k-1/mask_s/40610.png,/home/ekim339/project/SD3.5/experiments/self_prompting_sd35/results/generated/self_prompting_sd35/case_upper/0097.png
1577,97,40610.png,self_prompting_sd35,case_lower,larky,xvyae,terry,0.0,0.0,1.0,3.967255765101009,4101,3780,/home/ekim339/project/SD3.5/datasets/SRNet_Datagen/train/train-50k-1/i_s/40610.png,/home/ekim339/project/SD3.5/experiments/self_prompting_sd35/results/inputs/0097_40610.png,/home/ekim339/project/SD3.5/datasets/SRNet_Datagen/train/train-50k-1/mask_s/40610.png,/home/ekim339/project/SD3.5/experiments/self_prompting_sd35/results/generated/self_prompting_sd35/case_lower/0097.png
1578,97,40610.png,self_prompting_sd35,special_1,larky,KOukA,jorkl,0.0,0.19999999999999996,0.8,3.967255765101009,4101,3781,/home/ekim339/project/SD3.5/datasets/SRNet_Datagen/train/train-50k-1/i_s/40610.png,/home/ekim339/project/SD3.5/experiments/self_prompting_sd35/results/inputs/0097_40610.png,/home/ekim339/project/SD3.5/datasets/SRNet_Datagen/train/train-50k-1/mask_s/40610.png,/home/ekim339/project/SD3.5/experiments/self_prompting_sd35/results/generated/self_prompting_sd35/special_1/0097.png
1579,97,40610.png,self_prompting_sd35,special_2,larky,"K,LSW",jerky,0.0,0.0,1.0,3.967255765101009,4101,3782,/home/ekim339/project/SD3.5/datasets/SRNet_Datagen/train/train-50k-1/i_s/40610.png,/home/ekim339/project/SD3.5/experiments/self_prompting_sd35/results/inputs/0097_40610.png,/home/ekim339/project/SD3.5/datasets/SRNet_Datagen/train/train-50k-1/mask_s/40610.png,/home/ekim339/project/SD3.5/experiments/self_prompting_sd35/results/generated/self_prompting_sd35/special_2/0097.png
1580,97,40610.png,self_prompting_sd35,special_3,larky,KI%E=,jarky,0.0,0.0,1.0,3.967255765101009,4101,3783,/home/ekim339/project/SD3.5/datasets/SRNet_Datagen/train/train-50k-1/i_s/40610.png,/home/ekim339/project/SD3.5/experiments/self_prompting_sd35/results/inputs/0097_40610.png,/home/ekim339/project/SD3.5/datasets/SRNet_Datagen/train/train-50k-1/mask_s/40610.png,/home/ekim339/project/SD3.5/experiments/self_prompting_sd35/results/generated/self_prompting_sd35/special_3/0097.png
1581,97,40610.png,self_prompting_sd35,special_4,larky,?GQ,jarky,0.0,0.0,1.6666666666666667,3.967255765101009,4101,3784,/home/ekim339/project/SD3.5/datasets/SRNet_Datagen/train/train-50k-1/i_s/40610.png,/home/ekim339/project/SD3.5/experiments/self_prompting_sd35/results/inputs/0097_40610.png,/home/ekim339/project/SD3.5/datasets/SRNet_Datagen/train/train-50k-1/mask_s/40610.png,/home/ekim339/project/SD3.5/experiments/self_prompting_sd35/results/generated/self_prompting_sd35/special_4/0097.png
1582,97,40610.png,self_prompting_sd35,special_5,larky,?@A_!,marky,0.0,0.0,1.0,3.967255765101009,4101,3785,/home/ekim339/project/SD3.5/datasets/SRNet_Datagen/train/train-50k-1/i_s/40610.png,/home/ekim339/project/SD3.5/experiments/self_prompting_sd35/results/inputs/0097_40610.png,/home/ekim339/project/SD3.5/datasets/SRNet_Datagen/train/train-50k-1/mask_s/40610.png,/home/ekim339/project/SD3.5/experiments/self_prompting_sd35/results/generated/self_prompting_sd35/special_5/0097.png
1583,97,40610.png,self_prompting_sd35,special_6,larky,":!#,$",jerky,0.0,0.0,1.0,3.967255765101009,4101,3786,/home/ekim339/project/SD3.5/datasets/SRNet_Datagen/train/train-50k-1/i_s/40610.png,/home/ekim339/project/SD3.5/experiments/self_prompting_sd35/results/inputs/0097_40610.png,/home/ekim339/project/SD3.5/datasets/SRNet_Datagen/train/train-50k-1/mask_s/40610.png,/home/ekim339/project/SD3.5/experiments/self_prompting_sd35/results/generated/self_prompting_sd35/special_6/0097.png
1584,98,45149.png,self_prompting_sd35,case_upper,rivus,YWWBV,rivus,0.0,0.0,1.0,9.585422453982162,4102,3787,/home/ekim339/project/SD3.5/datasets/SRNet_Datagen/train/train-50k-3/i_s/45149.png,/home/ekim339/project/SD3.5/experiments/self_prompting_sd35/results/inputs/0098_45149.png,/home/ekim339/project/SD3.5/datasets/SRNet_Datagen/train/train-50k-3/mask_s/45149.png,/home/ekim339/project/SD3.5/experiments/self_prompting_sd35/results/generated/self_prompting_sd35/case_upper/0098.png
1585,98,45149.png,self_prompting_sd35,case_lower,rivus,ywwbv,rivuss,0.0,0.0,1.2,9.585422453982162,4102,3788,/home/ekim339/project/SD3.5/datasets/SRNet_Datagen/train/train-50k-3/i_s/45149.png,/home/ekim339/project/SD3.5/experiments/self_prompting_sd35/results/inputs/0098_45149.png,/home/ekim339/project/SD3.5/datasets/SRNet_Datagen/train/train-50k-3/mask_s/45149.png,/home/ekim339/project/SD3.5/experiments/self_prompting_sd35/results/generated/self_prompting_sd35/case_lower/0098.png
1586,98,45149.png,self_prompting_sd35,special_1,rivus,zLAhn,rivise,0.0,0.0,1.2,9.585422453982162,4102,3789,/home/ekim339/project/SD3.5/datasets/SRNet_Datagen/train/train-50k-3/i_s/45149.png,/home/ekim339/project/SD3.5/experiments/self_prompting_sd35/results/inputs/0098_45149.png,/home/ekim339/project/SD3.5/datasets/SRNet_Datagen/train/train-50k-3/mask_s/45149.png,/home/ekim339/project/SD3.5/experiments/self_prompting_sd35/results/generated/self_prompting_sd35/special_1/0098.png
1587,98,45149.png,self_prompting_sd35,special_2,rivus,-oRFP,rivus,0.0,0.0,1.0,9.585422453982162,4102,3790,/home/ekim339/project/SD3.5/datasets/SRNet_Datagen/train/train-50k-3/i_s/45149.png,/home/ekim339/project/SD3.5/experiments/self_prompting_sd35/results/inputs/0098_45149.png,/home/ekim339/project/SD3.5/datasets/SRNet_Datagen/train/train-50k-3/mask_s/45149.png,/home/ekim339/project/SD3.5/experiments/self_prompting_sd35/results/generated/self_prompting_sd35/special_2/0098.png
1588,98,45149.png,self_prompting_sd35,special_3,rivus,ZHQ%*,rivus,0.0,0.0,1.0,9.585422453982162,4102,3791,/home/ekim339/project/SD3.5/datasets/SRNet_Datagen/train/train-50k-3/i_s/45149.png,/home/ekim339/project/SD3.5/experiments/self_prompting_sd35/results/inputs/0098_45149.png,/home/ekim339/project/SD3.5/datasets/SRNet_Datagen/train/train-50k-3/mask_s/45149.png,/home/ekim339/project/SD3.5/experiments/self_prompting_sd35/results/generated/self_prompting_sd35/special_3/0098.png
1589,98,45149.png,self_prompting_sd35,special_4,rivus,"wy,",rivule,0.0,0.0,2.0,9.585422453982162,4102,3792,/home/ekim339/project/SD3.5/datasets/SRNet_Datagen/train/train-50k-3/i_s/45149.png,/home/ekim339/project/SD3.5/experiments/self_prompting_sd35/results/inputs/0098_45149.png,/home/ekim339/project/SD3.5/datasets/SRNet_Datagen/train/train-50k-3/mask_s/45149.png,/home/ekim339/project/SD3.5/experiments/self_prompting_sd35/results/generated/self_prompting_sd35/special_4/0098.png
1590,98,45149.png,self_prompting_sd35,special_5,rivus,;#!_K,vivuss,0.0,0.0,1.2,9.585422453982162,4102,3793,/home/ekim339/project/SD3.5/datasets/SRNet_Datagen/train/train-50k-3/i_s/45149.png,/home/ekim339/project/SD3.5/experiments/self_prompting_sd35/results/inputs/0098_45149.png,/home/ekim339/project/SD3.5/datasets/SRNet_Datagen/train/train-50k-3/mask_s/45149.png,/home/ekim339/project/SD3.5/experiments/self_prompting_sd35/results/generated/self_prompting_sd35/special_5/0098.png
1591,98,45149.png,self_prompting_sd35,special_6,rivus,_@:-?,truss,0.0,0.0,1.0,9.585422453982162,4102,3794,/home/ekim339/project/SD3.5/datasets/SRNet_Datagen/train/train-50k-3/i_s/45149.png,/home/ekim339/project/SD3.5/experiments/self_prompting_sd35/results/inputs/0098_45149.png,/home/ekim339/project/SD3.5/datasets/SRNet_Datagen/train/train-50k-3/mask_s/45149.png,/home/ekim339/project/SD3.5/experiments/self_prompting_sd35/results/generated/self_prompting_sd35/special_6/0098.png
1592,99,43185.png,self_prompting_sd35,case_upper,DERIC,HIVOL,woneeee,0.0,0.0,1.4,11.449311948257375,4103,3795,/home/ekim339/project/SD3.5/datasets/SRNet_Datagen/train/train-50k-3/i_s/43185.png,/home/ekim339/project/SD3.5/experiments/self_prompting_sd35/results/inputs/0099_43185.png,/home/ekim339/project/SD3.5/datasets/SRNet_Datagen/train/train-50k-3/mask_s/43185.png,/home/ekim339/project/SD3.5/experiments/self_prompting_sd35/results/generated/self_prompting_sd35/case_upper/0099.png
1593,99,43185.png,self_prompting_sd35,case_lower,DERIC,hivol,workin,0.0,0.0,1.2,11.449311948257375,4103,3796,/home/ekim339/project/SD3.5/datasets/SRNet_Datagen/train/train-50k-3/i_s/43185.png,/home/ekim339/project/SD3.5/experiments/self_prompting_sd35/results/inputs/0099_43185.png,/home/ekim339/project/SD3.5/datasets/SRNet_Datagen/train/train-50k-3/mask_s/43185.png,/home/ekim339/project/SD3.5/experiments/self_prompting_sd35/results/generated/self_prompting_sd35/case_lower/0099.png
1594,99,43185.png,self_prompting_sd35,special_1,DERIC,vsAEb,when,0.0,0.0,1.0,11.449311948257375,4103,3797,/home/ekim339/project/SD3.5/datasets/SRNet_Datagen/train/train-50k-3/i_s/43185.png,/home/ekim339/project/SD3.5/experiments/self_prompting_sd35/results/inputs/0099_43185.png,/home/ekim339/project/SD3.5/datasets/SRNet_Datagen/train/train-50k-3/mask_s/43185.png,/home/ekim339/project/SD3.5/experiments/self_prompting_sd35/results/generated/self_prompting_sd35/special_1/0099.png
1595,99,43185.png,self_prompting_sd35,special_2,DERIC,bdgb%,when,0.0,0.0,1.0,11.449311948257375,4103,3798,/home/ekim339/project/SD3.5/datasets/SRNet_Datagen/train/train-50k-3/i_s/43185.png,/home/ekim339/project/SD3.5/experiments/self_prompting_sd35/results/inputs/0099_43185.png,/home/ekim339/project/SD3.5/datasets/SRNet_Datagen/train/train-50k-3/mask_s/43185.png,/home/ekim339/project/SD3.5/experiments/self_prompting_sd35/results/generated/self_prompting_sd35/special_2/0099.png
1596,99,43185.png,self_prompting_sd35,special_3,DERIC,Ec#.T,mosseeeii,0.0,0.0,1.8,11.449311948257375,4103,3799,/home/ekim339/project/SD3.5/datasets/SRNet_Datagen/train/train-50k-3/i_s/43185.png,/home/ekim339/project/SD3.5/experiments/self_prompting_sd35/results/inputs/0099_43185.png,/home/ekim339/project/SD3.5/datasets/SRNet_Datagen/train/train-50k-3/mask_s/43185.png,/home/ekim339/project/SD3.5/experiments/self_prompting_sd35/results/generated/self_prompting_sd35/special_3/0099.png
1597,99,43185.png,self_prompting_sd35,special_4,DERIC,&qY,wodeer,0.0,0.0,2.0,11.449311948257375,4103,3800,/home/ekim339/project/SD3.5/datasets/SRNet_Datagen/train/train-50k-3/i_s/43185.png,/home/ekim339/project/SD3.5/experiments/self_prompting_sd35/results/inputs/0099_43185.png,/home/ekim339/project/SD3.5/datasets/SRNet_Datagen/train/train-50k-3/mask_s/43185.png,/home/ekim339/project/SD3.5/experiments/self_prompting_sd35/results/generated/self_prompting_sd35/special_4/0099.png
1598,99,43185.png,self_prompting_sd35,special_5,DERIC,k--&!,worh,0.0,0.0,1.0,11.449311948257375,4103,3801,/home/ekim339/project/SD3.5/datasets/SRNet_Datagen/train/train-50k-3/i_s/43185.png,/home/ekim339/project/SD3.5/experiments/self_prompting_sd35/results/inputs/0099_43185.png,/home/ekim339/project/SD3.5/datasets/SRNet_Datagen/train/train-50k-3/mask_s/43185.png,/home/ekim339/project/SD3.5/experiments/self_prompting_sd35/results/generated/self_prompting_sd35/special_5/0099.png
1599,99,43185.png,self_prompting_sd35,special_6,DERIC,",!-+%",when,0.0,0.0,1.0,11.449311948257375,4103,3802,/home/ekim339/project/SD3.5/datasets/SRNet_Datagen/train/train-50k-3/i_s/43185.png,/home/ekim339/project/SD3.5/experiments/self_prompting_sd35/results/inputs/0099_43185.png,/home/ekim339/project/SD3.5/datasets/SRNet_Datagen/train/train-50k-3/mask_s/43185.png,/home/ekim339/project/SD3.5/experiments/self_prompting_sd35/results/generated/self_prompting_sd35/special_6/0099.png
