index,sample_index,filename,model,target_key,source_text,target_text,ocr_predicted_text,ACC,NED,CER,noise_standard_deviation,noise_seed,generation_seed,source_path,input_path,mask_path,output_path
0,0,08945.png,self_prompting_sd35_version2,case_upper,thine,XAQKY,thine,0.0,0.0,1.0,6.756381637663084,4004,3003,/home/ekim339/project/SD3.5/datasets/SRNet_Datagen/train/train-50k-3/i_s/08945.png,/home/ekim339/project/SD3.5/experiments/self_prompting_sd35_version2/results/inputs/0000_08945.png,/home/ekim339/project/SD3.5/datasets/SRNet_Datagen/train/train-50k-3/mask_s/08945.png,/home/ekim339/project/SD3.5/experiments/self_prompting_sd35_version2/results/generated/self_prompting_sd35_version2/case_upper/0000.png
1,0,08945.png,self_prompting_sd35_version2,case_lower,thine,xaqky,thine,0.0,0.0,1.0,6.756381637663084,4004,3004,/home/ekim339/project/SD3.5/datasets/SRNet_Datagen/train/train-50k-3/i_s/08945.png,/home/ekim339/project/SD3.5/experiments/self_prompting_sd35_version2/results/inputs/0000_08945.png,/home/ekim339/project/SD3.5/datasets/SRNet_Datagen/train/train-50k-3/mask_s/08945.png,/home/ekim339/project/SD3.5/experiments/self_prompting_sd35_version2/results/generated/self_prompting_sd35_version2/case_lower/0000.png
2,0,08945.png,self_prompting_sd35_version2,special_1,thine,hKqPs,thine,0.0,0.0,1.0,6.756381637663084,4004,3005,/home/ekim339/project/SD3.5/datasets/SRNet_Datagen/train/train-50k-3/i_s/08945.png,/home/ekim339/project/SD3.5/experiments/self_prompting_sd35_version2/results/inputs/0000_08945.png,/home/ekim339/project/SD3.5/datasets/SRNet_Datagen/train/train-50k-3/mask_s/08945.png,/home/ekim339/project/SD3.5/experiments/self_prompting_sd35_version2/results/generated/self_prompting_sd35_version2/special_1/0000.png
3,0,08945.png,self_prompting_sd35_version2,special_2,thine,dtG$e,thine,0.0,0.19999999999999996,0.8,6.756381637663084,4004,3006,/home/ekim339/project/SD3.5/datasets/SRNet_Datagen/train/train-50k-3/i_s/08945.png,/home/ekim339/project/SD3.5/experiments/self_prompting_sd35_version2/results/inputs/0000_08945.png,/home/ekim339/project/SD3.5/datasets/SRNet_Datagen/train/train-50k-3/mask_s/08945.png,/home/ekim339/project/SD3.5/experiments/self_prompting_sd35_version2/results/generated/self_prompting_sd35_version2/special_2/0000.png
4,0,08945.png,self_prompting_sd35_version2,special_3,thine,laM&%,thine,0.0,0.0,1.0,6.756381637663084,4004,3007,/home/ekim339/project/SD3.5/datasets/SRNet_Datagen/train/train-50k-3/i_s/08945.png,/home/ekim339/project/SD3.5/experiments/self_prompting_sd35_version2/results/inputs/0000_08945.png,/home/ekim339/project/SD3.5/datasets/SRNet_Datagen/train/train-50k-3/mask_s/08945.png,/home/ekim339/project/SD3.5/experiments/self_prompting_sd35_version2/results/generated/self_prompting_sd35_version2/special_3/0000.png
5,0,08945.png,self_prompting_sd35_version2,special_4,thine,C.I,thine,0.0,0.0,1.6666666666666667,6.756381637663084,4004,3008,/home/ekim339/project/SD3.5/datasets/SRNet_Datagen/train/train-50k-3/i_s/08945.png,/home/ekim339/project/SD3.5/experiments/self_prompting_sd35_version2/results/inputs/0000_08945.png,/home/ekim339/project/SD3.5/datasets/SRNet_Datagen/train/train-50k-3/mask_s/08945.png,/home/ekim339/project/SD3.5/experiments/self_prompting_sd35_version2/results/generated/self_prompting_sd35_version2/special_4/0000.png
6,0,08945.png,self_prompting_sd35_version2,special_5,thine,@U+.$,thine,0.0,0.0,1.0,6.756381637663084,4004,3009,/home/ekim339/project/SD3.5/datasets/SRNet_Datagen/train/train-50k-3/i_s/08945.png,/home/ekim339/project/SD3.5/experiments/self_prompting_sd35_version2/results/inputs/0000_08945.png,/home/ekim339/project/SD3.5/datasets/SRNet_Datagen/train/train-50k-3/mask_s/08945.png,/home/ekim339/project/SD3.5/experiments/self_prompting_sd35_version2/results/generated/self_prompting_sd35_version2/special_5/0000.png
7,0,08945.png,self_prompting_sd35_version2,special_6,thine,"#=&,*",thine,0.0,0.0,1.0,6.756381637663084,4004,3010,/home/ekim339/project/SD3.5/datasets/SRNet_Datagen/train/train-50k-3/i_s/08945.png,/home/ekim339/project/SD3.5/experiments/self_prompting_sd35_version2/results/inputs/0000_08945.png,/home/ekim339/project/SD3.5/datasets/SRNet_Datagen/train/train-50k-3/mask_s/08945.png,/home/ekim339/project/SD3.5/experiments/self_prompting_sd35_version2/results/generated/self_prompting_sd35_version2/special_6/0000.png
8,1,47853.png,self_prompting_sd35_version2,case_upper,shall,GFRBQ,shall,0.0,0.0,1.0,5.549560196686573,4005,3011,/home/ekim339/project/SD3.5/datasets/SRNet_Datagen/train/train-50k-3/i_s/47853.png,/home/ekim339/project/SD3.5/experiments/self_prompting_sd35_version2/results/inputs/0001_47853.png,/home/ekim339/project/SD3.5/datasets/SRNet_Datagen/train/train-50k-3/mask_s/47853.png,/home/ekim339/project/SD3.5/experiments/self_prompting_sd35_version2/results/generated/self_prompting_sd35_version2/case_upper/0001.png
9,1,47853.png,self_prompting_sd35_version2,case_lower,shall,gfrbq,shall,0.0,0.0,1.0,5.549560196686573,4005,3012,/home/ekim339/project/SD3.5/datasets/SRNet_Datagen/train/train-50k-3/i_s/47853.png,/home/ekim339/project/SD3.5/experiments/self_prompting_sd35_version2/results/inputs/0001_47853.png,/home/ekim339/project/SD3.5/datasets/SRNet_Datagen/train/train-50k-3/mask_s/47853.png,/home/ekim339/project/SD3.5/experiments/self_prompting_sd35_version2/results/generated/self_prompting_sd35_version2/case_lower/0001.png
10,1,47853.png,self_prompting_sd35_version2,special_1,shall,jQlsN,shalin,0.0,0.16666666666666663,1.0,5.549560196686573,4005,3013,/home/ekim339/project/SD3.5/datasets/SRNet_Datagen/train/train-50k-3/i_s/47853.png,/home/ekim339/project/SD3.5/experiments/self_prompting_sd35_version2/results/inputs/0001_47853.png,/home/ekim339/project/SD3.5/datasets/SRNet_Datagen/train/train-50k-3/mask_s/47853.png,/home/ekim339/project/SD3.5/experiments/self_prompting_sd35_version2/results/generated/self_prompting_sd35_version2/special_1/0001.png
11,1,47853.png,self_prompting_sd35_version2,special_2,shall,ocp$e,shall,0.0,0.0,1.0,5.549560196686573,4005,3014,/home/ekim339/project/SD3.5/datasets/SRNet_Datagen/train/train-50k-3/i_s/47853.png,/home/ekim339/project/SD3.5/experiments/self_prompting_sd35_version2/results/inputs/0001_47853.png,/home/ekim339/project/SD3.5/datasets/SRNet_Datagen/train/train-50k-3/mask_s/47853.png,/home/ekim339/project/SD3.5/experiments/self_prompting_sd35_version2/results/generated/self_prompting_sd35_version2/special_2/0001.png
12,1,47853.png,self_prompting_sd35_version2,special_3,shall,N;?Ha,shall,0.0,0.0,1.0,5.549560196686573,4005,3015,/home/ekim339/project/SD3.5/datasets/SRNet_Datagen/train/train-50k-3/i_s/47853.png,/home/ekim339/project/SD3.5/experiments/self_prompting_sd35_version2/results/inputs/0001_47853.png,/home/ekim339/project/SD3.5/datasets/SRNet_Datagen/train/train-50k-3/mask_s/47853.png,/home/ekim339/project/SD3.5/experiments/self_prompting_sd35_version2/results/generated/self_prompting_sd35_version2/special_3/0001.png
13,1,47853.png,self_prompting_sd35_version2,special_4,shall,v=N,shall,0.0,0.0,1.6666666666666667,5.549560196686573,4005,3016,/home/ekim339/project/SD3.5/datasets/SRNet_Datagen/train/train-50k-3/i_s/47853.png,/home/ekim339/project/SD3.5/experiments/self_prompting_sd35_version2/results/inputs/0001_47853.png,/home/ekim339/project/SD3.5/datasets/SRNet_Datagen/train/train-50k-3/mask_s/47853.png,/home/ekim339/project/SD3.5/experiments/self_prompting_sd35_version2/results/generated/self_prompting_sd35_version2/special_4/0001.png
14,1,47853.png,self_prompting_sd35_version2,special_5,shall,@=.%y,shall,0.0,0.0,1.0,5.549560196686573,4005,3017,/home/ekim339/project/SD3.5/datasets/SRNet_Datagen/train/train-50k-3/i_s/47853.png,/home/ekim339/project/SD3.5/experiments/self_prompting_sd35_version2/results/inputs/0001_47853.png,/home/ekim339/project/SD3.5/datasets/SRNet_Datagen/train/train-50k-3/mask_s/47853.png,/home/ekim339/project/SD3.5/experiments/self_prompting_sd35_version2/results/generated/self_prompting_sd35_version2/special_5/0001.png
15,1,47853.png,self_prompting_sd35_version2,special_6,shall,#;%;%,shall,0.0,0.0,1.0,5.549560196686573,4005,3018,/home/ekim339/project/SD3.5/datasets/SRNet_Datagen/train/train-50k-3/i_s/47853.png,/home/ekim339/project/SD3.5/experiments/self_prompting_sd35_version2/results/inputs/0001_47853.png,/home/ekim339/project/SD3.5/datasets/SRNet_Datagen/train/train-50k-3/mask_s/47853.png,/home/ekim339/project/SD3.5/experiments/self_prompting_sd35_version2/results/generated/self_prompting_sd35_version2/special_6/0001.png
16,2,04626.png,self_prompting_sd35_version2,case_upper,tushy,YWLJG,rushy,0.0,0.0,1.0,7.104199863536806,4006,3019,/home/ekim339/project/SD3.5/datasets/SRNet_Datagen/train/train-50k-3/i_s/04626.png,/home/ekim339/project/SD3.5/experiments/self_prompting_sd35_version2/results/inputs/0002_04626.png,/home/ekim339/project/SD3.5/datasets/SRNet_Datagen/train/train-50k-3/mask_s/04626.png,/home/ekim339/project/SD3.5/experiments/self_prompting_sd35_version2/results/generated/self_prompting_sd35_version2/case_upper/0002.png
17,2,04626.png,self_prompting_sd35_version2,case_lower,tushy,ywljg,tushy,0.0,0.0,1.0,7.104199863536806,4006,3020,/home/ekim339/project/SD3.5/datasets/SRNet_Datagen/train/train-50k-3/i_s/04626.png,/home/ekim339/project/SD3.5/experiments/self_prompting_sd35_version2/results/inputs/0002_04626.png,/home/ekim339/project/SD3.5/datasets/SRNet_Datagen/train/train-50k-3/mask_s/04626.png,/home/ekim339/project/SD3.5/experiments/self_prompting_sd35_version2/results/generated/self_prompting_sd35_version2/case_lower/0002.png
18,2,04626.png,self_prompting_sd35_version2,special_1,tushy,lAkpZ,lushy,0.0,0.19999999999999996,0.8,7.104199863536806,4006,3021,/home/ekim339/project/SD3.5/datasets/SRNet_Datagen/train/train-50k-3/i_s/04626.png,/home/ekim339/project/SD3.5/experiments/self_prompting_sd35_version2/results/inputs/0002_04626.png,/home/ekim339/project/SD3.5/datasets/SRNet_Datagen/train/train-50k-3/mask_s/04626.png,/home/ekim339/project/SD3.5/experiments/self_prompting_sd35_version2/results/generated/self_prompting_sd35_version2/special_1/0002.png
19,2,04626.png,self_prompting_sd35_version2,special_2,tushy,DPK;w,tushy,0.0,0.0,1.0,7.104199863536806,4006,3022,/home/ekim339/project/SD3.5/datasets/SRNet_Datagen/train/train-50k-3/i_s/04626.png,/home/ekim339/project/SD3.5/experiments/self_prompting_sd35_version2/results/inputs/0002_04626.png,/home/ekim339/project/SD3.5/datasets/SRNet_Datagen/train/train-50k-3/mask_s/04626.png,/home/ekim339/project/SD3.5/experiments/self_prompting_sd35_version2/results/generated/self_prompting_sd35_version2/special_2/0002.png
20,2,04626.png,self_prompting_sd35_version2,special_3,tushy,.mk%k,rushy,0.0,0.0,1.0,7.104199863536806,4006,3023,/home/ekim339/project/SD3.5/datasets/SRNet_Datagen/train/train-50k-3/i_s/04626.png,/home/ekim339/project/SD3.5/experiments/self_prompting_sd35_version2/results/inputs/0002_04626.png,/home/ekim339/project/SD3.5/datasets/SRNet_Datagen/train/train-50k-3/mask_s/04626.png,/home/ekim339/project/SD3.5/experiments/self_prompting_sd35_version2/results/generated/self_prompting_sd35_version2/special_3/0002.png
21,2,04626.png,self_prompting_sd35_version2,special_4,tushy,xU&,tushy,0.0,0.0,1.6666666666666667,7.104199863536806,4006,3024,/home/ekim339/project/SD3.5/datasets/SRNet_Datagen/train/train-50k-3/i_s/04626.png,/home/ekim339/project/SD3.5/experiments/self_prompting_sd35_version2/results/inputs/0002_04626.png,/home/ekim339/project/SD3.5/datasets/SRNet_Datagen/train/train-50k-3/mask_s/04626.png,/home/ekim339/project/SD3.5/experiments/self_prompting_sd35_version2/results/generated/self_prompting_sd35_version2/special_4/0002.png
22,2,04626.png,self_prompting_sd35_version2,special_5,tushy,$Q!=?,lushy,0.0,0.0,1.0,7.104199863536806,4006,3025,/home/ekim339/project/SD3.5/datasets/SRNet_Datagen/train/train-50k-3/i_s/04626.png,/home/ekim339/project/SD3.5/experiments/self_prompting_sd35_version2/results/inputs/0002_04626.png,/home/ekim339/project/SD3.5/datasets/SRNet_Datagen/train/train-50k-3/mask_s/04626.png,/home/ekim339/project/SD3.5/experiments/self_prompting_sd35_version2/results/generated/self_prompting_sd35_version2/special_5/0002.png
23,2,04626.png,self_prompting_sd35_version2,special_6,tushy,*#;@.,tushy,0.0,0.0,1.0,7.104199863536806,4006,3026,/home/ekim339/project/SD3.5/datasets/SRNet_Datagen/train/train-50k-3/i_s/04626.png,/home/ekim339/project/SD3.5/experiments/self_prompting_sd35_version2/results/inputs/0002_04626.png,/home/ekim339/project/SD3.5/datasets/SRNet_Datagen/train/train-50k-3/mask_s/04626.png,/home/ekim339/project/SD3.5/experiments/self_prompting_sd35_version2/results/generated/self_prompting_sd35_version2/special_6/0002.png
24,3,47920.png,self_prompting_sd35_version2,case_upper,could,YGIJW,could,0.0,0.0,1.0,9.835273672159019,4007,3027,/home/ekim339/project/SD3.5/datasets/SRNet_Datagen/train/train-50k-1/i_s/47920.png,/home/ekim339/project/SD3.5/experiments/self_prompting_sd35_version2/results/inputs/0003_47920.png,/home/ekim339/project/SD3.5/datasets/SRNet_Datagen/train/train-50k-1/mask_s/47920.png,/home/ekim339/project/SD3.5/experiments/self_prompting_sd35_version2/results/generated/self_prompting_sd35_version2/case_upper/0003.png
25,3,47920.png,self_prompting_sd35_version2,case_lower,could,ygijw,could,0.0,0.0,1.0,9.835273672159019,4007,3028,/home/ekim339/project/SD3.5/datasets/SRNet_Datagen/train/train-50k-1/i_s/47920.png,/home/ekim339/project/SD3.5/experiments/self_prompting_sd35_version2/results/inputs/0003_47920.png,/home/ekim339/project/SD3.5/datasets/SRNet_Datagen/train/train-50k-1/mask_s/47920.png,/home/ekim339/project/SD3.5/experiments/self_prompting_sd35_version2/results/generated/self_prompting_sd35_version2/case_lower/0003.png
26,3,47920.png,self_prompting_sd35_version2,special_1,could,cDIKr,couk,0.0,0.19999999999999996,0.8,9.835273672159019,4007,3029,/home/ekim339/project/SD3.5/datasets/SRNet_Datagen/train/train-50k-1/i_s/47920.png,/home/ekim339/project/SD3.5/experiments/self_prompting_sd35_version2/results/inputs/0003_47920.png,/home/ekim339/project/SD3.5/datasets/SRNet_Datagen/train/train-50k-1/mask_s/47920.png,/home/ekim339/project/SD3.5/experiments/self_prompting_sd35_version2/results/generated/self_prompting_sd35_version2/special_1/0003.png
27,3,47920.png,self_prompting_sd35_version2,special_2,could,l!baF,could,0.0,0.0,1.0,9.835273672159019,4007,3030,/home/ekim339/project/SD3.5/datasets/SRNet_Datagen/train/train-50k-1/i_s/47920.png,/home/ekim339/project/SD3.5/experiments/self_prompting_sd35_version2/results/inputs/0003_47920.png,/home/ekim339/project/SD3.5/datasets/SRNet_Datagen/train/train-50k-1/mask_s/47920.png,/home/ekim339/project/SD3.5/experiments/self_prompting_sd35_version2/results/generated/self_prompting_sd35_version2/special_2/0003.png
28,3,47920.png,self_prompting_sd35_version2,special_3,could,;:Ufq,could,0.0,0.0,1.0,9.835273672159019,4007,3031,/home/ekim339/project/SD3.5/datasets/SRNet_Datagen/train/train-50k-1/i_s/47920.png,/home/ekim339/project/SD3.5/experiments/self_prompting_sd35_version2/results/inputs/0003_47920.png,/home/ekim339/project/SD3.5/datasets/SRNet_Datagen/train/train-50k-1/mask_s/47920.png,/home/ekim339/project/SD3.5/experiments/self_prompting_sd35_version2/results/generated/self_prompting_sd35_version2/special_3/0003.png
29,3,47920.png,self_prompting_sd35_version2,special_4,could,Z#x,could,0.0,0.0,1.6666666666666667,9.835273672159019,4007,3032,/home/ekim339/project/SD3.5/datasets/SRNet_Datagen/train/train-50k-1/i_s/47920.png,/home/ekim339/project/SD3.5/experiments/self_prompting_sd35_version2/results/inputs/0003_47920.png,/home/ekim339/project/SD3.5/datasets/SRNet_Datagen/train/train-50k-1/mask_s/47920.png,/home/ekim339/project/SD3.5/experiments/self_prompting_sd35_version2/results/generated/self_prompting_sd35_version2/special_4/0003.png
30,3,47920.png,self_prompting_sd35_version2,special_5,could,@!;r:,could,0.0,0.0,1.0,9.835273672159019,4007,3033,/home/ekim339/project/SD3.5/datasets/SRNet_Datagen/train/train-50k-1/i_s/47920.png,/home/ekim339/project/SD3.5/experiments/self_prompting_sd35_version2/results/inputs/0003_47920.png,/home/ekim339/project/SD3.5/datasets/SRNet_Datagen/train/train-50k-1/mask_s/47920.png,/home/ekim339/project/SD3.5/experiments/self_prompting_sd35_version2/results/generated/self_prompting_sd35_version2/special_5/0003.png
31,3,47920.png,self_prompting_sd35_version2,special_6,could,",*_.+",could,0.0,0.0,1.0,9.835273672159019,4007,3034,/home/ekim339/project/SD3.5/datasets/SRNet_Datagen/train/train-50k-1/i_s/47920.png,/home/ekim339/project/SD3.5/experiments/self_prompting_sd35_version2/results/inputs/0003_47920.png,/home/ekim339/project/SD3.5/datasets/SRNet_Datagen/train/train-50k-1/mask_s/47920.png,/home/ekim339/project/SD3.5/experiments/self_prompting_sd35_version2/results/generated/self_prompting_sd35_version2/special_6/0003.png
32,4,41302.png,self_prompting_sd35_version2,case_upper,mizen,XAEYO,immiienn,0.0,0.0,1.6,5.9973961582821635,4008,3035,/home/ekim339/project/SD3.5/datasets/SRNet_Datagen/train/train-50k-2/i_s/41302.png,/home/ekim339/project/SD3.5/experiments/self_prompting_sd35_version2/results/inputs/0004_41302.png,/home/ekim339/project/SD3.5/datasets/SRNet_Datagen/train/train-50k-2/mask_s/41302.png,/home/ekim339/project/SD3.5/experiments/self_prompting_sd35_version2/results/generated/self_prompting_sd35_version2/case_upper/0004.png
33,4,41302.png,self_prompting_sd35_version2,case_lower,mizen,xaeyo,ammeennn,0.0,0.125,1.4,5.9973961582821635,4008,3036,/home/ekim339/project/SD3.5/datasets/SRNet_Datagen/train/train-50k-2/i_s/41302.png,/home/ekim339/project/SD3.5/experiments/self_prompting_sd35_version2/results/inputs/0004_41302.png,/home/ekim339/project/SD3.5/datasets/SRNet_Datagen/train/train-50k-2/mask_s/41302.png,/home/ekim339/project/SD3.5/experiments/self_prompting_sd35_version2/results/generated/self_prompting_sd35_version2/case_lower/0004.png
34,4,41302.png,self_prompting_sd35_version2,special_1,mizen,ziPUx,mizzent,0.0,0.1428571428571429,1.2,5.9973961582821635,4008,3037,/home/ekim339/project/SD3.5/datasets/SRNet_Datagen/train/train-50k-2/i_s/41302.png,/home/ekim339/project/SD3.5/experiments/self_prompting_sd35_version2/results/inputs/0004_41302.png,/home/ekim339/project/SD3.5/datasets/SRNet_Datagen/train/train-50k-2/mask_s/41302.png,/home/ekim339/project/SD3.5/experiments/self_prompting_sd35_version2/results/generated/self_prompting_sd35_version2/special_1/0004.png
35,4,41302.png,self_prompting_sd35_version2,special_2,mizen,pOO?h,mizent,0.0,0.0,1.2,5.9973961582821635,4008,3038,/home/ekim339/project/SD3.5/datasets/SRNet_Datagen/train/train-50k-2/i_s/41302.png,/home/ekim339/project/SD3.5/experiments/self_prompting_sd35_version2/results/inputs/0004_41302.png,/home/ekim339/project/SD3.5/datasets/SRNet_Datagen/train/train-50k-2/mask_s/41302.png,/home/ekim339/project/SD3.5/experiments/self_prompting_sd35_version2/results/generated/self_prompting_sd35_version2/special_2/0004.png
36,4,41302.png,self_prompting_sd35_version2,special_3,mizen,K#V?k,aomiizent,0.0,0.0,1.8,5.9973961582821635,4008,3039,/home/ekim339/project/SD3.5/datasets/SRNet_Datagen/train/train-50k-2/i_s/41302.png,/home/ekim339/project/SD3.5/experiments/self_prompting_sd35_version2/results/inputs/0004_41302.png,/home/ekim339/project/SD3.5/datasets/SRNet_Datagen/train/train-50k-2/mask_s/41302.png,/home/ekim339/project/SD3.5/experiments/self_prompting_sd35_version2/results/generated/self_prompting_sd35_version2/special_3/0004.png
37,4,41302.png,self_prompting_sd35_version2,special_4,mizen,A+h,immiiznnt,0.0,0.0,3.0,5.9973961582821635,4008,3040,/home/ekim339/project/SD3.5/datasets/SRNet_Datagen/train/train-50k-2/i_s/41302.png,/home/ekim339/project/SD3.5/experiments/self_prompting_sd35_version2/results/inputs/0004_41302.png,/home/ekim339/project/SD3.5/datasets/SRNet_Datagen/train/train-50k-2/mask_s/41302.png,/home/ekim339/project/SD3.5/experiments/self_prompting_sd35_version2/results/generated/self_prompting_sd35_version2/special_4/0004.png
38,4,41302.png,self_prompting_sd35_version2,special_5,mizen,$;W?=,aimiiennt,0.0,0.0,1.8,5.9973961582821635,4008,3041,/home/ekim339/project/SD3.5/datasets/SRNet_Datagen/train/train-50k-2/i_s/41302.png,/home/ekim339/project/SD3.5/experiments/self_prompting_sd35_version2/results/inputs/0004_41302.png,/home/ekim339/project/SD3.5/datasets/SRNet_Datagen/train/train-50k-2/mask_s/41302.png,/home/ekim339/project/SD3.5/experiments/self_prompting_sd35_version2/results/generated/self_prompting_sd35_version2/special_5/0004.png
39,4,41302.png,self_prompting_sd35_version2,special_6,mizen,!:*&-,immiiennt,0.0,0.0,1.8,5.9973961582821635,4008,3042,/home/ekim339/project/SD3.5/datasets/SRNet_Datagen/train/train-50k-2/i_s/41302.png,/home/ekim339/project/SD3.5/experiments/self_prompting_sd35_version2/results/inputs/0004_41302.png,/home/ekim339/project/SD3.5/datasets/SRNet_Datagen/train/train-50k-2/mask_s/41302.png,/home/ekim339/project/SD3.5/experiments/self_prompting_sd35_version2/results/generated/self_prompting_sd35_version2/special_6/0004.png
40,5,30764.png,self_prompting_sd35_version2,case_upper,jougs,EBFTZ,jougs,0.0,0.0,1.0,6.480747726054247,4009,3043,/home/ekim339/project/SD3.5/datasets/SRNet_Datagen/train/train-50k-3/i_s/30764.png,/home/ekim339/project/SD3.5/experiments/self_prompting_sd35_version2/results/inputs/0005_30764.png,/home/ekim339/project/SD3.5/datasets/SRNet_Datagen/train/train-50k-3/mask_s/30764.png,/home/ekim339/project/SD3.5/experiments/self_prompting_sd35_version2/results/generated/self_prompting_sd35_version2/case_upper/0005.png
41,5,30764.png,self_prompting_sd35_version2,case_lower,jougs,ebftz,jougs,0.0,0.0,1.0,6.480747726054247,4009,3044,/home/ekim339/project/SD3.5/datasets/SRNet_Datagen/train/train-50k-3/i_s/30764.png,/home/ekim339/project/SD3.5/experiments/self_prompting_sd35_version2/results/inputs/0005_30764.png,/home/ekim339/project/SD3.5/datasets/SRNet_Datagen/train/train-50k-3/mask_s/30764.png,/home/ekim339/project/SD3.5/experiments/self_prompting_sd35_version2/results/generated/self_prompting_sd35_version2/case_lower/0005.png
42,5,30764.png,self_prompting_sd35_version2,special_1,jougs,gGwCH,jougs,0.0,0.0,1.0,6.480747726054247,4009,3045,/home/ekim339/project/SD3.5/datasets/SRNet_Datagen/train/train-50k-3/i_s/30764.png,/home/ekim339/project/SD3.5/experiments/self_prompting_sd35_version2/results/inputs/0005_30764.png,/home/ekim339/project/SD3.5/datasets/SRNet_Datagen/train/train-50k-3/mask_s/30764.png,/home/ekim339/project/SD3.5/experiments/self_prompting_sd35_version2/results/generated/self_prompting_sd35_version2/special_1/0005.png
43,5,30764.png,self_prompting_sd35_version2,special_2,jougs,drdD$,jougs,0.0,0.0,1.0,6.480747726054247,4009,3046,/home/ekim339/project/SD3.5/datasets/SRNet_Datagen/train/train-50k-3/i_s/30764.png,/home/ekim339/project/SD3.5/experiments/self_prompting_sd35_version2/results/inputs/0005_30764.png,/home/ekim339/project/SD3.5/datasets/SRNet_Datagen/train/train-50k-3/mask_s/30764.png,/home/ekim339/project/SD3.5/experiments/self_prompting_sd35_version2/results/generated/self_prompting_sd35_version2/special_2/0005.png
44,5,30764.png,self_prompting_sd35_version2,special_3,jougs,"*y,uv",jougs,0.0,0.0,1.0,6.480747726054247,4009,3047,/home/ekim339/project/SD3.5/datasets/SRNet_Datagen/train/train-50k-3/i_s/30764.png,/home/ekim339/project/SD3.5/experiments/self_prompting_sd35_version2/results/inputs/0005_30764.png,/home/ekim339/project/SD3.5/datasets/SRNet_Datagen/train/train-50k-3/mask_s/30764.png,/home/ekim339/project/SD3.5/experiments/self_prompting_sd35_version2/results/generated/self_prompting_sd35_version2/special_3/0005.png
45,5,30764.png,self_prompting_sd35_version2,special_4,jougs,Z+j,jougs,0.0,0.0,1.6666666666666667,6.480747726054247,4009,3048,/home/ekim339/project/SD3.5/datasets/SRNet_Datagen/train/train-50k-3/i_s/30764.png,/home/ekim339/project/SD3.5/experiments/self_prompting_sd35_version2/results/inputs/0005_30764.png,/home/ekim339/project/SD3.5/datasets/SRNet_Datagen/train/train-50k-3/mask_s/30764.png,/home/ekim339/project/SD3.5/experiments/self_prompting_sd35_version2/results/generated/self_prompting_sd35_version2/special_4/0005.png
46,5,30764.png,self_prompting_sd35_version2,special_5,jougs,@_&O_,jougs,0.0,0.0,1.0,6.480747726054247,4009,3049,/home/ekim339/project/SD3.5/datasets/SRNet_Datagen/train/train-50k-3/i_s/30764.png,/home/ekim339/project/SD3.5/experiments/self_prompting_sd35_version2/results/inputs/0005_30764.png,/home/ekim339/project/SD3.5/datasets/SRNet_Datagen/train/train-50k-3/mask_s/30764.png,/home/ekim339/project/SD3.5/experiments/self_prompting_sd35_version2/results/generated/self_prompting_sd35_version2/special_5/0005.png
47,5,30764.png,self_prompting_sd35_version2,special_6,jougs,+=-@.,jougs,0.0,0.0,1.0,6.480747726054247,4009,3050,/home/ekim339/project/SD3.5/datasets/SRNet_Datagen/train/train-50k-3/i_s/30764.png,/home/ekim339/project/SD3.5/experiments/self_prompting_sd35_version2/results/inputs/0005_30764.png,/home/ekim339/project/SD3.5/datasets/SRNet_Datagen/train/train-50k-3/mask_s/30764.png,/home/ekim339/project/SD3.5/experiments/self_prompting_sd35_version2/results/generated/self_prompting_sd35_version2/special_6/0005.png
48,6,04781.png,self_prompting_sd35_version2,case_upper,facia,AHPIO,facio,0.0,0.0,1.0,2.0150682314076747,4010,3051,/home/ekim339/project/SD3.5/datasets/SRNet_Datagen/train/train-50k-1/i_s/04781.png,/home/ekim339/project/SD3.5/experiments/self_prompting_sd35_version2/results/inputs/0006_04781.png,/home/ekim339/project/SD3.5/datasets/SRNet_Datagen/train/train-50k-1/mask_s/04781.png,/home/ekim339/project/SD3.5/experiments/self_prompting_sd35_version2/results/generated/self_prompting_sd35_version2/case_upper/0006.png
49,6,04781.png,self_prompting_sd35_version2,case_lower,facia,ahpio,facia,0.0,0.19999999999999996,0.8,2.0150682314076747,4010,3052,/home/ekim339/project/SD3.5/datasets/SRNet_Datagen/train/train-50k-1/i_s/04781.png,/home/ekim339/project/SD3.5/experiments/self_prompting_sd35_version2/results/inputs/0006_04781.png,/home/ekim339/project/SD3.5/datasets/SRNet_Datagen/train/train-50k-1/mask_s/04781.png,/home/ekim339/project/SD3.5/experiments/self_prompting_sd35_version2/results/generated/self_prompting_sd35_version2/case_lower/0006.png
50,6,04781.png,self_prompting_sd35_version2,special_1,facia,ACnDj,facia,0.0,0.0,1.0,2.0150682314076747,4010,3053,/home/ekim339/project/SD3.5/datasets/SRNet_Datagen/train/train-50k-1/i_s/04781.png,/home/ekim339/project/SD3.5/experiments/self_prompting_sd35_version2/results/inputs/0006_04781.png,/home/ekim339/project/SD3.5/datasets/SRNet_Datagen/train/train-50k-1/mask_s/04781.png,/home/ekim339/project/SD3.5/experiments/self_prompting_sd35_version2/results/generated/self_prompting_sd35_version2/special_1/0006.png
51,6,04781.png,self_prompting_sd35_version2,special_2,facia,iarC@,facia,0.0,0.19999999999999996,0.8,2.0150682314076747,4010,3054,/home/ekim339/project/SD3.5/datasets/SRNet_Datagen/train/train-50k-1/i_s/04781.png,/home/ekim339/project/SD3.5/experiments/self_prompting_sd35_version2/results/inputs/0006_04781.png,/home/ekim339/project/SD3.5/datasets/SRNet_Datagen/train/train-50k-1/mask_s/04781.png,/home/ekim339/project/SD3.5/experiments/self_prompting_sd35_version2/results/generated/self_prompting_sd35_version2/special_2/0006.png
52,6,04781.png,self_prompting_sd35_version2,special_3,facia,Yy_L$,facia,0.0,0.0,1.0,2.0150682314076747,4010,3055,/home/ekim339/project/SD3.5/datasets/SRNet_Datagen/train/train-50k-1/i_s/04781.png,/home/ekim339/project/SD3.5/experiments/self_prompting_sd35_version2/results/inputs/0006_04781.png,/home/ekim339/project/SD3.5/datasets/SRNet_Datagen/train/train-50k-1/mask_s/04781.png,/home/ekim339/project/SD3.5/experiments/self_prompting_sd35_version2/results/generated/self_prompting_sd35_version2/special_3/0006.png
53,6,04781.png,self_prompting_sd35_version2,special_4,facia,&uP,facia,0.0,0.0,1.6666666666666667,2.0150682314076747,4010,3056,/home/ekim339/project/SD3.5/datasets/SRNet_Datagen/train/train-50k-1/i_s/04781.png,/home/ekim339/project/SD3.5/experiments/self_prompting_sd35_version2/results/inputs/0006_04781.png,/home/ekim339/project/SD3.5/datasets/SRNet_Datagen/train/train-50k-1/mask_s/04781.png,/home/ekim339/project/SD3.5/experiments/self_prompting_sd35_version2/results/generated/self_prompting_sd35_version2/special_4/0006.png
54,6,04781.png,self_prompting_sd35_version2,special_5,facia,&$$&C,facia,0.0,0.0,1.0,2.0150682314076747,4010,3057,/home/ekim339/project/SD3.5/datasets/SRNet_Datagen/train/train-50k-1/i_s/04781.png,/home/ekim339/project/SD3.5/experiments/self_prompting_sd35_version2/results/inputs/0006_04781.png,/home/ekim339/project/SD3.5/datasets/SRNet_Datagen/train/train-50k-1/mask_s/04781.png,/home/ekim339/project/SD3.5/experiments/self_prompting_sd35_version2/results/generated/self_prompting_sd35_version2/special_5/0006.png
55,6,04781.png,self_prompting_sd35_version2,special_6,facia,*@+*=,facia,0.0,0.0,1.0,2.0150682314076747,4010,3058,/home/ekim339/project/SD3.5/datasets/SRNet_Datagen/train/train-50k-1/i_s/04781.png,/home/ekim339/project/SD3.5/experiments/self_prompting_sd35_version2/results/inputs/0006_04781.png,/home/ekim339/project/SD3.5/datasets/SRNet_Datagen/train/train-50k-1/mask_s/04781.png,/home/ekim339/project/SD3.5/experiments/self_prompting_sd35_version2/results/generated/self_prompting_sd35_version2/special_6/0006.png
56,7,01459.png,self_prompting_sd35_version2,case_upper,bites,YSOLK,seseesssss,0.0,0.0,2.0,8.627726823178984,4011,3059,/home/ekim339/project/SD3.5/datasets/SRNet_Datagen/train/train-50k-4/i_s/01459.png,/home/ekim339/project/SD3.5/experiments/self_prompting_sd35_version2/results/inputs/0007_01459.png,/home/ekim339/project/SD3.5/datasets/SRNet_Datagen/train/train-50k-4/mask_s/01459.png,/home/ekim339/project/SD3.5/experiments/self_prompting_sd35_version2/results/generated/self_prompting_sd35_version2/case_upper/0007.png
57,7,01459.png,self_prompting_sd35_version2,case_lower,bites,ysolk,seee,0.0,0.19999999999999996,0.8,8.627726823178984,4011,3060,/home/ekim339/project/SD3.5/datasets/SRNet_Datagen/train/train-50k-4/i_s/01459.png,/home/ekim339/project/SD3.5/experiments/self_prompting_sd35_version2/results/inputs/0007_01459.png,/home/ekim339/project/SD3.5/datasets/SRNet_Datagen/train/train-50k-4/mask_s/01459.png,/home/ekim339/project/SD3.5/experiments/self_prompting_sd35_version2/results/generated/self_prompting_sd35_version2/case_lower/0007.png
58,7,01459.png,self_prompting_sd35_version2,special_1,bites,oDRsr,sesee,0.0,0.0,1.0,8.627726823178984,4011,3061,/home/ekim339/project/SD3.5/datasets/SRNet_Datagen/train/train-50k-4/i_s/01459.png,/home/ekim339/project/SD3.5/experiments/self_prompting_sd35_version2/results/inputs/0007_01459.png,/home/ekim339/project/SD3.5/datasets/SRNet_Datagen/train/train-50k-4/mask_s/01459.png,/home/ekim339/project/SD3.5/experiments/self_prompting_sd35_version2/results/generated/self_prompting_sd35_version2/special_1/0007.png
59,7,01459.png,self_prompting_sd35_version2,special_2,bites,*MAGH,seseeeeses,0.0,0.0,2.0,8.627726823178984,4011,3062,/home/ekim339/project/SD3.5/datasets/SRNet_Datagen/train/train-50k-4/i_s/01459.png,/home/ekim339/project/SD3.5/experiments/self_prompting_sd35_version2/results/inputs/0007_01459.png,/home/ekim339/project/SD3.5/datasets/SRNet_Datagen/train/train-50k-4/mask_s/01459.png,/home/ekim339/project/SD3.5/experiments/self_prompting_sd35_version2/results/generated/self_prompting_sd35_version2/special_2/0007.png
60,7,01459.png,self_prompting_sd35_version2,special_3,bites,",Kqb+",sete,0.0,0.0,1.0,8.627726823178984,4011,3063,/home/ekim339/project/SD3.5/datasets/SRNet_Datagen/train/train-50k-4/i_s/01459.png,/home/ekim339/project/SD3.5/experiments/self_prompting_sd35_version2/results/inputs/0007_01459.png,/home/ekim339/project/SD3.5/datasets/SRNet_Datagen/train/train-50k-4/mask_s/01459.png,/home/ekim339/project/SD3.5/experiments/self_prompting_sd35_version2/results/generated/self_prompting_sd35_version2/special_3/0007.png
61,7,01459.png,self_prompting_sd35_version2,special_4,bites,mC*,sesee,0.0,0.0,1.6666666666666667,8.627726823178984,4011,3064,/home/ekim339/project/SD3.5/datasets/SRNet_Datagen/train/train-50k-4/i_s/01459.png,/home/ekim339/project/SD3.5/experiments/self_prompting_sd35_version2/results/inputs/0007_01459.png,/home/ekim339/project/SD3.5/datasets/SRNet_Datagen/train/train-50k-4/mask_s/01459.png,/home/ekim339/project/SD3.5/experiments/self_prompting_sd35_version2/results/generated/self_prompting_sd35_version2/special_4/0007.png
62,7,01459.png,self_prompting_sd35_version2,special_5,bites,",n,?=",sestttssss,0.0,0.0,2.0,8.627726823178984,4011,3065,/home/ekim339/project/SD3.5/datasets/SRNet_Datagen/train/train-50k-4/i_s/01459.png,/home/ekim339/project/SD3.5/experiments/self_prompting_sd35_version2/results/inputs/0007_01459.png,/home/ekim339/project/SD3.5/datasets/SRNet_Datagen/train/train-50k-4/mask_s/01459.png,/home/ekim339/project/SD3.5/experiments/self_prompting_sd35_version2/results/generated/self_prompting_sd35_version2/special_5/0007.png
63,7,01459.png,self_prompting_sd35_version2,special_6,bites,:+!=;,sott,0.0,0.0,1.0,8.627726823178984,4011,3066,/home/ekim339/project/SD3.5/datasets/SRNet_Datagen/train/train-50k-4/i_s/01459.png,/home/ekim339/project/SD3.5/experiments/self_prompting_sd35_version2/results/inputs/0007_01459.png,/home/ekim339/project/SD3.5/datasets/SRNet_Datagen/train/train-50k-4/mask_s/01459.png,/home/ekim339/project/SD3.5/experiments/self_prompting_sd35_version2/results/generated/self_prompting_sd35_version2/special_6/0007.png
64,8,36077.png,self_prompting_sd35_version2,case_upper,meton,SYGUZ,melon,0.0,0.0,1.0,9.471375779649403,4012,3067,/home/ekim339/project/SD3.5/datasets/SRNet_Datagen/train/train-50k-2/i_s/36077.png,/home/ekim339/project/SD3.5/experiments/self_prompting_sd35_version2/results/inputs/0008_36077.png,/home/ekim339/project/SD3.5/datasets/SRNet_Datagen/train/train-50k-2/mask_s/36077.png,/home/ekim339/project/SD3.5/experiments/self_prompting_sd35_version2/results/generated/self_prompting_sd35_version2/case_upper/0008.png
65,8,36077.png,self_prompting_sd35_version2,case_lower,meton,syguz,meton,0.0,0.0,1.0,9.471375779649403,4012,3068,/home/ekim339/project/SD3.5/datasets/SRNet_Datagen/train/train-50k-2/i_s/36077.png,/home/ekim339/project/SD3.5/experiments/self_prompting_sd35_version2/results/inputs/0008_36077.png,/home/ekim339/project/SD3.5/datasets/SRNet_Datagen/train/train-50k-2/mask_s/36077.png,/home/ekim339/project/SD3.5/experiments/self_prompting_sd35_version2/results/generated/self_prompting_sd35_version2/case_lower/0008.png
66,8,36077.png,self_prompting_sd35_version2,special_1,meton,fQGvb,thiid,0.0,0.0,1.0,9.471375779649403,4012,3069,/home/ekim339/project/SD3.5/datasets/SRNet_Datagen/train/train-50k-2/i_s/36077.png,/home/ekim339/project/SD3.5/experiments/self_prompting_sd35_version2/results/inputs/0008_36077.png,/home/ekim339/project/SD3.5/datasets/SRNet_Datagen/train/train-50k-2/mask_s/36077.png,/home/ekim339/project/SD3.5/experiments/self_prompting_sd35_version2/results/generated/self_prompting_sd35_version2/special_1/0008.png
67,8,36077.png,self_prompting_sd35_version2,special_2,meton,"LR,hJ",metch,0.0,0.0,1.0,9.471375779649403,4012,3070,/home/ekim339/project/SD3.5/datasets/SRNet_Datagen/train/train-50k-2/i_s/36077.png,/home/ekim339/project/SD3.5/experiments/self_prompting_sd35_version2/results/inputs/0008_36077.png,/home/ekim339/project/SD3.5/datasets/SRNet_Datagen/train/train-50k-2/mask_s/36077.png,/home/ekim339/project/SD3.5/experiments/self_prompting_sd35_version2/results/generated/self_prompting_sd35_version2/special_2/0008.png
68,8,36077.png,self_prompting_sd35_version2,special_3,meton,S-rY#,metor,0.0,0.0,1.0,9.471375779649403,4012,3071,/home/ekim339/project/SD3.5/datasets/SRNet_Datagen/train/train-50k-2/i_s/36077.png,/home/ekim339/project/SD3.5/experiments/self_prompting_sd35_version2/results/inputs/0008_36077.png,/home/ekim339/project/SD3.5/datasets/SRNet_Datagen/train/train-50k-2/mask_s/36077.png,/home/ekim339/project/SD3.5/experiments/self_prompting_sd35_version2/results/generated/self_prompting_sd35_version2/special_3/0008.png
69,8,36077.png,self_prompting_sd35_version2,special_4,meton,"oK,",meton,0.0,0.0,1.6666666666666667,9.471375779649403,4012,3072,/home/ekim339/project/SD3.5/datasets/SRNet_Datagen/train/train-50k-2/i_s/36077.png,/home/ekim339/project/SD3.5/experiments/self_prompting_sd35_version2/results/inputs/0008_36077.png,/home/ekim339/project/SD3.5/datasets/SRNet_Datagen/train/train-50k-2/mask_s/36077.png,/home/ekim339/project/SD3.5/experiments/self_prompting_sd35_version2/results/generated/self_prompting_sd35_version2/special_4/0008.png
70,8,36077.png,self_prompting_sd35_version2,special_5,meton,*!B:?,metor,0.0,0.0,1.0,9.471375779649403,4012,3073,/home/ekim339/project/SD3.5/datasets/SRNet_Datagen/train/train-50k-2/i_s/36077.png,/home/ekim339/project/SD3.5/experiments/self_prompting_sd35_version2/results/inputs/0008_36077.png,/home/ekim339/project/SD3.5/datasets/SRNet_Datagen/train/train-50k-2/mask_s/36077.png,/home/ekim339/project/SD3.5/experiments/self_prompting_sd35_version2/results/generated/self_prompting_sd35_version2/special_5/0008.png
71,8,36077.png,self_prompting_sd35_version2,special_6,meton,?@&=&,metoh,0.0,0.0,1.0,9.471375779649403,4012,3074,/home/ekim339/project/SD3.5/datasets/SRNet_Datagen/train/train-50k-2/i_s/36077.png,/home/ekim339/project/SD3.5/experiments/self_prompting_sd35_version2/results/inputs/0008_36077.png,/home/ekim339/project/SD3.5/datasets/SRNet_Datagen/train/train-50k-2/mask_s/36077.png,/home/ekim339/project/SD3.5/experiments/self_prompting_sd35_version2/results/generated/self_prompting_sd35_version2/special_6/0008.png
72,9,20512.png,self_prompting_sd35_version2,case_upper,debus,LSDYC,debut,0.0,0.0,1.0,4.489815310055955,4013,3075,/home/ekim339/project/SD3.5/datasets/SRNet_Datagen/train/train-50k-3/i_s/20512.png,/home/ekim339/project/SD3.5/experiments/self_prompting_sd35_version2/results/inputs/0009_20512.png,/home/ekim339/project/SD3.5/datasets/SRNet_Datagen/train/train-50k-3/mask_s/20512.png,/home/ekim339/project/SD3.5/experiments/self_prompting_sd35_version2/results/generated/self_prompting_sd35_version2/case_upper/0009.png
73,9,20512.png,self_prompting_sd35_version2,case_lower,debus,lsdyc,debus,0.0,0.0,1.0,4.489815310055955,4013,3076,/home/ekim339/project/SD3.5/datasets/SRNet_Datagen/train/train-50k-3/i_s/20512.png,/home/ekim339/project/SD3.5/experiments/self_prompting_sd35_version2/results/inputs/0009_20512.png,/home/ekim339/project/SD3.5/datasets/SRNet_Datagen/train/train-50k-3/mask_s/20512.png,/home/ekim339/project/SD3.5/experiments/self_prompting_sd35_version2/results/generated/self_prompting_sd35_version2/case_lower/0009.png
74,9,20512.png,self_prompting_sd35_version2,special_1,debus,QWOLg,debug,0.0,0.19999999999999996,0.8,4.489815310055955,4013,3077,/home/ekim339/project/SD3.5/datasets/SRNet_Datagen/train/train-50k-3/i_s/20512.png,/home/ekim339/project/SD3.5/experiments/self_prompting_sd35_version2/results/inputs/0009_20512.png,/home/ekim339/project/SD3.5/datasets/SRNet_Datagen/train/train-50k-3/mask_s/20512.png,/home/ekim339/project/SD3.5/experiments/self_prompting_sd35_version2/results/generated/self_prompting_sd35_version2/special_1/0009.png
75,9,20512.png,self_prompting_sd35_version2,special_2,debus,B*Ool,debus,0.0,0.0,1.0,4.489815310055955,4013,3078,/home/ekim339/project/SD3.5/datasets/SRNet_Datagen/train/train-50k-3/i_s/20512.png,/home/ekim339/project/SD3.5/experiments/self_prompting_sd35_version2/results/inputs/0009_20512.png,/home/ekim339/project/SD3.5/datasets/SRNet_Datagen/train/train-50k-3/mask_s/20512.png,/home/ekim339/project/SD3.5/experiments/self_prompting_sd35_version2/results/generated/self_prompting_sd35_version2/special_2/0009.png
76,9,20512.png,self_prompting_sd35_version2,special_3,debus,?PmM.,denus,0.0,0.0,1.0,4.489815310055955,4013,3079,/home/ekim339/project/SD3.5/datasets/SRNet_Datagen/train/train-50k-3/i_s/20512.png,/home/ekim339/project/SD3.5/experiments/self_prompting_sd35_version2/results/inputs/0009_20512.png,/home/ekim339/project/SD3.5/datasets/SRNet_Datagen/train/train-50k-3/mask_s/20512.png,/home/ekim339/project/SD3.5/experiments/self_prompting_sd35_version2/results/generated/self_prompting_sd35_version2/special_3/0009.png
77,9,20512.png,self_prompting_sd35_version2,special_4,debus,%Ek,debus,0.0,0.0,1.6666666666666667,4.489815310055955,4013,3080,/home/ekim339/project/SD3.5/datasets/SRNet_Datagen/train/train-50k-3/i_s/20512.png,/home/ekim339/project/SD3.5/experiments/self_prompting_sd35_version2/results/inputs/0009_20512.png,/home/ekim339/project/SD3.5/datasets/SRNet_Datagen/train/train-50k-3/mask_s/20512.png,/home/ekim339/project/SD3.5/experiments/self_prompting_sd35_version2/results/generated/self_prompting_sd35_version2/special_4/0009.png
78,9,20512.png,self_prompting_sd35_version2,special_5,debus,"@J-;,",debus,0.0,0.0,1.0,4.489815310055955,4013,3081,/home/ekim339/project/SD3.5/datasets/SRNet_Datagen/train/train-50k-3/i_s/20512.png,/home/ekim339/project/SD3.5/experiments/self_prompting_sd35_version2/results/inputs/0009_20512.png,/home/ekim339/project/SD3.5/datasets/SRNet_Datagen/train/train-50k-3/mask_s/20512.png,/home/ekim339/project/SD3.5/experiments/self_prompting_sd35_version2/results/generated/self_prompting_sd35_version2/special_5/0009.png
79,9,20512.png,self_prompting_sd35_version2,special_6,debus,".,&$*",dsbus,0.0,0.0,1.0,4.489815310055955,4013,3082,/home/ekim339/project/SD3.5/datasets/SRNet_Datagen/train/train-50k-3/i_s/20512.png,/home/ekim339/project/SD3.5/experiments/self_prompting_sd35_version2/results/inputs/0009_20512.png,/home/ekim339/project/SD3.5/datasets/SRNet_Datagen/train/train-50k-3/mask_s/20512.png,/home/ekim339/project/SD3.5/experiments/self_prompting_sd35_version2/results/generated/self_prompting_sd35_version2/special_6/0009.png
80,10,42627.png,self_prompting_sd35_version2,case_upper,queue,TGNMB,quiue,0.0,0.0,1.0,8.959690541930598,4014,3083,/home/ekim339/project/SD3.5/datasets/SRNet_Datagen/train/train-50k-1/i_s/42627.png,/home/ekim339/project/SD3.5/experiments/self_prompting_sd35_version2/results/inputs/0010_42627.png,/home/ekim339/project/SD3.5/datasets/SRNet_Datagen/train/train-50k-1/mask_s/42627.png,/home/ekim339/project/SD3.5/experiments/self_prompting_sd35_version2/results/generated/self_prompting_sd35_version2/case_upper/0010.png
81,10,42627.png,self_prompting_sd35_version2,case_lower,queue,tgnmb,tuque,0.0,0.19999999999999996,0.8,8.959690541930598,4014,3084,/home/ekim339/project/SD3.5/datasets/SRNet_Datagen/train/train-50k-1/i_s/42627.png,/home/ekim339/project/SD3.5/experiments/self_prompting_sd35_version2/results/inputs/0010_42627.png,/home/ekim339/project/SD3.5/datasets/SRNet_Datagen/train/train-50k-1/mask_s/42627.png,/home/ekim339/project/SD3.5/experiments/self_prompting_sd35_version2/results/generated/self_prompting_sd35_version2/case_lower/0010.png
82,10,42627.png,self_prompting_sd35_version2,special_1,queue,TgTqQ,quque,0.0,0.0,1.0,8.959690541930598,4014,3085,/home/ekim339/project/SD3.5/datasets/SRNet_Datagen/train/train-50k-1/i_s/42627.png,/home/ekim339/project/SD3.5/experiments/self_prompting_sd35_version2/results/inputs/0010_42627.png,/home/ekim339/project/SD3.5/datasets/SRNet_Datagen/train/train-50k-1/mask_s/42627.png,/home/ekim339/project/SD3.5/experiments/self_prompting_sd35_version2/results/generated/self_prompting_sd35_version2/special_1/0010.png
83,10,42627.png,self_prompting_sd35_version2,special_2,queue,FOGb*,tuque,0.0,0.0,1.0,8.959690541930598,4014,3086,/home/ekim339/project/SD3.5/datasets/SRNet_Datagen/train/train-50k-1/i_s/42627.png,/home/ekim339/project/SD3.5/experiments/self_prompting_sd35_version2/results/inputs/0010_42627.png,/home/ekim339/project/SD3.5/datasets/SRNet_Datagen/train/train-50k-1/mask_s/42627.png,/home/ekim339/project/SD3.5/experiments/self_prompting_sd35_version2/results/generated/self_prompting_sd35_version2/special_2/0010.png
84,10,42627.png,self_prompting_sd35_version2,special_3,queue,"=d,VO",queue,0.0,0.0,1.0,8.959690541930598,4014,3087,/home/ekim339/project/SD3.5/datasets/SRNet_Datagen/train/train-50k-1/i_s/42627.png,/home/ekim339/project/SD3.5/experiments/self_prompting_sd35_version2/results/inputs/0010_42627.png,/home/ekim339/project/SD3.5/datasets/SRNet_Datagen/train/train-50k-1/mask_s/42627.png,/home/ekim339/project/SD3.5/experiments/self_prompting_sd35_version2/results/generated/self_prompting_sd35_version2/special_3/0010.png
85,10,42627.png,self_prompting_sd35_version2,special_4,queue,F%m,quqque,0.0,0.0,2.0,8.959690541930598,4014,3088,/home/ekim339/project/SD3.5/datasets/SRNet_Datagen/train/train-50k-1/i_s/42627.png,/home/ekim339/project/SD3.5/experiments/self_prompting_sd35_version2/results/inputs/0010_42627.png,/home/ekim339/project/SD3.5/datasets/SRNet_Datagen/train/train-50k-1/mask_s/42627.png,/home/ekim339/project/SD3.5/experiments/self_prompting_sd35_version2/results/generated/self_prompting_sd35_version2/special_4/0010.png
86,10,42627.png,self_prompting_sd35_version2,special_5,queue,%M:.=,quque,0.0,0.0,1.0,8.959690541930598,4014,3089,/home/ekim339/project/SD3.5/datasets/SRNet_Datagen/train/train-50k-1/i_s/42627.png,/home/ekim339/project/SD3.5/experiments/self_prompting_sd35_version2/results/inputs/0010_42627.png,/home/ekim339/project/SD3.5/datasets/SRNet_Datagen/train/train-50k-1/mask_s/42627.png,/home/ekim339/project/SD3.5/experiments/self_prompting_sd35_version2/results/generated/self_prompting_sd35_version2/special_5/0010.png
87,10,42627.png,self_prompting_sd35_version2,special_6,queue,#&_+&,quile,0.0,0.0,1.0,8.959690541930598,4014,3090,/home/ekim339/project/SD3.5/datasets/SRNet_Datagen/train/train-50k-1/i_s/42627.png,/home/ekim339/project/SD3.5/experiments/self_prompting_sd35_version2/results/inputs/0010_42627.png,/home/ekim339/project/SD3.5/datasets/SRNet_Datagen/train/train-50k-1/mask_s/42627.png,/home/ekim339/project/SD3.5/experiments/self_prompting_sd35_version2/results/generated/self_prompting_sd35_version2/special_6/0010.png
88,11,05105.png,self_prompting_sd35_version2,case_upper,Infus,IELDW,infus,0.0,0.0,1.0,8.12958664714082,4015,3091,/home/ekim339/project/SD3.5/datasets/SRNet_Datagen/train/train-50k-3/i_s/05105.png,/home/ekim339/project/SD3.5/experiments/self_prompting_sd35_version2/results/inputs/0011_05105.png,/home/ekim339/project/SD3.5/datasets/SRNet_Datagen/train/train-50k-3/mask_s/05105.png,/home/ekim339/project/SD3.5/experiments/self_prompting_sd35_version2/results/generated/self_prompting_sd35_version2/case_upper/0011.png
89,11,05105.png,self_prompting_sd35_version2,case_lower,Infus,ieldw,intus,0.0,0.19999999999999996,0.8,8.12958664714082,4015,3092,/home/ekim339/project/SD3.5/datasets/SRNet_Datagen/train/train-50k-3/i_s/05105.png,/home/ekim339/project/SD3.5/experiments/self_prompting_sd35_version2/results/inputs/0011_05105.png,/home/ekim339/project/SD3.5/datasets/SRNet_Datagen/train/train-50k-3/mask_s/05105.png,/home/ekim339/project/SD3.5/experiments/self_prompting_sd35_version2/results/generated/self_prompting_sd35_version2/case_lower/0011.png
90,11,05105.png,self_prompting_sd35_version2,special_1,Infus,rCUmo,intuu,0.0,0.0,1.0,8.12958664714082,4015,3093,/home/ekim339/project/SD3.5/datasets/SRNet_Datagen/train/train-50k-3/i_s/05105.png,/home/ekim339/project/SD3.5/experiments/self_prompting_sd35_version2/results/inputs/0011_05105.png,/home/ekim339/project/SD3.5/datasets/SRNet_Datagen/train/train-50k-3/mask_s/05105.png,/home/ekim339/project/SD3.5/experiments/self_prompting_sd35_version2/results/generated/self_prompting_sd35_version2/special_1/0011.png
91,11,05105.png,self_prompting_sd35_version2,special_2,Infus,$GHZB,cltss,0.0,0.0,1.0,8.12958664714082,4015,3094,/home/ekim339/project/SD3.5/datasets/SRNet_Datagen/train/train-50k-3/i_s/05105.png,/home/ekim339/project/SD3.5/experiments/self_prompting_sd35_version2/results/inputs/0011_05105.png,/home/ekim339/project/SD3.5/datasets/SRNet_Datagen/train/train-50k-3/mask_s/05105.png,/home/ekim339/project/SD3.5/experiments/self_prompting_sd35_version2/results/generated/self_prompting_sd35_version2/special_2/0011.png
92,11,05105.png,self_prompting_sd35_version2,special_3,Infus,s%yL_,inyuse,0.0,0.16666666666666663,1.0,8.12958664714082,4015,3095,/home/ekim339/project/SD3.5/datasets/SRNet_Datagen/train/train-50k-3/i_s/05105.png,/home/ekim339/project/SD3.5/experiments/self_prompting_sd35_version2/results/inputs/0011_05105.png,/home/ekim339/project/SD3.5/datasets/SRNet_Datagen/train/train-50k-3/mask_s/05105.png,/home/ekim339/project/SD3.5/experiments/self_prompting_sd35_version2/results/generated/self_prompting_sd35_version2/special_3/0011.png
93,11,05105.png,self_prompting_sd35_version2,special_4,Infus,Q@w,titus,0.0,0.0,1.6666666666666667,8.12958664714082,4015,3096,/home/ekim339/project/SD3.5/datasets/SRNet_Datagen/train/train-50k-3/i_s/05105.png,/home/ekim339/project/SD3.5/experiments/self_prompting_sd35_version2/results/inputs/0011_05105.png,/home/ekim339/project/SD3.5/datasets/SRNet_Datagen/train/train-50k-3/mask_s/05105.png,/home/ekim339/project/SD3.5/experiments/self_prompting_sd35_version2/results/generated/self_prompting_sd35_version2/special_4/0011.png
94,11,05105.png,self_prompting_sd35_version2,special_5,Infus,!H%@@,infus,0.0,0.0,1.0,8.12958664714082,4015,3097,/home/ekim339/project/SD3.5/datasets/SRNet_Datagen/train/train-50k-3/i_s/05105.png,/home/ekim339/project/SD3.5/experiments/self_prompting_sd35_version2/results/inputs/0011_05105.png,/home/ekim339/project/SD3.5/datasets/SRNet_Datagen/train/train-50k-3/mask_s/05105.png,/home/ekim339/project/SD3.5/experiments/self_prompting_sd35_version2/results/generated/self_prompting_sd35_version2/special_5/0011.png
95,11,05105.png,self_prompting_sd35_version2,special_6,Infus,":+@,+",infus,0.0,0.0,1.0,8.12958664714082,4015,3098,/home/ekim339/project/SD3.5/datasets/SRNet_Datagen/train/train-50k-3/i_s/05105.png,/home/ekim339/project/SD3.5/experiments/self_prompting_sd35_version2/results/inputs/0011_05105.png,/home/ekim339/project/SD3.5/datasets/SRNet_Datagen/train/train-50k-3/mask_s/05105.png,/home/ekim339/project/SD3.5/experiments/self_prompting_sd35_version2/results/generated/self_prompting_sd35_version2/special_6/0011.png
96,12,01506.png,self_prompting_sd35_version2,case_upper,junee,UYBFG,junec,0.0,0.0,1.0,10.446760120337457,4016,3099,/home/ekim339/project/SD3.5/datasets/SRNet_Datagen/train/train-50k-1/i_s/01506.png,/home/ekim339/project/SD3.5/experiments/self_prompting_sd35_version2/results/inputs/0012_01506.png,/home/ekim339/project/SD3.5/datasets/SRNet_Datagen/train/train-50k-1/mask_s/01506.png,/home/ekim339/project/SD3.5/experiments/self_prompting_sd35_version2/results/generated/self_prompting_sd35_version2/case_upper/0012.png
97,12,01506.png,self_prompting_sd35_version2,case_lower,junee,uybfg,junee,0.0,0.0,1.0,10.446760120337457,4016,3100,/home/ekim339/project/SD3.5/datasets/SRNet_Datagen/train/train-50k-1/i_s/01506.png,/home/ekim339/project/SD3.5/experiments/self_prompting_sd35_version2/results/inputs/0012_01506.png,/home/ekim339/project/SD3.5/datasets/SRNet_Datagen/train/train-50k-1/mask_s/01506.png,/home/ekim339/project/SD3.5/experiments/self_prompting_sd35_version2/results/generated/self_prompting_sd35_version2/case_lower/0012.png
98,12,01506.png,self_prompting_sd35_version2,special_1,junee,pShhS,junce,0.0,0.0,1.0,10.446760120337457,4016,3101,/home/ekim339/project/SD3.5/datasets/SRNet_Datagen/train/train-50k-1/i_s/01506.png,/home/ekim339/project/SD3.5/experiments/self_prompting_sd35_version2/results/inputs/0012_01506.png,/home/ekim339/project/SD3.5/datasets/SRNet_Datagen/train/train-50k-1/mask_s/01506.png,/home/ekim339/project/SD3.5/experiments/self_prompting_sd35_version2/results/generated/self_prompting_sd35_version2/special_1/0012.png
99,12,01506.png,self_prompting_sd35_version2,special_2,junee,Fl=ij,junee,0.0,0.0,1.0,10.446760120337457,4016,3102,/home/ekim339/project/SD3.5/datasets/SRNet_Datagen/train/train-50k-1/i_s/01506.png,/home/ekim339/project/SD3.5/experiments/self_prompting_sd35_version2/results/inputs/0012_01506.png,/home/ekim339/project/SD3.5/datasets/SRNet_Datagen/train/train-50k-1/mask_s/01506.png,/home/ekim339/project/SD3.5/experiments/self_prompting_sd35_version2/results/generated/self_prompting_sd35_version2/special_2/0012.png
100,12,01506.png,self_prompting_sd35_version2,special_3,junee,mC-A!,junee,0.0,0.0,1.0,10.446760120337457,4016,3103,/home/ekim339/project/SD3.5/datasets/SRNet_Datagen/train/train-50k-1/i_s/01506.png,/home/ekim339/project/SD3.5/experiments/self_prompting_sd35_version2/results/inputs/0012_01506.png,/home/ekim339/project/SD3.5/datasets/SRNet_Datagen/train/train-50k-1/mask_s/01506.png,/home/ekim339/project/SD3.5/experiments/self_prompting_sd35_version2/results/generated/self_prompting_sd35_version2/special_3/0012.png
101,12,01506.png,self_prompting_sd35_version2,special_4,junee,%Df,junee,0.0,0.0,1.6666666666666667,10.446760120337457,4016,3104,/home/ekim339/project/SD3.5/datasets/SRNet_Datagen/train/train-50k-1/i_s/01506.png,/home/ekim339/project/SD3.5/experiments/self_prompting_sd35_version2/results/inputs/0012_01506.png,/home/ekim339/project/SD3.5/datasets/SRNet_Datagen/train/train-50k-1/mask_s/01506.png,/home/ekim339/project/SD3.5/experiments/self_prompting_sd35_version2/results/generated/self_prompting_sd35_version2/special_4/0012.png
102,12,01506.png,self_prompting_sd35_version2,special_5,junee,Q+_*-,junee,0.0,0.0,1.0,10.446760120337457,4016,3105,/home/ekim339/project/SD3.5/datasets/SRNet_Datagen/train/train-50k-1/i_s/01506.png,/home/ekim339/project/SD3.5/experiments/self_prompting_sd35_version2/results/inputs/0012_01506.png,/home/ekim339/project/SD3.5/datasets/SRNet_Datagen/train/train-50k-1/mask_s/01506.png,/home/ekim339/project/SD3.5/experiments/self_prompting_sd35_version2/results/generated/self_prompting_sd35_version2/special_5/0012.png
103,12,01506.png,self_prompting_sd35_version2,special_6,junee,$#*;.,junee,0.0,0.0,1.0,10.446760120337457,4016,3106,/home/ekim339/project/SD3.5/datasets/SRNet_Datagen/train/train-50k-1/i_s/01506.png,/home/ekim339/project/SD3.5/experiments/self_prompting_sd35_version2/results/inputs/0012_01506.png,/home/ekim339/project/SD3.5/datasets/SRNet_Datagen/train/train-50k-1/mask_s/01506.png,/home/ekim339/project/SD3.5/experiments/self_prompting_sd35_version2/results/generated/self_prompting_sd35_version2/special_6/0012.png
104,13,35711.png,self_prompting_sd35_version2,case_upper,mokos,JYICW,makes,0.0,0.0,1.0,2.181466025216155,4017,3107,/home/ekim339/project/SD3.5/datasets/SRNet_Datagen/train/train-50k-1/i_s/35711.png,/home/ekim339/project/SD3.5/experiments/self_prompting_sd35_version2/results/inputs/0013_35711.png,/home/ekim339/project/SD3.5/datasets/SRNet_Datagen/train/train-50k-1/mask_s/35711.png,/home/ekim339/project/SD3.5/experiments/self_prompting_sd35_version2/results/generated/self_prompting_sd35_version2/case_upper/0013.png
105,13,35711.png,self_prompting_sd35_version2,case_lower,mokos,jyicw,makes,0.0,0.0,1.0,2.181466025216155,4017,3108,/home/ekim339/project/SD3.5/datasets/SRNet_Datagen/train/train-50k-1/i_s/35711.png,/home/ekim339/project/SD3.5/experiments/self_prompting_sd35_version2/results/inputs/0013_35711.png,/home/ekim339/project/SD3.5/datasets/SRNet_Datagen/train/train-50k-1/mask_s/35711.png,/home/ekim339/project/SD3.5/experiments/self_prompting_sd35_version2/results/generated/self_prompting_sd35_version2/case_lower/0013.png
106,13,35711.png,self_prompting_sd35_version2,special_1,mokos,xKhqY,mokes,0.0,0.0,1.0,2.181466025216155,4017,3109,/home/ekim339/project/SD3.5/datasets/SRNet_Datagen/train/train-50k-1/i_s/35711.png,/home/ekim339/project/SD3.5/experiments/self_prompting_sd35_version2/results/inputs/0013_35711.png,/home/ekim339/project/SD3.5/datasets/SRNet_Datagen/train/train-50k-1/mask_s/35711.png,/home/ekim339/project/SD3.5/experiments/self_prompting_sd35_version2/results/generated/self_prompting_sd35_version2/special_1/0013.png
107,13,35711.png,self_prompting_sd35_version2,special_2,mokos,DilZ?,mokos,0.0,0.0,1.0,2.181466025216155,4017,3110,/home/ekim339/project/SD3.5/datasets/SRNet_Datagen/train/train-50k-1/i_s/35711.png,/home/ekim339/project/SD3.5/experiments/self_prompting_sd35_version2/results/inputs/0013_35711.png,/home/ekim339/project/SD3.5/datasets/SRNet_Datagen/train/train-50k-1/mask_s/35711.png,/home/ekim339/project/SD3.5/experiments/self_prompting_sd35_version2/results/generated/self_prompting_sd35_version2/special_2/0013.png
108,13,35711.png,self_prompting_sd35_version2,special_3,mokos,M;!sX,makes,0.0,0.0,1.0,2.181466025216155,4017,3111,/home/ekim339/project/SD3.5/datasets/SRNet_Datagen/train/train-50k-1/i_s/35711.png,/home/ekim339/project/SD3.5/experiments/self_prompting_sd35_version2/results/inputs/0013_35711.png,/home/ekim339/project/SD3.5/datasets/SRNet_Datagen/train/train-50k-1/mask_s/35711.png,/home/ekim339/project/SD3.5/experiments/self_prompting_sd35_version2/results/generated/self_prompting_sd35_version2/special_3/0013.png
109,13,35711.png,self_prompting_sd35_version2,special_4,mokos,%Jo,mokes,0.0,0.0,1.6666666666666667,2.181466025216155,4017,3112,/home/ekim339/project/SD3.5/datasets/SRNet_Datagen/train/train-50k-1/i_s/35711.png,/home/ekim339/project/SD3.5/experiments/self_prompting_sd35_version2/results/inputs/0013_35711.png,/home/ekim339/project/SD3.5/datasets/SRNet_Datagen/train/train-50k-1/mask_s/35711.png,/home/ekim339/project/SD3.5/experiments/self_prompting_sd35_version2/results/generated/self_prompting_sd35_version2/special_4/0013.png
110,13,35711.png,self_prompting_sd35_version2,special_5,mokos,;X--%,makes,0.0,0.0,1.0,2.181466025216155,4017,3113,/home/ekim339/project/SD3.5/datasets/SRNet_Datagen/train/train-50k-1/i_s/35711.png,/home/ekim339/project/SD3.5/experiments/self_prompting_sd35_version2/results/inputs/0013_35711.png,/home/ekim339/project/SD3.5/datasets/SRNet_Datagen/train/train-50k-1/mask_s/35711.png,/home/ekim339/project/SD3.5/experiments/self_prompting_sd35_version2/results/generated/self_prompting_sd35_version2/special_5/0013.png
111,13,35711.png,self_prompting_sd35_version2,special_6,mokos,#%_%$,mokes,0.0,0.0,1.0,2.181466025216155,4017,3114,/home/ekim339/project/SD3.5/datasets/SRNet_Datagen/train/train-50k-1/i_s/35711.png,/home/ekim339/project/SD3.5/experiments/self_prompting_sd35_version2/results/inputs/0013_35711.png,/home/ekim339/project/SD3.5/datasets/SRNet_Datagen/train/train-50k-1/mask_s/35711.png,/home/ekim339/project/SD3.5/experiments/self_prompting_sd35_version2/results/generated/self_prompting_sd35_version2/special_6/0013.png
112,14,42340.png,self_prompting_sd35_version2,case_upper,facto,DAHUO,facto,0.0,0.0,1.0,2.7568186347408092,4018,3115,/home/ekim339/project/SD3.5/datasets/SRNet_Datagen/train/train-50k-1/i_s/42340.png,/home/ekim339/project/SD3.5/experiments/self_prompting_sd35_version2/results/inputs/0014_42340.png,/home/ekim339/project/SD3.5/datasets/SRNet_Datagen/train/train-50k-1/mask_s/42340.png,/home/ekim339/project/SD3.5/experiments/self_prompting_sd35_version2/results/generated/self_prompting_sd35_version2/case_upper/0014.png
113,14,42340.png,self_prompting_sd35_version2,case_lower,facto,dahuo,facto,0.0,0.4,0.6,2.7568186347408092,4018,3116,/home/ekim339/project/SD3.5/datasets/SRNet_Datagen/train/train-50k-1/i_s/42340.png,/home/ekim339/project/SD3.5/experiments/self_prompting_sd35_version2/results/inputs/0014_42340.png,/home/ekim339/project/SD3.5/datasets/SRNet_Datagen/train/train-50k-1/mask_s/42340.png,/home/ekim339/project/SD3.5/experiments/self_prompting_sd35_version2/results/generated/self_prompting_sd35_version2/case_lower/0014.png
114,14,42340.png,self_prompting_sd35_version2,special_1,facto,LQbXh,facto,0.0,0.0,1.0,2.7568186347408092,4018,3117,/home/ekim339/project/SD3.5/datasets/SRNet_Datagen/train/train-50k-1/i_s/42340.png,/home/ekim339/project/SD3.5/experiments/self_prompting_sd35_version2/results/inputs/0014_42340.png,/home/ekim339/project/SD3.5/datasets/SRNet_Datagen/train/train-50k-1/mask_s/42340.png,/home/ekim339/project/SD3.5/experiments/self_prompting_sd35_version2/results/generated/self_prompting_sd35_version2/special_1/0014.png
115,14,42340.png,self_prompting_sd35_version2,special_2,facto,_wBiU,facto,0.0,0.0,1.0,2.7568186347408092,4018,3118,/home/ekim339/project/SD3.5/datasets/SRNet_Datagen/train/train-50k-1/i_s/42340.png,/home/ekim339/project/SD3.5/experiments/self_prompting_sd35_version2/results/inputs/0014_42340.png,/home/ekim339/project/SD3.5/datasets/SRNet_Datagen/train/train-50k-1/mask_s/42340.png,/home/ekim339/project/SD3.5/experiments/self_prompting_sd35_version2/results/generated/self_prompting_sd35_version2/special_2/0014.png
116,14,42340.png,self_prompting_sd35_version2,special_3,facto,nyn-?,facto,0.0,0.0,1.0,2.7568186347408092,4018,3119,/home/ekim339/project/SD3.5/datasets/SRNet_Datagen/train/train-50k-1/i_s/42340.png,/home/ekim339/project/SD3.5/experiments/self_prompting_sd35_version2/results/inputs/0014_42340.png,/home/ekim339/project/SD3.5/datasets/SRNet_Datagen/train/train-50k-1/mask_s/42340.png,/home/ekim339/project/SD3.5/experiments/self_prompting_sd35_version2/results/generated/self_prompting_sd35_version2/special_3/0014.png
117,14,42340.png,self_prompting_sd35_version2,special_4,facto,Xu*,facto,0.0,0.0,1.6666666666666667,2.7568186347408092,4018,3120,/home/ekim339/project/SD3.5/datasets/SRNet_Datagen/train/train-50k-1/i_s/42340.png,/home/ekim339/project/SD3.5/experiments/self_prompting_sd35_version2/results/inputs/0014_42340.png,/home/ekim339/project/SD3.5/datasets/SRNet_Datagen/train/train-50k-1/mask_s/42340.png,/home/ekim339/project/SD3.5/experiments/self_prompting_sd35_version2/results/generated/self_prompting_sd35_version2/special_4/0014.png
118,14,42340.png,self_prompting_sd35_version2,special_5,facto,:i.;=,facto,0.0,0.0,1.0,2.7568186347408092,4018,3121,/home/ekim339/project/SD3.5/datasets/SRNet_Datagen/train/train-50k-1/i_s/42340.png,/home/ekim339/project/SD3.5/experiments/self_prompting_sd35_version2/results/inputs/0014_42340.png,/home/ekim339/project/SD3.5/datasets/SRNet_Datagen/train/train-50k-1/mask_s/42340.png,/home/ekim339/project/SD3.5/experiments/self_prompting_sd35_version2/results/generated/self_prompting_sd35_version2/special_5/0014.png
119,14,42340.png,self_prompting_sd35_version2,special_6,facto,@$$&#,facto,0.0,0.0,1.0,2.7568186347408092,4018,3122,/home/ekim339/project/SD3.5/datasets/SRNet_Datagen/train/train-50k-1/i_s/42340.png,/home/ekim339/project/SD3.5/experiments/self_prompting_sd35_version2/results/inputs/0014_42340.png,/home/ekim339/project/SD3.5/datasets/SRNet_Datagen/train/train-50k-1/mask_s/42340.png,/home/ekim339/project/SD3.5/experiments/self_prompting_sd35_version2/results/generated/self_prompting_sd35_version2/special_6/0014.png
120,15,00588.png,self_prompting_sd35_version2,case_upper,korin,WHYHL,roni,0.0,0.0,1.0,8.483014649966707,4019,3123,/home/ekim339/project/SD3.5/datasets/SRNet_Datagen/train/train-50k-4/i_s/00588.png,/home/ekim339/project/SD3.5/experiments/self_prompting_sd35_version2/results/inputs/0015_00588.png,/home/ekim339/project/SD3.5/datasets/SRNet_Datagen/train/train-50k-4/mask_s/00588.png,/home/ekim339/project/SD3.5/experiments/self_prompting_sd35_version2/results/generated/self_prompting_sd35_version2/case_upper/0015.png
121,15,00588.png,self_prompting_sd35_version2,case_lower,korin,whyhl,korin,0.0,0.0,1.0,8.483014649966707,4019,3124,/home/ekim339/project/SD3.5/datasets/SRNet_Datagen/train/train-50k-4/i_s/00588.png,/home/ekim339/project/SD3.5/experiments/self_prompting_sd35_version2/results/inputs/0015_00588.png,/home/ekim339/project/SD3.5/datasets/SRNet_Datagen/train/train-50k-4/mask_s/00588.png,/home/ekim339/project/SD3.5/experiments/self_prompting_sd35_version2/results/generated/self_prompting_sd35_version2/case_lower/0015.png
122,15,00588.png,self_prompting_sd35_version2,special_1,korin,jRrlL,korin,0.0,0.19999999999999996,0.8,8.483014649966707,4019,3125,/home/ekim339/project/SD3.5/datasets/SRNet_Datagen/train/train-50k-4/i_s/00588.png,/home/ekim339/project/SD3.5/experiments/self_prompting_sd35_version2/results/inputs/0015_00588.png,/home/ekim339/project/SD3.5/datasets/SRNet_Datagen/train/train-50k-4/mask_s/00588.png,/home/ekim339/project/SD3.5/experiments/self_prompting_sd35_version2/results/generated/self_prompting_sd35_version2/special_1/0015.png
123,15,00588.png,self_prompting_sd35_version2,special_2,korin,Q#gwf,korin,0.0,0.0,1.0,8.483014649966707,4019,3126,/home/ekim339/project/SD3.5/datasets/SRNet_Datagen/train/train-50k-4/i_s/00588.png,/home/ekim339/project/SD3.5/experiments/self_prompting_sd35_version2/results/inputs/0015_00588.png,/home/ekim339/project/SD3.5/datasets/SRNet_Datagen/train/train-50k-4/mask_s/00588.png,/home/ekim339/project/SD3.5/experiments/self_prompting_sd35_version2/results/generated/self_prompting_sd35_version2/special_2/0015.png
124,15,00588.png,self_prompting_sd35_version2,special_3,korin,f!H*J,korin,0.0,0.0,1.0,8.483014649966707,4019,3127,/home/ekim339/project/SD3.5/datasets/SRNet_Datagen/train/train-50k-4/i_s/00588.png,/home/ekim339/project/SD3.5/experiments/self_prompting_sd35_version2/results/inputs/0015_00588.png,/home/ekim339/project/SD3.5/datasets/SRNet_Datagen/train/train-50k-4/mask_s/00588.png,/home/ekim339/project/SD3.5/experiments/self_prompting_sd35_version2/results/generated/self_prompting_sd35_version2/special_3/0015.png
125,15,00588.png,self_prompting_sd35_version2,special_4,korin,z@j,korin,0.0,0.0,1.6666666666666667,8.483014649966707,4019,3128,/home/ekim339/project/SD3.5/datasets/SRNet_Datagen/train/train-50k-4/i_s/00588.png,/home/ekim339/project/SD3.5/experiments/self_prompting_sd35_version2/results/inputs/0015_00588.png,/home/ekim339/project/SD3.5/datasets/SRNet_Datagen/train/train-50k-4/mask_s/00588.png,/home/ekim339/project/SD3.5/experiments/self_prompting_sd35_version2/results/generated/self_prompting_sd35_version2/special_4/0015.png
126,15,00588.png,self_prompting_sd35_version2,special_5,korin,++%k=,korin,0.0,0.0,1.0,8.483014649966707,4019,3129,/home/ekim339/project/SD3.5/datasets/SRNet_Datagen/train/train-50k-4/i_s/00588.png,/home/ekim339/project/SD3.5/experiments/self_prompting_sd35_version2/results/inputs/0015_00588.png,/home/ekim339/project/SD3.5/datasets/SRNet_Datagen/train/train-50k-4/mask_s/00588.png,/home/ekim339/project/SD3.5/experiments/self_prompting_sd35_version2/results/generated/self_prompting_sd35_version2/special_5/0015.png
127,15,00588.png,self_prompting_sd35_version2,special_6,korin,";&,*.",korin,0.0,0.0,1.0,8.483014649966707,4019,3130,/home/ekim339/project/SD3.5/datasets/SRNet_Datagen/train/train-50k-4/i_s/00588.png,/home/ekim339/project/SD3.5/experiments/self_prompting_sd35_version2/results/inputs/0015_00588.png,/home/ekim339/project/SD3.5/datasets/SRNet_Datagen/train/train-50k-4/mask_s/00588.png,/home/ekim339/project/SD3.5/experiments/self_prompting_sd35_version2/results/generated/self_prompting_sd35_version2/special_6/0015.png
128,16,44214.png,self_prompting_sd35_version2,case_upper,omnia,KEOFO,omno,0.0,0.0,1.0,7.499231435521067,4020,3131,/home/ekim339/project/SD3.5/datasets/SRNet_Datagen/train/train-50k-1/i_s/44214.png,/home/ekim339/project/SD3.5/experiments/self_prompting_sd35_version2/results/inputs/0016_44214.png,/home/ekim339/project/SD3.5/datasets/SRNet_Datagen/train/train-50k-1/mask_s/44214.png,/home/ekim339/project/SD3.5/experiments/self_prompting_sd35_version2/results/generated/self_prompting_sd35_version2/case_upper/0016.png
129,16,44214.png,self_prompting_sd35_version2,case_lower,omnia,keofo,omnio,0.0,0.19999999999999996,0.8,7.499231435521067,4020,3132,/home/ekim339/project/SD3.5/datasets/SRNet_Datagen/train/train-50k-1/i_s/44214.png,/home/ekim339/project/SD3.5/experiments/self_prompting_sd35_version2/results/inputs/0016_44214.png,/home/ekim339/project/SD3.5/datasets/SRNet_Datagen/train/train-50k-1/mask_s/44214.png,/home/ekim339/project/SD3.5/experiments/self_prompting_sd35_version2/results/generated/self_prompting_sd35_version2/case_lower/0016.png
130,16,44214.png,self_prompting_sd35_version2,special_1,omnia,AArHk,omnia,0.0,0.0,1.0,7.499231435521067,4020,3133,/home/ekim339/project/SD3.5/datasets/SRNet_Datagen/train/train-50k-1/i_s/44214.png,/home/ekim339/project/SD3.5/experiments/self_prompting_sd35_version2/results/inputs/0016_44214.png,/home/ekim339/project/SD3.5/datasets/SRNet_Datagen/train/train-50k-1/mask_s/44214.png,/home/ekim339/project/SD3.5/experiments/self_prompting_sd35_version2/results/generated/self_prompting_sd35_version2/special_1/0016.png
131,16,44214.png,self_prompting_sd35_version2,special_2,omnia,kpx$R,omni,0.0,0.0,1.0,7.499231435521067,4020,3134,/home/ekim339/project/SD3.5/datasets/SRNet_Datagen/train/train-50k-1/i_s/44214.png,/home/ekim339/project/SD3.5/experiments/self_prompting_sd35_version2/results/inputs/0016_44214.png,/home/ekim339/project/SD3.5/datasets/SRNet_Datagen/train/train-50k-1/mask_s/44214.png,/home/ekim339/project/SD3.5/experiments/self_prompting_sd35_version2/results/generated/self_prompting_sd35_version2/special_2/0016.png
132,16,44214.png,self_prompting_sd35_version2,special_3,omnia,:Tc!N,omnia,0.0,0.0,1.0,7.499231435521067,4020,3135,/home/ekim339/project/SD3.5/datasets/SRNet_Datagen/train/train-50k-1/i_s/44214.png,/home/ekim339/project/SD3.5/experiments/self_prompting_sd35_version2/results/inputs/0016_44214.png,/home/ekim339/project/SD3.5/datasets/SRNet_Datagen/train/train-50k-1/mask_s/44214.png,/home/ekim339/project/SD3.5/experiments/self_prompting_sd35_version2/results/generated/self_prompting_sd35_version2/special_3/0016.png
133,16,44214.png,self_prompting_sd35_version2,special_4,omnia,J*T,omnia,0.0,0.0,1.6666666666666667,7.499231435521067,4020,3136,/home/ekim339/project/SD3.5/datasets/SRNet_Datagen/train/train-50k-1/i_s/44214.png,/home/ekim339/project/SD3.5/experiments/self_prompting_sd35_version2/results/inputs/0016_44214.png,/home/ekim339/project/SD3.5/datasets/SRNet_Datagen/train/train-50k-1/mask_s/44214.png,/home/ekim339/project/SD3.5/experiments/self_prompting_sd35_version2/results/generated/self_prompting_sd35_version2/special_4/0016.png
134,16,44214.png,self_prompting_sd35_version2,special_5,omnia,p*!;-,omnie,0.0,0.0,1.0,7.499231435521067,4020,3137,/home/ekim339/project/SD3.5/datasets/SRNet_Datagen/train/train-50k-1/i_s/44214.png,/home/ekim339/project/SD3.5/experiments/self_prompting_sd35_version2/results/inputs/0016_44214.png,/home/ekim339/project/SD3.5/datasets/SRNet_Datagen/train/train-50k-1/mask_s/44214.png,/home/ekim339/project/SD3.5/experiments/self_prompting_sd35_version2/results/generated/self_prompting_sd35_version2/special_5/0016.png
135,16,44214.png,self_prompting_sd35_version2,special_6,omnia,_;%:$,omnis,0.0,0.0,1.0,7.499231435521067,4020,3138,/home/ekim339/project/SD3.5/datasets/SRNet_Datagen/train/train-50k-1/i_s/44214.png,/home/ekim339/project/SD3.5/experiments/self_prompting_sd35_version2/results/inputs/0016_44214.png,/home/ekim339/project/SD3.5/datasets/SRNet_Datagen/train/train-50k-1/mask_s/44214.png,/home/ekim339/project/SD3.5/experiments/self_prompting_sd35_version2/results/generated/self_prompting_sd35_version2/special_6/0016.png
136,17,48883.png,self_prompting_sd35_version2,case_upper,ARENA,ZGXEK,arena,0.0,0.0,1.0,4.013096404609726,4021,3139,/home/ekim339/project/SD3.5/datasets/SRNet_Datagen/train/train-50k-2/i_s/48883.png,/home/ekim339/project/SD3.5/experiments/self_prompting_sd35_version2/results/inputs/0017_48883.png,/home/ekim339/project/SD3.5/datasets/SRNet_Datagen/train/train-50k-2/mask_s/48883.png,/home/ekim339/project/SD3.5/experiments/self_prompting_sd35_version2/results/generated/self_prompting_sd35_version2/case_upper/0017.png
137,17,48883.png,self_prompting_sd35_version2,case_lower,ARENA,zgxek,arena,0.0,0.0,1.0,4.013096404609726,4021,3140,/home/ekim339/project/SD3.5/datasets/SRNet_Datagen/train/train-50k-2/i_s/48883.png,/home/ekim339/project/SD3.5/experiments/self_prompting_sd35_version2/results/inputs/0017_48883.png,/home/ekim339/project/SD3.5/datasets/SRNet_Datagen/train/train-50k-2/mask_s/48883.png,/home/ekim339/project/SD3.5/experiments/self_prompting_sd35_version2/results/generated/self_prompting_sd35_version2/case_lower/0017.png
138,17,48883.png,self_prompting_sd35_version2,special_1,ARENA,jGwvz,arena,0.0,0.0,1.0,4.013096404609726,4021,3141,/home/ekim339/project/SD3.5/datasets/SRNet_Datagen/train/train-50k-2/i_s/48883.png,/home/ekim339/project/SD3.5/experiments/self_prompting_sd35_version2/results/inputs/0017_48883.png,/home/ekim339/project/SD3.5/datasets/SRNet_Datagen/train/train-50k-2/mask_s/48883.png,/home/ekim339/project/SD3.5/experiments/self_prompting_sd35_version2/results/generated/self_prompting_sd35_version2/special_1/0017.png
139,17,48883.png,self_prompting_sd35_version2,special_2,ARENA,E_CBH,arena,0.0,0.0,1.0,4.013096404609726,4021,3142,/home/ekim339/project/SD3.5/datasets/SRNet_Datagen/train/train-50k-2/i_s/48883.png,/home/ekim339/project/SD3.5/experiments/self_prompting_sd35_version2/results/inputs/0017_48883.png,/home/ekim339/project/SD3.5/datasets/SRNet_Datagen/train/train-50k-2/mask_s/48883.png,/home/ekim339/project/SD3.5/experiments/self_prompting_sd35_version2/results/generated/self_prompting_sd35_version2/special_2/0017.png
140,17,48883.png,self_prompting_sd35_version2,special_3,ARENA,".W,xn",arena,0.0,0.0,1.0,4.013096404609726,4021,3143,/home/ekim339/project/SD3.5/datasets/SRNet_Datagen/train/train-50k-2/i_s/48883.png,/home/ekim339/project/SD3.5/experiments/self_prompting_sd35_version2/results/inputs/0017_48883.png,/home/ekim339/project/SD3.5/datasets/SRNet_Datagen/train/train-50k-2/mask_s/48883.png,/home/ekim339/project/SD3.5/experiments/self_prompting_sd35_version2/results/generated/self_prompting_sd35_version2/special_3/0017.png
141,17,48883.png,self_prompting_sd35_version2,special_4,ARENA,N+J,arena,0.0,0.0,1.6666666666666667,4.013096404609726,4021,3144,/home/ekim339/project/SD3.5/datasets/SRNet_Datagen/train/train-50k-2/i_s/48883.png,/home/ekim339/project/SD3.5/experiments/self_prompting_sd35_version2/results/inputs/0017_48883.png,/home/ekim339/project/SD3.5/datasets/SRNet_Datagen/train/train-50k-2/mask_s/48883.png,/home/ekim339/project/SD3.5/experiments/self_prompting_sd35_version2/results/generated/self_prompting_sd35_version2/special_4/0017.png
142,17,48883.png,self_prompting_sd35_version2,special_5,ARENA,=*V?.,arena,0.0,0.0,1.0,4.013096404609726,4021,3145,/home/ekim339/project/SD3.5/datasets/SRNet_Datagen/train/train-50k-2/i_s/48883.png,/home/ekim339/project/SD3.5/experiments/self_prompting_sd35_version2/results/inputs/0017_48883.png,/home/ekim339/project/SD3.5/datasets/SRNet_Datagen/train/train-50k-2/mask_s/48883.png,/home/ekim339/project/SD3.5/experiments/self_prompting_sd35_version2/results/generated/self_prompting_sd35_version2/special_5/0017.png
143,17,48883.png,self_prompting_sd35_version2,special_6,ARENA,+@=:$,arena,0.0,0.0,1.0,4.013096404609726,4021,3146,/home/ekim339/project/SD3.5/datasets/SRNet_Datagen/train/train-50k-2/i_s/48883.png,/home/ekim339/project/SD3.5/experiments/self_prompting_sd35_version2/results/inputs/0017_48883.png,/home/ekim339/project/SD3.5/datasets/SRNet_Datagen/train/train-50k-2/mask_s/48883.png,/home/ekim339/project/SD3.5/experiments/self_prompting_sd35_version2/results/generated/self_prompting_sd35_version2/special_6/0017.png
144,18,43309.png,self_prompting_sd35_version2,case_upper,indox,CUFHC,indox,0.0,0.0,1.0,3.193088754109964,4022,3147,/home/ekim339/project/SD3.5/datasets/SRNet_Datagen/train/train-50k-3/i_s/43309.png,/home/ekim339/project/SD3.5/experiments/self_prompting_sd35_version2/results/inputs/0018_43309.png,/home/ekim339/project/SD3.5/datasets/SRNet_Datagen/train/train-50k-3/mask_s/43309.png,/home/ekim339/project/SD3.5/experiments/self_prompting_sd35_version2/results/generated/self_prompting_sd35_version2/case_upper/0018.png
145,18,43309.png,self_prompting_sd35_version2,case_lower,indox,cufhc,indox,0.0,0.0,1.0,3.193088754109964,4022,3148,/home/ekim339/project/SD3.5/datasets/SRNet_Datagen/train/train-50k-3/i_s/43309.png,/home/ekim339/project/SD3.5/experiments/self_prompting_sd35_version2/results/inputs/0018_43309.png,/home/ekim339/project/SD3.5/datasets/SRNet_Datagen/train/train-50k-3/mask_s/43309.png,/home/ekim339/project/SD3.5/experiments/self_prompting_sd35_version2/results/generated/self_prompting_sd35_version2/case_lower/0018.png
146,18,43309.png,self_prompting_sd35_version2,special_1,indox,nkZLH,indox,0.0,0.0,1.0,3.193088754109964,4022,3149,/home/ekim339/project/SD3.5/datasets/SRNet_Datagen/train/train-50k-3/i_s/43309.png,/home/ekim339/project/SD3.5/experiments/self_prompting_sd35_version2/results/inputs/0018_43309.png,/home/ekim339/project/SD3.5/datasets/SRNet_Datagen/train/train-50k-3/mask_s/43309.png,/home/ekim339/project/SD3.5/experiments/self_prompting_sd35_version2/results/generated/self_prompting_sd35_version2/special_1/0018.png
147,18,43309.png,self_prompting_sd35_version2,special_2,indox,JYc=k,imaxx,0.0,0.0,1.0,3.193088754109964,4022,3150,/home/ekim339/project/SD3.5/datasets/SRNet_Datagen/train/train-50k-3/i_s/43309.png,/home/ekim339/project/SD3.5/experiments/self_prompting_sd35_version2/results/inputs/0018_43309.png,/home/ekim339/project/SD3.5/datasets/SRNet_Datagen/train/train-50k-3/mask_s/43309.png,/home/ekim339/project/SD3.5/experiments/self_prompting_sd35_version2/results/generated/self_prompting_sd35_version2/special_2/0018.png
148,18,43309.png,self_prompting_sd35_version2,special_3,indox,:kJ;O,indox,0.0,0.0,1.0,3.193088754109964,4022,3151,/home/ekim339/project/SD3.5/datasets/SRNet_Datagen/train/train-50k-3/i_s/43309.png,/home/ekim339/project/SD3.5/experiments/self_prompting_sd35_version2/results/inputs/0018_43309.png,/home/ekim339/project/SD3.5/datasets/SRNet_Datagen/train/train-50k-3/mask_s/43309.png,/home/ekim339/project/SD3.5/experiments/self_prompting_sd35_version2/results/generated/self_prompting_sd35_version2/special_3/0018.png
149,18,43309.png,self_prompting_sd35_version2,special_4,indox,vu*,indox,0.0,0.0,1.6666666666666667,3.193088754109964,4022,3152,/home/ekim339/project/SD3.5/datasets/SRNet_Datagen/train/train-50k-3/i_s/43309.png,/home/ekim339/project/SD3.5/experiments/self_prompting_sd35_version2/results/inputs/0018_43309.png,/home/ekim339/project/SD3.5/datasets/SRNet_Datagen/train/train-50k-3/mask_s/43309.png,/home/ekim339/project/SD3.5/experiments/self_prompting_sd35_version2/results/generated/self_prompting_sd35_version2/special_4/0018.png
150,18,43309.png,self_prompting_sd35_version2,special_5,indox,?.#&V,indox,0.0,0.0,1.0,3.193088754109964,4022,3153,/home/ekim339/project/SD3.5/datasets/SRNet_Datagen/train/train-50k-3/i_s/43309.png,/home/ekim339/project/SD3.5/experiments/self_prompting_sd35_version2/results/inputs/0018_43309.png,/home/ekim339/project/SD3.5/datasets/SRNet_Datagen/train/train-50k-3/mask_s/43309.png,/home/ekim339/project/SD3.5/experiments/self_prompting_sd35_version2/results/generated/self_prompting_sd35_version2/special_5/0018.png
151,18,43309.png,self_prompting_sd35_version2,special_6,indox,=-!&*,indox,0.0,0.0,1.0,3.193088754109964,4022,3154,/home/ekim339/project/SD3.5/datasets/SRNet_Datagen/train/train-50k-3/i_s/43309.png,/home/ekim339/project/SD3.5/experiments/self_prompting_sd35_version2/results/inputs/0018_43309.png,/home/ekim339/project/SD3.5/datasets/SRNet_Datagen/train/train-50k-3/mask_s/43309.png,/home/ekim339/project/SD3.5/experiments/self_prompting_sd35_version2/results/generated/self_prompting_sd35_version2/special_6/0018.png
152,19,06900.png,self_prompting_sd35_version2,case_upper,deers,ZSNFM,deers,0.0,0.0,1.0,10.449521849058476,4023,3155,/home/ekim339/project/SD3.5/datasets/SRNet_Datagen/train/train-50k-3/i_s/06900.png,/home/ekim339/project/SD3.5/experiments/self_prompting_sd35_version2/results/inputs/0019_06900.png,/home/ekim339/project/SD3.5/datasets/SRNet_Datagen/train/train-50k-3/mask_s/06900.png,/home/ekim339/project/SD3.5/experiments/self_prompting_sd35_version2/results/generated/self_prompting_sd35_version2/case_upper/0019.png
153,19,06900.png,self_prompting_sd35_version2,case_lower,deers,zsnfm,deers,0.0,0.0,1.0,10.449521849058476,4023,3156,/home/ekim339/project/SD3.5/datasets/SRNet_Datagen/train/train-50k-3/i_s/06900.png,/home/ekim339/project/SD3.5/experiments/self_prompting_sd35_version2/results/inputs/0019_06900.png,/home/ekim339/project/SD3.5/datasets/SRNet_Datagen/train/train-50k-3/mask_s/06900.png,/home/ekim339/project/SD3.5/experiments/self_prompting_sd35_version2/results/generated/self_prompting_sd35_version2/case_lower/0019.png
154,19,06900.png,self_prompting_sd35_version2,special_1,deers,JBvyl,deers,0.0,0.0,1.0,10.449521849058476,4023,3157,/home/ekim339/project/SD3.5/datasets/SRNet_Datagen/train/train-50k-3/i_s/06900.png,/home/ekim339/project/SD3.5/experiments/self_prompting_sd35_version2/results/inputs/0019_06900.png,/home/ekim339/project/SD3.5/datasets/SRNet_Datagen/train/train-50k-3/mask_s/06900.png,/home/ekim339/project/SD3.5/experiments/self_prompting_sd35_version2/results/generated/self_prompting_sd35_version2/special_1/0019.png
155,19,06900.png,self_prompting_sd35_version2,special_2,deers,Hcpf_,ricers,0.0,0.16666666666666663,1.0,10.449521849058476,4023,3158,/home/ekim339/project/SD3.5/datasets/SRNet_Datagen/train/train-50k-3/i_s/06900.png,/home/ekim339/project/SD3.5/experiments/self_prompting_sd35_version2/results/inputs/0019_06900.png,/home/ekim339/project/SD3.5/datasets/SRNet_Datagen/train/train-50k-3/mask_s/06900.png,/home/ekim339/project/SD3.5/experiments/self_prompting_sd35_version2/results/generated/self_prompting_sd35_version2/special_2/0019.png
156,19,06900.png,self_prompting_sd35_version2,special_3,deers,XKS#?,deers,0.0,0.0,1.0,10.449521849058476,4023,3159,/home/ekim339/project/SD3.5/datasets/SRNet_Datagen/train/train-50k-3/i_s/06900.png,/home/ekim339/project/SD3.5/experiments/self_prompting_sd35_version2/results/inputs/0019_06900.png,/home/ekim339/project/SD3.5/datasets/SRNet_Datagen/train/train-50k-3/mask_s/06900.png,/home/ekim339/project/SD3.5/experiments/self_prompting_sd35_version2/results/generated/self_prompting_sd35_version2/special_3/0019.png
157,19,06900.png,self_prompting_sd35_version2,special_4,deers,V@N,deers,0.0,0.0,1.6666666666666667,10.449521849058476,4023,3160,/home/ekim339/project/SD3.5/datasets/SRNet_Datagen/train/train-50k-3/i_s/06900.png,/home/ekim339/project/SD3.5/experiments/self_prompting_sd35_version2/results/inputs/0019_06900.png,/home/ekim339/project/SD3.5/datasets/SRNet_Datagen/train/train-50k-3/mask_s/06900.png,/home/ekim339/project/SD3.5/experiments/self_prompting_sd35_version2/results/generated/self_prompting_sd35_version2/special_4/0019.png
158,19,06900.png,self_prompting_sd35_version2,special_5,deers,?$;@c,deers,0.0,0.0,1.0,10.449521849058476,4023,3161,/home/ekim339/project/SD3.5/datasets/SRNet_Datagen/train/train-50k-3/i_s/06900.png,/home/ekim339/project/SD3.5/experiments/self_prompting_sd35_version2/results/inputs/0019_06900.png,/home/ekim339/project/SD3.5/datasets/SRNet_Datagen/train/train-50k-3/mask_s/06900.png,/home/ekim339/project/SD3.5/experiments/self_prompting_sd35_version2/results/generated/self_prompting_sd35_version2/special_5/0019.png
159,19,06900.png,self_prompting_sd35_version2,special_6,deers,$&&=_,deers,0.0,0.0,1.0,10.449521849058476,4023,3162,/home/ekim339/project/SD3.5/datasets/SRNet_Datagen/train/train-50k-3/i_s/06900.png,/home/ekim339/project/SD3.5/experiments/self_prompting_sd35_version2/results/inputs/0019_06900.png,/home/ekim339/project/SD3.5/datasets/SRNet_Datagen/train/train-50k-3/mask_s/06900.png,/home/ekim339/project/SD3.5/experiments/self_prompting_sd35_version2/results/generated/self_prompting_sd35_version2/special_6/0019.png
160,20,19517.png,self_prompting_sd35_version2,case_upper,clank,GHLMY,clank,0.0,0.0,1.0,7.698804648530254,4024,3163,/home/ekim339/project/SD3.5/datasets/SRNet_Datagen/train/train-50k-2/i_s/19517.png,/home/ekim339/project/SD3.5/experiments/self_prompting_sd35_version2/results/inputs/0020_19517.png,/home/ekim339/project/SD3.5/datasets/SRNet_Datagen/train/train-50k-2/mask_s/19517.png,/home/ekim339/project/SD3.5/experiments/self_prompting_sd35_version2/results/generated/self_prompting_sd35_version2/case_upper/0020.png
161,20,19517.png,self_prompting_sd35_version2,case_lower,clank,ghlmy,clank,0.0,0.0,1.0,7.698804648530254,4024,3164,/home/ekim339/project/SD3.5/datasets/SRNet_Datagen/train/train-50k-2/i_s/19517.png,/home/ekim339/project/SD3.5/experiments/self_prompting_sd35_version2/results/inputs/0020_19517.png,/home/ekim339/project/SD3.5/datasets/SRNet_Datagen/train/train-50k-2/mask_s/19517.png,/home/ekim339/project/SD3.5/experiments/self_prompting_sd35_version2/results/generated/self_prompting_sd35_version2/case_lower/0020.png
162,20,19517.png,self_prompting_sd35_version2,special_1,clank,vjkmC,clank,0.0,0.0,1.0,7.698804648530254,4024,3165,/home/ekim339/project/SD3.5/datasets/SRNet_Datagen/train/train-50k-2/i_s/19517.png,/home/ekim339/project/SD3.5/experiments/self_prompting_sd35_version2/results/inputs/0020_19517.png,/home/ekim339/project/SD3.5/datasets/SRNet_Datagen/train/train-50k-2/mask_s/19517.png,/home/ekim339/project/SD3.5/experiments/self_prompting_sd35_version2/results/generated/self_prompting_sd35_version2/special_1/0020.png
163,20,19517.png,self_prompting_sd35_version2,special_2,clank,E$EWI,clank,0.0,0.0,1.0,7.698804648530254,4024,3166,/home/ekim339/project/SD3.5/datasets/SRNet_Datagen/train/train-50k-2/i_s/19517.png,/home/ekim339/project/SD3.5/experiments/self_prompting_sd35_version2/results/inputs/0020_19517.png,/home/ekim339/project/SD3.5/datasets/SRNet_Datagen/train/train-50k-2/mask_s/19517.png,/home/ekim339/project/SD3.5/experiments/self_prompting_sd35_version2/results/generated/self_prompting_sd35_version2/special_2/0020.png
164,20,19517.png,self_prompting_sd35_version2,special_3,clank,S?Y%G,clank,0.0,0.0,1.0,7.698804648530254,4024,3167,/home/ekim339/project/SD3.5/datasets/SRNet_Datagen/train/train-50k-2/i_s/19517.png,/home/ekim339/project/SD3.5/experiments/self_prompting_sd35_version2/results/inputs/0020_19517.png,/home/ekim339/project/SD3.5/datasets/SRNet_Datagen/train/train-50k-2/mask_s/19517.png,/home/ekim339/project/SD3.5/experiments/self_prompting_sd35_version2/results/generated/self_prompting_sd35_version2/special_3/0020.png
165,20,19517.png,self_prompting_sd35_version2,special_4,clank,nR@,clank,0.0,0.0,1.6666666666666667,7.698804648530254,4024,3168,/home/ekim339/project/SD3.5/datasets/SRNet_Datagen/train/train-50k-2/i_s/19517.png,/home/ekim339/project/SD3.5/experiments/self_prompting_sd35_version2/results/inputs/0020_19517.png,/home/ekim339/project/SD3.5/datasets/SRNet_Datagen/train/train-50k-2/mask_s/19517.png,/home/ekim339/project/SD3.5/experiments/self_prompting_sd35_version2/results/generated/self_prompting_sd35_version2/special_4/0020.png
166,20,19517.png,self_prompting_sd35_version2,special_5,clank,"*#.A,",clank,0.0,0.0,1.0,7.698804648530254,4024,3169,/home/ekim339/project/SD3.5/datasets/SRNet_Datagen/train/train-50k-2/i_s/19517.png,/home/ekim339/project/SD3.5/experiments/self_prompting_sd35_version2/results/inputs/0020_19517.png,/home/ekim339/project/SD3.5/datasets/SRNet_Datagen/train/train-50k-2/mask_s/19517.png,/home/ekim339/project/SD3.5/experiments/self_prompting_sd35_version2/results/generated/self_prompting_sd35_version2/special_5/0020.png
167,20,19517.png,self_prompting_sd35_version2,special_6,clank,"_$-,!",clank,0.0,0.0,1.0,7.698804648530254,4024,3170,/home/ekim339/project/SD3.5/datasets/SRNet_Datagen/train/train-50k-2/i_s/19517.png,/home/ekim339/project/SD3.5/experiments/self_prompting_sd35_version2/results/inputs/0020_19517.png,/home/ekim339/project/SD3.5/datasets/SRNet_Datagen/train/train-50k-2/mask_s/19517.png,/home/ekim339/project/SD3.5/experiments/self_prompting_sd35_version2/results/generated/self_prompting_sd35_version2/special_6/0020.png
168,21,23155.png,self_prompting_sd35_version2,case_upper,rewon,DUXPY,rewgr,0.0,0.0,1.0,4.870867512401279,4025,3171,/home/ekim339/project/SD3.5/datasets/SRNet_Datagen/train/train-50k-2/i_s/23155.png,/home/ekim339/project/SD3.5/experiments/self_prompting_sd35_version2/results/inputs/0021_23155.png,/home/ekim339/project/SD3.5/datasets/SRNet_Datagen/train/train-50k-2/mask_s/23155.png,/home/ekim339/project/SD3.5/experiments/self_prompting_sd35_version2/results/generated/self_prompting_sd35_version2/case_upper/0021.png
169,21,23155.png,self_prompting_sd35_version2,case_lower,rewon,duxpy,prwwnn,0.0,0.0,1.2,4.870867512401279,4025,3172,/home/ekim339/project/SD3.5/datasets/SRNet_Datagen/train/train-50k-2/i_s/23155.png,/home/ekim339/project/SD3.5/experiments/self_prompting_sd35_version2/results/inputs/0021_23155.png,/home/ekim339/project/SD3.5/datasets/SRNet_Datagen/train/train-50k-2/mask_s/23155.png,/home/ekim339/project/SD3.5/experiments/self_prompting_sd35_version2/results/generated/self_prompting_sd35_version2/case_lower/0021.png
170,21,23155.png,self_prompting_sd35_version2,special_1,rewon,JnycA,rewgnes,0.0,0.0,1.4,4.870867512401279,4025,3173,/home/ekim339/project/SD3.5/datasets/SRNet_Datagen/train/train-50k-2/i_s/23155.png,/home/ekim339/project/SD3.5/experiments/self_prompting_sd35_version2/results/inputs/0021_23155.png,/home/ekim339/project/SD3.5/datasets/SRNet_Datagen/train/train-50k-2/mask_s/23155.png,/home/ekim339/project/SD3.5/experiments/self_prompting_sd35_version2/results/generated/self_prompting_sd35_version2/special_1/0021.png
171,21,23155.png,self_prompting_sd35_version2,special_2,rewon,"Y,nyu",rewgn,0.0,0.0,1.0,4.870867512401279,4025,3174,/home/ekim339/project/SD3.5/datasets/SRNet_Datagen/train/train-50k-2/i_s/23155.png,/home/ekim339/project/SD3.5/experiments/self_prompting_sd35_version2/results/inputs/0021_23155.png,/home/ekim339/project/SD3.5/datasets/SRNet_Datagen/train/train-50k-2/mask_s/23155.png,/home/ekim339/project/SD3.5/experiments/self_prompting_sd35_version2/results/generated/self_prompting_sd35_version2/special_2/0021.png
172,21,23155.png,self_prompting_sd35_version2,special_3,rewon,*-nwB,rewgr,0.0,0.0,1.0,4.870867512401279,4025,3175,/home/ekim339/project/SD3.5/datasets/SRNet_Datagen/train/train-50k-2/i_s/23155.png,/home/ekim339/project/SD3.5/experiments/self_prompting_sd35_version2/results/inputs/0021_23155.png,/home/ekim339/project/SD3.5/datasets/SRNet_Datagen/train/train-50k-2/mask_s/23155.png,/home/ekim339/project/SD3.5/experiments/self_prompting_sd35_version2/results/generated/self_prompting_sd35_version2/special_3/0021.png
173,21,23155.png,self_prompting_sd35_version2,special_4,rewon,&NC,prwwgn,0.0,0.0,2.0,4.870867512401279,4025,3176,/home/ekim339/project/SD3.5/datasets/SRNet_Datagen/train/train-50k-2/i_s/23155.png,/home/ekim339/project/SD3.5/experiments/self_prompting_sd35_version2/results/inputs/0021_23155.png,/home/ekim339/project/SD3.5/datasets/SRNet_Datagen/train/train-50k-2/mask_s/23155.png,/home/ekim339/project/SD3.5/experiments/self_prompting_sd35_version2/results/generated/self_prompting_sd35_version2/special_4/0021.png
174,21,23155.png,self_prompting_sd35_version2,special_5,rewon,+!_&C,rowgre,0.0,0.0,1.2,4.870867512401279,4025,3177,/home/ekim339/project/SD3.5/datasets/SRNet_Datagen/train/train-50k-2/i_s/23155.png,/home/ekim339/project/SD3.5/experiments/self_prompting_sd35_version2/results/inputs/0021_23155.png,/home/ekim339/project/SD3.5/datasets/SRNet_Datagen/train/train-50k-2/mask_s/23155.png,/home/ekim339/project/SD3.5/experiments/self_prompting_sd35_version2/results/generated/self_prompting_sd35_version2/special_5/0021.png
175,21,23155.png,self_prompting_sd35_version2,special_6,rewon,__=+$,rewgn,0.0,0.0,1.0,4.870867512401279,4025,3178,/home/ekim339/project/SD3.5/datasets/SRNet_Datagen/train/train-50k-2/i_s/23155.png,/home/ekim339/project/SD3.5/experiments/self_prompting_sd35_version2/results/inputs/0021_23155.png,/home/ekim339/project/SD3.5/datasets/SRNet_Datagen/train/train-50k-2/mask_s/23155.png,/home/ekim339/project/SD3.5/experiments/self_prompting_sd35_version2/results/generated/self_prompting_sd35_version2/special_6/0021.png
176,22,30701.png,self_prompting_sd35_version2,case_upper,sybil,BEFNB,sybili,0.0,0.0,1.2,7.684762841347468,4026,3179,/home/ekim339/project/SD3.5/datasets/SRNet_Datagen/train/train-50k-4/i_s/30701.png,/home/ekim339/project/SD3.5/experiments/self_prompting_sd35_version2/results/inputs/0022_30701.png,/home/ekim339/project/SD3.5/datasets/SRNet_Datagen/train/train-50k-4/mask_s/30701.png,/home/ekim339/project/SD3.5/experiments/self_prompting_sd35_version2/results/generated/self_prompting_sd35_version2/case_upper/0022.png
177,22,30701.png,self_prompting_sd35_version2,case_lower,sybil,befnb,svbile,0.0,0.0,1.2,7.684762841347468,4026,3180,/home/ekim339/project/SD3.5/datasets/SRNet_Datagen/train/train-50k-4/i_s/30701.png,/home/ekim339/project/SD3.5/experiments/self_prompting_sd35_version2/results/inputs/0022_30701.png,/home/ekim339/project/SD3.5/datasets/SRNet_Datagen/train/train-50k-4/mask_s/30701.png,/home/ekim339/project/SD3.5/experiments/self_prompting_sd35_version2/results/generated/self_prompting_sd35_version2/case_lower/0022.png
178,22,30701.png,self_prompting_sd35_version2,special_1,sybil,wQGMt,sybi,0.0,0.0,1.0,7.684762841347468,4026,3181,/home/ekim339/project/SD3.5/datasets/SRNet_Datagen/train/train-50k-4/i_s/30701.png,/home/ekim339/project/SD3.5/experiments/self_prompting_sd35_version2/results/inputs/0022_30701.png,/home/ekim339/project/SD3.5/datasets/SRNet_Datagen/train/train-50k-4/mask_s/30701.png,/home/ekim339/project/SD3.5/experiments/self_prompting_sd35_version2/results/generated/self_prompting_sd35_version2/special_1/0022.png
179,22,30701.png,self_prompting_sd35_version2,special_2,sybil,*McyZ,sybili,0.0,0.0,1.2,7.684762841347468,4026,3182,/home/ekim339/project/SD3.5/datasets/SRNet_Datagen/train/train-50k-4/i_s/30701.png,/home/ekim339/project/SD3.5/experiments/self_prompting_sd35_version2/results/inputs/0022_30701.png,/home/ekim339/project/SD3.5/datasets/SRNet_Datagen/train/train-50k-4/mask_s/30701.png,/home/ekim339/project/SD3.5/experiments/self_prompting_sd35_version2/results/generated/self_prompting_sd35_version2/special_2/0022.png
180,22,30701.png,self_prompting_sd35_version2,special_3,sybil,df+J%,sybby,0.0,0.0,1.0,7.684762841347468,4026,3183,/home/ekim339/project/SD3.5/datasets/SRNet_Datagen/train/train-50k-4/i_s/30701.png,/home/ekim339/project/SD3.5/experiments/self_prompting_sd35_version2/results/inputs/0022_30701.png,/home/ekim339/project/SD3.5/datasets/SRNet_Datagen/train/train-50k-4/mask_s/30701.png,/home/ekim339/project/SD3.5/experiments/self_prompting_sd35_version2/results/generated/self_prompting_sd35_version2/special_3/0022.png
181,22,30701.png,self_prompting_sd35_version2,special_4,sybil,*Iy,sybili,0.0,0.0,2.0,7.684762841347468,4026,3184,/home/ekim339/project/SD3.5/datasets/SRNet_Datagen/train/train-50k-4/i_s/30701.png,/home/ekim339/project/SD3.5/experiments/self_prompting_sd35_version2/results/inputs/0022_30701.png,/home/ekim339/project/SD3.5/datasets/SRNet_Datagen/train/train-50k-4/mask_s/30701.png,/home/ekim339/project/SD3.5/experiments/self_prompting_sd35_version2/results/generated/self_prompting_sd35_version2/special_4/0022.png
182,22,30701.png,self_prompting_sd35_version2,special_5,sybil,$a&%_,sybili,0.0,0.0,1.2,7.684762841347468,4026,3185,/home/ekim339/project/SD3.5/datasets/SRNet_Datagen/train/train-50k-4/i_s/30701.png,/home/ekim339/project/SD3.5/experiments/self_prompting_sd35_version2/results/inputs/0022_30701.png,/home/ekim339/project/SD3.5/datasets/SRNet_Datagen/train/train-50k-4/mask_s/30701.png,/home/ekim339/project/SD3.5/experiments/self_prompting_sd35_version2/results/generated/self_prompting_sd35_version2/special_5/0022.png
183,22,30701.png,self_prompting_sd35_version2,special_6,sybil,*%?:%,sybiem,0.0,0.0,1.2,7.684762841347468,4026,3186,/home/ekim339/project/SD3.5/datasets/SRNet_Datagen/train/train-50k-4/i_s/30701.png,/home/ekim339/project/SD3.5/experiments/self_prompting_sd35_version2/results/inputs/0022_30701.png,/home/ekim339/project/SD3.5/datasets/SRNet_Datagen/train/train-50k-4/mask_s/30701.png,/home/ekim339/project/SD3.5/experiments/self_prompting_sd35_version2/results/generated/self_prompting_sd35_version2/special_6/0022.png
184,23,39401.png,self_prompting_sd35_version2,case_upper,knapp,CGMZC,knapic,0.0,0.0,1.2,3.53192453656401,4027,3187,/home/ekim339/project/SD3.5/datasets/SRNet_Datagen/train/train-50k-4/i_s/39401.png,/home/ekim339/project/SD3.5/experiments/self_prompting_sd35_version2/results/inputs/0023_39401.png,/home/ekim339/project/SD3.5/datasets/SRNet_Datagen/train/train-50k-4/mask_s/39401.png,/home/ekim339/project/SD3.5/experiments/self_prompting_sd35_version2/results/generated/self_prompting_sd35_version2/case_upper/0023.png
185,23,39401.png,self_prompting_sd35_version2,case_lower,knapp,cgmzc,knapp,0.0,0.0,1.0,3.53192453656401,4027,3188,/home/ekim339/project/SD3.5/datasets/SRNet_Datagen/train/train-50k-4/i_s/39401.png,/home/ekim339/project/SD3.5/experiments/self_prompting_sd35_version2/results/inputs/0023_39401.png,/home/ekim339/project/SD3.5/datasets/SRNet_Datagen/train/train-50k-4/mask_s/39401.png,/home/ekim339/project/SD3.5/experiments/self_prompting_sd35_version2/results/generated/self_prompting_sd35_version2/case_lower/0023.png
186,23,39401.png,self_prompting_sd35_version2,special_1,knapp,XNMZD,knapp,0.0,0.0,1.0,3.53192453656401,4027,3189,/home/ekim339/project/SD3.5/datasets/SRNet_Datagen/train/train-50k-4/i_s/39401.png,/home/ekim339/project/SD3.5/experiments/self_prompting_sd35_version2/results/inputs/0023_39401.png,/home/ekim339/project/SD3.5/datasets/SRNet_Datagen/train/train-50k-4/mask_s/39401.png,/home/ekim339/project/SD3.5/experiments/self_prompting_sd35_version2/results/generated/self_prompting_sd35_version2/special_1/0023.png
187,23,39401.png,self_prompting_sd35_version2,special_2,knapp,f@Nqc,knacc,0.0,0.19999999999999996,0.8,3.53192453656401,4027,3190,/home/ekim339/project/SD3.5/datasets/SRNet_Datagen/train/train-50k-4/i_s/39401.png,/home/ekim339/project/SD3.5/experiments/self_prompting_sd35_version2/results/inputs/0023_39401.png,/home/ekim339/project/SD3.5/datasets/SRNet_Datagen/train/train-50k-4/mask_s/39401.png,/home/ekim339/project/SD3.5/experiments/self_prompting_sd35_version2/results/generated/self_prompting_sd35_version2/special_2/0023.png
188,23,39401.png,self_prompting_sd35_version2,special_3,knapp,n=Aw=,knapp,0.0,0.0,1.0,3.53192453656401,4027,3191,/home/ekim339/project/SD3.5/datasets/SRNet_Datagen/train/train-50k-4/i_s/39401.png,/home/ekim339/project/SD3.5/experiments/self_prompting_sd35_version2/results/inputs/0023_39401.png,/home/ekim339/project/SD3.5/datasets/SRNet_Datagen/train/train-50k-4/mask_s/39401.png,/home/ekim339/project/SD3.5/experiments/self_prompting_sd35_version2/results/generated/self_prompting_sd35_version2/special_3/0023.png
189,23,39401.png,self_prompting_sd35_version2,special_4,knapp,%fP,knapp,0.0,0.0,1.6666666666666667,3.53192453656401,4027,3192,/home/ekim339/project/SD3.5/datasets/SRNet_Datagen/train/train-50k-4/i_s/39401.png,/home/ekim339/project/SD3.5/experiments/self_prompting_sd35_version2/results/inputs/0023_39401.png,/home/ekim339/project/SD3.5/datasets/SRNet_Datagen/train/train-50k-4/mask_s/39401.png,/home/ekim339/project/SD3.5/experiments/self_prompting_sd35_version2/results/generated/self_prompting_sd35_version2/special_4/0023.png
190,23,39401.png,self_prompting_sd35_version2,special_5,knapp,".l,-.",knapp,0.0,0.0,1.0,3.53192453656401,4027,3193,/home/ekim339/project/SD3.5/datasets/SRNet_Datagen/train/train-50k-4/i_s/39401.png,/home/ekim339/project/SD3.5/experiments/self_prompting_sd35_version2/results/inputs/0023_39401.png,/home/ekim339/project/SD3.5/datasets/SRNet_Datagen/train/train-50k-4/mask_s/39401.png,/home/ekim339/project/SD3.5/experiments/self_prompting_sd35_version2/results/generated/self_prompting_sd35_version2/special_5/0023.png
191,23,39401.png,self_prompting_sd35_version2,special_6,knapp,-+-!*,knapp,0.0,0.0,1.0,3.53192453656401,4027,3194,/home/ekim339/project/SD3.5/datasets/SRNet_Datagen/train/train-50k-4/i_s/39401.png,/home/ekim339/project/SD3.5/experiments/self_prompting_sd35_version2/results/inputs/0023_39401.png,/home/ekim339/project/SD3.5/datasets/SRNet_Datagen/train/train-50k-4/mask_s/39401.png,/home/ekim339/project/SD3.5/experiments/self_prompting_sd35_version2/results/generated/self_prompting_sd35_version2/special_6/0023.png
192,24,13277.png,self_prompting_sd35_version2,case_upper,group,EGYHJ,pesssyy,0.0,0.0,1.4,11.852829664727341,4028,3195,/home/ekim339/project/SD3.5/datasets/SRNet_Datagen/train/train-50k-4/i_s/13277.png,/home/ekim339/project/SD3.5/experiments/self_prompting_sd35_version2/results/inputs/0024_13277.png,/home/ekim339/project/SD3.5/datasets/SRNet_Datagen/train/train-50k-4/mask_s/13277.png,/home/ekim339/project/SD3.5/experiments/self_prompting_sd35_version2/results/generated/self_prompting_sd35_version2/case_upper/0024.png
193,24,13277.png,self_prompting_sd35_version2,case_lower,group,egyhj,pane,0.0,0.0,1.0,11.852829664727341,4028,3196,/home/ekim339/project/SD3.5/datasets/SRNet_Datagen/train/train-50k-4/i_s/13277.png,/home/ekim339/project/SD3.5/experiments/self_prompting_sd35_version2/results/inputs/0024_13277.png,/home/ekim339/project/SD3.5/datasets/SRNet_Datagen/train/train-50k-4/mask_s/13277.png,/home/ekim339/project/SD3.5/experiments/self_prompting_sd35_version2/results/generated/self_prompting_sd35_version2/case_lower/0024.png
194,24,13277.png,self_prompting_sd35_version2,special_1,group,ZaQyH,peseeee,0.0,0.0,1.4,11.852829664727341,4028,3197,/home/ekim339/project/SD3.5/datasets/SRNet_Datagen/train/train-50k-4/i_s/13277.png,/home/ekim339/project/SD3.5/experiments/self_prompting_sd35_version2/results/inputs/0024_13277.png,/home/ekim339/project/SD3.5/datasets/SRNet_Datagen/train/train-50k-4/mask_s/13277.png,/home/ekim339/project/SD3.5/experiments/self_prompting_sd35_version2/results/generated/self_prompting_sd35_version2/special_1/0024.png
195,24,13277.png,self_prompting_sd35_version2,special_2,group,U*QyY,paar,0.0,0.0,1.0,11.852829664727341,4028,3198,/home/ekim339/project/SD3.5/datasets/SRNet_Datagen/train/train-50k-4/i_s/13277.png,/home/ekim339/project/SD3.5/experiments/self_prompting_sd35_version2/results/inputs/0024_13277.png,/home/ekim339/project/SD3.5/datasets/SRNet_Datagen/train/train-50k-4/mask_s/13277.png,/home/ekim339/project/SD3.5/experiments/self_prompting_sd35_version2/results/generated/self_prompting_sd35_version2/special_2/0024.png
196,24,13277.png,self_prompting_sd35_version2,special_3,group,"T,EZ_",pesaary,0.0,0.0,1.4,11.852829664727341,4028,3199,/home/ekim339/project/SD3.5/datasets/SRNet_Datagen/train/train-50k-4/i_s/13277.png,/home/ekim339/project/SD3.5/experiments/self_prompting_sd35_version2/results/inputs/0024_13277.png,/home/ekim339/project/SD3.5/datasets/SRNet_Datagen/train/train-50k-4/mask_s/13277.png,/home/ekim339/project/SD3.5/experiments/self_prompting_sd35_version2/results/generated/self_prompting_sd35_version2/special_3/0024.png
197,24,13277.png,self_prompting_sd35_version2,special_4,group,x@Z,peoppott,0.0,0.0,2.6666666666666665,11.852829664727341,4028,3200,/home/ekim339/project/SD3.5/datasets/SRNet_Datagen/train/train-50k-4/i_s/13277.png,/home/ekim339/project/SD3.5/experiments/self_prompting_sd35_version2/results/inputs/0024_13277.png,/home/ekim339/project/SD3.5/datasets/SRNet_Datagen/train/train-50k-4/mask_s/13277.png,/home/ekim339/project/SD3.5/experiments/self_prompting_sd35_version2/results/generated/self_prompting_sd35_version2/special_4/0024.png
198,24,13277.png,self_prompting_sd35_version2,special_5,group,-.F-=,pooe,0.0,0.0,1.0,11.852829664727341,4028,3201,/home/ekim339/project/SD3.5/datasets/SRNet_Datagen/train/train-50k-4/i_s/13277.png,/home/ekim339/project/SD3.5/experiments/self_prompting_sd35_version2/results/inputs/0024_13277.png,/home/ekim339/project/SD3.5/datasets/SRNet_Datagen/train/train-50k-4/mask_s/13277.png,/home/ekim339/project/SD3.5/experiments/self_prompting_sd35_version2/results/generated/self_prompting_sd35_version2/special_5/0024.png
199,24,13277.png,self_prompting_sd35_version2,special_6,group,":-#.,",poay,0.0,0.0,1.0,11.852829664727341,4028,3202,/home/ekim339/project/SD3.5/datasets/SRNet_Datagen/train/train-50k-4/i_s/13277.png,/home/ekim339/project/SD3.5/experiments/self_prompting_sd35_version2/results/inputs/0024_13277.png,/home/ekim339/project/SD3.5/datasets/SRNet_Datagen/train/train-50k-4/mask_s/13277.png,/home/ekim339/project/SD3.5/experiments/self_prompting_sd35_version2/results/generated/self_prompting_sd35_version2/special_6/0024.png
200,25,02189.png,self_prompting_sd35_version2,case_upper,hiney,MUSWD,hiney,0.0,0.0,1.0,3.28239971512917,4029,3203,/home/ekim339/project/SD3.5/datasets/SRNet_Datagen/train/train-50k-4/i_s/02189.png,/home/ekim339/project/SD3.5/experiments/self_prompting_sd35_version2/results/inputs/0025_02189.png,/home/ekim339/project/SD3.5/datasets/SRNet_Datagen/train/train-50k-4/mask_s/02189.png,/home/ekim339/project/SD3.5/experiments/self_prompting_sd35_version2/results/generated/self_prompting_sd35_version2/case_upper/0025.png
201,25,02189.png,self_prompting_sd35_version2,case_lower,hiney,muswd,hiney,0.0,0.0,1.0,3.28239971512917,4029,3204,/home/ekim339/project/SD3.5/datasets/SRNet_Datagen/train/train-50k-4/i_s/02189.png,/home/ekim339/project/SD3.5/experiments/self_prompting_sd35_version2/results/inputs/0025_02189.png,/home/ekim339/project/SD3.5/datasets/SRNet_Datagen/train/train-50k-4/mask_s/02189.png,/home/ekim339/project/SD3.5/experiments/self_prompting_sd35_version2/results/generated/self_prompting_sd35_version2/case_lower/0025.png
202,25,02189.png,self_prompting_sd35_version2,special_1,hiney,OUUIH,hiney,0.0,0.0,1.0,3.28239971512917,4029,3205,/home/ekim339/project/SD3.5/datasets/SRNet_Datagen/train/train-50k-4/i_s/02189.png,/home/ekim339/project/SD3.5/experiments/self_prompting_sd35_version2/results/inputs/0025_02189.png,/home/ekim339/project/SD3.5/datasets/SRNet_Datagen/train/train-50k-4/mask_s/02189.png,/home/ekim339/project/SD3.5/experiments/self_prompting_sd35_version2/results/generated/self_prompting_sd35_version2/special_1/0025.png
203,25,02189.png,self_prompting_sd35_version2,special_2,hiney,s+aoO,hiney,0.0,0.0,1.0,3.28239971512917,4029,3206,/home/ekim339/project/SD3.5/datasets/SRNet_Datagen/train/train-50k-4/i_s/02189.png,/home/ekim339/project/SD3.5/experiments/self_prompting_sd35_version2/results/inputs/0025_02189.png,/home/ekim339/project/SD3.5/datasets/SRNet_Datagen/train/train-50k-4/mask_s/02189.png,/home/ekim339/project/SD3.5/experiments/self_prompting_sd35_version2/results/generated/self_prompting_sd35_version2/special_2/0025.png
204,25,02189.png,self_prompting_sd35_version2,special_3,hiney,j:$tT,ininey,0.0,0.0,1.2,3.28239971512917,4029,3207,/home/ekim339/project/SD3.5/datasets/SRNet_Datagen/train/train-50k-4/i_s/02189.png,/home/ekim339/project/SD3.5/experiments/self_prompting_sd35_version2/results/inputs/0025_02189.png,/home/ekim339/project/SD3.5/datasets/SRNet_Datagen/train/train-50k-4/mask_s/02189.png,/home/ekim339/project/SD3.5/experiments/self_prompting_sd35_version2/results/generated/self_prompting_sd35_version2/special_3/0025.png
205,25,02189.png,self_prompting_sd35_version2,special_4,hiney,",xh",hiney,0.0,0.0,1.6666666666666667,3.28239971512917,4029,3208,/home/ekim339/project/SD3.5/datasets/SRNet_Datagen/train/train-50k-4/i_s/02189.png,/home/ekim339/project/SD3.5/experiments/self_prompting_sd35_version2/results/inputs/0025_02189.png,/home/ekim339/project/SD3.5/datasets/SRNet_Datagen/train/train-50k-4/mask_s/02189.png,/home/ekim339/project/SD3.5/experiments/self_prompting_sd35_version2/results/generated/self_prompting_sd35_version2/special_4/0025.png
206,25,02189.png,self_prompting_sd35_version2,special_5,hiney,??L&!,hiney,0.0,0.0,1.0,3.28239971512917,4029,3209,/home/ekim339/project/SD3.5/datasets/SRNet_Datagen/train/train-50k-4/i_s/02189.png,/home/ekim339/project/SD3.5/experiments/self_prompting_sd35_version2/results/inputs/0025_02189.png,/home/ekim339/project/SD3.5/datasets/SRNet_Datagen/train/train-50k-4/mask_s/02189.png,/home/ekim339/project/SD3.5/experiments/self_prompting_sd35_version2/results/generated/self_prompting_sd35_version2/special_5/0025.png
207,25,02189.png,self_prompting_sd35_version2,special_6,hiney,$;?*@,hiney,0.0,0.0,1.0,3.28239971512917,4029,3210,/home/ekim339/project/SD3.5/datasets/SRNet_Datagen/train/train-50k-4/i_s/02189.png,/home/ekim339/project/SD3.5/experiments/self_prompting_sd35_version2/results/inputs/0025_02189.png,/home/ekim339/project/SD3.5/datasets/SRNet_Datagen/train/train-50k-4/mask_s/02189.png,/home/ekim339/project/SD3.5/experiments/self_prompting_sd35_version2/results/generated/self_prompting_sd35_version2/special_6/0025.png
208,26,37955.png,self_prompting_sd35_version2,case_upper,thein,MUOUN,them,0.0,0.0,1.0,2.518061162222528,4030,3211,/home/ekim339/project/SD3.5/datasets/SRNet_Datagen/train/train-50k-3/i_s/37955.png,/home/ekim339/project/SD3.5/experiments/self_prompting_sd35_version2/results/inputs/0026_37955.png,/home/ekim339/project/SD3.5/datasets/SRNet_Datagen/train/train-50k-3/mask_s/37955.png,/home/ekim339/project/SD3.5/experiments/self_prompting_sd35_version2/results/generated/self_prompting_sd35_version2/case_upper/0026.png
209,26,37955.png,self_prompting_sd35_version2,case_lower,thein,muoun,thanx,0.0,0.0,1.0,2.518061162222528,4030,3212,/home/ekim339/project/SD3.5/datasets/SRNet_Datagen/train/train-50k-3/i_s/37955.png,/home/ekim339/project/SD3.5/experiments/self_prompting_sd35_version2/results/inputs/0026_37955.png,/home/ekim339/project/SD3.5/datasets/SRNet_Datagen/train/train-50k-3/mask_s/37955.png,/home/ekim339/project/SD3.5/experiments/self_prompting_sd35_version2/results/generated/self_prompting_sd35_version2/case_lower/0026.png
210,26,37955.png,self_prompting_sd35_version2,special_1,thein,DGdtf,from,0.0,0.0,1.0,2.518061162222528,4030,3213,/home/ekim339/project/SD3.5/datasets/SRNet_Datagen/train/train-50k-3/i_s/37955.png,/home/ekim339/project/SD3.5/experiments/self_prompting_sd35_version2/results/inputs/0026_37955.png,/home/ekim339/project/SD3.5/datasets/SRNet_Datagen/train/train-50k-3/mask_s/37955.png,/home/ekim339/project/SD3.5/experiments/self_prompting_sd35_version2/results/generated/self_prompting_sd35_version2/special_1/0026.png
211,26,37955.png,self_prompting_sd35_version2,special_2,thein,qP+Fx,then,0.0,0.0,1.0,2.518061162222528,4030,3214,/home/ekim339/project/SD3.5/datasets/SRNet_Datagen/train/train-50k-3/i_s/37955.png,/home/ekim339/project/SD3.5/experiments/self_prompting_sd35_version2/results/inputs/0026_37955.png,/home/ekim339/project/SD3.5/datasets/SRNet_Datagen/train/train-50k-3/mask_s/37955.png,/home/ekim339/project/SD3.5/experiments/self_prompting_sd35_version2/results/generated/self_prompting_sd35_version2/special_2/0026.png
212,26,37955.png,self_prompting_sd35_version2,special_3,thein,csp@;,them,0.0,0.0,1.0,2.518061162222528,4030,3215,/home/ekim339/project/SD3.5/datasets/SRNet_Datagen/train/train-50k-3/i_s/37955.png,/home/ekim339/project/SD3.5/experiments/self_prompting_sd35_version2/results/inputs/0026_37955.png,/home/ekim339/project/SD3.5/datasets/SRNet_Datagen/train/train-50k-3/mask_s/37955.png,/home/ekim339/project/SD3.5/experiments/self_prompting_sd35_version2/results/generated/self_prompting_sd35_version2/special_3/0026.png
213,26,37955.png,self_prompting_sd35_version2,special_4,thein,Ic&,from,0.0,0.0,1.3333333333333333,2.518061162222528,4030,3216,/home/ekim339/project/SD3.5/datasets/SRNet_Datagen/train/train-50k-3/i_s/37955.png,/home/ekim339/project/SD3.5/experiments/self_prompting_sd35_version2/results/inputs/0026_37955.png,/home/ekim339/project/SD3.5/datasets/SRNet_Datagen/train/train-50k-3/mask_s/37955.png,/home/ekim339/project/SD3.5/experiments/self_prompting_sd35_version2/results/generated/self_prompting_sd35_version2/special_4/0026.png
214,26,37955.png,self_prompting_sd35_version2,special_5,thein,.%&M%,fhom,0.0,0.0,1.0,2.518061162222528,4030,3217,/home/ekim339/project/SD3.5/datasets/SRNet_Datagen/train/train-50k-3/i_s/37955.png,/home/ekim339/project/SD3.5/experiments/self_prompting_sd35_version2/results/inputs/0026_37955.png,/home/ekim339/project/SD3.5/datasets/SRNet_Datagen/train/train-50k-3/mask_s/37955.png,/home/ekim339/project/SD3.5/experiments/self_prompting_sd35_version2/results/generated/self_prompting_sd35_version2/special_5/0026.png
215,26,37955.png,self_prompting_sd35_version2,special_6,thein,#!&#=,thanx,0.0,0.0,1.0,2.518061162222528,4030,3218,/home/ekim339/project/SD3.5/datasets/SRNet_Datagen/train/train-50k-3/i_s/37955.png,/home/ekim339/project/SD3.5/experiments/self_prompting_sd35_version2/results/inputs/0026_37955.png,/home/ekim339/project/SD3.5/datasets/SRNet_Datagen/train/train-50k-3/mask_s/37955.png,/home/ekim339/project/SD3.5/experiments/self_prompting_sd35_version2/results/generated/self_prompting_sd35_version2/special_6/0026.png
216,27,01658.png,self_prompting_sd35_version2,case_upper,stent,QORYH,seo,0.0,0.0,1.0,6.664620432482347,4031,3219,/home/ekim339/project/SD3.5/datasets/SRNet_Datagen/train/train-50k-2/i_s/01658.png,/home/ekim339/project/SD3.5/experiments/self_prompting_sd35_version2/results/inputs/0027_01658.png,/home/ekim339/project/SD3.5/datasets/SRNet_Datagen/train/train-50k-2/mask_s/01658.png,/home/ekim339/project/SD3.5/experiments/self_prompting_sd35_version2/results/generated/self_prompting_sd35_version2/case_upper/0027.png
217,27,01658.png,self_prompting_sd35_version2,case_lower,stent,qoryh,sucienty,0.0,0.0,1.6,6.664620432482347,4031,3220,/home/ekim339/project/SD3.5/datasets/SRNet_Datagen/train/train-50k-2/i_s/01658.png,/home/ekim339/project/SD3.5/experiments/self_prompting_sd35_version2/results/inputs/0027_01658.png,/home/ekim339/project/SD3.5/datasets/SRNet_Datagen/train/train-50k-2/mask_s/01658.png,/home/ekim339/project/SD3.5/experiments/self_prompting_sd35_version2/results/generated/self_prompting_sd35_version2/case_lower/0027.png
218,27,01658.png,self_prompting_sd35_version2,special_1,stent,oJpGq,pesstoo,0.0,0.0,1.4,6.664620432482347,4031,3221,/home/ekim339/project/SD3.5/datasets/SRNet_Datagen/train/train-50k-2/i_s/01658.png,/home/ekim339/project/SD3.5/experiments/self_prompting_sd35_version2/results/inputs/0027_01658.png,/home/ekim339/project/SD3.5/datasets/SRNet_Datagen/train/train-50k-2/mask_s/01658.png,/home/ekim339/project/SD3.5/experiments/self_prompting_sd35_version2/results/generated/self_prompting_sd35_version2/special_1/0027.png
219,27,01658.png,self_prompting_sd35_version2,special_2,stent,Wl+eK,subjet,0.0,0.16666666666666663,1.0,6.664620432482347,4031,3222,/home/ekim339/project/SD3.5/datasets/SRNet_Datagen/train/train-50k-2/i_s/01658.png,/home/ekim339/project/SD3.5/experiments/self_prompting_sd35_version2/results/inputs/0027_01658.png,/home/ekim339/project/SD3.5/datasets/SRNet_Datagen/train/train-50k-2/mask_s/01658.png,/home/ekim339/project/SD3.5/experiments/self_prompting_sd35_version2/results/generated/self_prompting_sd35_version2/special_2/0027.png
220,27,01658.png,self_prompting_sd35_version2,special_3,stent,:VI?I,sisstttt,0.0,0.0,1.6,6.664620432482347,4031,3223,/home/ekim339/project/SD3.5/datasets/SRNet_Datagen/train/train-50k-2/i_s/01658.png,/home/ekim339/project/SD3.5/experiments/self_prompting_sd35_version2/results/inputs/0027_01658.png,/home/ekim339/project/SD3.5/datasets/SRNet_Datagen/train/train-50k-2/mask_s/01658.png,/home/ekim339/project/SD3.5/experiments/self_prompting_sd35_version2/results/generated/self_prompting_sd35_version2/special_3/0027.png
221,27,01658.png,self_prompting_sd35_version2,special_4,stent,$CY,resteea,0.0,0.0,2.3333333333333335,6.664620432482347,4031,3224,/home/ekim339/project/SD3.5/datasets/SRNet_Datagen/train/train-50k-2/i_s/01658.png,/home/ekim339/project/SD3.5/experiments/self_prompting_sd35_version2/results/inputs/0027_01658.png,/home/ekim339/project/SD3.5/datasets/SRNet_Datagen/train/train-50k-2/mask_s/01658.png,/home/ekim339/project/SD3.5/experiments/self_prompting_sd35_version2/results/generated/self_prompting_sd35_version2/special_4/0027.png
222,27,01658.png,self_prompting_sd35_version2,special_5,stent,N@_@+,trot,0.0,0.0,1.0,6.664620432482347,4031,3225,/home/ekim339/project/SD3.5/datasets/SRNet_Datagen/train/train-50k-2/i_s/01658.png,/home/ekim339/project/SD3.5/experiments/self_prompting_sd35_version2/results/inputs/0027_01658.png,/home/ekim339/project/SD3.5/datasets/SRNet_Datagen/train/train-50k-2/mask_s/01658.png,/home/ekim339/project/SD3.5/experiments/self_prompting_sd35_version2/results/generated/self_prompting_sd35_version2/special_5/0027.png
223,27,01658.png,self_prompting_sd35_version2,special_6,stent,#:;;-,iisstttt,0.0,0.0,1.6,6.664620432482347,4031,3226,/home/ekim339/project/SD3.5/datasets/SRNet_Datagen/train/train-50k-2/i_s/01658.png,/home/ekim339/project/SD3.5/experiments/self_prompting_sd35_version2/results/inputs/0027_01658.png,/home/ekim339/project/SD3.5/datasets/SRNet_Datagen/train/train-50k-2/mask_s/01658.png,/home/ekim339/project/SD3.5/experiments/self_prompting_sd35_version2/results/generated/self_prompting_sd35_version2/special_6/0027.png
224,28,37981.png,self_prompting_sd35_version2,case_upper,yards,CQERW,see,0.0,0.0,1.0,9.136718717188211,4032,3227,/home/ekim339/project/SD3.5/datasets/SRNet_Datagen/train/train-50k-2/i_s/37981.png,/home/ekim339/project/SD3.5/experiments/self_prompting_sd35_version2/results/inputs/0028_37981.png,/home/ekim339/project/SD3.5/datasets/SRNet_Datagen/train/train-50k-2/mask_s/37981.png,/home/ekim339/project/SD3.5/experiments/self_prompting_sd35_version2/results/generated/self_prompting_sd35_version2/case_upper/0028.png
225,28,37981.png,self_prompting_sd35_version2,case_lower,yards,cqerw,yarow,0.0,0.19999999999999996,0.8,9.136718717188211,4032,3228,/home/ekim339/project/SD3.5/datasets/SRNet_Datagen/train/train-50k-2/i_s/37981.png,/home/ekim339/project/SD3.5/experiments/self_prompting_sd35_version2/results/inputs/0028_37981.png,/home/ekim339/project/SD3.5/datasets/SRNet_Datagen/train/train-50k-2/mask_s/37981.png,/home/ekim339/project/SD3.5/experiments/self_prompting_sd35_version2/results/generated/self_prompting_sd35_version2/case_lower/0028.png
226,28,37981.png,self_prompting_sd35_version2,special_1,yards,VjdSn,yarda,0.0,0.0,1.0,9.136718717188211,4032,3229,/home/ekim339/project/SD3.5/datasets/SRNet_Datagen/train/train-50k-2/i_s/37981.png,/home/ekim339/project/SD3.5/experiments/self_prompting_sd35_version2/results/inputs/0028_37981.png,/home/ekim339/project/SD3.5/datasets/SRNet_Datagen/train/train-50k-2/mask_s/37981.png,/home/ekim339/project/SD3.5/experiments/self_prompting_sd35_version2/results/generated/self_prompting_sd35_version2/special_1/0028.png
227,28,37981.png,self_prompting_sd35_version2,special_2,yards,L?mFN,yards,0.0,0.0,1.0,9.136718717188211,4032,3230,/home/ekim339/project/SD3.5/datasets/SRNet_Datagen/train/train-50k-2/i_s/37981.png,/home/ekim339/project/SD3.5/experiments/self_prompting_sd35_version2/results/inputs/0028_37981.png,/home/ekim339/project/SD3.5/datasets/SRNet_Datagen/train/train-50k-2/mask_s/37981.png,/home/ekim339/project/SD3.5/experiments/self_prompting_sd35_version2/results/generated/self_prompting_sd35_version2/special_2/0028.png
228,28,37981.png,self_prompting_sd35_version2,special_3,yards,",mLc+",yyrds,0.0,0.0,1.0,9.136718717188211,4032,3231,/home/ekim339/project/SD3.5/datasets/SRNet_Datagen/train/train-50k-2/i_s/37981.png,/home/ekim339/project/SD3.5/experiments/self_prompting_sd35_version2/results/inputs/0028_37981.png,/home/ekim339/project/SD3.5/datasets/SRNet_Datagen/train/train-50k-2/mask_s/37981.png,/home/ekim339/project/SD3.5/experiments/self_prompting_sd35_version2/results/generated/self_prompting_sd35_version2/special_3/0028.png
229,28,37981.png,self_prompting_sd35_version2,special_4,yards,We;,yards,0.0,0.0,1.6666666666666667,9.136718717188211,4032,3232,/home/ekim339/project/SD3.5/datasets/SRNet_Datagen/train/train-50k-2/i_s/37981.png,/home/ekim339/project/SD3.5/experiments/self_prompting_sd35_version2/results/inputs/0028_37981.png,/home/ekim339/project/SD3.5/datasets/SRNet_Datagen/train/train-50k-2/mask_s/37981.png,/home/ekim339/project/SD3.5/experiments/self_prompting_sd35_version2/results/generated/self_prompting_sd35_version2/special_4/0028.png
230,28,37981.png,self_prompting_sd35_version2,special_5,yards,N$!%+,verrs,0.0,0.0,1.0,9.136718717188211,4032,3233,/home/ekim339/project/SD3.5/datasets/SRNet_Datagen/train/train-50k-2/i_s/37981.png,/home/ekim339/project/SD3.5/experiments/self_prompting_sd35_version2/results/inputs/0028_37981.png,/home/ekim339/project/SD3.5/datasets/SRNet_Datagen/train/train-50k-2/mask_s/37981.png,/home/ekim339/project/SD3.5/experiments/self_prompting_sd35_version2/results/generated/self_prompting_sd35_version2/special_5/0028.png
231,28,37981.png,self_prompting_sd35_version2,special_6,yards,&!=_@,verda,0.0,0.0,1.0,9.136718717188211,4032,3234,/home/ekim339/project/SD3.5/datasets/SRNet_Datagen/train/train-50k-2/i_s/37981.png,/home/ekim339/project/SD3.5/experiments/self_prompting_sd35_version2/results/inputs/0028_37981.png,/home/ekim339/project/SD3.5/datasets/SRNet_Datagen/train/train-50k-2/mask_s/37981.png,/home/ekim339/project/SD3.5/experiments/self_prompting_sd35_version2/results/generated/self_prompting_sd35_version2/special_6/0028.png
232,29,25025.png,self_prompting_sd35_version2,case_upper,round,CKZKA,round,0.0,0.0,1.0,5.756663317986795,4033,3235,/home/ekim339/project/SD3.5/datasets/SRNet_Datagen/train/train-50k-3/i_s/25025.png,/home/ekim339/project/SD3.5/experiments/self_prompting_sd35_version2/results/inputs/0029_25025.png,/home/ekim339/project/SD3.5/datasets/SRNet_Datagen/train/train-50k-3/mask_s/25025.png,/home/ekim339/project/SD3.5/experiments/self_prompting_sd35_version2/results/generated/self_prompting_sd35_version2/case_upper/0029.png
233,29,25025.png,self_prompting_sd35_version2,case_lower,round,ckzka,round,0.0,0.0,1.0,5.756663317986795,4033,3236,/home/ekim339/project/SD3.5/datasets/SRNet_Datagen/train/train-50k-3/i_s/25025.png,/home/ekim339/project/SD3.5/experiments/self_prompting_sd35_version2/results/inputs/0029_25025.png,/home/ekim339/project/SD3.5/datasets/SRNet_Datagen/train/train-50k-3/mask_s/25025.png,/home/ekim339/project/SD3.5/experiments/self_prompting_sd35_version2/results/generated/self_prompting_sd35_version2/case_lower/0029.png
234,29,25025.png,self_prompting_sd35_version2,special_1,round,syzac,round,0.0,0.0,1.0,5.756663317986795,4033,3237,/home/ekim339/project/SD3.5/datasets/SRNet_Datagen/train/train-50k-3/i_s/25025.png,/home/ekim339/project/SD3.5/experiments/self_prompting_sd35_version2/results/inputs/0029_25025.png,/home/ekim339/project/SD3.5/datasets/SRNet_Datagen/train/train-50k-3/mask_s/25025.png,/home/ekim339/project/SD3.5/experiments/self_prompting_sd35_version2/results/generated/self_prompting_sd35_version2/special_1/0029.png
235,29,25025.png,self_prompting_sd35_version2,special_2,round,*wdWf,round,0.0,0.0,1.0,5.756663317986795,4033,3238,/home/ekim339/project/SD3.5/datasets/SRNet_Datagen/train/train-50k-3/i_s/25025.png,/home/ekim339/project/SD3.5/experiments/self_prompting_sd35_version2/results/inputs/0029_25025.png,/home/ekim339/project/SD3.5/datasets/SRNet_Datagen/train/train-50k-3/mask_s/25025.png,/home/ekim339/project/SD3.5/experiments/self_prompting_sd35_version2/results/generated/self_prompting_sd35_version2/special_2/0029.png
236,29,25025.png,self_prompting_sd35_version2,special_3,round,$Imt:,round,0.0,0.0,1.0,5.756663317986795,4033,3239,/home/ekim339/project/SD3.5/datasets/SRNet_Datagen/train/train-50k-3/i_s/25025.png,/home/ekim339/project/SD3.5/experiments/self_prompting_sd35_version2/results/inputs/0029_25025.png,/home/ekim339/project/SD3.5/datasets/SRNet_Datagen/train/train-50k-3/mask_s/25025.png,/home/ekim339/project/SD3.5/experiments/self_prompting_sd35_version2/results/generated/self_prompting_sd35_version2/special_3/0029.png
237,29,25025.png,self_prompting_sd35_version2,special_4,round,:EX,round,0.0,0.0,1.6666666666666667,5.756663317986795,4033,3240,/home/ekim339/project/SD3.5/datasets/SRNet_Datagen/train/train-50k-3/i_s/25025.png,/home/ekim339/project/SD3.5/experiments/self_prompting_sd35_version2/results/inputs/0029_25025.png,/home/ekim339/project/SD3.5/datasets/SRNet_Datagen/train/train-50k-3/mask_s/25025.png,/home/ekim339/project/SD3.5/experiments/self_prompting_sd35_version2/results/generated/self_prompting_sd35_version2/special_4/0029.png
238,29,25025.png,self_prompting_sd35_version2,special_5,round,"u,#%%",round,0.0,0.0,1.0,5.756663317986795,4033,3241,/home/ekim339/project/SD3.5/datasets/SRNet_Datagen/train/train-50k-3/i_s/25025.png,/home/ekim339/project/SD3.5/experiments/self_prompting_sd35_version2/results/inputs/0029_25025.png,/home/ekim339/project/SD3.5/datasets/SRNet_Datagen/train/train-50k-3/mask_s/25025.png,/home/ekim339/project/SD3.5/experiments/self_prompting_sd35_version2/results/generated/self_prompting_sd35_version2/special_5/0029.png
239,29,25025.png,self_prompting_sd35_version2,special_6,round,;.;%_,round,0.0,0.0,1.0,5.756663317986795,4033,3242,/home/ekim339/project/SD3.5/datasets/SRNet_Datagen/train/train-50k-3/i_s/25025.png,/home/ekim339/project/SD3.5/experiments/self_prompting_sd35_version2/results/inputs/0029_25025.png,/home/ekim339/project/SD3.5/datasets/SRNet_Datagen/train/train-50k-3/mask_s/25025.png,/home/ekim339/project/SD3.5/experiments/self_prompting_sd35_version2/results/generated/self_prompting_sd35_version2/special_6/0029.png
240,30,09788.png,self_prompting_sd35_version2,case_upper,pappi,JJNJE,tpacet,0.0,0.0,1.2,4.685307467053605,4034,3243,/home/ekim339/project/SD3.5/datasets/SRNet_Datagen/train/train-50k-3/i_s/09788.png,/home/ekim339/project/SD3.5/experiments/self_prompting_sd35_version2/results/inputs/0030_09788.png,/home/ekim339/project/SD3.5/datasets/SRNet_Datagen/train/train-50k-3/mask_s/09788.png,/home/ekim339/project/SD3.5/experiments/self_prompting_sd35_version2/results/generated/self_prompting_sd35_version2/case_upper/0030.png
241,30,09788.png,self_prompting_sd35_version2,case_lower,pappi,jjnje,tappet,0.0,0.16666666666666663,1.0,4.685307467053605,4034,3244,/home/ekim339/project/SD3.5/datasets/SRNet_Datagen/train/train-50k-3/i_s/09788.png,/home/ekim339/project/SD3.5/experiments/self_prompting_sd35_version2/results/inputs/0030_09788.png,/home/ekim339/project/SD3.5/datasets/SRNet_Datagen/train/train-50k-3/mask_s/09788.png,/home/ekim339/project/SD3.5/experiments/self_prompting_sd35_version2/results/generated/self_prompting_sd35_version2/case_lower/0030.png
242,30,09788.png,self_prompting_sd35_version2,special_1,pappi,rfYzh,tpoopt,0.0,0.0,1.2,4.685307467053605,4034,3245,/home/ekim339/project/SD3.5/datasets/SRNet_Datagen/train/train-50k-3/i_s/09788.png,/home/ekim339/project/SD3.5/experiments/self_prompting_sd35_version2/results/inputs/0030_09788.png,/home/ekim339/project/SD3.5/datasets/SRNet_Datagen/train/train-50k-3/mask_s/09788.png,/home/ekim339/project/SD3.5/experiments/self_prompting_sd35_version2/results/generated/self_prompting_sd35_version2/special_1/0030.png
243,30,09788.png,self_prompting_sd35_version2,special_2,pappi,lZSS#,topppe,0.0,0.0,1.2,4.685307467053605,4034,3246,/home/ekim339/project/SD3.5/datasets/SRNet_Datagen/train/train-50k-3/i_s/09788.png,/home/ekim339/project/SD3.5/experiments/self_prompting_sd35_version2/results/inputs/0030_09788.png,/home/ekim339/project/SD3.5/datasets/SRNet_Datagen/train/train-50k-3/mask_s/09788.png,/home/ekim339/project/SD3.5/experiments/self_prompting_sd35_version2/results/generated/self_prompting_sd35_version2/special_2/0030.png
244,30,09788.png,self_prompting_sd35_version2,special_3,pappi,_@IqW,tpoooy,0.0,0.0,1.2,4.685307467053605,4034,3247,/home/ekim339/project/SD3.5/datasets/SRNet_Datagen/train/train-50k-3/i_s/09788.png,/home/ekim339/project/SD3.5/experiments/self_prompting_sd35_version2/results/inputs/0030_09788.png,/home/ekim339/project/SD3.5/datasets/SRNet_Datagen/train/train-50k-3/mask_s/09788.png,/home/ekim339/project/SD3.5/experiments/self_prompting_sd35_version2/results/generated/self_prompting_sd35_version2/special_3/0030.png
245,30,09788.png,self_prompting_sd35_version2,special_4,pappi,!Yb,froppy,0.0,0.0,2.0,4.685307467053605,4034,3248,/home/ekim339/project/SD3.5/datasets/SRNet_Datagen/train/train-50k-3/i_s/09788.png,/home/ekim339/project/SD3.5/experiments/self_prompting_sd35_version2/results/inputs/0030_09788.png,/home/ekim339/project/SD3.5/datasets/SRNet_Datagen/train/train-50k-3/mask_s/09788.png,/home/ekim339/project/SD3.5/experiments/self_prompting_sd35_version2/results/generated/self_prompting_sd35_version2/special_4/0030.png
246,30,09788.png,self_prompting_sd35_version2,special_5,pappi,!i;-#,trappl,0.0,0.0,1.2,4.685307467053605,4034,3249,/home/ekim339/project/SD3.5/datasets/SRNet_Datagen/train/train-50k-3/i_s/09788.png,/home/ekim339/project/SD3.5/experiments/self_prompting_sd35_version2/results/inputs/0030_09788.png,/home/ekim339/project/SD3.5/datasets/SRNet_Datagen/train/train-50k-3/mask_s/09788.png,/home/ekim339/project/SD3.5/experiments/self_prompting_sd35_version2/results/generated/self_prompting_sd35_version2/special_5/0030.png
247,30,09788.png,self_prompting_sd35_version2,special_6,pappi,;?=$_,trappl,0.0,0.0,1.2,4.685307467053605,4034,3250,/home/ekim339/project/SD3.5/datasets/SRNet_Datagen/train/train-50k-3/i_s/09788.png,/home/ekim339/project/SD3.5/experiments/self_prompting_sd35_version2/results/inputs/0030_09788.png,/home/ekim339/project/SD3.5/datasets/SRNet_Datagen/train/train-50k-3/mask_s/09788.png,/home/ekim339/project/SD3.5/experiments/self_prompting_sd35_version2/results/generated/self_prompting_sd35_version2/special_6/0030.png
248,31,48873.png,self_prompting_sd35_version2,case_upper,mitty,BRHGS,mitty,0.0,0.0,1.0,8.205163451032455,4035,3251,/home/ekim339/project/SD3.5/datasets/SRNet_Datagen/train/train-50k-3/i_s/48873.png,/home/ekim339/project/SD3.5/experiments/self_prompting_sd35_version2/results/inputs/0031_48873.png,/home/ekim339/project/SD3.5/datasets/SRNet_Datagen/train/train-50k-3/mask_s/48873.png,/home/ekim339/project/SD3.5/experiments/self_prompting_sd35_version2/results/generated/self_prompting_sd35_version2/case_upper/0031.png
249,31,48873.png,self_prompting_sd35_version2,case_lower,mitty,brhgs,mitty,0.0,0.0,1.0,8.205163451032455,4035,3252,/home/ekim339/project/SD3.5/datasets/SRNet_Datagen/train/train-50k-3/i_s/48873.png,/home/ekim339/project/SD3.5/experiments/self_prompting_sd35_version2/results/inputs/0031_48873.png,/home/ekim339/project/SD3.5/datasets/SRNet_Datagen/train/train-50k-3/mask_s/48873.png,/home/ekim339/project/SD3.5/experiments/self_prompting_sd35_version2/results/generated/self_prompting_sd35_version2/case_lower/0031.png
250,31,48873.png,self_prompting_sd35_version2,special_1,mitty,HkrNa,mitty,0.0,0.0,1.0,8.205163451032455,4035,3253,/home/ekim339/project/SD3.5/datasets/SRNet_Datagen/train/train-50k-3/i_s/48873.png,/home/ekim339/project/SD3.5/experiments/self_prompting_sd35_version2/results/inputs/0031_48873.png,/home/ekim339/project/SD3.5/datasets/SRNet_Datagen/train/train-50k-3/mask_s/48873.png,/home/ekim339/project/SD3.5/experiments/self_prompting_sd35_version2/results/generated/self_prompting_sd35_version2/special_1/0031.png
251,31,48873.png,self_prompting_sd35_version2,special_2,mitty,hICw.,mitty,0.0,0.0,1.0,8.205163451032455,4035,3254,/home/ekim339/project/SD3.5/datasets/SRNet_Datagen/train/train-50k-3/i_s/48873.png,/home/ekim339/project/SD3.5/experiments/self_prompting_sd35_version2/results/inputs/0031_48873.png,/home/ekim339/project/SD3.5/datasets/SRNet_Datagen/train/train-50k-3/mask_s/48873.png,/home/ekim339/project/SD3.5/experiments/self_prompting_sd35_version2/results/generated/self_prompting_sd35_version2/special_2/0031.png
252,31,48873.png,self_prompting_sd35_version2,special_3,mitty,F&f*x,mitty,0.0,0.0,1.0,8.205163451032455,4035,3255,/home/ekim339/project/SD3.5/datasets/SRNet_Datagen/train/train-50k-3/i_s/48873.png,/home/ekim339/project/SD3.5/experiments/self_prompting_sd35_version2/results/inputs/0031_48873.png,/home/ekim339/project/SD3.5/datasets/SRNet_Datagen/train/train-50k-3/mask_s/48873.png,/home/ekim339/project/SD3.5/experiments/self_prompting_sd35_version2/results/generated/self_prompting_sd35_version2/special_3/0031.png
253,31,48873.png,self_prompting_sd35_version2,special_4,mitty,d%M,maty,0.0,0.0,1.3333333333333333,8.205163451032455,4035,3256,/home/ekim339/project/SD3.5/datasets/SRNet_Datagen/train/train-50k-3/i_s/48873.png,/home/ekim339/project/SD3.5/experiments/self_prompting_sd35_version2/results/inputs/0031_48873.png,/home/ekim339/project/SD3.5/datasets/SRNet_Datagen/train/train-50k-3/mask_s/48873.png,/home/ekim339/project/SD3.5/experiments/self_prompting_sd35_version2/results/generated/self_prompting_sd35_version2/special_4/0031.png
254,31,48873.png,self_prompting_sd35_version2,special_5,mitty,",_q??",micky,0.0,0.0,1.0,8.205163451032455,4035,3257,/home/ekim339/project/SD3.5/datasets/SRNet_Datagen/train/train-50k-3/i_s/48873.png,/home/ekim339/project/SD3.5/experiments/self_prompting_sd35_version2/results/inputs/0031_48873.png,/home/ekim339/project/SD3.5/datasets/SRNet_Datagen/train/train-50k-3/mask_s/48873.png,/home/ekim339/project/SD3.5/experiments/self_prompting_sd35_version2/results/generated/self_prompting_sd35_version2/special_5/0031.png
255,31,48873.png,self_prompting_sd35_version2,special_6,mitty,_+.*$,mitty,0.0,0.0,1.0,8.205163451032455,4035,3258,/home/ekim339/project/SD3.5/datasets/SRNet_Datagen/train/train-50k-3/i_s/48873.png,/home/ekim339/project/SD3.5/experiments/self_prompting_sd35_version2/results/inputs/0031_48873.png,/home/ekim339/project/SD3.5/datasets/SRNet_Datagen/train/train-50k-3/mask_s/48873.png,/home/ekim339/project/SD3.5/experiments/self_prompting_sd35_version2/results/generated/self_prompting_sd35_version2/special_6/0031.png
256,32,48588.png,self_prompting_sd35_version2,case_upper,Delta,ATFSG,detail,0.0,0.0,1.2,2.0051055795309862,4036,3259,/home/ekim339/project/SD3.5/datasets/SRNet_Datagen/train/train-50k-1/i_s/48588.png,/home/ekim339/project/SD3.5/experiments/self_prompting_sd35_version2/results/inputs/0032_48588.png,/home/ekim339/project/SD3.5/datasets/SRNet_Datagen/train/train-50k-1/mask_s/48588.png,/home/ekim339/project/SD3.5/experiments/self_prompting_sd35_version2/results/generated/self_prompting_sd35_version2/case_upper/0032.png
257,32,48588.png,self_prompting_sd35_version2,case_lower,Delta,atfsg,deltar,0.0,0.0,1.2,2.0051055795309862,4036,3260,/home/ekim339/project/SD3.5/datasets/SRNet_Datagen/train/train-50k-1/i_s/48588.png,/home/ekim339/project/SD3.5/experiments/self_prompting_sd35_version2/results/inputs/0032_48588.png,/home/ekim339/project/SD3.5/datasets/SRNet_Datagen/train/train-50k-1/mask_s/48588.png,/home/ekim339/project/SD3.5/experiments/self_prompting_sd35_version2/results/generated/self_prompting_sd35_version2/case_lower/0032.png
258,32,48588.png,self_prompting_sd35_version2,special_1,Delta,MfSzL,detaa,0.0,0.0,1.0,2.0051055795309862,4036,3261,/home/ekim339/project/SD3.5/datasets/SRNet_Datagen/train/train-50k-1/i_s/48588.png,/home/ekim339/project/SD3.5/experiments/self_prompting_sd35_version2/results/inputs/0032_48588.png,/home/ekim339/project/SD3.5/datasets/SRNet_Datagen/train/train-50k-1/mask_s/48588.png,/home/ekim339/project/SD3.5/experiments/self_prompting_sd35_version2/results/generated/self_prompting_sd35_version2/special_1/0032.png
259,32,48588.png,self_prompting_sd35_version2,special_2,Delta,m=RPB,derar,0.0,0.0,1.0,2.0051055795309862,4036,3262,/home/ekim339/project/SD3.5/datasets/SRNet_Datagen/train/train-50k-1/i_s/48588.png,/home/ekim339/project/SD3.5/experiments/self_prompting_sd35_version2/results/inputs/0032_48588.png,/home/ekim339/project/SD3.5/datasets/SRNet_Datagen/train/train-50k-1/mask_s/48588.png,/home/ekim339/project/SD3.5/experiments/self_prompting_sd35_version2/results/generated/self_prompting_sd35_version2/special_2/0032.png
260,32,48588.png,self_prompting_sd35_version2,special_3,Delta,:a+aQ,detail,0.0,0.16666666666666663,1.0,2.0051055795309862,4036,3263,/home/ekim339/project/SD3.5/datasets/SRNet_Datagen/train/train-50k-1/i_s/48588.png,/home/ekim339/project/SD3.5/experiments/self_prompting_sd35_version2/results/inputs/0032_48588.png,/home/ekim339/project/SD3.5/datasets/SRNet_Datagen/train/train-50k-1/mask_s/48588.png,/home/ekim339/project/SD3.5/experiments/self_prompting_sd35_version2/results/generated/self_prompting_sd35_version2/special_3/0032.png
261,32,48588.png,self_prompting_sd35_version2,special_4,Delta,E@z,detai,0.0,0.0,1.6666666666666667,2.0051055795309862,4036,3264,/home/ekim339/project/SD3.5/datasets/SRNet_Datagen/train/train-50k-1/i_s/48588.png,/home/ekim339/project/SD3.5/experiments/self_prompting_sd35_version2/results/inputs/0032_48588.png,/home/ekim339/project/SD3.5/datasets/SRNet_Datagen/train/train-50k-1/mask_s/48588.png,/home/ekim339/project/SD3.5/experiments/self_prompting_sd35_version2/results/generated/self_prompting_sd35_version2/special_4/0032.png
262,32,48588.png,self_prompting_sd35_version2,special_5,Delta,n$!=%,reitar,0.0,0.0,1.2,2.0051055795309862,4036,3265,/home/ekim339/project/SD3.5/datasets/SRNet_Datagen/train/train-50k-1/i_s/48588.png,/home/ekim339/project/SD3.5/experiments/self_prompting_sd35_version2/results/inputs/0032_48588.png,/home/ekim339/project/SD3.5/datasets/SRNet_Datagen/train/train-50k-1/mask_s/48588.png,/home/ekim339/project/SD3.5/experiments/self_prompting_sd35_version2/results/generated/self_prompting_sd35_version2/special_5/0032.png
263,32,48588.png,self_prompting_sd35_version2,special_6,Delta,;_+_@,deltai,0.0,0.0,1.2,2.0051055795309862,4036,3266,/home/ekim339/project/SD3.5/datasets/SRNet_Datagen/train/train-50k-1/i_s/48588.png,/home/ekim339/project/SD3.5/experiments/self_prompting_sd35_version2/results/inputs/0032_48588.png,/home/ekim339/project/SD3.5/datasets/SRNet_Datagen/train/train-50k-1/mask_s/48588.png,/home/ekim339/project/SD3.5/experiments/self_prompting_sd35_version2/results/generated/self_prompting_sd35_version2/special_6/0032.png
264,33,06979.png,self_prompting_sd35_version2,case_upper,lacto,MWPVO,nanoo,0.0,0.0,1.0,8.885269501809397,4037,3267,/home/ekim339/project/SD3.5/datasets/SRNet_Datagen/train/train-50k-2/i_s/06979.png,/home/ekim339/project/SD3.5/experiments/self_prompting_sd35_version2/results/inputs/0033_06979.png,/home/ekim339/project/SD3.5/datasets/SRNet_Datagen/train/train-50k-2/mask_s/06979.png,/home/ekim339/project/SD3.5/experiments/self_prompting_sd35_version2/results/generated/self_prompting_sd35_version2/case_upper/0033.png
265,33,06979.png,self_prompting_sd35_version2,case_lower,lacto,mwpvo,aulo,0.0,0.19999999999999996,0.8,8.885269501809397,4037,3268,/home/ekim339/project/SD3.5/datasets/SRNet_Datagen/train/train-50k-2/i_s/06979.png,/home/ekim339/project/SD3.5/experiments/self_prompting_sd35_version2/results/inputs/0033_06979.png,/home/ekim339/project/SD3.5/datasets/SRNet_Datagen/train/train-50k-2/mask_s/06979.png,/home/ekim339/project/SD3.5/experiments/self_prompting_sd35_version2/results/generated/self_prompting_sd35_version2/case_lower/0033.png
266,33,06979.png,self_prompting_sd35_version2,special_1,lacto,gVTLL,accoo,0.0,0.0,1.0,8.885269501809397,4037,3269,/home/ekim339/project/SD3.5/datasets/SRNet_Datagen/train/train-50k-2/i_s/06979.png,/home/ekim339/project/SD3.5/experiments/self_prompting_sd35_version2/results/inputs/0033_06979.png,/home/ekim339/project/SD3.5/datasets/SRNet_Datagen/train/train-50k-2/mask_s/06979.png,/home/ekim339/project/SD3.5/experiments/self_prompting_sd35_version2/results/generated/self_prompting_sd35_version2/special_1/0033.png
267,33,06979.png,self_prompting_sd35_version2,special_2,lacto,#rNde,kroto,0.0,0.19999999999999996,0.8,8.885269501809397,4037,3270,/home/ekim339/project/SD3.5/datasets/SRNet_Datagen/train/train-50k-2/i_s/06979.png,/home/ekim339/project/SD3.5/experiments/self_prompting_sd35_version2/results/inputs/0033_06979.png,/home/ekim339/project/SD3.5/datasets/SRNet_Datagen/train/train-50k-2/mask_s/06979.png,/home/ekim339/project/SD3.5/experiments/self_prompting_sd35_version2/results/generated/self_prompting_sd35_version2/special_2/0033.png
268,33,06979.png,self_prompting_sd35_version2,special_3,lacto,$djS;,isoto,0.0,0.0,1.0,8.885269501809397,4037,3271,/home/ekim339/project/SD3.5/datasets/SRNet_Datagen/train/train-50k-2/i_s/06979.png,/home/ekim339/project/SD3.5/experiments/self_prompting_sd35_version2/results/inputs/0033_06979.png,/home/ekim339/project/SD3.5/datasets/SRNet_Datagen/train/train-50k-2/mask_s/06979.png,/home/ekim339/project/SD3.5/experiments/self_prompting_sd35_version2/results/generated/self_prompting_sd35_version2/special_3/0033.png
269,33,06979.png,self_prompting_sd35_version2,special_4,lacto,@us,lacto,0.0,0.0,1.6666666666666667,8.885269501809397,4037,3272,/home/ekim339/project/SD3.5/datasets/SRNet_Datagen/train/train-50k-2/i_s/06979.png,/home/ekim339/project/SD3.5/experiments/self_prompting_sd35_version2/results/inputs/0033_06979.png,/home/ekim339/project/SD3.5/datasets/SRNet_Datagen/train/train-50k-2/mask_s/06979.png,/home/ekim339/project/SD3.5/experiments/self_prompting_sd35_version2/results/generated/self_prompting_sd35_version2/special_4/0033.png
270,33,06979.png,self_prompting_sd35_version2,special_5,lacto,U?&?.,vicid,0.0,0.0,1.0,8.885269501809397,4037,3273,/home/ekim339/project/SD3.5/datasets/SRNet_Datagen/train/train-50k-2/i_s/06979.png,/home/ekim339/project/SD3.5/experiments/self_prompting_sd35_version2/results/inputs/0033_06979.png,/home/ekim339/project/SD3.5/datasets/SRNet_Datagen/train/train-50k-2/mask_s/06979.png,/home/ekim339/project/SD3.5/experiments/self_prompting_sd35_version2/results/generated/self_prompting_sd35_version2/special_5/0033.png
271,33,06979.png,self_prompting_sd35_version2,special_6,lacto,&*@-.,boto,0.0,0.0,1.0,8.885269501809397,4037,3274,/home/ekim339/project/SD3.5/datasets/SRNet_Datagen/train/train-50k-2/i_s/06979.png,/home/ekim339/project/SD3.5/experiments/self_prompting_sd35_version2/results/inputs/0033_06979.png,/home/ekim339/project/SD3.5/datasets/SRNet_Datagen/train/train-50k-2/mask_s/06979.png,/home/ekim339/project/SD3.5/experiments/self_prompting_sd35_version2/results/generated/self_prompting_sd35_version2/special_6/0033.png
272,34,36185.png,self_prompting_sd35_version2,case_upper,sabin,HFOBB,sbbin,0.0,0.0,1.0,11.262685951833797,4038,3275,/home/ekim339/project/SD3.5/datasets/SRNet_Datagen/train/train-50k-2/i_s/36185.png,/home/ekim339/project/SD3.5/experiments/self_prompting_sd35_version2/results/inputs/0034_36185.png,/home/ekim339/project/SD3.5/datasets/SRNet_Datagen/train/train-50k-2/mask_s/36185.png,/home/ekim339/project/SD3.5/experiments/self_prompting_sd35_version2/results/generated/self_prompting_sd35_version2/case_upper/0034.png
273,34,36185.png,self_prompting_sd35_version2,case_lower,sabin,hfobb,salon,0.0,0.0,1.0,11.262685951833797,4038,3276,/home/ekim339/project/SD3.5/datasets/SRNet_Datagen/train/train-50k-2/i_s/36185.png,/home/ekim339/project/SD3.5/experiments/self_prompting_sd35_version2/results/inputs/0034_36185.png,/home/ekim339/project/SD3.5/datasets/SRNet_Datagen/train/train-50k-2/mask_s/36185.png,/home/ekim339/project/SD3.5/experiments/self_prompting_sd35_version2/results/generated/self_prompting_sd35_version2/case_lower/0034.png
274,34,36185.png,self_prompting_sd35_version2,special_1,sabin,UKrRO,sand,0.0,0.0,1.0,11.262685951833797,4038,3277,/home/ekim339/project/SD3.5/datasets/SRNet_Datagen/train/train-50k-2/i_s/36185.png,/home/ekim339/project/SD3.5/experiments/self_prompting_sd35_version2/results/inputs/0034_36185.png,/home/ekim339/project/SD3.5/datasets/SRNet_Datagen/train/train-50k-2/mask_s/36185.png,/home/ekim339/project/SD3.5/experiments/self_prompting_sd35_version2/results/generated/self_prompting_sd35_version2/special_1/0034.png
275,34,36185.png,self_prompting_sd35_version2,special_2,sabin,BCin@,cabin,0.0,0.19999999999999996,0.8,11.262685951833797,4038,3278,/home/ekim339/project/SD3.5/datasets/SRNet_Datagen/train/train-50k-2/i_s/36185.png,/home/ekim339/project/SD3.5/experiments/self_prompting_sd35_version2/results/inputs/0034_36185.png,/home/ekim339/project/SD3.5/datasets/SRNet_Datagen/train/train-50k-2/mask_s/36185.png,/home/ekim339/project/SD3.5/experiments/self_prompting_sd35_version2/results/generated/self_prompting_sd35_version2/special_2/0034.png
276,34,36185.png,self_prompting_sd35_version2,special_3,sabin,_@MPv,soci,0.0,0.0,1.0,11.262685951833797,4038,3279,/home/ekim339/project/SD3.5/datasets/SRNet_Datagen/train/train-50k-2/i_s/36185.png,/home/ekim339/project/SD3.5/experiments/self_prompting_sd35_version2/results/inputs/0034_36185.png,/home/ekim339/project/SD3.5/datasets/SRNet_Datagen/train/train-50k-2/mask_s/36185.png,/home/ekim339/project/SD3.5/experiments/self_prompting_sd35_version2/results/generated/self_prompting_sd35_version2/special_3/0034.png
277,34,36185.png,self_prompting_sd35_version2,special_4,sabin,Pm-,spiil,0.0,0.0,1.6666666666666667,11.262685951833797,4038,3280,/home/ekim339/project/SD3.5/datasets/SRNet_Datagen/train/train-50k-2/i_s/36185.png,/home/ekim339/project/SD3.5/experiments/self_prompting_sd35_version2/results/inputs/0034_36185.png,/home/ekim339/project/SD3.5/datasets/SRNet_Datagen/train/train-50k-2/mask_s/36185.png,/home/ekim339/project/SD3.5/experiments/self_prompting_sd35_version2/results/generated/self_prompting_sd35_version2/special_4/0034.png
278,34,36185.png,self_prompting_sd35_version2,special_5,sabin,r&!++,sabj,0.0,0.0,1.0,11.262685951833797,4038,3281,/home/ekim339/project/SD3.5/datasets/SRNet_Datagen/train/train-50k-2/i_s/36185.png,/home/ekim339/project/SD3.5/experiments/self_prompting_sd35_version2/results/inputs/0034_36185.png,/home/ekim339/project/SD3.5/datasets/SRNet_Datagen/train/train-50k-2/mask_s/36185.png,/home/ekim339/project/SD3.5/experiments/self_prompting_sd35_version2/results/generated/self_prompting_sd35_version2/special_5/0034.png
279,34,36185.png,self_prompting_sd35_version2,special_6,sabin,@_-?+,sand,0.0,0.0,1.0,11.262685951833797,4038,3282,/home/ekim339/project/SD3.5/datasets/SRNet_Datagen/train/train-50k-2/i_s/36185.png,/home/ekim339/project/SD3.5/experiments/self_prompting_sd35_version2/results/inputs/0034_36185.png,/home/ekim339/project/SD3.5/datasets/SRNet_Datagen/train/train-50k-2/mask_s/36185.png,/home/ekim339/project/SD3.5/experiments/self_prompting_sd35_version2/results/generated/self_prompting_sd35_version2/special_6/0034.png
280,35,32279.png,self_prompting_sd35_version2,case_upper,const,DIFCT,corbo,0.0,0.0,1.0,3.3987870862155614,4039,3283,/home/ekim339/project/SD3.5/datasets/SRNet_Datagen/train/train-50k-2/i_s/32279.png,/home/ekim339/project/SD3.5/experiments/self_prompting_sd35_version2/results/inputs/0035_32279.png,/home/ekim339/project/SD3.5/datasets/SRNet_Datagen/train/train-50k-2/mask_s/32279.png,/home/ekim339/project/SD3.5/experiments/self_prompting_sd35_version2/results/generated/self_prompting_sd35_version2/case_upper/0035.png
281,35,32279.png,self_prompting_sd35_version2,case_lower,const,difct,corst,0.0,0.19999999999999996,0.8,3.3987870862155614,4039,3284,/home/ekim339/project/SD3.5/datasets/SRNet_Datagen/train/train-50k-2/i_s/32279.png,/home/ekim339/project/SD3.5/experiments/self_prompting_sd35_version2/results/inputs/0035_32279.png,/home/ekim339/project/SD3.5/datasets/SRNet_Datagen/train/train-50k-2/mask_s/32279.png,/home/ekim339/project/SD3.5/experiments/self_prompting_sd35_version2/results/generated/self_prompting_sd35_version2/case_lower/0035.png
282,35,32279.png,self_prompting_sd35_version2,special_1,const,QdrRD,const,0.0,0.0,1.0,3.3987870862155614,4039,3285,/home/ekim339/project/SD3.5/datasets/SRNet_Datagen/train/train-50k-2/i_s/32279.png,/home/ekim339/project/SD3.5/experiments/self_prompting_sd35_version2/results/inputs/0035_32279.png,/home/ekim339/project/SD3.5/datasets/SRNet_Datagen/train/train-50k-2/mask_s/32279.png,/home/ekim339/project/SD3.5/experiments/self_prompting_sd35_version2/results/generated/self_prompting_sd35_version2/special_1/0035.png
283,35,32279.png,self_prompting_sd35_version2,special_2,const,A+zSQ,cones,0.0,0.0,1.0,3.3987870862155614,4039,3286,/home/ekim339/project/SD3.5/datasets/SRNet_Datagen/train/train-50k-2/i_s/32279.png,/home/ekim339/project/SD3.5/experiments/self_prompting_sd35_version2/results/inputs/0035_32279.png,/home/ekim339/project/SD3.5/datasets/SRNet_Datagen/train/train-50k-2/mask_s/32279.png,/home/ekim339/project/SD3.5/experiments/self_prompting_sd35_version2/results/generated/self_prompting_sd35_version2/special_2/0035.png
284,35,32279.png,self_prompting_sd35_version2,special_3,const,M&@Ar,const,0.0,0.0,1.0,3.3987870862155614,4039,3287,/home/ekim339/project/SD3.5/datasets/SRNet_Datagen/train/train-50k-2/i_s/32279.png,/home/ekim339/project/SD3.5/experiments/self_prompting_sd35_version2/results/inputs/0035_32279.png,/home/ekim339/project/SD3.5/datasets/SRNet_Datagen/train/train-50k-2/mask_s/32279.png,/home/ekim339/project/SD3.5/experiments/self_prompting_sd35_version2/results/generated/self_prompting_sd35_version2/special_3/0035.png
285,35,32279.png,self_prompting_sd35_version2,special_4,const,",AE",const,0.0,0.0,1.6666666666666667,3.3987870862155614,4039,3288,/home/ekim339/project/SD3.5/datasets/SRNet_Datagen/train/train-50k-2/i_s/32279.png,/home/ekim339/project/SD3.5/experiments/self_prompting_sd35_version2/results/inputs/0035_32279.png,/home/ekim339/project/SD3.5/datasets/SRNet_Datagen/train/train-50k-2/mask_s/32279.png,/home/ekim339/project/SD3.5/experiments/self_prompting_sd35_version2/results/generated/self_prompting_sd35_version2/special_4/0035.png
286,35,32279.png,self_prompting_sd35_version2,special_5,const,&#&A$,const,0.0,0.0,1.0,3.3987870862155614,4039,3289,/home/ekim339/project/SD3.5/datasets/SRNet_Datagen/train/train-50k-2/i_s/32279.png,/home/ekim339/project/SD3.5/experiments/self_prompting_sd35_version2/results/inputs/0035_32279.png,/home/ekim339/project/SD3.5/datasets/SRNet_Datagen/train/train-50k-2/mask_s/32279.png,/home/ekim339/project/SD3.5/experiments/self_prompting_sd35_version2/results/generated/self_prompting_sd35_version2/special_5/0035.png
287,35,32279.png,self_prompting_sd35_version2,special_6,const,:=#&;,const,0.0,0.0,1.0,3.3987870862155614,4039,3290,/home/ekim339/project/SD3.5/datasets/SRNet_Datagen/train/train-50k-2/i_s/32279.png,/home/ekim339/project/SD3.5/experiments/self_prompting_sd35_version2/results/inputs/0035_32279.png,/home/ekim339/project/SD3.5/datasets/SRNet_Datagen/train/train-50k-2/mask_s/32279.png,/home/ekim339/project/SD3.5/experiments/self_prompting_sd35_version2/results/generated/self_prompting_sd35_version2/special_6/0035.png
288,36,49516.png,self_prompting_sd35_version2,case_upper,ovolo,BICHG,avold,0.0,0.0,1.0,7.606671363202551,4040,3291,/home/ekim339/project/SD3.5/datasets/SRNet_Datagen/train/train-50k-1/i_s/49516.png,/home/ekim339/project/SD3.5/experiments/self_prompting_sd35_version2/results/inputs/0036_49516.png,/home/ekim339/project/SD3.5/datasets/SRNet_Datagen/train/train-50k-1/mask_s/49516.png,/home/ekim339/project/SD3.5/experiments/self_prompting_sd35_version2/results/generated/self_prompting_sd35_version2/case_upper/0036.png
289,36,49516.png,self_prompting_sd35_version2,case_lower,ovolo,bichg,ovdlo,0.0,0.0,1.0,7.606671363202551,4040,3292,/home/ekim339/project/SD3.5/datasets/SRNet_Datagen/train/train-50k-1/i_s/49516.png,/home/ekim339/project/SD3.5/experiments/self_prompting_sd35_version2/results/inputs/0036_49516.png,/home/ekim339/project/SD3.5/datasets/SRNet_Datagen/train/train-50k-1/mask_s/49516.png,/home/ekim339/project/SD3.5/experiments/self_prompting_sd35_version2/results/generated/self_prompting_sd35_version2/case_lower/0036.png
290,36,49516.png,self_prompting_sd35_version2,special_1,ovolo,rGwYI,ooolo,0.0,0.0,1.0,7.606671363202551,4040,3293,/home/ekim339/project/SD3.5/datasets/SRNet_Datagen/train/train-50k-1/i_s/49516.png,/home/ekim339/project/SD3.5/experiments/self_prompting_sd35_version2/results/inputs/0036_49516.png,/home/ekim339/project/SD3.5/datasets/SRNet_Datagen/train/train-50k-1/mask_s/49516.png,/home/ekim339/project/SD3.5/experiments/self_prompting_sd35_version2/results/generated/self_prompting_sd35_version2/special_1/0036.png
291,36,49516.png,self_prompting_sd35_version2,special_2,ovolo,O?RTq,ovolo,0.0,0.0,1.0,7.606671363202551,4040,3294,/home/ekim339/project/SD3.5/datasets/SRNet_Datagen/train/train-50k-1/i_s/49516.png,/home/ekim339/project/SD3.5/experiments/self_prompting_sd35_version2/results/inputs/0036_49516.png,/home/ekim339/project/SD3.5/datasets/SRNet_Datagen/train/train-50k-1/mask_s/49516.png,/home/ekim339/project/SD3.5/experiments/self_prompting_sd35_version2/results/generated/self_prompting_sd35_version2/special_2/0036.png
292,36,49516.png,self_prompting_sd35_version2,special_3,ovolo,?Wjz+,ovoll,0.0,0.0,1.0,7.606671363202551,4040,3295,/home/ekim339/project/SD3.5/datasets/SRNet_Datagen/train/train-50k-1/i_s/49516.png,/home/ekim339/project/SD3.5/experiments/self_prompting_sd35_version2/results/inputs/0036_49516.png,/home/ekim339/project/SD3.5/datasets/SRNet_Datagen/train/train-50k-1/mask_s/49516.png,/home/ekim339/project/SD3.5/experiments/self_prompting_sd35_version2/results/generated/self_prompting_sd35_version2/special_3/0036.png
293,36,49516.png,self_prompting_sd35_version2,special_4,ovolo,DI!,ovoll,0.0,0.0,1.6666666666666667,7.606671363202551,4040,3296,/home/ekim339/project/SD3.5/datasets/SRNet_Datagen/train/train-50k-1/i_s/49516.png,/home/ekim339/project/SD3.5/experiments/self_prompting_sd35_version2/results/inputs/0036_49516.png,/home/ekim339/project/SD3.5/datasets/SRNet_Datagen/train/train-50k-1/mask_s/49516.png,/home/ekim339/project/SD3.5/experiments/self_prompting_sd35_version2/results/generated/self_prompting_sd35_version2/special_4/0036.png
294,36,49516.png,self_prompting_sd35_version2,special_5,ovolo,@$m$=,ovvll,0.0,0.0,1.0,7.606671363202551,4040,3297,/home/ekim339/project/SD3.5/datasets/SRNet_Datagen/train/train-50k-1/i_s/49516.png,/home/ekim339/project/SD3.5/experiments/self_prompting_sd35_version2/results/inputs/0036_49516.png,/home/ekim339/project/SD3.5/datasets/SRNet_Datagen/train/train-50k-1/mask_s/49516.png,/home/ekim339/project/SD3.5/experiments/self_prompting_sd35_version2/results/generated/self_prompting_sd35_version2/special_5/0036.png
295,36,49516.png,self_prompting_sd35_version2,special_6,ovolo,*&&=!,ovolo,0.0,0.0,1.0,7.606671363202551,4040,3298,/home/ekim339/project/SD3.5/datasets/SRNet_Datagen/train/train-50k-1/i_s/49516.png,/home/ekim339/project/SD3.5/experiments/self_prompting_sd35_version2/results/inputs/0036_49516.png,/home/ekim339/project/SD3.5/datasets/SRNet_Datagen/train/train-50k-1/mask_s/49516.png,/home/ekim339/project/SD3.5/experiments/self_prompting_sd35_version2/results/generated/self_prompting_sd35_version2/special_6/0036.png
296,37,31258.png,self_prompting_sd35_version2,case_upper,hurst,DCSQY,hosshsrttshhss,0.0,0.0,2.8,3.7013787138324243,4041,3299,/home/ekim339/project/SD3.5/datasets/SRNet_Datagen/train/train-50k-1/i_s/31258.png,/home/ekim339/project/SD3.5/experiments/self_prompting_sd35_version2/results/inputs/0037_31258.png,/home/ekim339/project/SD3.5/datasets/SRNet_Datagen/train/train-50k-1/mask_s/31258.png,/home/ekim339/project/SD3.5/experiments/self_prompting_sd35_version2/results/generated/self_prompting_sd35_version2/case_upper/0037.png
297,37,31258.png,self_prompting_sd35_version2,case_lower,hurst,dcsqy,hass,0.0,0.19999999999999996,0.8,3.7013787138324243,4041,3300,/home/ekim339/project/SD3.5/datasets/SRNet_Datagen/train/train-50k-1/i_s/31258.png,/home/ekim339/project/SD3.5/experiments/self_prompting_sd35_version2/results/inputs/0037_31258.png,/home/ekim339/project/SD3.5/datasets/SRNet_Datagen/train/train-50k-1/mask_s/31258.png,/home/ekim339/project/SD3.5/experiments/self_prompting_sd35_version2/results/generated/self_prompting_sd35_version2/case_lower/0037.png
298,37,31258.png,self_prompting_sd35_version2,special_1,hurst,jXLaT,hust,0.0,0.0,1.0,3.7013787138324243,4041,3301,/home/ekim339/project/SD3.5/datasets/SRNet_Datagen/train/train-50k-1/i_s/31258.png,/home/ekim339/project/SD3.5/experiments/self_prompting_sd35_version2/results/inputs/0037_31258.png,/home/ekim339/project/SD3.5/datasets/SRNet_Datagen/train/train-50k-1/mask_s/31258.png,/home/ekim339/project/SD3.5/experiments/self_prompting_sd35_version2/results/generated/self_prompting_sd35_version2/special_1/0037.png
299,37,31258.png,self_prompting_sd35_version2,special_2,hurst,@JxRq,horsth,0.0,0.0,1.2,3.7013787138324243,4041,3302,/home/ekim339/project/SD3.5/datasets/SRNet_Datagen/train/train-50k-1/i_s/31258.png,/home/ekim339/project/SD3.5/experiments/self_prompting_sd35_version2/results/inputs/0037_31258.png,/home/ekim339/project/SD3.5/datasets/SRNet_Datagen/train/train-50k-1/mask_s/31258.png,/home/ekim339/project/SD3.5/experiments/self_prompting_sd35_version2/results/generated/self_prompting_sd35_version2/special_2/0037.png
300,37,31258.png,self_prompting_sd35_version2,special_3,hurst,%VJp&,hurst,0.0,0.0,1.0,3.7013787138324243,4041,3303,/home/ekim339/project/SD3.5/datasets/SRNet_Datagen/train/train-50k-1/i_s/31258.png,/home/ekim339/project/SD3.5/experiments/self_prompting_sd35_version2/results/inputs/0037_31258.png,/home/ekim339/project/SD3.5/datasets/SRNet_Datagen/train/train-50k-1/mask_s/31258.png,/home/ekim339/project/SD3.5/experiments/self_prompting_sd35_version2/results/generated/self_prompting_sd35_version2/special_3/0037.png
301,37,31258.png,self_prompting_sd35_version2,special_4,hurst,#lO,hurst,0.0,0.0,1.6666666666666667,3.7013787138324243,4041,3304,/home/ekim339/project/SD3.5/datasets/SRNet_Datagen/train/train-50k-1/i_s/31258.png,/home/ekim339/project/SD3.5/experiments/self_prompting_sd35_version2/results/inputs/0037_31258.png,/home/ekim339/project/SD3.5/datasets/SRNet_Datagen/train/train-50k-1/mask_s/31258.png,/home/ekim339/project/SD3.5/experiments/self_prompting_sd35_version2/results/generated/self_prompting_sd35_version2/special_4/0037.png
302,37,31258.png,self_prompting_sd35_version2,special_5,hurst,!;T+%,horsss,0.0,0.0,1.2,3.7013787138324243,4041,3305,/home/ekim339/project/SD3.5/datasets/SRNet_Datagen/train/train-50k-1/i_s/31258.png,/home/ekim339/project/SD3.5/experiments/self_prompting_sd35_version2/results/inputs/0037_31258.png,/home/ekim339/project/SD3.5/datasets/SRNet_Datagen/train/train-50k-1/mask_s/31258.png,/home/ekim339/project/SD3.5/experiments/self_prompting_sd35_version2/results/generated/self_prompting_sd35_version2/special_5/0037.png
303,37,31258.png,self_prompting_sd35_version2,special_6,hurst,:;:-#,hhrst,0.0,0.0,1.0,3.7013787138324243,4041,3306,/home/ekim339/project/SD3.5/datasets/SRNet_Datagen/train/train-50k-1/i_s/31258.png,/home/ekim339/project/SD3.5/experiments/self_prompting_sd35_version2/results/inputs/0037_31258.png,/home/ekim339/project/SD3.5/datasets/SRNet_Datagen/train/train-50k-1/mask_s/31258.png,/home/ekim339/project/SD3.5/experiments/self_prompting_sd35_version2/results/generated/self_prompting_sd35_version2/special_6/0037.png
304,38,40248.png,self_prompting_sd35_version2,case_upper,oomph,RHCLI,coman,0.0,0.0,1.0,4.467820744395349,4042,3307,/home/ekim339/project/SD3.5/datasets/SRNet_Datagen/train/train-50k-2/i_s/40248.png,/home/ekim339/project/SD3.5/experiments/self_prompting_sd35_version2/results/inputs/0038_40248.png,/home/ekim339/project/SD3.5/datasets/SRNet_Datagen/train/train-50k-2/mask_s/40248.png,/home/ekim339/project/SD3.5/experiments/self_prompting_sd35_version2/results/generated/self_prompting_sd35_version2/case_upper/0038.png
305,38,40248.png,self_prompting_sd35_version2,case_lower,oomph,rhcli,oomph,0.0,0.0,1.0,4.467820744395349,4042,3308,/home/ekim339/project/SD3.5/datasets/SRNet_Datagen/train/train-50k-2/i_s/40248.png,/home/ekim339/project/SD3.5/experiments/self_prompting_sd35_version2/results/inputs/0038_40248.png,/home/ekim339/project/SD3.5/datasets/SRNet_Datagen/train/train-50k-2/mask_s/40248.png,/home/ekim339/project/SD3.5/experiments/self_prompting_sd35_version2/results/generated/self_prompting_sd35_version2/case_lower/0038.png
306,38,40248.png,self_prompting_sd35_version2,special_1,oomph,mJBOP,compo,0.0,0.0,1.0,4.467820744395349,4042,3309,/home/ekim339/project/SD3.5/datasets/SRNet_Datagen/train/train-50k-2/i_s/40248.png,/home/ekim339/project/SD3.5/experiments/self_prompting_sd35_version2/results/inputs/0038_40248.png,/home/ekim339/project/SD3.5/datasets/SRNet_Datagen/train/train-50k-2/mask_s/40248.png,/home/ekim339/project/SD3.5/experiments/self_prompting_sd35_version2/results/generated/self_prompting_sd35_version2/special_1/0038.png
307,38,40248.png,self_prompting_sd35_version2,special_2,oomph,DWJY:,comun,0.0,0.0,1.0,4.467820744395349,4042,3310,/home/ekim339/project/SD3.5/datasets/SRNet_Datagen/train/train-50k-2/i_s/40248.png,/home/ekim339/project/SD3.5/experiments/self_prompting_sd35_version2/results/inputs/0038_40248.png,/home/ekim339/project/SD3.5/datasets/SRNet_Datagen/train/train-50k-2/mask_s/40248.png,/home/ekim339/project/SD3.5/experiments/self_prompting_sd35_version2/results/generated/self_prompting_sd35_version2/special_2/0038.png
308,38,40248.png,self_prompting_sd35_version2,special_3,oomph,;q;rl,comun,0.0,0.0,1.0,4.467820744395349,4042,3311,/home/ekim339/project/SD3.5/datasets/SRNet_Datagen/train/train-50k-2/i_s/40248.png,/home/ekim339/project/SD3.5/experiments/self_prompting_sd35_version2/results/inputs/0038_40248.png,/home/ekim339/project/SD3.5/datasets/SRNet_Datagen/train/train-50k-2/mask_s/40248.png,/home/ekim339/project/SD3.5/experiments/self_prompting_sd35_version2/results/generated/self_prompting_sd35_version2/special_3/0038.png
309,38,40248.png,self_prompting_sd35_version2,special_4,oomph,u&T,somen,0.0,0.0,1.6666666666666667,4.467820744395349,4042,3312,/home/ekim339/project/SD3.5/datasets/SRNet_Datagen/train/train-50k-2/i_s/40248.png,/home/ekim339/project/SD3.5/experiments/self_prompting_sd35_version2/results/inputs/0038_40248.png,/home/ekim339/project/SD3.5/datasets/SRNet_Datagen/train/train-50k-2/mask_s/40248.png,/home/ekim339/project/SD3.5/experiments/self_prompting_sd35_version2/results/generated/self_prompting_sd35_version2/special_4/0038.png
310,38,40248.png,self_prompting_sd35_version2,special_5,oomph,?m:+*,compn,0.0,0.0,1.0,4.467820744395349,4042,3313,/home/ekim339/project/SD3.5/datasets/SRNet_Datagen/train/train-50k-2/i_s/40248.png,/home/ekim339/project/SD3.5/experiments/self_prompting_sd35_version2/results/inputs/0038_40248.png,/home/ekim339/project/SD3.5/datasets/SRNet_Datagen/train/train-50k-2/mask_s/40248.png,/home/ekim339/project/SD3.5/experiments/self_prompting_sd35_version2/results/generated/self_prompting_sd35_version2/special_5/0038.png
311,38,40248.png,self_prompting_sd35_version2,special_6,oomph,?+%#*,oomph,0.0,0.0,1.0,4.467820744395349,4042,3314,/home/ekim339/project/SD3.5/datasets/SRNet_Datagen/train/train-50k-2/i_s/40248.png,/home/ekim339/project/SD3.5/experiments/self_prompting_sd35_version2/results/inputs/0038_40248.png,/home/ekim339/project/SD3.5/datasets/SRNet_Datagen/train/train-50k-2/mask_s/40248.png,/home/ekim339/project/SD3.5/experiments/self_prompting_sd35_version2/results/generated/self_prompting_sd35_version2/special_6/0038.png
312,39,20526.png,self_prompting_sd35_version2,case_upper,astro,GORIU,dagt,0.0,0.0,1.0,11.356515547073949,4043,3315,/home/ekim339/project/SD3.5/datasets/SRNet_Datagen/train/train-50k-1/i_s/20526.png,/home/ekim339/project/SD3.5/experiments/self_prompting_sd35_version2/results/inputs/0039_20526.png,/home/ekim339/project/SD3.5/datasets/SRNet_Datagen/train/train-50k-1/mask_s/20526.png,/home/ekim339/project/SD3.5/experiments/self_prompting_sd35_version2/results/generated/self_prompting_sd35_version2/case_upper/0039.png
313,39,20526.png,self_prompting_sd35_version2,case_lower,astro,goriu,shee,0.0,0.0,1.0,11.356515547073949,4043,3316,/home/ekim339/project/SD3.5/datasets/SRNet_Datagen/train/train-50k-1/i_s/20526.png,/home/ekim339/project/SD3.5/experiments/self_prompting_sd35_version2/results/inputs/0039_20526.png,/home/ekim339/project/SD3.5/datasets/SRNet_Datagen/train/train-50k-1/mask_s/20526.png,/home/ekim339/project/SD3.5/experiments/self_prompting_sd35_version2/results/generated/self_prompting_sd35_version2/case_lower/0039.png
314,39,20526.png,self_prompting_sd35_version2,special_1,astro,jCJnP,acher,0.0,0.0,1.0,11.356515547073949,4043,3317,/home/ekim339/project/SD3.5/datasets/SRNet_Datagen/train/train-50k-1/i_s/20526.png,/home/ekim339/project/SD3.5/experiments/self_prompting_sd35_version2/results/inputs/0039_20526.png,/home/ekim339/project/SD3.5/datasets/SRNet_Datagen/train/train-50k-1/mask_s/20526.png,/home/ekim339/project/SD3.5/experiments/self_prompting_sd35_version2/results/generated/self_prompting_sd35_version2/special_1/0039.png
315,39,20526.png,self_prompting_sd35_version2,special_2,astro,Nn=SZ,sut,0.0,0.0,1.0,11.356515547073949,4043,3318,/home/ekim339/project/SD3.5/datasets/SRNet_Datagen/train/train-50k-1/i_s/20526.png,/home/ekim339/project/SD3.5/experiments/self_prompting_sd35_version2/results/inputs/0039_20526.png,/home/ekim339/project/SD3.5/datasets/SRNet_Datagen/train/train-50k-1/mask_s/20526.png,/home/ekim339/project/SD3.5/experiments/self_prompting_sd35_version2/results/generated/self_prompting_sd35_version2/special_2/0039.png
316,39,20526.png,self_prompting_sd35_version2,special_3,astro,BN?u.,ashor,0.0,0.0,1.0,11.356515547073949,4043,3319,/home/ekim339/project/SD3.5/datasets/SRNet_Datagen/train/train-50k-1/i_s/20526.png,/home/ekim339/project/SD3.5/experiments/self_prompting_sd35_version2/results/inputs/0039_20526.png,/home/ekim339/project/SD3.5/datasets/SRNet_Datagen/train/train-50k-1/mask_s/20526.png,/home/ekim339/project/SD3.5/experiments/self_prompting_sd35_version2/results/generated/self_prompting_sd35_version2/special_3/0039.png
317,39,20526.png,self_prompting_sd35_version2,special_4,astro,P_L,ostin,0.0,0.0,1.6666666666666667,11.356515547073949,4043,3320,/home/ekim339/project/SD3.5/datasets/SRNet_Datagen/train/train-50k-1/i_s/20526.png,/home/ekim339/project/SD3.5/experiments/self_prompting_sd35_version2/results/inputs/0039_20526.png,/home/ekim339/project/SD3.5/datasets/SRNet_Datagen/train/train-50k-1/mask_s/20526.png,/home/ekim339/project/SD3.5/experiments/self_prompting_sd35_version2/results/generated/self_prompting_sd35_version2/special_4/0039.png
318,39,20526.png,self_prompting_sd35_version2,special_5,astro,@$F#+,astro,0.0,0.0,1.0,11.356515547073949,4043,3321,/home/ekim339/project/SD3.5/datasets/SRNet_Datagen/train/train-50k-1/i_s/20526.png,/home/ekim339/project/SD3.5/experiments/self_prompting_sd35_version2/results/inputs/0039_20526.png,/home/ekim339/project/SD3.5/datasets/SRNet_Datagen/train/train-50k-1/mask_s/20526.png,/home/ekim339/project/SD3.5/experiments/self_prompting_sd35_version2/results/generated/self_prompting_sd35_version2/special_5/0039.png
319,39,20526.png,self_prompting_sd35_version2,special_6,astro,",#_#%",astron,0.0,0.0,1.2,11.356515547073949,4043,3322,/home/ekim339/project/SD3.5/datasets/SRNet_Datagen/train/train-50k-1/i_s/20526.png,/home/ekim339/project/SD3.5/experiments/self_prompting_sd35_version2/results/inputs/0039_20526.png,/home/ekim339/project/SD3.5/datasets/SRNet_Datagen/train/train-50k-1/mask_s/20526.png,/home/ekim339/project/SD3.5/experiments/self_prompting_sd35_version2/results/generated/self_prompting_sd35_version2/special_6/0039.png
320,40,04416.png,self_prompting_sd35_version2,case_upper,lasix,CQXSD,tlssi,0.0,0.0,1.0,4.417026532252171,4044,3323,/home/ekim339/project/SD3.5/datasets/SRNet_Datagen/train/train-50k-2/i_s/04416.png,/home/ekim339/project/SD3.5/experiments/self_prompting_sd35_version2/results/inputs/0040_04416.png,/home/ekim339/project/SD3.5/datasets/SRNet_Datagen/train/train-50k-2/mask_s/04416.png,/home/ekim339/project/SD3.5/experiments/self_prompting_sd35_version2/results/generated/self_prompting_sd35_version2/case_upper/0040.png
321,40,04416.png,self_prompting_sd35_version2,case_lower,lasix,cqxsd,bassi,0.0,0.19999999999999996,0.8,4.417026532252171,4044,3324,/home/ekim339/project/SD3.5/datasets/SRNet_Datagen/train/train-50k-2/i_s/04416.png,/home/ekim339/project/SD3.5/experiments/self_prompting_sd35_version2/results/inputs/0040_04416.png,/home/ekim339/project/SD3.5/datasets/SRNet_Datagen/train/train-50k-2/mask_s/04416.png,/home/ekim339/project/SD3.5/experiments/self_prompting_sd35_version2/results/generated/self_prompting_sd35_version2/case_lower/0040.png
322,40,04416.png,self_prompting_sd35_version2,special_1,lasix,sKWUj,clasix,0.0,0.0,1.2,4.417026532252171,4044,3325,/home/ekim339/project/SD3.5/datasets/SRNet_Datagen/train/train-50k-2/i_s/04416.png,/home/ekim339/project/SD3.5/experiments/self_prompting_sd35_version2/results/inputs/0040_04416.png,/home/ekim339/project/SD3.5/datasets/SRNet_Datagen/train/train-50k-2/mask_s/04416.png,/home/ekim339/project/SD3.5/experiments/self_prompting_sd35_version2/results/generated/self_prompting_sd35_version2/special_1/0040.png
323,40,04416.png,self_prompting_sd35_version2,special_2,lasix,FKk!k,clasix,0.0,0.0,1.2,4.417026532252171,4044,3326,/home/ekim339/project/SD3.5/datasets/SRNet_Datagen/train/train-50k-2/i_s/04416.png,/home/ekim339/project/SD3.5/experiments/self_prompting_sd35_version2/results/inputs/0040_04416.png,/home/ekim339/project/SD3.5/datasets/SRNet_Datagen/train/train-50k-2/mask_s/04416.png,/home/ekim339/project/SD3.5/experiments/self_prompting_sd35_version2/results/generated/self_prompting_sd35_version2/special_2/0040.png
324,40,04416.png,self_prompting_sd35_version2,special_3,lasix,?oQh!,baskk,0.0,0.0,1.0,4.417026532252171,4044,3327,/home/ekim339/project/SD3.5/datasets/SRNet_Datagen/train/train-50k-2/i_s/04416.png,/home/ekim339/project/SD3.5/experiments/self_prompting_sd35_version2/results/inputs/0040_04416.png,/home/ekim339/project/SD3.5/datasets/SRNet_Datagen/train/train-50k-2/mask_s/04416.png,/home/ekim339/project/SD3.5/experiments/self_prompting_sd35_version2/results/generated/self_prompting_sd35_version2/special_3/0040.png
325,40,04416.png,self_prompting_sd35_version2,special_4,lasix,+Lt,clasix,0.0,0.0,2.0,4.417026532252171,4044,3328,/home/ekim339/project/SD3.5/datasets/SRNet_Datagen/train/train-50k-2/i_s/04416.png,/home/ekim339/project/SD3.5/experiments/self_prompting_sd35_version2/results/inputs/0040_04416.png,/home/ekim339/project/SD3.5/datasets/SRNet_Datagen/train/train-50k-2/mask_s/04416.png,/home/ekim339/project/SD3.5/experiments/self_prompting_sd35_version2/results/generated/self_prompting_sd35_version2/special_4/0040.png
326,40,04416.png,self_prompting_sd35_version2,special_5,lasix,",:v$&",alssix,0.0,0.0,1.2,4.417026532252171,4044,3329,/home/ekim339/project/SD3.5/datasets/SRNet_Datagen/train/train-50k-2/i_s/04416.png,/home/ekim339/project/SD3.5/experiments/self_prompting_sd35_version2/results/inputs/0040_04416.png,/home/ekim339/project/SD3.5/datasets/SRNet_Datagen/train/train-50k-2/mask_s/04416.png,/home/ekim339/project/SD3.5/experiments/self_prompting_sd35_version2/results/generated/self_prompting_sd35_version2/special_5/0040.png
327,40,04416.png,self_prompting_sd35_version2,special_6,lasix,"$,@%%",alssi,0.0,0.0,1.0,4.417026532252171,4044,3330,/home/ekim339/project/SD3.5/datasets/SRNet_Datagen/train/train-50k-2/i_s/04416.png,/home/ekim339/project/SD3.5/experiments/self_prompting_sd35_version2/results/inputs/0040_04416.png,/home/ekim339/project/SD3.5/datasets/SRNet_Datagen/train/train-50k-2/mask_s/04416.png,/home/ekim339/project/SD3.5/experiments/self_prompting_sd35_version2/results/generated/self_prompting_sd35_version2/special_6/0040.png
328,41,37608.png,self_prompting_sd35_version2,case_upper,kinds,LADMZ,finds,0.0,0.0,1.0,3.8333043420053805,4045,3331,/home/ekim339/project/SD3.5/datasets/SRNet_Datagen/train/train-50k-4/i_s/37608.png,/home/ekim339/project/SD3.5/experiments/self_prompting_sd35_version2/results/inputs/0041_37608.png,/home/ekim339/project/SD3.5/datasets/SRNet_Datagen/train/train-50k-4/mask_s/37608.png,/home/ekim339/project/SD3.5/experiments/self_prompting_sd35_version2/results/generated/self_prompting_sd35_version2/case_upper/0041.png
329,41,37608.png,self_prompting_sd35_version2,case_lower,kinds,ladmz,kind,0.0,0.0,1.0,3.8333043420053805,4045,3332,/home/ekim339/project/SD3.5/datasets/SRNet_Datagen/train/train-50k-4/i_s/37608.png,/home/ekim339/project/SD3.5/experiments/self_prompting_sd35_version2/results/inputs/0041_37608.png,/home/ekim339/project/SD3.5/datasets/SRNet_Datagen/train/train-50k-4/mask_s/37608.png,/home/ekim339/project/SD3.5/experiments/self_prompting_sd35_version2/results/generated/self_prompting_sd35_version2/case_lower/0041.png
330,41,37608.png,self_prompting_sd35_version2,special_1,kinds,DfqiW,thak,0.0,0.0,1.0,3.8333043420053805,4045,3333,/home/ekim339/project/SD3.5/datasets/SRNet_Datagen/train/train-50k-4/i_s/37608.png,/home/ekim339/project/SD3.5/experiments/self_prompting_sd35_version2/results/inputs/0041_37608.png,/home/ekim339/project/SD3.5/datasets/SRNet_Datagen/train/train-50k-4/mask_s/37608.png,/home/ekim339/project/SD3.5/experiments/self_prompting_sd35_version2/results/generated/self_prompting_sd35_version2/special_1/0041.png
331,41,37608.png,self_prompting_sd35_version2,special_2,kinds,dnX;L,sorkk,0.0,0.0,1.0,3.8333043420053805,4045,3334,/home/ekim339/project/SD3.5/datasets/SRNet_Datagen/train/train-50k-4/i_s/37608.png,/home/ekim339/project/SD3.5/experiments/self_prompting_sd35_version2/results/inputs/0041_37608.png,/home/ekim339/project/SD3.5/datasets/SRNet_Datagen/train/train-50k-4/mask_s/37608.png,/home/ekim339/project/SD3.5/experiments/self_prompting_sd35_version2/results/generated/self_prompting_sd35_version2/special_2/0041.png
332,41,37608.png,self_prompting_sd35_version2,special_3,kinds,*yvd#,trik,0.0,0.0,1.0,3.8333043420053805,4045,3335,/home/ekim339/project/SD3.5/datasets/SRNet_Datagen/train/train-50k-4/i_s/37608.png,/home/ekim339/project/SD3.5/experiments/self_prompting_sd35_version2/results/inputs/0041_37608.png,/home/ekim339/project/SD3.5/datasets/SRNet_Datagen/train/train-50k-4/mask_s/37608.png,/home/ekim339/project/SD3.5/experiments/self_prompting_sd35_version2/results/generated/self_prompting_sd35_version2/special_3/0041.png
333,41,37608.png,self_prompting_sd35_version2,special_4,kinds,B.F,kiik,0.0,0.0,1.3333333333333333,3.8333043420053805,4045,3336,/home/ekim339/project/SD3.5/datasets/SRNet_Datagen/train/train-50k-4/i_s/37608.png,/home/ekim339/project/SD3.5/experiments/self_prompting_sd35_version2/results/inputs/0041_37608.png,/home/ekim339/project/SD3.5/datasets/SRNet_Datagen/train/train-50k-4/mask_s/37608.png,/home/ekim339/project/SD3.5/experiments/self_prompting_sd35_version2/results/generated/self_prompting_sd35_version2/special_4/0041.png
334,41,37608.png,self_prompting_sd35_version2,special_5,kinds,%!!-r,kinds,0.0,0.0,1.0,3.8333043420053805,4045,3337,/home/ekim339/project/SD3.5/datasets/SRNet_Datagen/train/train-50k-4/i_s/37608.png,/home/ekim339/project/SD3.5/experiments/self_prompting_sd35_version2/results/inputs/0041_37608.png,/home/ekim339/project/SD3.5/datasets/SRNet_Datagen/train/train-50k-4/mask_s/37608.png,/home/ekim339/project/SD3.5/experiments/self_prompting_sd35_version2/results/generated/self_prompting_sd35_version2/special_5/0041.png
335,41,37608.png,self_prompting_sd35_version2,special_6,kinds,"*,-:$",kinds,0.0,0.0,1.0,3.8333043420053805,4045,3338,/home/ekim339/project/SD3.5/datasets/SRNet_Datagen/train/train-50k-4/i_s/37608.png,/home/ekim339/project/SD3.5/experiments/self_prompting_sd35_version2/results/inputs/0041_37608.png,/home/ekim339/project/SD3.5/datasets/SRNet_Datagen/train/train-50k-4/mask_s/37608.png,/home/ekim339/project/SD3.5/experiments/self_prompting_sd35_version2/results/generated/self_prompting_sd35_version2/special_6/0041.png
336,42,30047.png,self_prompting_sd35_version2,case_upper,laser,GLVMW,laser,0.0,0.0,1.0,10.2374386090541,4046,3339,/home/ekim339/project/SD3.5/datasets/SRNet_Datagen/train/train-50k-3/i_s/30047.png,/home/ekim339/project/SD3.5/experiments/self_prompting_sd35_version2/results/inputs/0042_30047.png,/home/ekim339/project/SD3.5/datasets/SRNet_Datagen/train/train-50k-3/mask_s/30047.png,/home/ekim339/project/SD3.5/experiments/self_prompting_sd35_version2/results/generated/self_prompting_sd35_version2/case_upper/0042.png
337,42,30047.png,self_prompting_sd35_version2,case_lower,laser,glvmw,laser,0.0,0.0,1.0,10.2374386090541,4046,3340,/home/ekim339/project/SD3.5/datasets/SRNet_Datagen/train/train-50k-3/i_s/30047.png,/home/ekim339/project/SD3.5/experiments/self_prompting_sd35_version2/results/inputs/0042_30047.png,/home/ekim339/project/SD3.5/datasets/SRNet_Datagen/train/train-50k-3/mask_s/30047.png,/home/ekim339/project/SD3.5/experiments/self_prompting_sd35_version2/results/generated/self_prompting_sd35_version2/case_lower/0042.png
338,42,30047.png,self_prompting_sd35_version2,special_1,laser,BqShX,user,0.0,0.0,1.0,10.2374386090541,4046,3341,/home/ekim339/project/SD3.5/datasets/SRNet_Datagen/train/train-50k-3/i_s/30047.png,/home/ekim339/project/SD3.5/experiments/self_prompting_sd35_version2/results/inputs/0042_30047.png,/home/ekim339/project/SD3.5/datasets/SRNet_Datagen/train/train-50k-3/mask_s/30047.png,/home/ekim339/project/SD3.5/experiments/self_prompting_sd35_version2/results/generated/self_prompting_sd35_version2/special_1/0042.png
339,42,30047.png,self_prompting_sd35_version2,special_2,laser,#rZRV,laser,0.0,0.0,1.0,10.2374386090541,4046,3342,/home/ekim339/project/SD3.5/datasets/SRNet_Datagen/train/train-50k-3/i_s/30047.png,/home/ekim339/project/SD3.5/experiments/self_prompting_sd35_version2/results/inputs/0042_30047.png,/home/ekim339/project/SD3.5/datasets/SRNet_Datagen/train/train-50k-3/mask_s/30047.png,/home/ekim339/project/SD3.5/experiments/self_prompting_sd35_version2/results/generated/self_prompting_sd35_version2/special_2/0042.png
340,42,30047.png,self_prompting_sd35_version2,special_3,laser,N?_Qo,laser,0.0,0.0,1.0,10.2374386090541,4046,3343,/home/ekim339/project/SD3.5/datasets/SRNet_Datagen/train/train-50k-3/i_s/30047.png,/home/ekim339/project/SD3.5/experiments/self_prompting_sd35_version2/results/inputs/0042_30047.png,/home/ekim339/project/SD3.5/datasets/SRNet_Datagen/train/train-50k-3/mask_s/30047.png,/home/ekim339/project/SD3.5/experiments/self_prompting_sd35_version2/results/generated/self_prompting_sd35_version2/special_3/0042.png
341,42,30047.png,self_prompting_sd35_version2,special_4,laser,",lr",laser,0.0,0.19999999999999996,1.3333333333333333,10.2374386090541,4046,3344,/home/ekim339/project/SD3.5/datasets/SRNet_Datagen/train/train-50k-3/i_s/30047.png,/home/ekim339/project/SD3.5/experiments/self_prompting_sd35_version2/results/inputs/0042_30047.png,/home/ekim339/project/SD3.5/datasets/SRNet_Datagen/train/train-50k-3/mask_s/30047.png,/home/ekim339/project/SD3.5/experiments/self_prompting_sd35_version2/results/generated/self_prompting_sd35_version2/special_4/0042.png
342,42,30047.png,self_prompting_sd35_version2,special_5,laser,"&%,x_",laser,0.0,0.0,1.0,10.2374386090541,4046,3345,/home/ekim339/project/SD3.5/datasets/SRNet_Datagen/train/train-50k-3/i_s/30047.png,/home/ekim339/project/SD3.5/experiments/self_prompting_sd35_version2/results/inputs/0042_30047.png,/home/ekim339/project/SD3.5/datasets/SRNet_Datagen/train/train-50k-3/mask_s/30047.png,/home/ekim339/project/SD3.5/experiments/self_prompting_sd35_version2/results/generated/self_prompting_sd35_version2/special_5/0042.png
343,42,30047.png,self_prompting_sd35_version2,special_6,laser,*;@*!,laser,0.0,0.0,1.0,10.2374386090541,4046,3346,/home/ekim339/project/SD3.5/datasets/SRNet_Datagen/train/train-50k-3/i_s/30047.png,/home/ekim339/project/SD3.5/experiments/self_prompting_sd35_version2/results/inputs/0042_30047.png,/home/ekim339/project/SD3.5/datasets/SRNet_Datagen/train/train-50k-3/mask_s/30047.png,/home/ekim339/project/SD3.5/experiments/self_prompting_sd35_version2/results/generated/self_prompting_sd35_version2/special_6/0042.png
344,43,32888.png,self_prompting_sd35_version2,case_upper,blade,SQAGY,boddy,0.0,0.0,1.0,8.756840389988106,4047,3347,/home/ekim339/project/SD3.5/datasets/SRNet_Datagen/train/train-50k-1/i_s/32888.png,/home/ekim339/project/SD3.5/experiments/self_prompting_sd35_version2/results/inputs/0043_32888.png,/home/ekim339/project/SD3.5/datasets/SRNet_Datagen/train/train-50k-1/mask_s/32888.png,/home/ekim339/project/SD3.5/experiments/self_prompting_sd35_version2/results/generated/self_prompting_sd35_version2/case_upper/0043.png
345,43,32888.png,self_prompting_sd35_version2,case_lower,blade,sqagy,plade,0.0,0.19999999999999996,0.8,8.756840389988106,4047,3348,/home/ekim339/project/SD3.5/datasets/SRNet_Datagen/train/train-50k-1/i_s/32888.png,/home/ekim339/project/SD3.5/experiments/self_prompting_sd35_version2/results/inputs/0043_32888.png,/home/ekim339/project/SD3.5/datasets/SRNet_Datagen/train/train-50k-1/mask_s/32888.png,/home/ekim339/project/SD3.5/experiments/self_prompting_sd35_version2/results/generated/self_prompting_sd35_version2/case_lower/0043.png
346,43,32888.png,self_prompting_sd35_version2,special_1,blade,WsdNu,blade,0.0,0.0,1.0,8.756840389988106,4047,3349,/home/ekim339/project/SD3.5/datasets/SRNet_Datagen/train/train-50k-1/i_s/32888.png,/home/ekim339/project/SD3.5/experiments/self_prompting_sd35_version2/results/inputs/0043_32888.png,/home/ekim339/project/SD3.5/datasets/SRNet_Datagen/train/train-50k-1/mask_s/32888.png,/home/ekim339/project/SD3.5/experiments/self_prompting_sd35_version2/results/generated/self_prompting_sd35_version2/special_1/0043.png
347,43,32888.png,self_prompting_sd35_version2,special_2,blade,Qtp_Q,glade,0.0,0.0,1.0,8.756840389988106,4047,3350,/home/ekim339/project/SD3.5/datasets/SRNet_Datagen/train/train-50k-1/i_s/32888.png,/home/ekim339/project/SD3.5/experiments/self_prompting_sd35_version2/results/inputs/0043_32888.png,/home/ekim339/project/SD3.5/datasets/SRNet_Datagen/train/train-50k-1/mask_s/32888.png,/home/ekim339/project/SD3.5/experiments/self_prompting_sd35_version2/results/generated/self_prompting_sd35_version2/special_2/0043.png
348,43,32888.png,self_prompting_sd35_version2,special_3,blade,",,EKc",paddy,0.0,0.0,1.0,8.756840389988106,4047,3351,/home/ekim339/project/SD3.5/datasets/SRNet_Datagen/train/train-50k-1/i_s/32888.png,/home/ekim339/project/SD3.5/experiments/self_prompting_sd35_version2/results/inputs/0043_32888.png,/home/ekim339/project/SD3.5/datasets/SRNet_Datagen/train/train-50k-1/mask_s/32888.png,/home/ekim339/project/SD3.5/experiments/self_prompting_sd35_version2/results/generated/self_prompting_sd35_version2/special_3/0043.png
349,43,32888.png,self_prompting_sd35_version2,special_4,blade,Uk?,daddy,0.0,0.0,1.6666666666666667,8.756840389988106,4047,3352,/home/ekim339/project/SD3.5/datasets/SRNet_Datagen/train/train-50k-1/i_s/32888.png,/home/ekim339/project/SD3.5/experiments/self_prompting_sd35_version2/results/inputs/0043_32888.png,/home/ekim339/project/SD3.5/datasets/SRNet_Datagen/train/train-50k-1/mask_s/32888.png,/home/ekim339/project/SD3.5/experiments/self_prompting_sd35_version2/results/generated/self_prompting_sd35_version2/special_4/0043.png
350,43,32888.png,self_prompting_sd35_version2,special_5,blade,+.U_?,bladey,0.0,0.0,1.2,8.756840389988106,4047,3353,/home/ekim339/project/SD3.5/datasets/SRNet_Datagen/train/train-50k-1/i_s/32888.png,/home/ekim339/project/SD3.5/experiments/self_prompting_sd35_version2/results/inputs/0043_32888.png,/home/ekim339/project/SD3.5/datasets/SRNet_Datagen/train/train-50k-1/mask_s/32888.png,/home/ekim339/project/SD3.5/experiments/self_prompting_sd35_version2/results/generated/self_prompting_sd35_version2/special_5/0043.png
351,43,32888.png,self_prompting_sd35_version2,special_6,blade,"#$$,.",bladey,0.0,0.0,1.2,8.756840389988106,4047,3354,/home/ekim339/project/SD3.5/datasets/SRNet_Datagen/train/train-50k-1/i_s/32888.png,/home/ekim339/project/SD3.5/experiments/self_prompting_sd35_version2/results/inputs/0043_32888.png,/home/ekim339/project/SD3.5/datasets/SRNet_Datagen/train/train-50k-1/mask_s/32888.png,/home/ekim339/project/SD3.5/experiments/self_prompting_sd35_version2/results/generated/self_prompting_sd35_version2/special_6/0043.png
352,44,48952.png,self_prompting_sd35_version2,case_upper,Kulah,SKDRJ,kurh,0.0,0.0,1.0,5.653138018248171,4048,3355,/home/ekim339/project/SD3.5/datasets/SRNet_Datagen/train/train-50k-2/i_s/48952.png,/home/ekim339/project/SD3.5/experiments/self_prompting_sd35_version2/results/inputs/0044_48952.png,/home/ekim339/project/SD3.5/datasets/SRNet_Datagen/train/train-50k-2/mask_s/48952.png,/home/ekim339/project/SD3.5/experiments/self_prompting_sd35_version2/results/generated/self_prompting_sd35_version2/case_upper/0044.png
353,44,48952.png,self_prompting_sd35_version2,case_lower,Kulah,skdrj,kulh,0.0,0.19999999999999996,0.8,5.653138018248171,4048,3356,/home/ekim339/project/SD3.5/datasets/SRNet_Datagen/train/train-50k-2/i_s/48952.png,/home/ekim339/project/SD3.5/experiments/self_prompting_sd35_version2/results/inputs/0044_48952.png,/home/ekim339/project/SD3.5/datasets/SRNet_Datagen/train/train-50k-2/mask_s/48952.png,/home/ekim339/project/SD3.5/experiments/self_prompting_sd35_version2/results/generated/self_prompting_sd35_version2/case_lower/0044.png
354,44,48952.png,self_prompting_sd35_version2,special_1,Kulah,NfXhE,kulh,0.0,0.19999999999999996,0.8,5.653138018248171,4048,3357,/home/ekim339/project/SD3.5/datasets/SRNet_Datagen/train/train-50k-2/i_s/48952.png,/home/ekim339/project/SD3.5/experiments/self_prompting_sd35_version2/results/inputs/0044_48952.png,/home/ekim339/project/SD3.5/datasets/SRNet_Datagen/train/train-50k-2/mask_s/48952.png,/home/ekim339/project/SD3.5/experiments/self_prompting_sd35_version2/results/generated/self_prompting_sd35_version2/special_1/0044.png
355,44,48952.png,self_prompting_sd35_version2,special_2,Kulah,Bskx.,kulah,0.0,0.0,1.0,5.653138018248171,4048,3358,/home/ekim339/project/SD3.5/datasets/SRNet_Datagen/train/train-50k-2/i_s/48952.png,/home/ekim339/project/SD3.5/experiments/self_prompting_sd35_version2/results/inputs/0044_48952.png,/home/ekim339/project/SD3.5/datasets/SRNet_Datagen/train/train-50k-2/mask_s/48952.png,/home/ekim339/project/SD3.5/experiments/self_prompting_sd35_version2/results/generated/self_prompting_sd35_version2/special_2/0044.png
356,44,48952.png,self_prompting_sd35_version2,special_3,Kulah,wmW+;,kulah,0.0,0.0,1.0,5.653138018248171,4048,3359,/home/ekim339/project/SD3.5/datasets/SRNet_Datagen/train/train-50k-2/i_s/48952.png,/home/ekim339/project/SD3.5/experiments/self_prompting_sd35_version2/results/inputs/0044_48952.png,/home/ekim339/project/SD3.5/datasets/SRNet_Datagen/train/train-50k-2/mask_s/48952.png,/home/ekim339/project/SD3.5/experiments/self_prompting_sd35_version2/results/generated/self_prompting_sd35_version2/special_3/0044.png
357,44,48952.png,self_prompting_sd35_version2,special_4,Kulah,*JN,kuah,0.0,0.0,1.3333333333333333,5.653138018248171,4048,3360,/home/ekim339/project/SD3.5/datasets/SRNet_Datagen/train/train-50k-2/i_s/48952.png,/home/ekim339/project/SD3.5/experiments/self_prompting_sd35_version2/results/inputs/0044_48952.png,/home/ekim339/project/SD3.5/datasets/SRNet_Datagen/train/train-50k-2/mask_s/48952.png,/home/ekim339/project/SD3.5/experiments/self_prompting_sd35_version2/results/generated/self_prompting_sd35_version2/special_4/0044.png
358,44,48952.png,self_prompting_sd35_version2,special_5,Kulah,!%@+g,kulh,0.0,0.0,1.0,5.653138018248171,4048,3361,/home/ekim339/project/SD3.5/datasets/SRNet_Datagen/train/train-50k-2/i_s/48952.png,/home/ekim339/project/SD3.5/experiments/self_prompting_sd35_version2/results/inputs/0044_48952.png,/home/ekim339/project/SD3.5/datasets/SRNet_Datagen/train/train-50k-2/mask_s/48952.png,/home/ekim339/project/SD3.5/experiments/self_prompting_sd35_version2/results/generated/self_prompting_sd35_version2/special_5/0044.png
359,44,48952.png,self_prompting_sd35_version2,special_6,Kulah,%&?!&,kuah,0.0,0.0,1.0,5.653138018248171,4048,3362,/home/ekim339/project/SD3.5/datasets/SRNet_Datagen/train/train-50k-2/i_s/48952.png,/home/ekim339/project/SD3.5/experiments/self_prompting_sd35_version2/results/inputs/0044_48952.png,/home/ekim339/project/SD3.5/datasets/SRNet_Datagen/train/train-50k-2/mask_s/48952.png,/home/ekim339/project/SD3.5/experiments/self_prompting_sd35_version2/results/generated/self_prompting_sd35_version2/special_6/0044.png
360,45,39573.png,self_prompting_sd35_version2,case_upper,cooch,PCWDB,cooch,0.0,0.0,1.0,9.009972554728883,4049,3363,/home/ekim339/project/SD3.5/datasets/SRNet_Datagen/train/train-50k-2/i_s/39573.png,/home/ekim339/project/SD3.5/experiments/self_prompting_sd35_version2/results/inputs/0045_39573.png,/home/ekim339/project/SD3.5/datasets/SRNet_Datagen/train/train-50k-2/mask_s/39573.png,/home/ekim339/project/SD3.5/experiments/self_prompting_sd35_version2/results/generated/self_prompting_sd35_version2/case_upper/0045.png
361,45,39573.png,self_prompting_sd35_version2,case_lower,cooch,pcwdb,coach,0.0,0.0,1.0,9.009972554728883,4049,3364,/home/ekim339/project/SD3.5/datasets/SRNet_Datagen/train/train-50k-2/i_s/39573.png,/home/ekim339/project/SD3.5/experiments/self_prompting_sd35_version2/results/inputs/0045_39573.png,/home/ekim339/project/SD3.5/datasets/SRNet_Datagen/train/train-50k-2/mask_s/39573.png,/home/ekim339/project/SD3.5/experiments/self_prompting_sd35_version2/results/generated/self_prompting_sd35_version2/case_lower/0045.png
362,45,39573.png,self_prompting_sd35_version2,special_1,cooch,VHOia,cooch,0.0,0.0,1.0,9.009972554728883,4049,3365,/home/ekim339/project/SD3.5/datasets/SRNet_Datagen/train/train-50k-2/i_s/39573.png,/home/ekim339/project/SD3.5/experiments/self_prompting_sd35_version2/results/inputs/0045_39573.png,/home/ekim339/project/SD3.5/datasets/SRNet_Datagen/train/train-50k-2/mask_s/39573.png,/home/ekim339/project/SD3.5/experiments/self_prompting_sd35_version2/results/generated/self_prompting_sd35_version2/special_1/0045.png
363,45,39573.png,self_prompting_sd35_version2,special_2,cooch,L;EOg,cooch,0.0,0.0,1.0,9.009972554728883,4049,3366,/home/ekim339/project/SD3.5/datasets/SRNet_Datagen/train/train-50k-2/i_s/39573.png,/home/ekim339/project/SD3.5/experiments/self_prompting_sd35_version2/results/inputs/0045_39573.png,/home/ekim339/project/SD3.5/datasets/SRNet_Datagen/train/train-50k-2/mask_s/39573.png,/home/ekim339/project/SD3.5/experiments/self_prompting_sd35_version2/results/generated/self_prompting_sd35_version2/special_2/0045.png
364,45,39573.png,self_prompting_sd35_version2,special_3,cooch,JA-a$,couch,0.0,0.0,1.0,9.009972554728883,4049,3367,/home/ekim339/project/SD3.5/datasets/SRNet_Datagen/train/train-50k-2/i_s/39573.png,/home/ekim339/project/SD3.5/experiments/self_prompting_sd35_version2/results/inputs/0045_39573.png,/home/ekim339/project/SD3.5/datasets/SRNet_Datagen/train/train-50k-2/mask_s/39573.png,/home/ekim339/project/SD3.5/experiments/self_prompting_sd35_version2/results/generated/self_prompting_sd35_version2/special_3/0045.png
365,45,39573.png,self_prompting_sd35_version2,special_4,cooch,ow$,couch,0.0,0.19999999999999996,1.3333333333333333,9.009972554728883,4049,3368,/home/ekim339/project/SD3.5/datasets/SRNet_Datagen/train/train-50k-2/i_s/39573.png,/home/ekim339/project/SD3.5/experiments/self_prompting_sd35_version2/results/inputs/0045_39573.png,/home/ekim339/project/SD3.5/datasets/SRNet_Datagen/train/train-50k-2/mask_s/39573.png,/home/ekim339/project/SD3.5/experiments/self_prompting_sd35_version2/results/generated/self_prompting_sd35_version2/special_4/0045.png
366,45,39573.png,self_prompting_sd35_version2,special_5,cooch,$+p_#,cooch,0.0,0.0,1.0,9.009972554728883,4049,3369,/home/ekim339/project/SD3.5/datasets/SRNet_Datagen/train/train-50k-2/i_s/39573.png,/home/ekim339/project/SD3.5/experiments/self_prompting_sd35_version2/results/inputs/0045_39573.png,/home/ekim339/project/SD3.5/datasets/SRNet_Datagen/train/train-50k-2/mask_s/39573.png,/home/ekim339/project/SD3.5/experiments/self_prompting_sd35_version2/results/generated/self_prompting_sd35_version2/special_5/0045.png
367,45,39573.png,self_prompting_sd35_version2,special_6,cooch,:&@%_,cooch,0.0,0.0,1.0,9.009972554728883,4049,3370,/home/ekim339/project/SD3.5/datasets/SRNet_Datagen/train/train-50k-2/i_s/39573.png,/home/ekim339/project/SD3.5/experiments/self_prompting_sd35_version2/results/inputs/0045_39573.png,/home/ekim339/project/SD3.5/datasets/SRNet_Datagen/train/train-50k-2/mask_s/39573.png,/home/ekim339/project/SD3.5/experiments/self_prompting_sd35_version2/results/generated/self_prompting_sd35_version2/special_6/0045.png
368,46,33155.png,self_prompting_sd35_version2,case_upper,slaps,FFSPP,slaps,0.0,0.0,1.0,11.64675464008494,4050,3371,/home/ekim339/project/SD3.5/datasets/SRNet_Datagen/train/train-50k-1/i_s/33155.png,/home/ekim339/project/SD3.5/experiments/self_prompting_sd35_version2/results/inputs/0046_33155.png,/home/ekim339/project/SD3.5/datasets/SRNet_Datagen/train/train-50k-1/mask_s/33155.png,/home/ekim339/project/SD3.5/experiments/self_prompting_sd35_version2/results/generated/self_prompting_sd35_version2/case_upper/0046.png
369,46,33155.png,self_prompting_sd35_version2,case_lower,slaps,ffspp,slaps,0.0,0.19999999999999996,0.8,11.64675464008494,4050,3372,/home/ekim339/project/SD3.5/datasets/SRNet_Datagen/train/train-50k-1/i_s/33155.png,/home/ekim339/project/SD3.5/experiments/self_prompting_sd35_version2/results/inputs/0046_33155.png,/home/ekim339/project/SD3.5/datasets/SRNet_Datagen/train/train-50k-1/mask_s/33155.png,/home/ekim339/project/SD3.5/experiments/self_prompting_sd35_version2/results/generated/self_prompting_sd35_version2/case_lower/0046.png
370,46,33155.png,self_prompting_sd35_version2,special_1,slaps,qgZnn,slaps,0.0,0.0,1.0,11.64675464008494,4050,3373,/home/ekim339/project/SD3.5/datasets/SRNet_Datagen/train/train-50k-1/i_s/33155.png,/home/ekim339/project/SD3.5/experiments/self_prompting_sd35_version2/results/inputs/0046_33155.png,/home/ekim339/project/SD3.5/datasets/SRNet_Datagen/train/train-50k-1/mask_s/33155.png,/home/ekim339/project/SD3.5/experiments/self_prompting_sd35_version2/results/generated/self_prompting_sd35_version2/special_1/0046.png
371,46,33155.png,self_prompting_sd35_version2,special_2,slaps,jo@GN,slops,0.0,0.0,1.0,11.64675464008494,4050,3374,/home/ekim339/project/SD3.5/datasets/SRNet_Datagen/train/train-50k-1/i_s/33155.png,/home/ekim339/project/SD3.5/experiments/self_prompting_sd35_version2/results/inputs/0046_33155.png,/home/ekim339/project/SD3.5/datasets/SRNet_Datagen/train/train-50k-1/mask_s/33155.png,/home/ekim339/project/SD3.5/experiments/self_prompting_sd35_version2/results/generated/self_prompting_sd35_version2/special_2/0046.png
372,46,33155.png,self_prompting_sd35_version2,special_3,slaps,XZ&%s,slaps,0.0,0.19999999999999996,0.8,11.64675464008494,4050,3375,/home/ekim339/project/SD3.5/datasets/SRNet_Datagen/train/train-50k-1/i_s/33155.png,/home/ekim339/project/SD3.5/experiments/self_prompting_sd35_version2/results/inputs/0046_33155.png,/home/ekim339/project/SD3.5/datasets/SRNet_Datagen/train/train-50k-1/mask_s/33155.png,/home/ekim339/project/SD3.5/experiments/self_prompting_sd35_version2/results/generated/self_prompting_sd35_version2/special_3/0046.png
373,46,33155.png,self_prompting_sd35_version2,special_4,slaps,&Ul,slaps,0.0,0.0,1.6666666666666667,11.64675464008494,4050,3376,/home/ekim339/project/SD3.5/datasets/SRNet_Datagen/train/train-50k-1/i_s/33155.png,/home/ekim339/project/SD3.5/experiments/self_prompting_sd35_version2/results/inputs/0046_33155.png,/home/ekim339/project/SD3.5/datasets/SRNet_Datagen/train/train-50k-1/mask_s/33155.png,/home/ekim339/project/SD3.5/experiments/self_prompting_sd35_version2/results/generated/self_prompting_sd35_version2/special_4/0046.png
374,46,33155.png,self_prompting_sd35_version2,special_5,slaps,V-_:$,slaps,0.0,0.0,1.0,11.64675464008494,4050,3377,/home/ekim339/project/SD3.5/datasets/SRNet_Datagen/train/train-50k-1/i_s/33155.png,/home/ekim339/project/SD3.5/experiments/self_prompting_sd35_version2/results/inputs/0046_33155.png,/home/ekim339/project/SD3.5/datasets/SRNet_Datagen/train/train-50k-1/mask_s/33155.png,/home/ekim339/project/SD3.5/experiments/self_prompting_sd35_version2/results/generated/self_prompting_sd35_version2/special_5/0046.png
375,46,33155.png,self_prompting_sd35_version2,special_6,slaps,"%-,!.",slaps,0.0,0.0,1.0,11.64675464008494,4050,3378,/home/ekim339/project/SD3.5/datasets/SRNet_Datagen/train/train-50k-1/i_s/33155.png,/home/ekim339/project/SD3.5/experiments/self_prompting_sd35_version2/results/inputs/0046_33155.png,/home/ekim339/project/SD3.5/datasets/SRNet_Datagen/train/train-50k-1/mask_s/33155.png,/home/ekim339/project/SD3.5/experiments/self_prompting_sd35_version2/results/generated/self_prompting_sd35_version2/special_6/0046.png
376,47,39276.png,self_prompting_sd35_version2,case_upper,lacto,AXPGA,meleooolly,0.0,0.0,2.0,8.698041172680673,4051,3379,/home/ekim339/project/SD3.5/datasets/SRNet_Datagen/train/train-50k-2/i_s/39276.png,/home/ekim339/project/SD3.5/experiments/self_prompting_sd35_version2/results/inputs/0047_39276.png,/home/ekim339/project/SD3.5/datasets/SRNet_Datagen/train/train-50k-2/mask_s/39276.png,/home/ekim339/project/SD3.5/experiments/self_prompting_sd35_version2/results/generated/self_prompting_sd35_version2/case_upper/0047.png
377,47,39276.png,self_prompting_sd35_version2,case_lower,lacto,axpga,fecccoll,0.0,0.0,1.6,8.698041172680673,4051,3380,/home/ekim339/project/SD3.5/datasets/SRNet_Datagen/train/train-50k-2/i_s/39276.png,/home/ekim339/project/SD3.5/experiments/self_prompting_sd35_version2/results/inputs/0047_39276.png,/home/ekim339/project/SD3.5/datasets/SRNet_Datagen/train/train-50k-2/mask_s/39276.png,/home/ekim339/project/SD3.5/experiments/self_prompting_sd35_version2/results/generated/self_prompting_sd35_version2/case_lower/0047.png
378,47,39276.png,self_prompting_sd35_version2,special_1,lacto,ccPIu,relectorry,0.0,0.09999999999999998,1.8,8.698041172680673,4051,3381,/home/ekim339/project/SD3.5/datasets/SRNet_Datagen/train/train-50k-2/i_s/39276.png,/home/ekim339/project/SD3.5/experiments/self_prompting_sd35_version2/results/inputs/0047_39276.png,/home/ekim339/project/SD3.5/datasets/SRNet_Datagen/train/train-50k-2/mask_s/39276.png,/home/ekim339/project/SD3.5/experiments/self_prompting_sd35_version2/results/generated/self_prompting_sd35_version2/special_1/0047.png
379,47,39276.png,self_prompting_sd35_version2,special_2,lacto,JU%GN,pellccooll,0.0,0.0,2.0,8.698041172680673,4051,3382,/home/ekim339/project/SD3.5/datasets/SRNet_Datagen/train/train-50k-2/i_s/39276.png,/home/ekim339/project/SD3.5/experiments/self_prompting_sd35_version2/results/inputs/0047_39276.png,/home/ekim339/project/SD3.5/datasets/SRNet_Datagen/train/train-50k-2/mask_s/39276.png,/home/ekim339/project/SD3.5/experiments/self_prompting_sd35_version2/results/generated/self_prompting_sd35_version2/special_2/0047.png
380,47,39276.png,self_prompting_sd35_version2,special_3,lacto,",z!eo",reeector,0.0,0.25,1.2,8.698041172680673,4051,3383,/home/ekim339/project/SD3.5/datasets/SRNet_Datagen/train/train-50k-2/i_s/39276.png,/home/ekim339/project/SD3.5/experiments/self_prompting_sd35_version2/results/inputs/0047_39276.png,/home/ekim339/project/SD3.5/datasets/SRNet_Datagen/train/train-50k-2/mask_s/39276.png,/home/ekim339/project/SD3.5/experiments/self_prompting_sd35_version2/results/generated/self_prompting_sd35_version2/special_3/0047.png
381,47,39276.png,self_prompting_sd35_version2,special_4,lacto,",Py",pelleto,0.0,0.0,2.3333333333333335,8.698041172680673,4051,3384,/home/ekim339/project/SD3.5/datasets/SRNet_Datagen/train/train-50k-2/i_s/39276.png,/home/ekim339/project/SD3.5/experiments/self_prompting_sd35_version2/results/inputs/0047_39276.png,/home/ekim339/project/SD3.5/datasets/SRNet_Datagen/train/train-50k-2/mask_s/39276.png,/home/ekim339/project/SD3.5/experiments/self_prompting_sd35_version2/results/generated/self_prompting_sd35_version2/special_4/0047.png
382,47,39276.png,self_prompting_sd35_version2,special_5,lacto,o%+__,redector,0.0,0.0,1.6,8.698041172680673,4051,3385,/home/ekim339/project/SD3.5/datasets/SRNet_Datagen/train/train-50k-2/i_s/39276.png,/home/ekim339/project/SD3.5/experiments/self_prompting_sd35_version2/results/inputs/0047_39276.png,/home/ekim339/project/SD3.5/datasets/SRNet_Datagen/train/train-50k-2/mask_s/39276.png,/home/ekim339/project/SD3.5/experiments/self_prompting_sd35_version2/results/generated/self_prompting_sd35_version2/special_5/0047.png
383,47,39276.png,self_prompting_sd35_version2,special_6,lacto,;*_.:,prelectoryy,0.0,0.0,2.2,8.698041172680673,4051,3386,/home/ekim339/project/SD3.5/datasets/SRNet_Datagen/train/train-50k-2/i_s/39276.png,/home/ekim339/project/SD3.5/experiments/self_prompting_sd35_version2/results/inputs/0047_39276.png,/home/ekim339/project/SD3.5/datasets/SRNet_Datagen/train/train-50k-2/mask_s/39276.png,/home/ekim339/project/SD3.5/experiments/self_prompting_sd35_version2/results/generated/self_prompting_sd35_version2/special_6/0047.png
384,48,22699.png,self_prompting_sd35_version2,case_upper,sprue,XIRXM,tee,0.0,0.0,1.0,10.32173309781491,4052,3387,/home/ekim339/project/SD3.5/datasets/SRNet_Datagen/train/train-50k-3/i_s/22699.png,/home/ekim339/project/SD3.5/experiments/self_prompting_sd35_version2/results/inputs/0048_22699.png,/home/ekim339/project/SD3.5/datasets/SRNet_Datagen/train/train-50k-3/mask_s/22699.png,/home/ekim339/project/SD3.5/experiments/self_prompting_sd35_version2/results/generated/self_prompting_sd35_version2/case_upper/0048.png
385,48,22699.png,self_prompting_sd35_version2,case_lower,sprue,xirxm,tee,0.0,0.0,1.0,10.32173309781491,4052,3388,/home/ekim339/project/SD3.5/datasets/SRNet_Datagen/train/train-50k-3/i_s/22699.png,/home/ekim339/project/SD3.5/experiments/self_prompting_sd35_version2/results/inputs/0048_22699.png,/home/ekim339/project/SD3.5/datasets/SRNet_Datagen/train/train-50k-3/mask_s/22699.png,/home/ekim339/project/SD3.5/experiments/self_prompting_sd35_version2/results/generated/self_prompting_sd35_version2/case_lower/0048.png
386,48,22699.png,self_prompting_sd35_version2,special_1,sprue,Wxjur,the,0.0,0.0,1.0,10.32173309781491,4052,3389,/home/ekim339/project/SD3.5/datasets/SRNet_Datagen/train/train-50k-3/i_s/22699.png,/home/ekim339/project/SD3.5/experiments/self_prompting_sd35_version2/results/inputs/0048_22699.png,/home/ekim339/project/SD3.5/datasets/SRNet_Datagen/train/train-50k-3/mask_s/22699.png,/home/ekim339/project/SD3.5/experiments/self_prompting_sd35_version2/results/generated/self_prompting_sd35_version2/special_1/0048.png
387,48,22699.png,self_prompting_sd35_version2,special_2,sprue,ca*zP,newsgroups,0.0,0.0,2.0,10.32173309781491,4052,3390,/home/ekim339/project/SD3.5/datasets/SRNet_Datagen/train/train-50k-3/i_s/22699.png,/home/ekim339/project/SD3.5/experiments/self_prompting_sd35_version2/results/inputs/0048_22699.png,/home/ekim339/project/SD3.5/datasets/SRNet_Datagen/train/train-50k-3/mask_s/22699.png,/home/ekim339/project/SD3.5/experiments/self_prompting_sd35_version2/results/generated/self_prompting_sd35_version2/special_2/0048.png
388,48,22699.png,self_prompting_sd35_version2,special_3,sprue,kp.R:,meee,0.0,0.0,1.0,10.32173309781491,4052,3391,/home/ekim339/project/SD3.5/datasets/SRNet_Datagen/train/train-50k-3/i_s/22699.png,/home/ekim339/project/SD3.5/experiments/self_prompting_sd35_version2/results/inputs/0048_22699.png,/home/ekim339/project/SD3.5/datasets/SRNet_Datagen/train/train-50k-3/mask_s/22699.png,/home/ekim339/project/SD3.5/experiments/self_prompting_sd35_version2/results/generated/self_prompting_sd35_version2/special_3/0048.png
389,48,22699.png,self_prompting_sd35_version2,special_4,sprue,nO+,news,0.0,0.25,1.0,10.32173309781491,4052,3392,/home/ekim339/project/SD3.5/datasets/SRNet_Datagen/train/train-50k-3/i_s/22699.png,/home/ekim339/project/SD3.5/experiments/self_prompting_sd35_version2/results/inputs/0048_22699.png,/home/ekim339/project/SD3.5/datasets/SRNet_Datagen/train/train-50k-3/mask_s/22699.png,/home/ekim339/project/SD3.5/experiments/self_prompting_sd35_version2/results/generated/self_prompting_sd35_version2/special_4/0048.png
390,48,22699.png,self_prompting_sd35_version2,special_5,sprue,N_@$#,see,0.0,0.0,1.0,10.32173309781491,4052,3393,/home/ekim339/project/SD3.5/datasets/SRNet_Datagen/train/train-50k-3/i_s/22699.png,/home/ekim339/project/SD3.5/experiments/self_prompting_sd35_version2/results/inputs/0048_22699.png,/home/ekim339/project/SD3.5/datasets/SRNet_Datagen/train/train-50k-3/mask_s/22699.png,/home/ekim339/project/SD3.5/experiments/self_prompting_sd35_version2/results/generated/self_prompting_sd35_version2/special_5/0048.png
391,48,22699.png,self_prompting_sd35_version2,special_6,sprue,*:?#?,the,0.0,0.0,1.0,10.32173309781491,4052,3394,/home/ekim339/project/SD3.5/datasets/SRNet_Datagen/train/train-50k-3/i_s/22699.png,/home/ekim339/project/SD3.5/experiments/self_prompting_sd35_version2/results/inputs/0048_22699.png,/home/ekim339/project/SD3.5/datasets/SRNet_Datagen/train/train-50k-3/mask_s/22699.png,/home/ekim339/project/SD3.5/experiments/self_prompting_sd35_version2/results/generated/self_prompting_sd35_version2/special_6/0048.png
392,49,33305.png,self_prompting_sd35_version2,case_upper,sleak,WFXYI,fine,0.0,0.0,1.0,9.130122753321634,4053,3395,/home/ekim339/project/SD3.5/datasets/SRNet_Datagen/train/train-50k-3/i_s/33305.png,/home/ekim339/project/SD3.5/experiments/self_prompting_sd35_version2/results/inputs/0049_33305.png,/home/ekim339/project/SD3.5/datasets/SRNet_Datagen/train/train-50k-3/mask_s/33305.png,/home/ekim339/project/SD3.5/experiments/self_prompting_sd35_version2/results/generated/self_prompting_sd35_version2/case_upper/0049.png
393,49,33305.png,self_prompting_sd35_version2,case_lower,sleak,wfxyi,psselts,0.0,0.0,1.4,9.130122753321634,4053,3396,/home/ekim339/project/SD3.5/datasets/SRNet_Datagen/train/train-50k-3/i_s/33305.png,/home/ekim339/project/SD3.5/experiments/self_prompting_sd35_version2/results/inputs/0049_33305.png,/home/ekim339/project/SD3.5/datasets/SRNet_Datagen/train/train-50k-3/mask_s/33305.png,/home/ekim339/project/SD3.5/experiments/self_prompting_sd35_version2/results/generated/self_prompting_sd35_version2/case_lower/0049.png
394,49,33305.png,self_prompting_sd35_version2,special_1,sleak,SFWaS,soneks,0.0,0.0,1.2,9.130122753321634,4053,3397,/home/ekim339/project/SD3.5/datasets/SRNet_Datagen/train/train-50k-3/i_s/33305.png,/home/ekim339/project/SD3.5/experiments/self_prompting_sd35_version2/results/inputs/0049_33305.png,/home/ekim339/project/SD3.5/datasets/SRNet_Datagen/train/train-50k-3/mask_s/33305.png,/home/ekim339/project/SD3.5/experiments/self_prompting_sd35_version2/results/generated/self_prompting_sd35_version2/special_1/0049.png
395,49,33305.png,self_prompting_sd35_version2,special_2,sleak,sQ*kb,thne,0.0,0.0,1.0,9.130122753321634,4053,3398,/home/ekim339/project/SD3.5/datasets/SRNet_Datagen/train/train-50k-3/i_s/33305.png,/home/ekim339/project/SD3.5/experiments/self_prompting_sd35_version2/results/inputs/0049_33305.png,/home/ekim339/project/SD3.5/datasets/SRNet_Datagen/train/train-50k-3/mask_s/33305.png,/home/ekim339/project/SD3.5/experiments/self_prompting_sd35_version2/results/generated/self_prompting_sd35_version2/special_2/0049.png
396,49,33305.png,self_prompting_sd35_version2,special_3,sleak,mZ-%P,lines,0.0,0.0,1.0,9.130122753321634,4053,3399,/home/ekim339/project/SD3.5/datasets/SRNet_Datagen/train/train-50k-3/i_s/33305.png,/home/ekim339/project/SD3.5/experiments/self_prompting_sd35_version2/results/inputs/0049_33305.png,/home/ekim339/project/SD3.5/datasets/SRNet_Datagen/train/train-50k-3/mask_s/33305.png,/home/ekim339/project/SD3.5/experiments/self_prompting_sd35_version2/results/generated/self_prompting_sd35_version2/special_3/0049.png
397,49,33305.png,self_prompting_sd35_version2,special_4,sleak,;Td,tenees,0.0,0.0,2.0,9.130122753321634,4053,3400,/home/ekim339/project/SD3.5/datasets/SRNet_Datagen/train/train-50k-3/i_s/33305.png,/home/ekim339/project/SD3.5/experiments/self_prompting_sd35_version2/results/inputs/0049_33305.png,/home/ekim339/project/SD3.5/datasets/SRNet_Datagen/train/train-50k-3/mask_s/33305.png,/home/ekim339/project/SD3.5/experiments/self_prompting_sd35_version2/results/generated/self_prompting_sd35_version2/special_4/0049.png
398,49,33305.png,self_prompting_sd35_version2,special_5,sleak,:?_w=,fine,0.0,0.0,1.0,9.130122753321634,4053,3401,/home/ekim339/project/SD3.5/datasets/SRNet_Datagen/train/train-50k-3/i_s/33305.png,/home/ekim339/project/SD3.5/experiments/self_prompting_sd35_version2/results/inputs/0049_33305.png,/home/ekim339/project/SD3.5/datasets/SRNet_Datagen/train/train-50k-3/mask_s/33305.png,/home/ekim339/project/SD3.5/experiments/self_prompting_sd35_version2/results/generated/self_prompting_sd35_version2/special_5/0049.png
399,49,33305.png,self_prompting_sd35_version2,special_6,sleak,"_&!,.",asbass,0.0,0.0,1.2,9.130122753321634,4053,3402,/home/ekim339/project/SD3.5/datasets/SRNet_Datagen/train/train-50k-3/i_s/33305.png,/home/ekim339/project/SD3.5/experiments/self_prompting_sd35_version2/results/inputs/0049_33305.png,/home/ekim339/project/SD3.5/datasets/SRNet_Datagen/train/train-50k-3/mask_s/33305.png,/home/ekim339/project/SD3.5/experiments/self_prompting_sd35_version2/results/generated/self_prompting_sd35_version2/special_6/0049.png
400,50,15996.png,self_prompting_sd35_version2,case_upper,slope,MVWZD,slope,0.0,0.0,1.0,9.352931344659758,4054,3403,/home/ekim339/project/SD3.5/datasets/SRNet_Datagen/train/train-50k-2/i_s/15996.png,/home/ekim339/project/SD3.5/experiments/self_prompting_sd35_version2/results/inputs/0050_15996.png,/home/ekim339/project/SD3.5/datasets/SRNet_Datagen/train/train-50k-2/mask_s/15996.png,/home/ekim339/project/SD3.5/experiments/self_prompting_sd35_version2/results/generated/self_prompting_sd35_version2/case_upper/0050.png
401,50,15996.png,self_prompting_sd35_version2,case_lower,slope,mvwzd,slope,0.0,0.0,1.0,9.352931344659758,4054,3404,/home/ekim339/project/SD3.5/datasets/SRNet_Datagen/train/train-50k-2/i_s/15996.png,/home/ekim339/project/SD3.5/experiments/self_prompting_sd35_version2/results/inputs/0050_15996.png,/home/ekim339/project/SD3.5/datasets/SRNet_Datagen/train/train-50k-2/mask_s/15996.png,/home/ekim339/project/SD3.5/experiments/self_prompting_sd35_version2/results/generated/self_prompting_sd35_version2/case_lower/0050.png
402,50,15996.png,self_prompting_sd35_version2,special_1,slope,oNaNX,sln,0.0,0.0,1.0,9.352931344659758,4054,3405,/home/ekim339/project/SD3.5/datasets/SRNet_Datagen/train/train-50k-2/i_s/15996.png,/home/ekim339/project/SD3.5/experiments/self_prompting_sd35_version2/results/inputs/0050_15996.png,/home/ekim339/project/SD3.5/datasets/SRNet_Datagen/train/train-50k-2/mask_s/15996.png,/home/ekim339/project/SD3.5/experiments/self_prompting_sd35_version2/results/generated/self_prompting_sd35_version2/special_1/0050.png
403,50,15996.png,self_prompting_sd35_version2,special_2,slope,zn:Dp,slope,0.0,0.0,1.0,9.352931344659758,4054,3406,/home/ekim339/project/SD3.5/datasets/SRNet_Datagen/train/train-50k-2/i_s/15996.png,/home/ekim339/project/SD3.5/experiments/self_prompting_sd35_version2/results/inputs/0050_15996.png,/home/ekim339/project/SD3.5/datasets/SRNet_Datagen/train/train-50k-2/mask_s/15996.png,/home/ekim339/project/SD3.5/experiments/self_prompting_sd35_version2/results/generated/self_prompting_sd35_version2/special_2/0050.png
404,50,15996.png,self_prompting_sd35_version2,special_3,slope,=Tg&d,sicpa,0.0,0.0,1.0,9.352931344659758,4054,3407,/home/ekim339/project/SD3.5/datasets/SRNet_Datagen/train/train-50k-2/i_s/15996.png,/home/ekim339/project/SD3.5/experiments/self_prompting_sd35_version2/results/inputs/0050_15996.png,/home/ekim339/project/SD3.5/datasets/SRNet_Datagen/train/train-50k-2/mask_s/15996.png,/home/ekim339/project/SD3.5/experiments/self_prompting_sd35_version2/results/generated/self_prompting_sd35_version2/special_3/0050.png
405,50,15996.png,self_prompting_sd35_version2,special_4,slope,P@p,slop,0.0,0.25,1.0,9.352931344659758,4054,3408,/home/ekim339/project/SD3.5/datasets/SRNet_Datagen/train/train-50k-2/i_s/15996.png,/home/ekim339/project/SD3.5/experiments/self_prompting_sd35_version2/results/inputs/0050_15996.png,/home/ekim339/project/SD3.5/datasets/SRNet_Datagen/train/train-50k-2/mask_s/15996.png,/home/ekim339/project/SD3.5/experiments/self_prompting_sd35_version2/results/generated/self_prompting_sd35_version2/special_4/0050.png
406,50,15996.png,self_prompting_sd35_version2,special_5,slope,Q.!#+,slope,0.0,0.0,1.0,9.352931344659758,4054,3409,/home/ekim339/project/SD3.5/datasets/SRNet_Datagen/train/train-50k-2/i_s/15996.png,/home/ekim339/project/SD3.5/experiments/self_prompting_sd35_version2/results/inputs/0050_15996.png,/home/ekim339/project/SD3.5/datasets/SRNet_Datagen/train/train-50k-2/mask_s/15996.png,/home/ekim339/project/SD3.5/experiments/self_prompting_sd35_version2/results/generated/self_prompting_sd35_version2/special_5/0050.png
407,50,15996.png,self_prompting_sd35_version2,special_6,slope,=%&-_,slope,0.0,0.0,1.0,9.352931344659758,4054,3410,/home/ekim339/project/SD3.5/datasets/SRNet_Datagen/train/train-50k-2/i_s/15996.png,/home/ekim339/project/SD3.5/experiments/self_prompting_sd35_version2/results/inputs/0050_15996.png,/home/ekim339/project/SD3.5/datasets/SRNet_Datagen/train/train-50k-2/mask_s/15996.png,/home/ekim339/project/SD3.5/experiments/self_prompting_sd35_version2/results/generated/self_prompting_sd35_version2/special_6/0050.png
408,51,04727.png,self_prompting_sd35_version2,case_upper,slyly,FUHFK,saupect,0.0,0.0,1.4,11.853132133362646,4055,3411,/home/ekim339/project/SD3.5/datasets/SRNet_Datagen/train/train-50k-1/i_s/04727.png,/home/ekim339/project/SD3.5/experiments/self_prompting_sd35_version2/results/inputs/0051_04727.png,/home/ekim339/project/SD3.5/datasets/SRNet_Datagen/train/train-50k-1/mask_s/04727.png,/home/ekim339/project/SD3.5/experiments/self_prompting_sd35_version2/results/generated/self_prompting_sd35_version2/case_upper/0051.png
409,51,04727.png,self_prompting_sd35_version2,case_lower,slyly,fuhfk,sasject,0.0,0.0,1.4,11.853132133362646,4055,3412,/home/ekim339/project/SD3.5/datasets/SRNet_Datagen/train/train-50k-1/i_s/04727.png,/home/ekim339/project/SD3.5/experiments/self_prompting_sd35_version2/results/inputs/0051_04727.png,/home/ekim339/project/SD3.5/datasets/SRNet_Datagen/train/train-50k-1/mask_s/04727.png,/home/ekim339/project/SD3.5/experiments/self_prompting_sd35_version2/results/generated/self_prompting_sd35_version2/case_lower/0051.png
410,51,04727.png,self_prompting_sd35_version2,special_1,slyly,FJjaZ,saulyy,0.0,0.0,1.2,11.853132133362646,4055,3413,/home/ekim339/project/SD3.5/datasets/SRNet_Datagen/train/train-50k-1/i_s/04727.png,/home/ekim339/project/SD3.5/experiments/self_prompting_sd35_version2/results/inputs/0051_04727.png,/home/ekim339/project/SD3.5/datasets/SRNet_Datagen/train/train-50k-1/mask_s/04727.png,/home/ekim339/project/SD3.5/experiments/self_prompting_sd35_version2/results/generated/self_prompting_sd35_version2/special_1/0051.png
411,51,04727.png,self_prompting_sd35_version2,special_2,slyly,qrPu:,sackie,0.0,0.0,1.2,11.853132133362646,4055,3414,/home/ekim339/project/SD3.5/datasets/SRNet_Datagen/train/train-50k-1/i_s/04727.png,/home/ekim339/project/SD3.5/experiments/self_prompting_sd35_version2/results/inputs/0051_04727.png,/home/ekim339/project/SD3.5/datasets/SRNet_Datagen/train/train-50k-1/mask_s/04727.png,/home/ekim339/project/SD3.5/experiments/self_prompting_sd35_version2/results/generated/self_prompting_sd35_version2/special_2/0051.png
412,51,04727.png,self_prompting_sd35_version2,special_3,slyly,kF$m-,washing,0.0,0.0,1.4,11.853132133362646,4055,3415,/home/ekim339/project/SD3.5/datasets/SRNet_Datagen/train/train-50k-1/i_s/04727.png,/home/ekim339/project/SD3.5/experiments/self_prompting_sd35_version2/results/inputs/0051_04727.png,/home/ekim339/project/SD3.5/datasets/SRNet_Datagen/train/train-50k-1/mask_s/04727.png,/home/ekim339/project/SD3.5/experiments/self_prompting_sd35_version2/results/generated/self_prompting_sd35_version2/special_3/0051.png
413,51,04727.png,self_prompting_sd35_version2,special_4,slyly,",IF",suby,0.0,0.0,1.3333333333333333,11.853132133362646,4055,3416,/home/ekim339/project/SD3.5/datasets/SRNet_Datagen/train/train-50k-1/i_s/04727.png,/home/ekim339/project/SD3.5/experiments/self_prompting_sd35_version2/results/inputs/0051_04727.png,/home/ekim339/project/SD3.5/datasets/SRNet_Datagen/train/train-50k-1/mask_s/04727.png,/home/ekim339/project/SD3.5/experiments/self_prompting_sd35_version2/results/generated/self_prompting_sd35_version2/special_4/0051.png
414,51,04727.png,self_prompting_sd35_version2,special_5,slyly,-?x?=,subject,0.0,0.0,1.4,11.853132133362646,4055,3417,/home/ekim339/project/SD3.5/datasets/SRNet_Datagen/train/train-50k-1/i_s/04727.png,/home/ekim339/project/SD3.5/experiments/self_prompting_sd35_version2/results/inputs/0051_04727.png,/home/ekim339/project/SD3.5/datasets/SRNet_Datagen/train/train-50k-1/mask_s/04727.png,/home/ekim339/project/SD3.5/experiments/self_prompting_sd35_version2/results/generated/self_prompting_sd35_version2/special_5/0051.png
415,51,04727.png,self_prompting_sd35_version2,special_6,slyly,!==@=,sachec,0.0,0.0,1.2,11.853132133362646,4055,3418,/home/ekim339/project/SD3.5/datasets/SRNet_Datagen/train/train-50k-1/i_s/04727.png,/home/ekim339/project/SD3.5/experiments/self_prompting_sd35_version2/results/inputs/0051_04727.png,/home/ekim339/project/SD3.5/datasets/SRNet_Datagen/train/train-50k-1/mask_s/04727.png,/home/ekim339/project/SD3.5/experiments/self_prompting_sd35_version2/results/generated/self_prompting_sd35_version2/special_6/0051.png
416,52,07841.png,self_prompting_sd35_version2,case_upper,reefy,OYCME,reery,0.0,0.0,1.0,7.956496761258945,4056,3419,/home/ekim339/project/SD3.5/datasets/SRNet_Datagen/train/train-50k-1/i_s/07841.png,/home/ekim339/project/SD3.5/experiments/self_prompting_sd35_version2/results/inputs/0052_07841.png,/home/ekim339/project/SD3.5/datasets/SRNet_Datagen/train/train-50k-1/mask_s/07841.png,/home/ekim339/project/SD3.5/experiments/self_prompting_sd35_version2/results/generated/self_prompting_sd35_version2/case_upper/0052.png
417,52,07841.png,self_prompting_sd35_version2,case_lower,reefy,oycme,reary,0.0,0.0,1.0,7.956496761258945,4056,3420,/home/ekim339/project/SD3.5/datasets/SRNet_Datagen/train/train-50k-1/i_s/07841.png,/home/ekim339/project/SD3.5/experiments/self_prompting_sd35_version2/results/inputs/0052_07841.png,/home/ekim339/project/SD3.5/datasets/SRNet_Datagen/train/train-50k-1/mask_s/07841.png,/home/ekim339/project/SD3.5/experiments/self_prompting_sd35_version2/results/generated/self_prompting_sd35_version2/case_lower/0052.png
418,52,07841.png,self_prompting_sd35_version2,special_1,reefy,fBZpF,realy,0.0,0.0,1.0,7.956496761258945,4056,3421,/home/ekim339/project/SD3.5/datasets/SRNet_Datagen/train/train-50k-1/i_s/07841.png,/home/ekim339/project/SD3.5/experiments/self_prompting_sd35_version2/results/inputs/0052_07841.png,/home/ekim339/project/SD3.5/datasets/SRNet_Datagen/train/train-50k-1/mask_s/07841.png,/home/ekim339/project/SD3.5/experiments/self_prompting_sd35_version2/results/generated/self_prompting_sd35_version2/special_1/0052.png
419,52,07841.png,self_prompting_sd35_version2,special_2,reefy,hytk+,reefy,0.0,0.0,1.0,7.956496761258945,4056,3422,/home/ekim339/project/SD3.5/datasets/SRNet_Datagen/train/train-50k-1/i_s/07841.png,/home/ekim339/project/SD3.5/experiments/self_prompting_sd35_version2/results/inputs/0052_07841.png,/home/ekim339/project/SD3.5/datasets/SRNet_Datagen/train/train-50k-1/mask_s/07841.png,/home/ekim339/project/SD3.5/experiments/self_prompting_sd35_version2/results/generated/self_prompting_sd35_version2/special_2/0052.png
420,52,07841.png,self_prompting_sd35_version2,special_3,reefy,@M;hQ,mayy,0.0,0.0,1.0,7.956496761258945,4056,3423,/home/ekim339/project/SD3.5/datasets/SRNet_Datagen/train/train-50k-1/i_s/07841.png,/home/ekim339/project/SD3.5/experiments/self_prompting_sd35_version2/results/inputs/0052_07841.png,/home/ekim339/project/SD3.5/datasets/SRNet_Datagen/train/train-50k-1/mask_s/07841.png,/home/ekim339/project/SD3.5/experiments/self_prompting_sd35_version2/results/generated/self_prompting_sd35_version2/special_3/0052.png
421,52,07841.png,self_prompting_sd35_version2,special_4,reefy,+dA,reefy,0.0,0.0,1.6666666666666667,7.956496761258945,4056,3424,/home/ekim339/project/SD3.5/datasets/SRNet_Datagen/train/train-50k-1/i_s/07841.png,/home/ekim339/project/SD3.5/experiments/self_prompting_sd35_version2/results/inputs/0052_07841.png,/home/ekim339/project/SD3.5/datasets/SRNet_Datagen/train/train-50k-1/mask_s/07841.png,/home/ekim339/project/SD3.5/experiments/self_prompting_sd35_version2/results/generated/self_prompting_sd35_version2/special_4/0052.png
422,52,07841.png,self_prompting_sd35_version2,special_5,reefy,=H+!&,neely,0.0,0.0,1.0,7.956496761258945,4056,3425,/home/ekim339/project/SD3.5/datasets/SRNet_Datagen/train/train-50k-1/i_s/07841.png,/home/ekim339/project/SD3.5/experiments/self_prompting_sd35_version2/results/inputs/0052_07841.png,/home/ekim339/project/SD3.5/datasets/SRNet_Datagen/train/train-50k-1/mask_s/07841.png,/home/ekim339/project/SD3.5/experiments/self_prompting_sd35_version2/results/generated/self_prompting_sd35_version2/special_5/0052.png
423,52,07841.png,self_prompting_sd35_version2,special_6,reefy,%&$&*,reery,0.0,0.0,1.0,7.956496761258945,4056,3426,/home/ekim339/project/SD3.5/datasets/SRNet_Datagen/train/train-50k-1/i_s/07841.png,/home/ekim339/project/SD3.5/experiments/self_prompting_sd35_version2/results/inputs/0052_07841.png,/home/ekim339/project/SD3.5/datasets/SRNet_Datagen/train/train-50k-1/mask_s/07841.png,/home/ekim339/project/SD3.5/experiments/self_prompting_sd35_version2/results/generated/self_prompting_sd35_version2/special_6/0052.png
424,53,40625.png,self_prompting_sd35_version2,case_upper,gimel,BRCZN,aone,0.0,0.0,1.0,7.771268387187414,4057,3427,/home/ekim339/project/SD3.5/datasets/SRNet_Datagen/train/train-50k-3/i_s/40625.png,/home/ekim339/project/SD3.5/experiments/self_prompting_sd35_version2/results/inputs/0053_40625.png,/home/ekim339/project/SD3.5/datasets/SRNet_Datagen/train/train-50k-3/mask_s/40625.png,/home/ekim339/project/SD3.5/experiments/self_prompting_sd35_version2/results/generated/self_prompting_sd35_version2/case_upper/0053.png
425,53,40625.png,self_prompting_sd35_version2,case_lower,gimel,brczn,some,0.0,0.0,1.0,7.771268387187414,4057,3428,/home/ekim339/project/SD3.5/datasets/SRNet_Datagen/train/train-50k-3/i_s/40625.png,/home/ekim339/project/SD3.5/experiments/self_prompting_sd35_version2/results/inputs/0053_40625.png,/home/ekim339/project/SD3.5/datasets/SRNet_Datagen/train/train-50k-3/mask_s/40625.png,/home/ekim339/project/SD3.5/experiments/self_prompting_sd35_version2/results/generated/self_prompting_sd35_version2/case_lower/0053.png
426,53,40625.png,self_prompting_sd35_version2,special_1,gimel,UjKIo,sone,0.0,0.0,1.0,7.771268387187414,4057,3429,/home/ekim339/project/SD3.5/datasets/SRNet_Datagen/train/train-50k-3/i_s/40625.png,/home/ekim339/project/SD3.5/experiments/self_prompting_sd35_version2/results/inputs/0053_40625.png,/home/ekim339/project/SD3.5/datasets/SRNet_Datagen/train/train-50k-3/mask_s/40625.png,/home/ekim339/project/SD3.5/experiments/self_prompting_sd35_version2/results/generated/self_prompting_sd35_version2/special_1/0053.png
427,53,40625.png,self_prompting_sd35_version2,special_2,gimel,@mDtI,sosemme,0.0,0.0,1.4,7.771268387187414,4057,3430,/home/ekim339/project/SD3.5/datasets/SRNet_Datagen/train/train-50k-3/i_s/40625.png,/home/ekim339/project/SD3.5/experiments/self_prompting_sd35_version2/results/inputs/0053_40625.png,/home/ekim339/project/SD3.5/datasets/SRNet_Datagen/train/train-50k-3/mask_s/40625.png,/home/ekim339/project/SD3.5/experiments/self_prompting_sd35_version2/results/generated/self_prompting_sd35_version2/special_2/0053.png
428,53,40625.png,self_prompting_sd35_version2,special_3,gimel,Z=.vG,some,0.0,0.0,1.0,7.771268387187414,4057,3431,/home/ekim339/project/SD3.5/datasets/SRNet_Datagen/train/train-50k-3/i_s/40625.png,/home/ekim339/project/SD3.5/experiments/self_prompting_sd35_version2/results/inputs/0053_40625.png,/home/ekim339/project/SD3.5/datasets/SRNet_Datagen/train/train-50k-3/mask_s/40625.png,/home/ekim339/project/SD3.5/experiments/self_prompting_sd35_version2/results/generated/self_prompting_sd35_version2/special_3/0053.png
429,53,40625.png,self_prompting_sd35_version2,special_4,gimel,!ox,were,0.0,0.0,1.3333333333333333,7.771268387187414,4057,3432,/home/ekim339/project/SD3.5/datasets/SRNet_Datagen/train/train-50k-3/i_s/40625.png,/home/ekim339/project/SD3.5/experiments/self_prompting_sd35_version2/results/inputs/0053_40625.png,/home/ekim339/project/SD3.5/datasets/SRNet_Datagen/train/train-50k-3/mask_s/40625.png,/home/ekim339/project/SD3.5/experiments/self_prompting_sd35_version2/results/generated/self_prompting_sd35_version2/special_4/0053.png
430,53,40625.png,self_prompting_sd35_version2,special_5,gimel,"&_G$,",ggnee,0.0,0.0,1.0,7.771268387187414,4057,3433,/home/ekim339/project/SD3.5/datasets/SRNet_Datagen/train/train-50k-3/i_s/40625.png,/home/ekim339/project/SD3.5/experiments/self_prompting_sd35_version2/results/inputs/0053_40625.png,/home/ekim339/project/SD3.5/datasets/SRNet_Datagen/train/train-50k-3/mask_s/40625.png,/home/ekim339/project/SD3.5/experiments/self_prompting_sd35_version2/results/generated/self_prompting_sd35_version2/special_5/0053.png
431,53,40625.png,self_prompting_sd35_version2,special_6,gimel,".;=,+",gmmet,0.0,0.0,1.0,7.771268387187414,4057,3434,/home/ekim339/project/SD3.5/datasets/SRNet_Datagen/train/train-50k-3/i_s/40625.png,/home/ekim339/project/SD3.5/experiments/self_prompting_sd35_version2/results/inputs/0053_40625.png,/home/ekim339/project/SD3.5/datasets/SRNet_Datagen/train/train-50k-3/mask_s/40625.png,/home/ekim339/project/SD3.5/experiments/self_prompting_sd35_version2/results/generated/self_prompting_sd35_version2/special_6/0053.png
432,54,04916.png,self_prompting_sd35_version2,case_upper,Silly,OUGBX,sly,0.0,0.0,1.0,11.612159421016074,4058,3435,/home/ekim339/project/SD3.5/datasets/SRNet_Datagen/train/train-50k-1/i_s/04916.png,/home/ekim339/project/SD3.5/experiments/self_prompting_sd35_version2/results/inputs/0054_04916.png,/home/ekim339/project/SD3.5/datasets/SRNet_Datagen/train/train-50k-1/mask_s/04916.png,/home/ekim339/project/SD3.5/experiments/self_prompting_sd35_version2/results/generated/self_prompting_sd35_version2/case_upper/0054.png
433,54,04916.png,self_prompting_sd35_version2,case_lower,Silly,ougbx,say,0.0,0.0,1.0,11.612159421016074,4058,3436,/home/ekim339/project/SD3.5/datasets/SRNet_Datagen/train/train-50k-1/i_s/04916.png,/home/ekim339/project/SD3.5/experiments/self_prompting_sd35_version2/results/inputs/0054_04916.png,/home/ekim339/project/SD3.5/datasets/SRNet_Datagen/train/train-50k-1/mask_s/04916.png,/home/ekim339/project/SD3.5/experiments/self_prompting_sd35_version2/results/generated/self_prompting_sd35_version2/case_lower/0054.png
434,54,04916.png,self_prompting_sd35_version2,special_1,Silly,KtZco,seslyyy,0.0,0.0,1.4,11.612159421016074,4058,3437,/home/ekim339/project/SD3.5/datasets/SRNet_Datagen/train/train-50k-1/i_s/04916.png,/home/ekim339/project/SD3.5/experiments/self_prompting_sd35_version2/results/inputs/0054_04916.png,/home/ekim339/project/SD3.5/datasets/SRNet_Datagen/train/train-50k-1/mask_s/04916.png,/home/ekim339/project/SD3.5/experiments/self_prompting_sd35_version2/results/generated/self_prompting_sd35_version2/special_1/0054.png
435,54,04916.png,self_prompting_sd35_version2,special_2,Silly,&lNAj,ssys,0.0,0.0,1.0,11.612159421016074,4058,3438,/home/ekim339/project/SD3.5/datasets/SRNet_Datagen/train/train-50k-1/i_s/04916.png,/home/ekim339/project/SD3.5/experiments/self_prompting_sd35_version2/results/inputs/0054_04916.png,/home/ekim339/project/SD3.5/datasets/SRNet_Datagen/train/train-50k-1/mask_s/04916.png,/home/ekim339/project/SD3.5/experiments/self_prompting_sd35_version2/results/generated/self_prompting_sd35_version2/special_2/0054.png
436,54,04916.png,self_prompting_sd35_version2,special_3,Silly,"W.C,r",ssss,0.0,0.0,1.0,11.612159421016074,4058,3439,/home/ekim339/project/SD3.5/datasets/SRNet_Datagen/train/train-50k-1/i_s/04916.png,/home/ekim339/project/SD3.5/experiments/self_prompting_sd35_version2/results/inputs/0054_04916.png,/home/ekim339/project/SD3.5/datasets/SRNet_Datagen/train/train-50k-1/mask_s/04916.png,/home/ekim339/project/SD3.5/experiments/self_prompting_sd35_version2/results/generated/self_prompting_sd35_version2/special_3/0054.png
437,54,04916.png,self_prompting_sd35_version2,special_4,Silly,.eB,sly,0.0,0.0,1.0,11.612159421016074,4058,3440,/home/ekim339/project/SD3.5/datasets/SRNet_Datagen/train/train-50k-1/i_s/04916.png,/home/ekim339/project/SD3.5/experiments/self_prompting_sd35_version2/results/inputs/0054_04916.png,/home/ekim339/project/SD3.5/datasets/SRNet_Datagen/train/train-50k-1/mask_s/04916.png,/home/ekim339/project/SD3.5/experiments/self_prompting_sd35_version2/results/generated/self_prompting_sd35_version2/special_4/0054.png
438,54,04916.png,self_prompting_sd35_version2,special_5,Silly,N?@@@,ssssyy,0.0,0.0,1.2,11.612159421016074,4058,3441,/home/ekim339/project/SD3.5/datasets/SRNet_Datagen/train/train-50k-1/i_s/04916.png,/home/ekim339/project/SD3.5/experiments/self_prompting_sd35_version2/results/inputs/0054_04916.png,/home/ekim339/project/SD3.5/datasets/SRNet_Datagen/train/train-50k-1/mask_s/04916.png,/home/ekim339/project/SD3.5/experiments/self_prompting_sd35_version2/results/generated/self_prompting_sd35_version2/special_5/0054.png
439,54,04916.png,self_prompting_sd35_version2,special_6,Silly,",;:::",silllyy,0.0,0.0,1.4,11.612159421016074,4058,3442,/home/ekim339/project/SD3.5/datasets/SRNet_Datagen/train/train-50k-1/i_s/04916.png,/home/ekim339/project/SD3.5/experiments/self_prompting_sd35_version2/results/inputs/0054_04916.png,/home/ekim339/project/SD3.5/datasets/SRNet_Datagen/train/train-50k-1/mask_s/04916.png,/home/ekim339/project/SD3.5/experiments/self_prompting_sd35_version2/results/generated/self_prompting_sd35_version2/special_6/0054.png
440,55,30974.png,self_prompting_sd35_version2,case_upper,vacua,LXTHC,vocuse,0.0,0.0,1.2,5.997137879918618,4059,3443,/home/ekim339/project/SD3.5/datasets/SRNet_Datagen/train/train-50k-1/i_s/30974.png,/home/ekim339/project/SD3.5/experiments/self_prompting_sd35_version2/results/inputs/0055_30974.png,/home/ekim339/project/SD3.5/datasets/SRNet_Datagen/train/train-50k-1/mask_s/30974.png,/home/ekim339/project/SD3.5/experiments/self_prompting_sd35_version2/results/generated/self_prompting_sd35_version2/case_upper/0055.png
441,55,30974.png,self_prompting_sd35_version2,case_lower,vacua,lxthc,valuel,0.0,0.0,1.2,5.997137879918618,4059,3444,/home/ekim339/project/SD3.5/datasets/SRNet_Datagen/train/train-50k-1/i_s/30974.png,/home/ekim339/project/SD3.5/experiments/self_prompting_sd35_version2/results/inputs/0055_30974.png,/home/ekim339/project/SD3.5/datasets/SRNet_Datagen/train/train-50k-1/mask_s/30974.png,/home/ekim339/project/SD3.5/experiments/self_prompting_sd35_version2/results/generated/self_prompting_sd35_version2/case_lower/0055.png
442,55,30974.png,self_prompting_sd35_version2,special_1,vacua,lXpQr,viscual,0.0,0.0,1.4,5.997137879918618,4059,3445,/home/ekim339/project/SD3.5/datasets/SRNet_Datagen/train/train-50k-1/i_s/30974.png,/home/ekim339/project/SD3.5/experiments/self_prompting_sd35_version2/results/inputs/0055_30974.png,/home/ekim339/project/SD3.5/datasets/SRNet_Datagen/train/train-50k-1/mask_s/30974.png,/home/ekim339/project/SD3.5/experiments/self_prompting_sd35_version2/results/generated/self_prompting_sd35_version2/special_1/0055.png
443,55,30974.png,self_prompting_sd35_version2,special_2,vacua,kuK&k,vacua,0.0,0.0,1.0,5.997137879918618,4059,3446,/home/ekim339/project/SD3.5/datasets/SRNet_Datagen/train/train-50k-1/i_s/30974.png,/home/ekim339/project/SD3.5/experiments/self_prompting_sd35_version2/results/inputs/0055_30974.png,/home/ekim339/project/SD3.5/datasets/SRNet_Datagen/train/train-50k-1/mask_s/30974.png,/home/ekim339/project/SD3.5/experiments/self_prompting_sd35_version2/results/generated/self_prompting_sd35_version2/special_2/0055.png
444,55,30974.png,self_prompting_sd35_version2,special_3,vacua,vl$%H,vacual,0.0,0.16666666666666663,1.0,5.997137879918618,4059,3447,/home/ekim339/project/SD3.5/datasets/SRNet_Datagen/train/train-50k-1/i_s/30974.png,/home/ekim339/project/SD3.5/experiments/self_prompting_sd35_version2/results/inputs/0055_30974.png,/home/ekim339/project/SD3.5/datasets/SRNet_Datagen/train/train-50k-1/mask_s/30974.png,/home/ekim339/project/SD3.5/experiments/self_prompting_sd35_version2/results/generated/self_prompting_sd35_version2/special_3/0055.png
445,55,30974.png,self_prompting_sd35_version2,special_4,vacua,Po.,vacue,0.0,0.0,1.6666666666666667,5.997137879918618,4059,3448,/home/ekim339/project/SD3.5/datasets/SRNet_Datagen/train/train-50k-1/i_s/30974.png,/home/ekim339/project/SD3.5/experiments/self_prompting_sd35_version2/results/inputs/0055_30974.png,/home/ekim339/project/SD3.5/datasets/SRNet_Datagen/train/train-50k-1/mask_s/30974.png,/home/ekim339/project/SD3.5/experiments/self_prompting_sd35_version2/results/generated/self_prompting_sd35_version2/special_4/0055.png
446,55,30974.png,self_prompting_sd35_version2,special_5,vacua,G!__&,visuaa,0.0,0.0,1.2,5.997137879918618,4059,3449,/home/ekim339/project/SD3.5/datasets/SRNet_Datagen/train/train-50k-1/i_s/30974.png,/home/ekim339/project/SD3.5/experiments/self_prompting_sd35_version2/results/inputs/0055_30974.png,/home/ekim339/project/SD3.5/datasets/SRNet_Datagen/train/train-50k-1/mask_s/30974.png,/home/ekim339/project/SD3.5/experiments/self_prompting_sd35_version2/results/generated/self_prompting_sd35_version2/special_5/0055.png
447,55,30974.png,self_prompting_sd35_version2,special_6,vacua,-?-;;,visuual,0.0,0.0,1.4,5.997137879918618,4059,3450,/home/ekim339/project/SD3.5/datasets/SRNet_Datagen/train/train-50k-1/i_s/30974.png,/home/ekim339/project/SD3.5/experiments/self_prompting_sd35_version2/results/inputs/0055_30974.png,/home/ekim339/project/SD3.5/datasets/SRNet_Datagen/train/train-50k-1/mask_s/30974.png,/home/ekim339/project/SD3.5/experiments/self_prompting_sd35_version2/results/generated/self_prompting_sd35_version2/special_6/0055.png
448,56,08563.png,self_prompting_sd35_version2,case_upper,soler,RJYCF,soler,0.0,0.0,1.0,7.551076256691517,4060,3451,/home/ekim339/project/SD3.5/datasets/SRNet_Datagen/train/train-50k-4/i_s/08563.png,/home/ekim339/project/SD3.5/experiments/self_prompting_sd35_version2/results/inputs/0056_08563.png,/home/ekim339/project/SD3.5/datasets/SRNet_Datagen/train/train-50k-4/mask_s/08563.png,/home/ekim339/project/SD3.5/experiments/self_prompting_sd35_version2/results/generated/self_prompting_sd35_version2/case_upper/0056.png
449,56,08563.png,self_prompting_sd35_version2,case_lower,soler,rjycf,soler,0.0,0.0,1.0,7.551076256691517,4060,3452,/home/ekim339/project/SD3.5/datasets/SRNet_Datagen/train/train-50k-4/i_s/08563.png,/home/ekim339/project/SD3.5/experiments/self_prompting_sd35_version2/results/inputs/0056_08563.png,/home/ekim339/project/SD3.5/datasets/SRNet_Datagen/train/train-50k-4/mask_s/08563.png,/home/ekim339/project/SD3.5/experiments/self_prompting_sd35_version2/results/generated/self_prompting_sd35_version2/case_lower/0056.png
450,56,08563.png,self_prompting_sd35_version2,special_1,soler,tfpFb,soler,0.0,0.0,1.0,7.551076256691517,4060,3453,/home/ekim339/project/SD3.5/datasets/SRNet_Datagen/train/train-50k-4/i_s/08563.png,/home/ekim339/project/SD3.5/experiments/self_prompting_sd35_version2/results/inputs/0056_08563.png,/home/ekim339/project/SD3.5/datasets/SRNet_Datagen/train/train-50k-4/mask_s/08563.png,/home/ekim339/project/SD3.5/experiments/self_prompting_sd35_version2/results/generated/self_prompting_sd35_version2/special_1/0056.png
451,56,08563.png,self_prompting_sd35_version2,special_2,soler,+DNwp,soler,0.0,0.0,1.0,7.551076256691517,4060,3454,/home/ekim339/project/SD3.5/datasets/SRNet_Datagen/train/train-50k-4/i_s/08563.png,/home/ekim339/project/SD3.5/experiments/self_prompting_sd35_version2/results/inputs/0056_08563.png,/home/ekim339/project/SD3.5/datasets/SRNet_Datagen/train/train-50k-4/mask_s/08563.png,/home/ekim339/project/SD3.5/experiments/self_prompting_sd35_version2/results/generated/self_prompting_sd35_version2/special_2/0056.png
452,56,08563.png,self_prompting_sd35_version2,special_3,soler,"c$,WY",soler,0.0,0.0,1.0,7.551076256691517,4060,3455,/home/ekim339/project/SD3.5/datasets/SRNet_Datagen/train/train-50k-4/i_s/08563.png,/home/ekim339/project/SD3.5/experiments/self_prompting_sd35_version2/results/inputs/0056_08563.png,/home/ekim339/project/SD3.5/datasets/SRNet_Datagen/train/train-50k-4/mask_s/08563.png,/home/ekim339/project/SD3.5/experiments/self_prompting_sd35_version2/results/generated/self_prompting_sd35_version2/special_3/0056.png
453,56,08563.png,self_prompting_sd35_version2,special_4,soler,cU:,soler,0.0,0.0,1.6666666666666667,7.551076256691517,4060,3456,/home/ekim339/project/SD3.5/datasets/SRNet_Datagen/train/train-50k-4/i_s/08563.png,/home/ekim339/project/SD3.5/experiments/self_prompting_sd35_version2/results/inputs/0056_08563.png,/home/ekim339/project/SD3.5/datasets/SRNet_Datagen/train/train-50k-4/mask_s/08563.png,/home/ekim339/project/SD3.5/experiments/self_prompting_sd35_version2/results/generated/self_prompting_sd35_version2/special_4/0056.png
454,56,08563.png,self_prompting_sd35_version2,special_5,soler,?+$I@,soler,0.0,0.0,1.0,7.551076256691517,4060,3457,/home/ekim339/project/SD3.5/datasets/SRNet_Datagen/train/train-50k-4/i_s/08563.png,/home/ekim339/project/SD3.5/experiments/self_prompting_sd35_version2/results/inputs/0056_08563.png,/home/ekim339/project/SD3.5/datasets/SRNet_Datagen/train/train-50k-4/mask_s/08563.png,/home/ekim339/project/SD3.5/experiments/self_prompting_sd35_version2/results/generated/self_prompting_sd35_version2/special_5/0056.png
455,56,08563.png,self_prompting_sd35_version2,special_6,soler,"#=,@?",soler,0.0,0.0,1.0,7.551076256691517,4060,3458,/home/ekim339/project/SD3.5/datasets/SRNet_Datagen/train/train-50k-4/i_s/08563.png,/home/ekim339/project/SD3.5/experiments/self_prompting_sd35_version2/results/inputs/0056_08563.png,/home/ekim339/project/SD3.5/datasets/SRNet_Datagen/train/train-50k-4/mask_s/08563.png,/home/ekim339/project/SD3.5/experiments/self_prompting_sd35_version2/results/generated/self_prompting_sd35_version2/special_6/0056.png
456,57,14010.png,self_prompting_sd35_version2,case_upper,aggro,DABMV,agcio,0.0,0.0,1.0,7.0682923900187395,4061,3459,/home/ekim339/project/SD3.5/datasets/SRNet_Datagen/train/train-50k-2/i_s/14010.png,/home/ekim339/project/SD3.5/experiments/self_prompting_sd35_version2/results/inputs/0057_14010.png,/home/ekim339/project/SD3.5/datasets/SRNet_Datagen/train/train-50k-2/mask_s/14010.png,/home/ekim339/project/SD3.5/experiments/self_prompting_sd35_version2/results/generated/self_prompting_sd35_version2/case_upper/0057.png
457,57,14010.png,self_prompting_sd35_version2,case_lower,aggro,dabmv,aggro,0.0,0.0,1.0,7.0682923900187395,4061,3460,/home/ekim339/project/SD3.5/datasets/SRNet_Datagen/train/train-50k-2/i_s/14010.png,/home/ekim339/project/SD3.5/experiments/self_prompting_sd35_version2/results/inputs/0057_14010.png,/home/ekim339/project/SD3.5/datasets/SRNet_Datagen/train/train-50k-2/mask_s/14010.png,/home/ekim339/project/SD3.5/experiments/self_prompting_sd35_version2/results/generated/self_prompting_sd35_version2/case_lower/0057.png
458,57,14010.png,self_prompting_sd35_version2,special_1,aggro,qdxpy,aggro,0.0,0.0,1.0,7.0682923900187395,4061,3461,/home/ekim339/project/SD3.5/datasets/SRNet_Datagen/train/train-50k-2/i_s/14010.png,/home/ekim339/project/SD3.5/experiments/self_prompting_sd35_version2/results/inputs/0057_14010.png,/home/ekim339/project/SD3.5/datasets/SRNet_Datagen/train/train-50k-2/mask_s/14010.png,/home/ekim339/project/SD3.5/experiments/self_prompting_sd35_version2/results/generated/self_prompting_sd35_version2/special_1/0057.png
459,57,14010.png,self_prompting_sd35_version2,special_2,aggro,_KuDW,adgre,0.0,0.0,1.0,7.0682923900187395,4061,3462,/home/ekim339/project/SD3.5/datasets/SRNet_Datagen/train/train-50k-2/i_s/14010.png,/home/ekim339/project/SD3.5/experiments/self_prompting_sd35_version2/results/inputs/0057_14010.png,/home/ekim339/project/SD3.5/datasets/SRNet_Datagen/train/train-50k-2/mask_s/14010.png,/home/ekim339/project/SD3.5/experiments/self_prompting_sd35_version2/results/generated/self_prompting_sd35_version2/special_2/0057.png
460,57,14010.png,self_prompting_sd35_version2,special_3,aggro,-%pHc,aggro,0.0,0.0,1.0,7.0682923900187395,4061,3463,/home/ekim339/project/SD3.5/datasets/SRNet_Datagen/train/train-50k-2/i_s/14010.png,/home/ekim339/project/SD3.5/experiments/self_prompting_sd35_version2/results/inputs/0057_14010.png,/home/ekim339/project/SD3.5/datasets/SRNet_Datagen/train/train-50k-2/mask_s/14010.png,/home/ekim339/project/SD3.5/experiments/self_prompting_sd35_version2/results/generated/self_prompting_sd35_version2/special_3/0057.png
461,57,14010.png,self_prompting_sd35_version2,special_4,aggro,",Rx",aggro,0.0,0.0,1.6666666666666667,7.0682923900187395,4061,3464,/home/ekim339/project/SD3.5/datasets/SRNet_Datagen/train/train-50k-2/i_s/14010.png,/home/ekim339/project/SD3.5/experiments/self_prompting_sd35_version2/results/inputs/0057_14010.png,/home/ekim339/project/SD3.5/datasets/SRNet_Datagen/train/train-50k-2/mask_s/14010.png,/home/ekim339/project/SD3.5/experiments/self_prompting_sd35_version2/results/generated/self_prompting_sd35_version2/special_4/0057.png
462,57,14010.png,self_prompting_sd35_version2,special_5,aggro,D@*=&,aggro,0.0,0.0,1.0,7.0682923900187395,4061,3465,/home/ekim339/project/SD3.5/datasets/SRNet_Datagen/train/train-50k-2/i_s/14010.png,/home/ekim339/project/SD3.5/experiments/self_prompting_sd35_version2/results/inputs/0057_14010.png,/home/ekim339/project/SD3.5/datasets/SRNet_Datagen/train/train-50k-2/mask_s/14010.png,/home/ekim339/project/SD3.5/experiments/self_prompting_sd35_version2/results/generated/self_prompting_sd35_version2/special_5/0057.png
463,57,14010.png,self_prompting_sd35_version2,special_6,aggro,-_*!+,aggro,0.0,0.0,1.0,7.0682923900187395,4061,3466,/home/ekim339/project/SD3.5/datasets/SRNet_Datagen/train/train-50k-2/i_s/14010.png,/home/ekim339/project/SD3.5/experiments/self_prompting_sd35_version2/results/inputs/0057_14010.png,/home/ekim339/project/SD3.5/datasets/SRNet_Datagen/train/train-50k-2/mask_s/14010.png,/home/ekim339/project/SD3.5/experiments/self_prompting_sd35_version2/results/generated/self_prompting_sd35_version2/special_6/0057.png
464,58,13154.png,self_prompting_sd35_version2,case_upper,surah,HHFPP,surah,0.0,0.0,1.0,5.110790965910647,4062,3467,/home/ekim339/project/SD3.5/datasets/SRNet_Datagen/train/train-50k-4/i_s/13154.png,/home/ekim339/project/SD3.5/experiments/self_prompting_sd35_version2/results/inputs/0058_13154.png,/home/ekim339/project/SD3.5/datasets/SRNet_Datagen/train/train-50k-4/mask_s/13154.png,/home/ekim339/project/SD3.5/experiments/self_prompting_sd35_version2/results/generated/self_prompting_sd35_version2/case_upper/0058.png
465,58,13154.png,self_prompting_sd35_version2,case_lower,surah,hhfpp,surah,0.0,0.0,1.0,5.110790965910647,4062,3468,/home/ekim339/project/SD3.5/datasets/SRNet_Datagen/train/train-50k-4/i_s/13154.png,/home/ekim339/project/SD3.5/experiments/self_prompting_sd35_version2/results/inputs/0058_13154.png,/home/ekim339/project/SD3.5/datasets/SRNet_Datagen/train/train-50k-4/mask_s/13154.png,/home/ekim339/project/SD3.5/experiments/self_prompting_sd35_version2/results/generated/self_prompting_sd35_version2/case_lower/0058.png
466,58,13154.png,self_prompting_sd35_version2,special_1,surah,luECg,surah,0.0,0.19999999999999996,0.8,5.110790965910647,4062,3469,/home/ekim339/project/SD3.5/datasets/SRNet_Datagen/train/train-50k-4/i_s/13154.png,/home/ekim339/project/SD3.5/experiments/self_prompting_sd35_version2/results/inputs/0058_13154.png,/home/ekim339/project/SD3.5/datasets/SRNet_Datagen/train/train-50k-4/mask_s/13154.png,/home/ekim339/project/SD3.5/experiments/self_prompting_sd35_version2/results/generated/self_prompting_sd35_version2/special_1/0058.png
467,58,13154.png,self_prompting_sd35_version2,special_2,surah,!SWPt,surah,0.0,0.0,1.0,5.110790965910647,4062,3470,/home/ekim339/project/SD3.5/datasets/SRNet_Datagen/train/train-50k-4/i_s/13154.png,/home/ekim339/project/SD3.5/experiments/self_prompting_sd35_version2/results/inputs/0058_13154.png,/home/ekim339/project/SD3.5/datasets/SRNet_Datagen/train/train-50k-4/mask_s/13154.png,/home/ekim339/project/SD3.5/experiments/self_prompting_sd35_version2/results/generated/self_prompting_sd35_version2/special_2/0058.png
468,58,13154.png,self_prompting_sd35_version2,special_3,surah,%#EGK,surah,0.0,0.0,1.0,5.110790965910647,4062,3471,/home/ekim339/project/SD3.5/datasets/SRNet_Datagen/train/train-50k-4/i_s/13154.png,/home/ekim339/project/SD3.5/experiments/self_prompting_sd35_version2/results/inputs/0058_13154.png,/home/ekim339/project/SD3.5/datasets/SRNet_Datagen/train/train-50k-4/mask_s/13154.png,/home/ekim339/project/SD3.5/experiments/self_prompting_sd35_version2/results/generated/self_prompting_sd35_version2/special_3/0058.png
469,58,13154.png,self_prompting_sd35_version2,special_4,surah,AR*,surah,0.0,0.0,1.6666666666666667,5.110790965910647,4062,3472,/home/ekim339/project/SD3.5/datasets/SRNet_Datagen/train/train-50k-4/i_s/13154.png,/home/ekim339/project/SD3.5/experiments/self_prompting_sd35_version2/results/inputs/0058_13154.png,/home/ekim339/project/SD3.5/datasets/SRNet_Datagen/train/train-50k-4/mask_s/13154.png,/home/ekim339/project/SD3.5/experiments/self_prompting_sd35_version2/results/generated/self_prompting_sd35_version2/special_4/0058.png
470,58,13154.png,self_prompting_sd35_version2,special_5,surah,:j#!:,surah,0.0,0.0,1.0,5.110790965910647,4062,3473,/home/ekim339/project/SD3.5/datasets/SRNet_Datagen/train/train-50k-4/i_s/13154.png,/home/ekim339/project/SD3.5/experiments/self_prompting_sd35_version2/results/inputs/0058_13154.png,/home/ekim339/project/SD3.5/datasets/SRNet_Datagen/train/train-50k-4/mask_s/13154.png,/home/ekim339/project/SD3.5/experiments/self_prompting_sd35_version2/results/generated/self_prompting_sd35_version2/special_5/0058.png
471,58,13154.png,self_prompting_sd35_version2,special_6,surah,#??+?,surah,0.0,0.0,1.0,5.110790965910647,4062,3474,/home/ekim339/project/SD3.5/datasets/SRNet_Datagen/train/train-50k-4/i_s/13154.png,/home/ekim339/project/SD3.5/experiments/self_prompting_sd35_version2/results/inputs/0058_13154.png,/home/ekim339/project/SD3.5/datasets/SRNet_Datagen/train/train-50k-4/mask_s/13154.png,/home/ekim339/project/SD3.5/experiments/self_prompting_sd35_version2/results/generated/self_prompting_sd35_version2/special_6/0058.png
472,59,15441.png,self_prompting_sd35_version2,case_upper,manit,LYFKK,mani,0.0,0.0,1.0,4.91857131315175,4063,3475,/home/ekim339/project/SD3.5/datasets/SRNet_Datagen/train/train-50k-2/i_s/15441.png,/home/ekim339/project/SD3.5/experiments/self_prompting_sd35_version2/results/inputs/0059_15441.png,/home/ekim339/project/SD3.5/datasets/SRNet_Datagen/train/train-50k-2/mask_s/15441.png,/home/ekim339/project/SD3.5/experiments/self_prompting_sd35_version2/results/generated/self_prompting_sd35_version2/case_upper/0059.png
473,59,15441.png,self_prompting_sd35_version2,case_lower,manit,lyfkk,manit,0.0,0.0,1.0,4.91857131315175,4063,3476,/home/ekim339/project/SD3.5/datasets/SRNet_Datagen/train/train-50k-2/i_s/15441.png,/home/ekim339/project/SD3.5/experiments/self_prompting_sd35_version2/results/inputs/0059_15441.png,/home/ekim339/project/SD3.5/datasets/SRNet_Datagen/train/train-50k-2/mask_s/15441.png,/home/ekim339/project/SD3.5/experiments/self_prompting_sd35_version2/results/generated/self_prompting_sd35_version2/case_lower/0059.png
474,59,15441.png,self_prompting_sd35_version2,special_1,manit,RVzbh,manil,0.0,0.0,1.0,4.91857131315175,4063,3477,/home/ekim339/project/SD3.5/datasets/SRNet_Datagen/train/train-50k-2/i_s/15441.png,/home/ekim339/project/SD3.5/experiments/self_prompting_sd35_version2/results/inputs/0059_15441.png,/home/ekim339/project/SD3.5/datasets/SRNet_Datagen/train/train-50k-2/mask_s/15441.png,/home/ekim339/project/SD3.5/experiments/self_prompting_sd35_version2/results/generated/self_prompting_sd35_version2/special_1/0059.png
475,59,15441.png,self_prompting_sd35_version2,special_2,manit,%PIEi,manil,0.0,0.0,1.0,4.91857131315175,4063,3478,/home/ekim339/project/SD3.5/datasets/SRNet_Datagen/train/train-50k-2/i_s/15441.png,/home/ekim339/project/SD3.5/experiments/self_prompting_sd35_version2/results/inputs/0059_15441.png,/home/ekim339/project/SD3.5/datasets/SRNet_Datagen/train/train-50k-2/mask_s/15441.png,/home/ekim339/project/SD3.5/experiments/self_prompting_sd35_version2/results/generated/self_prompting_sd35_version2/special_2/0059.png
476,59,15441.png,self_prompting_sd35_version2,special_3,manit,.O$uF,msnit,0.0,0.0,1.0,4.91857131315175,4063,3479,/home/ekim339/project/SD3.5/datasets/SRNet_Datagen/train/train-50k-2/i_s/15441.png,/home/ekim339/project/SD3.5/experiments/self_prompting_sd35_version2/results/inputs/0059_15441.png,/home/ekim339/project/SD3.5/datasets/SRNet_Datagen/train/train-50k-2/mask_s/15441.png,/home/ekim339/project/SD3.5/experiments/self_prompting_sd35_version2/results/generated/self_prompting_sd35_version2/special_3/0059.png
477,59,15441.png,self_prompting_sd35_version2,special_4,manit,O:f,manif,0.0,0.19999999999999996,1.3333333333333333,4.91857131315175,4063,3480,/home/ekim339/project/SD3.5/datasets/SRNet_Datagen/train/train-50k-2/i_s/15441.png,/home/ekim339/project/SD3.5/experiments/self_prompting_sd35_version2/results/inputs/0059_15441.png,/home/ekim339/project/SD3.5/datasets/SRNet_Datagen/train/train-50k-2/mask_s/15441.png,/home/ekim339/project/SD3.5/experiments/self_prompting_sd35_version2/results/generated/self_prompting_sd35_version2/special_4/0059.png
478,59,15441.png,self_prompting_sd35_version2,special_5,manit,_?t%!,menit,0.0,0.0,1.0,4.91857131315175,4063,3481,/home/ekim339/project/SD3.5/datasets/SRNet_Datagen/train/train-50k-2/i_s/15441.png,/home/ekim339/project/SD3.5/experiments/self_prompting_sd35_version2/results/inputs/0059_15441.png,/home/ekim339/project/SD3.5/datasets/SRNet_Datagen/train/train-50k-2/mask_s/15441.png,/home/ekim339/project/SD3.5/experiments/self_prompting_sd35_version2/results/generated/self_prompting_sd35_version2/special_5/0059.png
479,59,15441.png,self_prompting_sd35_version2,special_6,manit,!;$._,manit,0.0,0.0,1.0,4.91857131315175,4063,3482,/home/ekim339/project/SD3.5/datasets/SRNet_Datagen/train/train-50k-2/i_s/15441.png,/home/ekim339/project/SD3.5/experiments/self_prompting_sd35_version2/results/inputs/0059_15441.png,/home/ekim339/project/SD3.5/datasets/SRNet_Datagen/train/train-50k-2/mask_s/15441.png,/home/ekim339/project/SD3.5/experiments/self_prompting_sd35_version2/results/generated/self_prompting_sd35_version2/special_6/0059.png
480,60,15512.png,self_prompting_sd35_version2,case_upper,skips,IUTLI,skips,0.0,0.0,1.0,11.477087999494046,4064,3483,/home/ekim339/project/SD3.5/datasets/SRNet_Datagen/train/train-50k-4/i_s/15512.png,/home/ekim339/project/SD3.5/experiments/self_prompting_sd35_version2/results/inputs/0060_15512.png,/home/ekim339/project/SD3.5/datasets/SRNet_Datagen/train/train-50k-4/mask_s/15512.png,/home/ekim339/project/SD3.5/experiments/self_prompting_sd35_version2/results/generated/self_prompting_sd35_version2/case_upper/0060.png
481,60,15512.png,self_prompting_sd35_version2,case_lower,skips,iutli,skips,0.0,0.0,1.0,11.477087999494046,4064,3484,/home/ekim339/project/SD3.5/datasets/SRNet_Datagen/train/train-50k-4/i_s/15512.png,/home/ekim339/project/SD3.5/experiments/self_prompting_sd35_version2/results/inputs/0060_15512.png,/home/ekim339/project/SD3.5/datasets/SRNet_Datagen/train/train-50k-4/mask_s/15512.png,/home/ekim339/project/SD3.5/experiments/self_prompting_sd35_version2/results/generated/self_prompting_sd35_version2/case_lower/0060.png
482,60,15512.png,self_prompting_sd35_version2,special_1,skips,ejDtY,skito,0.0,0.19999999999999996,0.8,11.477087999494046,4064,3485,/home/ekim339/project/SD3.5/datasets/SRNet_Datagen/train/train-50k-4/i_s/15512.png,/home/ekim339/project/SD3.5/experiments/self_prompting_sd35_version2/results/inputs/0060_15512.png,/home/ekim339/project/SD3.5/datasets/SRNet_Datagen/train/train-50k-4/mask_s/15512.png,/home/ekim339/project/SD3.5/experiments/self_prompting_sd35_version2/results/generated/self_prompting_sd35_version2/special_1/0060.png
483,60,15512.png,self_prompting_sd35_version2,special_2,skips,SS.TV,skips,0.0,0.0,1.0,11.477087999494046,4064,3486,/home/ekim339/project/SD3.5/datasets/SRNet_Datagen/train/train-50k-4/i_s/15512.png,/home/ekim339/project/SD3.5/experiments/self_prompting_sd35_version2/results/inputs/0060_15512.png,/home/ekim339/project/SD3.5/datasets/SRNet_Datagen/train/train-50k-4/mask_s/15512.png,/home/ekim339/project/SD3.5/experiments/self_prompting_sd35_version2/results/generated/self_prompting_sd35_version2/special_2/0060.png
484,60,15512.png,self_prompting_sd35_version2,special_3,skips,"D,dN=",skips,0.0,0.0,1.0,11.477087999494046,4064,3487,/home/ekim339/project/SD3.5/datasets/SRNet_Datagen/train/train-50k-4/i_s/15512.png,/home/ekim339/project/SD3.5/experiments/self_prompting_sd35_version2/results/inputs/0060_15512.png,/home/ekim339/project/SD3.5/datasets/SRNet_Datagen/train/train-50k-4/mask_s/15512.png,/home/ekim339/project/SD3.5/experiments/self_prompting_sd35_version2/results/generated/self_prompting_sd35_version2/special_3/0060.png
485,60,15512.png,self_prompting_sd35_version2,special_4,skips,Gq*,slaps,0.0,0.0,1.6666666666666667,11.477087999494046,4064,3488,/home/ekim339/project/SD3.5/datasets/SRNet_Datagen/train/train-50k-4/i_s/15512.png,/home/ekim339/project/SD3.5/experiments/self_prompting_sd35_version2/results/inputs/0060_15512.png,/home/ekim339/project/SD3.5/datasets/SRNet_Datagen/train/train-50k-4/mask_s/15512.png,/home/ekim339/project/SD3.5/experiments/self_prompting_sd35_version2/results/generated/self_prompting_sd35_version2/special_4/0060.png
486,60,15512.png,self_prompting_sd35_version2,special_5,skips,&@%r+,slaps,0.0,0.0,1.0,11.477087999494046,4064,3489,/home/ekim339/project/SD3.5/datasets/SRNet_Datagen/train/train-50k-4/i_s/15512.png,/home/ekim339/project/SD3.5/experiments/self_prompting_sd35_version2/results/inputs/0060_15512.png,/home/ekim339/project/SD3.5/datasets/SRNet_Datagen/train/train-50k-4/mask_s/15512.png,/home/ekim339/project/SD3.5/experiments/self_prompting_sd35_version2/results/generated/self_prompting_sd35_version2/special_5/0060.png
487,60,15512.png,self_prompting_sd35_version2,special_6,skips,"%,+-,",skips,0.0,0.0,1.0,11.477087999494046,4064,3490,/home/ekim339/project/SD3.5/datasets/SRNet_Datagen/train/train-50k-4/i_s/15512.png,/home/ekim339/project/SD3.5/experiments/self_prompting_sd35_version2/results/inputs/0060_15512.png,/home/ekim339/project/SD3.5/datasets/SRNet_Datagen/train/train-50k-4/mask_s/15512.png,/home/ekim339/project/SD3.5/experiments/self_prompting_sd35_version2/results/generated/self_prompting_sd35_version2/special_6/0060.png
488,61,33125.png,self_prompting_sd35_version2,case_upper,vibra,ZLGGL,vibor,0.0,0.0,1.0,5.258678883515728,4065,3491,/home/ekim339/project/SD3.5/datasets/SRNet_Datagen/train/train-50k-4/i_s/33125.png,/home/ekim339/project/SD3.5/experiments/self_prompting_sd35_version2/results/inputs/0061_33125.png,/home/ekim339/project/SD3.5/datasets/SRNet_Datagen/train/train-50k-4/mask_s/33125.png,/home/ekim339/project/SD3.5/experiments/self_prompting_sd35_version2/results/generated/self_prompting_sd35_version2/case_upper/0061.png
489,61,33125.png,self_prompting_sd35_version2,case_lower,vibra,zlggl,vibra,0.0,0.0,1.0,5.258678883515728,4065,3492,/home/ekim339/project/SD3.5/datasets/SRNet_Datagen/train/train-50k-4/i_s/33125.png,/home/ekim339/project/SD3.5/experiments/self_prompting_sd35_version2/results/inputs/0061_33125.png,/home/ekim339/project/SD3.5/datasets/SRNet_Datagen/train/train-50k-4/mask_s/33125.png,/home/ekim339/project/SD3.5/experiments/self_prompting_sd35_version2/results/generated/self_prompting_sd35_version2/case_lower/0061.png
490,61,33125.png,self_prompting_sd35_version2,special_1,vibra,iKjpt,vibra,0.0,0.0,1.0,5.258678883515728,4065,3493,/home/ekim339/project/SD3.5/datasets/SRNet_Datagen/train/train-50k-4/i_s/33125.png,/home/ekim339/project/SD3.5/experiments/self_prompting_sd35_version2/results/inputs/0061_33125.png,/home/ekim339/project/SD3.5/datasets/SRNet_Datagen/train/train-50k-4/mask_s/33125.png,/home/ekim339/project/SD3.5/experiments/self_prompting_sd35_version2/results/generated/self_prompting_sd35_version2/special_1/0061.png
491,61,33125.png,self_prompting_sd35_version2,special_2,vibra,i$XaG,viora,0.0,0.19999999999999996,0.8,5.258678883515728,4065,3494,/home/ekim339/project/SD3.5/datasets/SRNet_Datagen/train/train-50k-4/i_s/33125.png,/home/ekim339/project/SD3.5/experiments/self_prompting_sd35_version2/results/inputs/0061_33125.png,/home/ekim339/project/SD3.5/datasets/SRNet_Datagen/train/train-50k-4/mask_s/33125.png,/home/ekim339/project/SD3.5/experiments/self_prompting_sd35_version2/results/generated/self_prompting_sd35_version2/special_2/0061.png
492,61,33125.png,self_prompting_sd35_version2,special_3,vibra,N!BN#,vibra,0.0,0.0,1.0,5.258678883515728,4065,3495,/home/ekim339/project/SD3.5/datasets/SRNet_Datagen/train/train-50k-4/i_s/33125.png,/home/ekim339/project/SD3.5/experiments/self_prompting_sd35_version2/results/inputs/0061_33125.png,/home/ekim339/project/SD3.5/datasets/SRNet_Datagen/train/train-50k-4/mask_s/33125.png,/home/ekim339/project/SD3.5/experiments/self_prompting_sd35_version2/results/generated/self_prompting_sd35_version2/special_3/0061.png
493,61,33125.png,self_prompting_sd35_version2,special_4,vibra,RX@,vibra,0.0,0.0,1.6666666666666667,5.258678883515728,4065,3496,/home/ekim339/project/SD3.5/datasets/SRNet_Datagen/train/train-50k-4/i_s/33125.png,/home/ekim339/project/SD3.5/experiments/self_prompting_sd35_version2/results/inputs/0061_33125.png,/home/ekim339/project/SD3.5/datasets/SRNet_Datagen/train/train-50k-4/mask_s/33125.png,/home/ekim339/project/SD3.5/experiments/self_prompting_sd35_version2/results/generated/self_prompting_sd35_version2/special_4/0061.png
494,61,33125.png,self_prompting_sd35_version2,special_5,vibra,".!,.d",vibra,0.0,0.0,1.0,5.258678883515728,4065,3497,/home/ekim339/project/SD3.5/datasets/SRNet_Datagen/train/train-50k-4/i_s/33125.png,/home/ekim339/project/SD3.5/experiments/self_prompting_sd35_version2/results/inputs/0061_33125.png,/home/ekim339/project/SD3.5/datasets/SRNet_Datagen/train/train-50k-4/mask_s/33125.png,/home/ekim339/project/SD3.5/experiments/self_prompting_sd35_version2/results/generated/self_prompting_sd35_version2/special_5/0061.png
495,61,33125.png,self_prompting_sd35_version2,special_6,vibra,:+:!@,vibra,0.0,0.0,1.0,5.258678883515728,4065,3498,/home/ekim339/project/SD3.5/datasets/SRNet_Datagen/train/train-50k-4/i_s/33125.png,/home/ekim339/project/SD3.5/experiments/self_prompting_sd35_version2/results/inputs/0061_33125.png,/home/ekim339/project/SD3.5/datasets/SRNet_Datagen/train/train-50k-4/mask_s/33125.png,/home/ekim339/project/SD3.5/experiments/self_prompting_sd35_version2/results/generated/self_prompting_sd35_version2/special_6/0061.png
496,62,25383.png,self_prompting_sd35_version2,case_upper,wacko,IKGOY,wack,0.0,0.0,1.0,7.551058509839528,4066,3499,/home/ekim339/project/SD3.5/datasets/SRNet_Datagen/train/train-50k-2/i_s/25383.png,/home/ekim339/project/SD3.5/experiments/self_prompting_sd35_version2/results/inputs/0062_25383.png,/home/ekim339/project/SD3.5/datasets/SRNet_Datagen/train/train-50k-2/mask_s/25383.png,/home/ekim339/project/SD3.5/experiments/self_prompting_sd35_version2/results/generated/self_prompting_sd35_version2/case_upper/0062.png
497,62,25383.png,self_prompting_sd35_version2,case_lower,wacko,ikgoy,wacko,0.0,0.0,1.0,7.551058509839528,4066,3500,/home/ekim339/project/SD3.5/datasets/SRNet_Datagen/train/train-50k-2/i_s/25383.png,/home/ekim339/project/SD3.5/experiments/self_prompting_sd35_version2/results/inputs/0062_25383.png,/home/ekim339/project/SD3.5/datasets/SRNet_Datagen/train/train-50k-2/mask_s/25383.png,/home/ekim339/project/SD3.5/experiments/self_prompting_sd35_version2/results/generated/self_prompting_sd35_version2/case_lower/0062.png
498,62,25383.png,self_prompting_sd35_version2,special_1,wacko,wlvfi,wacko,0.0,0.19999999999999996,0.8,7.551058509839528,4066,3501,/home/ekim339/project/SD3.5/datasets/SRNet_Datagen/train/train-50k-2/i_s/25383.png,/home/ekim339/project/SD3.5/experiments/self_prompting_sd35_version2/results/inputs/0062_25383.png,/home/ekim339/project/SD3.5/datasets/SRNet_Datagen/train/train-50k-2/mask_s/25383.png,/home/ekim339/project/SD3.5/experiments/self_prompting_sd35_version2/results/generated/self_prompting_sd35_version2/special_1/0062.png
499,62,25383.png,self_prompting_sd35_version2,special_2,wacko,HH:Bq,wacko,0.0,0.0,1.0,7.551058509839528,4066,3502,/home/ekim339/project/SD3.5/datasets/SRNet_Datagen/train/train-50k-2/i_s/25383.png,/home/ekim339/project/SD3.5/experiments/self_prompting_sd35_version2/results/inputs/0062_25383.png,/home/ekim339/project/SD3.5/datasets/SRNet_Datagen/train/train-50k-2/mask_s/25383.png,/home/ekim339/project/SD3.5/experiments/self_prompting_sd35_version2/results/generated/self_prompting_sd35_version2/special_2/0062.png
500,62,25383.png,self_prompting_sd35_version2,special_3,wacko,_b.ac,wacko,0.0,0.0,1.0,7.551058509839528,4066,3503,/home/ekim339/project/SD3.5/datasets/SRNet_Datagen/train/train-50k-2/i_s/25383.png,/home/ekim339/project/SD3.5/experiments/self_prompting_sd35_version2/results/inputs/0062_25383.png,/home/ekim339/project/SD3.5/datasets/SRNet_Datagen/train/train-50k-2/mask_s/25383.png,/home/ekim339/project/SD3.5/experiments/self_prompting_sd35_version2/results/generated/self_prompting_sd35_version2/special_3/0062.png
501,62,25383.png,self_prompting_sd35_version2,special_4,wacko,Q=E,wacko,0.0,0.0,1.6666666666666667,7.551058509839528,4066,3504,/home/ekim339/project/SD3.5/datasets/SRNet_Datagen/train/train-50k-2/i_s/25383.png,/home/ekim339/project/SD3.5/experiments/self_prompting_sd35_version2/results/inputs/0062_25383.png,/home/ekim339/project/SD3.5/datasets/SRNet_Datagen/train/train-50k-2/mask_s/25383.png,/home/ekim339/project/SD3.5/experiments/self_prompting_sd35_version2/results/generated/self_prompting_sd35_version2/special_4/0062.png
502,62,25383.png,self_prompting_sd35_version2,special_5,wacko,:.@Q:,wack,0.0,0.0,1.0,7.551058509839528,4066,3505,/home/ekim339/project/SD3.5/datasets/SRNet_Datagen/train/train-50k-2/i_s/25383.png,/home/ekim339/project/SD3.5/experiments/self_prompting_sd35_version2/results/inputs/0062_25383.png,/home/ekim339/project/SD3.5/datasets/SRNet_Datagen/train/train-50k-2/mask_s/25383.png,/home/ekim339/project/SD3.5/experiments/self_prompting_sd35_version2/results/generated/self_prompting_sd35_version2/special_5/0062.png
503,62,25383.png,self_prompting_sd35_version2,special_6,wacko,#.$:*,wacko,0.0,0.0,1.0,7.551058509839528,4066,3506,/home/ekim339/project/SD3.5/datasets/SRNet_Datagen/train/train-50k-2/i_s/25383.png,/home/ekim339/project/SD3.5/experiments/self_prompting_sd35_version2/results/inputs/0062_25383.png,/home/ekim339/project/SD3.5/datasets/SRNet_Datagen/train/train-50k-2/mask_s/25383.png,/home/ekim339/project/SD3.5/experiments/self_prompting_sd35_version2/results/generated/self_prompting_sd35_version2/special_6/0062.png
504,63,05482.png,self_prompting_sd35_version2,case_upper,scalp,KNCNP,scalp,0.0,0.0,1.0,5.94165387213754,4067,3507,/home/ekim339/project/SD3.5/datasets/SRNet_Datagen/train/train-50k-1/i_s/05482.png,/home/ekim339/project/SD3.5/experiments/self_prompting_sd35_version2/results/inputs/0063_05482.png,/home/ekim339/project/SD3.5/datasets/SRNet_Datagen/train/train-50k-1/mask_s/05482.png,/home/ekim339/project/SD3.5/experiments/self_prompting_sd35_version2/results/generated/self_prompting_sd35_version2/case_upper/0063.png
505,63,05482.png,self_prompting_sd35_version2,case_lower,scalp,kncnp,scalp,0.0,0.19999999999999996,0.8,5.94165387213754,4067,3508,/home/ekim339/project/SD3.5/datasets/SRNet_Datagen/train/train-50k-1/i_s/05482.png,/home/ekim339/project/SD3.5/experiments/self_prompting_sd35_version2/results/inputs/0063_05482.png,/home/ekim339/project/SD3.5/datasets/SRNet_Datagen/train/train-50k-1/mask_s/05482.png,/home/ekim339/project/SD3.5/experiments/self_prompting_sd35_version2/results/generated/self_prompting_sd35_version2/case_lower/0063.png
506,63,05482.png,self_prompting_sd35_version2,special_1,scalp,cAMNr,scain,0.0,0.0,1.0,5.94165387213754,4067,3509,/home/ekim339/project/SD3.5/datasets/SRNet_Datagen/train/train-50k-1/i_s/05482.png,/home/ekim339/project/SD3.5/experiments/self_prompting_sd35_version2/results/inputs/0063_05482.png,/home/ekim339/project/SD3.5/datasets/SRNet_Datagen/train/train-50k-1/mask_s/05482.png,/home/ekim339/project/SD3.5/experiments/self_prompting_sd35_version2/results/generated/self_prompting_sd35_version2/special_1/0063.png
507,63,05482.png,self_prompting_sd35_version2,special_2,scalp,tO_rK,scalp,0.0,0.0,1.0,5.94165387213754,4067,3510,/home/ekim339/project/SD3.5/datasets/SRNet_Datagen/train/train-50k-1/i_s/05482.png,/home/ekim339/project/SD3.5/experiments/self_prompting_sd35_version2/results/inputs/0063_05482.png,/home/ekim339/project/SD3.5/datasets/SRNet_Datagen/train/train-50k-1/mask_s/05482.png,/home/ekim339/project/SD3.5/experiments/self_prompting_sd35_version2/results/generated/self_prompting_sd35_version2/special_2/0063.png
508,63,05482.png,self_prompting_sd35_version2,special_3,scalp,_Ybi*,scab,0.0,0.0,1.0,5.94165387213754,4067,3511,/home/ekim339/project/SD3.5/datasets/SRNet_Datagen/train/train-50k-1/i_s/05482.png,/home/ekim339/project/SD3.5/experiments/self_prompting_sd35_version2/results/inputs/0063_05482.png,/home/ekim339/project/SD3.5/datasets/SRNet_Datagen/train/train-50k-1/mask_s/05482.png,/home/ekim339/project/SD3.5/experiments/self_prompting_sd35_version2/results/generated/self_prompting_sd35_version2/special_3/0063.png
509,63,05482.png,self_prompting_sd35_version2,special_4,scalp,Sd.,scalo,0.0,0.0,1.6666666666666667,5.94165387213754,4067,3512,/home/ekim339/project/SD3.5/datasets/SRNet_Datagen/train/train-50k-1/i_s/05482.png,/home/ekim339/project/SD3.5/experiments/self_prompting_sd35_version2/results/inputs/0063_05482.png,/home/ekim339/project/SD3.5/datasets/SRNet_Datagen/train/train-50k-1/mask_s/05482.png,/home/ekim339/project/SD3.5/experiments/self_prompting_sd35_version2/results/generated/self_prompting_sd35_version2/special_4/0063.png
510,63,05482.png,self_prompting_sd35_version2,special_5,scalp,",!z:&",scalp,0.0,0.0,1.0,5.94165387213754,4067,3513,/home/ekim339/project/SD3.5/datasets/SRNet_Datagen/train/train-50k-1/i_s/05482.png,/home/ekim339/project/SD3.5/experiments/self_prompting_sd35_version2/results/inputs/0063_05482.png,/home/ekim339/project/SD3.5/datasets/SRNet_Datagen/train/train-50k-1/mask_s/05482.png,/home/ekim339/project/SD3.5/experiments/self_prompting_sd35_version2/results/generated/self_prompting_sd35_version2/special_5/0063.png
511,63,05482.png,self_prompting_sd35_version2,special_6,scalp,.$.&=,scalp,0.0,0.0,1.0,5.94165387213754,4067,3514,/home/ekim339/project/SD3.5/datasets/SRNet_Datagen/train/train-50k-1/i_s/05482.png,/home/ekim339/project/SD3.5/experiments/self_prompting_sd35_version2/results/inputs/0063_05482.png,/home/ekim339/project/SD3.5/datasets/SRNet_Datagen/train/train-50k-1/mask_s/05482.png,/home/ekim339/project/SD3.5/experiments/self_prompting_sd35_version2/results/generated/self_prompting_sd35_version2/special_6/0063.png
512,64,43752.png,self_prompting_sd35_version2,case_upper,devel,HOUYU,devel,0.0,0.0,1.0,5.771164565021644,4068,3515,/home/ekim339/project/SD3.5/datasets/SRNet_Datagen/train/train-50k-4/i_s/43752.png,/home/ekim339/project/SD3.5/experiments/self_prompting_sd35_version2/results/inputs/0064_43752.png,/home/ekim339/project/SD3.5/datasets/SRNet_Datagen/train/train-50k-4/mask_s/43752.png,/home/ekim339/project/SD3.5/experiments/self_prompting_sd35_version2/results/generated/self_prompting_sd35_version2/case_upper/0064.png
513,64,43752.png,self_prompting_sd35_version2,case_lower,devel,houyu,devel,0.0,0.0,1.0,5.771164565021644,4068,3516,/home/ekim339/project/SD3.5/datasets/SRNet_Datagen/train/train-50k-4/i_s/43752.png,/home/ekim339/project/SD3.5/experiments/self_prompting_sd35_version2/results/inputs/0064_43752.png,/home/ekim339/project/SD3.5/datasets/SRNet_Datagen/train/train-50k-4/mask_s/43752.png,/home/ekim339/project/SD3.5/experiments/self_prompting_sd35_version2/results/generated/self_prompting_sd35_version2/case_lower/0064.png
514,64,43752.png,self_prompting_sd35_version2,special_1,devel,KiVmy,devel,0.0,0.0,1.0,5.771164565021644,4068,3517,/home/ekim339/project/SD3.5/datasets/SRNet_Datagen/train/train-50k-4/i_s/43752.png,/home/ekim339/project/SD3.5/experiments/self_prompting_sd35_version2/results/inputs/0064_43752.png,/home/ekim339/project/SD3.5/datasets/SRNet_Datagen/train/train-50k-4/mask_s/43752.png,/home/ekim339/project/SD3.5/experiments/self_prompting_sd35_version2/results/generated/self_prompting_sd35_version2/special_1/0064.png
515,64,43752.png,self_prompting_sd35_version2,special_2,devel,IvQ!c,dievel,0.0,0.0,1.2,5.771164565021644,4068,3518,/home/ekim339/project/SD3.5/datasets/SRNet_Datagen/train/train-50k-4/i_s/43752.png,/home/ekim339/project/SD3.5/experiments/self_prompting_sd35_version2/results/inputs/0064_43752.png,/home/ekim339/project/SD3.5/datasets/SRNet_Datagen/train/train-50k-4/mask_s/43752.png,/home/ekim339/project/SD3.5/experiments/self_prompting_sd35_version2/results/generated/self_prompting_sd35_version2/special_2/0064.png
516,64,43752.png,self_prompting_sd35_version2,special_3,devel,X-l*g,devel,0.0,0.0,1.0,5.771164565021644,4068,3519,/home/ekim339/project/SD3.5/datasets/SRNet_Datagen/train/train-50k-4/i_s/43752.png,/home/ekim339/project/SD3.5/experiments/self_prompting_sd35_version2/results/inputs/0064_43752.png,/home/ekim339/project/SD3.5/datasets/SRNet_Datagen/train/train-50k-4/mask_s/43752.png,/home/ekim339/project/SD3.5/experiments/self_prompting_sd35_version2/results/generated/self_prompting_sd35_version2/special_3/0064.png
517,64,43752.png,self_prompting_sd35_version2,special_4,devel,KI-,devel,0.0,0.0,1.6666666666666667,5.771164565021644,4068,3520,/home/ekim339/project/SD3.5/datasets/SRNet_Datagen/train/train-50k-4/i_s/43752.png,/home/ekim339/project/SD3.5/experiments/self_prompting_sd35_version2/results/inputs/0064_43752.png,/home/ekim339/project/SD3.5/datasets/SRNet_Datagen/train/train-50k-4/mask_s/43752.png,/home/ekim339/project/SD3.5/experiments/self_prompting_sd35_version2/results/generated/self_prompting_sd35_version2/special_4/0064.png
518,64,43752.png,self_prompting_sd35_version2,special_5,devel,"%i+,_",devel,0.0,0.0,1.0,5.771164565021644,4068,3521,/home/ekim339/project/SD3.5/datasets/SRNet_Datagen/train/train-50k-4/i_s/43752.png,/home/ekim339/project/SD3.5/experiments/self_prompting_sd35_version2/results/inputs/0064_43752.png,/home/ekim339/project/SD3.5/datasets/SRNet_Datagen/train/train-50k-4/mask_s/43752.png,/home/ekim339/project/SD3.5/experiments/self_prompting_sd35_version2/results/generated/self_prompting_sd35_version2/special_5/0064.png
519,64,43752.png,self_prompting_sd35_version2,special_6,devel,";_,?#",devel,0.0,0.0,1.0,5.771164565021644,4068,3522,/home/ekim339/project/SD3.5/datasets/SRNet_Datagen/train/train-50k-4/i_s/43752.png,/home/ekim339/project/SD3.5/experiments/self_prompting_sd35_version2/results/inputs/0064_43752.png,/home/ekim339/project/SD3.5/datasets/SRNet_Datagen/train/train-50k-4/mask_s/43752.png,/home/ekim339/project/SD3.5/experiments/self_prompting_sd35_version2/results/generated/self_prompting_sd35_version2/special_6/0064.png
520,65,44793.png,self_prompting_sd35_version2,case_upper,calle,MLYOB,tene,0.0,0.0,1.0,11.600768926841868,4069,3523,/home/ekim339/project/SD3.5/datasets/SRNet_Datagen/train/train-50k-3/i_s/44793.png,/home/ekim339/project/SD3.5/experiments/self_prompting_sd35_version2/results/inputs/0065_44793.png,/home/ekim339/project/SD3.5/datasets/SRNet_Datagen/train/train-50k-3/mask_s/44793.png,/home/ekim339/project/SD3.5/experiments/self_prompting_sd35_version2/results/generated/self_prompting_sd35_version2/case_upper/0065.png
521,65,44793.png,self_prompting_sd35_version2,case_lower,calle,mlyob,tene,0.0,0.0,1.0,11.600768926841868,4069,3524,/home/ekim339/project/SD3.5/datasets/SRNet_Datagen/train/train-50k-3/i_s/44793.png,/home/ekim339/project/SD3.5/experiments/self_prompting_sd35_version2/results/inputs/0065_44793.png,/home/ekim339/project/SD3.5/datasets/SRNet_Datagen/train/train-50k-3/mask_s/44793.png,/home/ekim339/project/SD3.5/experiments/self_prompting_sd35_version2/results/generated/self_prompting_sd35_version2/case_lower/0065.png
522,65,44793.png,self_prompting_sd35_version2,special_1,calle,byrgj,tee,0.0,0.0,1.0,11.600768926841868,4069,3525,/home/ekim339/project/SD3.5/datasets/SRNet_Datagen/train/train-50k-3/i_s/44793.png,/home/ekim339/project/SD3.5/experiments/self_prompting_sd35_version2/results/inputs/0065_44793.png,/home/ekim339/project/SD3.5/datasets/SRNet_Datagen/train/train-50k-3/mask_s/44793.png,/home/ekim339/project/SD3.5/experiments/self_prompting_sd35_version2/results/generated/self_prompting_sd35_version2/special_1/0065.png
523,65,44793.png,self_prompting_sd35_version2,special_2,calle,UHPQ%,tee,0.0,0.0,1.0,11.600768926841868,4069,3526,/home/ekim339/project/SD3.5/datasets/SRNet_Datagen/train/train-50k-3/i_s/44793.png,/home/ekim339/project/SD3.5/experiments/self_prompting_sd35_version2/results/inputs/0065_44793.png,/home/ekim339/project/SD3.5/datasets/SRNet_Datagen/train/train-50k-3/mask_s/44793.png,/home/ekim339/project/SD3.5/experiments/self_prompting_sd35_version2/results/generated/self_prompting_sd35_version2/special_2/0065.png
524,65,44793.png,self_prompting_sd35_version2,special_3,calle,&$BIZ,teee,0.0,0.0,1.0,11.600768926841868,4069,3527,/home/ekim339/project/SD3.5/datasets/SRNet_Datagen/train/train-50k-3/i_s/44793.png,/home/ekim339/project/SD3.5/experiments/self_prompting_sd35_version2/results/inputs/0065_44793.png,/home/ekim339/project/SD3.5/datasets/SRNet_Datagen/train/train-50k-3/mask_s/44793.png,/home/ekim339/project/SD3.5/experiments/self_prompting_sd35_version2/results/generated/self_prompting_sd35_version2/special_3/0065.png
525,65,44793.png,self_prompting_sd35_version2,special_4,calle,ip+,toe,0.0,0.0,1.0,11.600768926841868,4069,3528,/home/ekim339/project/SD3.5/datasets/SRNet_Datagen/train/train-50k-3/i_s/44793.png,/home/ekim339/project/SD3.5/experiments/self_prompting_sd35_version2/results/inputs/0065_44793.png,/home/ekim339/project/SD3.5/datasets/SRNet_Datagen/train/train-50k-3/mask_s/44793.png,/home/ekim339/project/SD3.5/experiments/self_prompting_sd35_version2/results/generated/self_prompting_sd35_version2/special_4/0065.png
526,65,44793.png,self_prompting_sd35_version2,special_5,calle,.O@@;,toe,0.0,0.0,1.0,11.600768926841868,4069,3529,/home/ekim339/project/SD3.5/datasets/SRNet_Datagen/train/train-50k-3/i_s/44793.png,/home/ekim339/project/SD3.5/experiments/self_prompting_sd35_version2/results/inputs/0065_44793.png,/home/ekim339/project/SD3.5/datasets/SRNet_Datagen/train/train-50k-3/mask_s/44793.png,/home/ekim339/project/SD3.5/experiments/self_prompting_sd35_version2/results/generated/self_prompting_sd35_version2/special_5/0065.png
527,65,44793.png,self_prompting_sd35_version2,special_6,calle,;@##=,ton,0.0,0.0,1.0,11.600768926841868,4069,3530,/home/ekim339/project/SD3.5/datasets/SRNet_Datagen/train/train-50k-3/i_s/44793.png,/home/ekim339/project/SD3.5/experiments/self_prompting_sd35_version2/results/inputs/0065_44793.png,/home/ekim339/project/SD3.5/datasets/SRNet_Datagen/train/train-50k-3/mask_s/44793.png,/home/ekim339/project/SD3.5/experiments/self_prompting_sd35_version2/results/generated/self_prompting_sd35_version2/special_6/0065.png
528,66,18796.png,self_prompting_sd35_version2,case_upper,muddy,GYZYA,muddy,0.0,0.0,1.0,5.183852667186652,4070,3531,/home/ekim339/project/SD3.5/datasets/SRNet_Datagen/train/train-50k-2/i_s/18796.png,/home/ekim339/project/SD3.5/experiments/self_prompting_sd35_version2/results/inputs/0066_18796.png,/home/ekim339/project/SD3.5/datasets/SRNet_Datagen/train/train-50k-2/mask_s/18796.png,/home/ekim339/project/SD3.5/experiments/self_prompting_sd35_version2/results/generated/self_prompting_sd35_version2/case_upper/0066.png
529,66,18796.png,self_prompting_sd35_version2,case_lower,muddy,gyzya,muddy,0.0,0.0,1.0,5.183852667186652,4070,3532,/home/ekim339/project/SD3.5/datasets/SRNet_Datagen/train/train-50k-2/i_s/18796.png,/home/ekim339/project/SD3.5/experiments/self_prompting_sd35_version2/results/inputs/0066_18796.png,/home/ekim339/project/SD3.5/datasets/SRNet_Datagen/train/train-50k-2/mask_s/18796.png,/home/ekim339/project/SD3.5/experiments/self_prompting_sd35_version2/results/generated/self_prompting_sd35_version2/case_lower/0066.png
530,66,18796.png,self_prompting_sd35_version2,special_1,muddy,yudMT,muddy,0.0,0.4,0.6,5.183852667186652,4070,3533,/home/ekim339/project/SD3.5/datasets/SRNet_Datagen/train/train-50k-2/i_s/18796.png,/home/ekim339/project/SD3.5/experiments/self_prompting_sd35_version2/results/inputs/0066_18796.png,/home/ekim339/project/SD3.5/datasets/SRNet_Datagen/train/train-50k-2/mask_s/18796.png,/home/ekim339/project/SD3.5/experiments/self_prompting_sd35_version2/results/generated/self_prompting_sd35_version2/special_1/0066.png
531,66,18796.png,self_prompting_sd35_version2,special_2,muddy,RB*kR,muddy,0.0,0.0,1.0,5.183852667186652,4070,3534,/home/ekim339/project/SD3.5/datasets/SRNet_Datagen/train/train-50k-2/i_s/18796.png,/home/ekim339/project/SD3.5/experiments/self_prompting_sd35_version2/results/inputs/0066_18796.png,/home/ekim339/project/SD3.5/datasets/SRNet_Datagen/train/train-50k-2/mask_s/18796.png,/home/ekim339/project/SD3.5/experiments/self_prompting_sd35_version2/results/generated/self_prompting_sd35_version2/special_2/0066.png
532,66,18796.png,self_prompting_sd35_version2,special_3,muddy,&HuM@,muddy,0.0,0.0,1.0,5.183852667186652,4070,3535,/home/ekim339/project/SD3.5/datasets/SRNet_Datagen/train/train-50k-2/i_s/18796.png,/home/ekim339/project/SD3.5/experiments/self_prompting_sd35_version2/results/inputs/0066_18796.png,/home/ekim339/project/SD3.5/datasets/SRNet_Datagen/train/train-50k-2/mask_s/18796.png,/home/ekim339/project/SD3.5/experiments/self_prompting_sd35_version2/results/generated/self_prompting_sd35_version2/special_3/0066.png
533,66,18796.png,self_prompting_sd35_version2,special_4,muddy,s=E,muddy,0.0,0.0,1.6666666666666667,5.183852667186652,4070,3536,/home/ekim339/project/SD3.5/datasets/SRNet_Datagen/train/train-50k-2/i_s/18796.png,/home/ekim339/project/SD3.5/experiments/self_prompting_sd35_version2/results/inputs/0066_18796.png,/home/ekim339/project/SD3.5/datasets/SRNet_Datagen/train/train-50k-2/mask_s/18796.png,/home/ekim339/project/SD3.5/experiments/self_prompting_sd35_version2/results/generated/self_prompting_sd35_version2/special_4/0066.png
534,66,18796.png,self_prompting_sd35_version2,special_5,muddy,"=&w,;",muddy,0.0,0.0,1.0,5.183852667186652,4070,3537,/home/ekim339/project/SD3.5/datasets/SRNet_Datagen/train/train-50k-2/i_s/18796.png,/home/ekim339/project/SD3.5/experiments/self_prompting_sd35_version2/results/inputs/0066_18796.png,/home/ekim339/project/SD3.5/datasets/SRNet_Datagen/train/train-50k-2/mask_s/18796.png,/home/ekim339/project/SD3.5/experiments/self_prompting_sd35_version2/results/generated/self_prompting_sd35_version2/special_5/0066.png
535,66,18796.png,self_prompting_sd35_version2,special_6,muddy,$+#&$,muddy,0.0,0.0,1.0,5.183852667186652,4070,3538,/home/ekim339/project/SD3.5/datasets/SRNet_Datagen/train/train-50k-2/i_s/18796.png,/home/ekim339/project/SD3.5/experiments/self_prompting_sd35_version2/results/inputs/0066_18796.png,/home/ekim339/project/SD3.5/datasets/SRNet_Datagen/train/train-50k-2/mask_s/18796.png,/home/ekim339/project/SD3.5/experiments/self_prompting_sd35_version2/results/generated/self_prompting_sd35_version2/special_6/0066.png
536,67,17007.png,self_prompting_sd35_version2,case_upper,layer,OYGJI,bayer,0.0,0.0,1.0,6.601236961631667,4071,3539,/home/ekim339/project/SD3.5/datasets/SRNet_Datagen/train/train-50k-1/i_s/17007.png,/home/ekim339/project/SD3.5/experiments/self_prompting_sd35_version2/results/inputs/0067_17007.png,/home/ekim339/project/SD3.5/datasets/SRNet_Datagen/train/train-50k-1/mask_s/17007.png,/home/ekim339/project/SD3.5/experiments/self_prompting_sd35_version2/results/generated/self_prompting_sd35_version2/case_upper/0067.png
537,67,17007.png,self_prompting_sd35_version2,case_lower,layer,oygji,coer,0.0,0.0,1.0,6.601236961631667,4071,3540,/home/ekim339/project/SD3.5/datasets/SRNet_Datagen/train/train-50k-1/i_s/17007.png,/home/ekim339/project/SD3.5/experiments/self_prompting_sd35_version2/results/inputs/0067_17007.png,/home/ekim339/project/SD3.5/datasets/SRNet_Datagen/train/train-50k-1/mask_s/17007.png,/home/ekim339/project/SD3.5/experiments/self_prompting_sd35_version2/results/generated/self_prompting_sd35_version2/case_lower/0067.png
538,67,17007.png,self_prompting_sd35_version2,special_1,layer,WWKHM,fyerr,0.0,0.0,1.0,6.601236961631667,4071,3541,/home/ekim339/project/SD3.5/datasets/SRNet_Datagen/train/train-50k-1/i_s/17007.png,/home/ekim339/project/SD3.5/experiments/self_prompting_sd35_version2/results/inputs/0067_17007.png,/home/ekim339/project/SD3.5/datasets/SRNet_Datagen/train/train-50k-1/mask_s/17007.png,/home/ekim339/project/SD3.5/experiments/self_prompting_sd35_version2/results/generated/self_prompting_sd35_version2/special_1/0067.png
539,67,17007.png,self_prompting_sd35_version2,special_2,layer,h$suI,dyer,0.0,0.0,1.0,6.601236961631667,4071,3542,/home/ekim339/project/SD3.5/datasets/SRNet_Datagen/train/train-50k-1/i_s/17007.png,/home/ekim339/project/SD3.5/experiments/self_prompting_sd35_version2/results/inputs/0067_17007.png,/home/ekim339/project/SD3.5/datasets/SRNet_Datagen/train/train-50k-1/mask_s/17007.png,/home/ekim339/project/SD3.5/experiments/self_prompting_sd35_version2/results/generated/self_prompting_sd35_version2/special_2/0067.png
540,67,17007.png,self_prompting_sd35_version2,special_3,layer,?&JqU,dlyer,0.0,0.0,1.0,6.601236961631667,4071,3543,/home/ekim339/project/SD3.5/datasets/SRNet_Datagen/train/train-50k-1/i_s/17007.png,/home/ekim339/project/SD3.5/experiments/self_prompting_sd35_version2/results/inputs/0067_17007.png,/home/ekim339/project/SD3.5/datasets/SRNet_Datagen/train/train-50k-1/mask_s/17007.png,/home/ekim339/project/SD3.5/experiments/self_prompting_sd35_version2/results/generated/self_prompting_sd35_version2/special_3/0067.png
541,67,17007.png,self_prompting_sd35_version2,special_4,layer,:Mc,tyyer,0.0,0.0,1.6666666666666667,6.601236961631667,4071,3544,/home/ekim339/project/SD3.5/datasets/SRNet_Datagen/train/train-50k-1/i_s/17007.png,/home/ekim339/project/SD3.5/experiments/self_prompting_sd35_version2/results/inputs/0067_17007.png,/home/ekim339/project/SD3.5/datasets/SRNet_Datagen/train/train-50k-1/mask_s/17007.png,/home/ekim339/project/SD3.5/experiments/self_prompting_sd35_version2/results/generated/self_prompting_sd35_version2/special_4/0067.png
542,67,17007.png,self_prompting_sd35_version2,special_5,layer,_%%_N,over,0.0,0.0,1.0,6.601236961631667,4071,3545,/home/ekim339/project/SD3.5/datasets/SRNet_Datagen/train/train-50k-1/i_s/17007.png,/home/ekim339/project/SD3.5/experiments/self_prompting_sd35_version2/results/inputs/0067_17007.png,/home/ekim339/project/SD3.5/datasets/SRNet_Datagen/train/train-50k-1/mask_s/17007.png,/home/ekim339/project/SD3.5/experiments/self_prompting_sd35_version2/results/generated/self_prompting_sd35_version2/special_5/0067.png
543,67,17007.png,self_prompting_sd35_version2,special_6,layer,",-=*_",anye,0.0,0.0,1.0,6.601236961631667,4071,3546,/home/ekim339/project/SD3.5/datasets/SRNet_Datagen/train/train-50k-1/i_s/17007.png,/home/ekim339/project/SD3.5/experiments/self_prompting_sd35_version2/results/inputs/0067_17007.png,/home/ekim339/project/SD3.5/datasets/SRNet_Datagen/train/train-50k-1/mask_s/17007.png,/home/ekim339/project/SD3.5/experiments/self_prompting_sd35_version2/results/generated/self_prompting_sd35_version2/special_6/0067.png
544,68,08524.png,self_prompting_sd35_version2,case_upper,sooth,IXRTB,sooth,0.0,0.0,1.0,6.41491731688589,4072,3547,/home/ekim339/project/SD3.5/datasets/SRNet_Datagen/train/train-50k-2/i_s/08524.png,/home/ekim339/project/SD3.5/experiments/self_prompting_sd35_version2/results/inputs/0068_08524.png,/home/ekim339/project/SD3.5/datasets/SRNet_Datagen/train/train-50k-2/mask_s/08524.png,/home/ekim339/project/SD3.5/experiments/self_prompting_sd35_version2/results/generated/self_prompting_sd35_version2/case_upper/0068.png
545,68,08524.png,self_prompting_sd35_version2,case_lower,sooth,ixrtb,sooth,0.0,0.19999999999999996,0.8,6.41491731688589,4072,3548,/home/ekim339/project/SD3.5/datasets/SRNet_Datagen/train/train-50k-2/i_s/08524.png,/home/ekim339/project/SD3.5/experiments/self_prompting_sd35_version2/results/inputs/0068_08524.png,/home/ekim339/project/SD3.5/datasets/SRNet_Datagen/train/train-50k-2/mask_s/08524.png,/home/ekim339/project/SD3.5/experiments/self_prompting_sd35_version2/results/generated/self_prompting_sd35_version2/case_lower/0068.png
546,68,08524.png,self_prompting_sd35_version2,special_1,sooth,EreJZ,sooth,0.0,0.0,1.0,6.41491731688589,4072,3549,/home/ekim339/project/SD3.5/datasets/SRNet_Datagen/train/train-50k-2/i_s/08524.png,/home/ekim339/project/SD3.5/experiments/self_prompting_sd35_version2/results/inputs/0068_08524.png,/home/ekim339/project/SD3.5/datasets/SRNet_Datagen/train/train-50k-2/mask_s/08524.png,/home/ekim339/project/SD3.5/experiments/self_prompting_sd35_version2/results/generated/self_prompting_sd35_version2/special_1/0068.png
547,68,08524.png,self_prompting_sd35_version2,special_2,sooth,kCsc!,sooth,0.0,0.0,1.0,6.41491731688589,4072,3550,/home/ekim339/project/SD3.5/datasets/SRNet_Datagen/train/train-50k-2/i_s/08524.png,/home/ekim339/project/SD3.5/experiments/self_prompting_sd35_version2/results/inputs/0068_08524.png,/home/ekim339/project/SD3.5/datasets/SRNet_Datagen/train/train-50k-2/mask_s/08524.png,/home/ekim339/project/SD3.5/experiments/self_prompting_sd35_version2/results/generated/self_prompting_sd35_version2/special_2/0068.png
548,68,08524.png,self_prompting_sd35_version2,special_3,sooth,crz$#,sooth,0.0,0.0,1.0,6.41491731688589,4072,3551,/home/ekim339/project/SD3.5/datasets/SRNet_Datagen/train/train-50k-2/i_s/08524.png,/home/ekim339/project/SD3.5/experiments/self_prompting_sd35_version2/results/inputs/0068_08524.png,/home/ekim339/project/SD3.5/datasets/SRNet_Datagen/train/train-50k-2/mask_s/08524.png,/home/ekim339/project/SD3.5/experiments/self_prompting_sd35_version2/results/generated/self_prompting_sd35_version2/special_3/0068.png
549,68,08524.png,self_prompting_sd35_version2,special_4,sooth,M#H,sooth,0.0,0.0,1.6666666666666667,6.41491731688589,4072,3552,/home/ekim339/project/SD3.5/datasets/SRNet_Datagen/train/train-50k-2/i_s/08524.png,/home/ekim339/project/SD3.5/experiments/self_prompting_sd35_version2/results/inputs/0068_08524.png,/home/ekim339/project/SD3.5/datasets/SRNet_Datagen/train/train-50k-2/mask_s/08524.png,/home/ekim339/project/SD3.5/experiments/self_prompting_sd35_version2/results/generated/self_prompting_sd35_version2/special_4/0068.png
550,68,08524.png,self_prompting_sd35_version2,special_5,sooth,!&:@a,sooth,0.0,0.0,1.0,6.41491731688589,4072,3553,/home/ekim339/project/SD3.5/datasets/SRNet_Datagen/train/train-50k-2/i_s/08524.png,/home/ekim339/project/SD3.5/experiments/self_prompting_sd35_version2/results/inputs/0068_08524.png,/home/ekim339/project/SD3.5/datasets/SRNet_Datagen/train/train-50k-2/mask_s/08524.png,/home/ekim339/project/SD3.5/experiments/self_prompting_sd35_version2/results/generated/self_prompting_sd35_version2/special_5/0068.png
551,68,08524.png,self_prompting_sd35_version2,special_6,sooth,**.;.,sooth,0.0,0.0,1.0,6.41491731688589,4072,3554,/home/ekim339/project/SD3.5/datasets/SRNet_Datagen/train/train-50k-2/i_s/08524.png,/home/ekim339/project/SD3.5/experiments/self_prompting_sd35_version2/results/inputs/0068_08524.png,/home/ekim339/project/SD3.5/datasets/SRNet_Datagen/train/train-50k-2/mask_s/08524.png,/home/ekim339/project/SD3.5/experiments/self_prompting_sd35_version2/results/generated/self_prompting_sd35_version2/special_6/0068.png
552,69,11903.png,self_prompting_sd35_version2,case_upper,hauls,RFOFP,hauls,0.0,0.0,1.0,7.317031278913556,4073,3555,/home/ekim339/project/SD3.5/datasets/SRNet_Datagen/train/train-50k-4/i_s/11903.png,/home/ekim339/project/SD3.5/experiments/self_prompting_sd35_version2/results/inputs/0069_11903.png,/home/ekim339/project/SD3.5/datasets/SRNet_Datagen/train/train-50k-4/mask_s/11903.png,/home/ekim339/project/SD3.5/experiments/self_prompting_sd35_version2/results/generated/self_prompting_sd35_version2/case_upper/0069.png
553,69,11903.png,self_prompting_sd35_version2,case_lower,hauls,rfofp,hauls,0.0,0.0,1.0,7.317031278913556,4073,3556,/home/ekim339/project/SD3.5/datasets/SRNet_Datagen/train/train-50k-4/i_s/11903.png,/home/ekim339/project/SD3.5/experiments/self_prompting_sd35_version2/results/inputs/0069_11903.png,/home/ekim339/project/SD3.5/datasets/SRNet_Datagen/train/train-50k-4/mask_s/11903.png,/home/ekim339/project/SD3.5/experiments/self_prompting_sd35_version2/results/generated/self_prompting_sd35_version2/case_lower/0069.png
554,69,11903.png,self_prompting_sd35_version2,special_1,hauls,bClWL,hauls,0.0,0.0,1.0,7.317031278913556,4073,3557,/home/ekim339/project/SD3.5/datasets/SRNet_Datagen/train/train-50k-4/i_s/11903.png,/home/ekim339/project/SD3.5/experiments/self_prompting_sd35_version2/results/inputs/0069_11903.png,/home/ekim339/project/SD3.5/datasets/SRNet_Datagen/train/train-50k-4/mask_s/11903.png,/home/ekim339/project/SD3.5/experiments/self_prompting_sd35_version2/results/generated/self_prompting_sd35_version2/special_1/0069.png
555,69,11903.png,self_prompting_sd35_version2,special_2,hauls,G&onD,hauls,0.0,0.0,1.0,7.317031278913556,4073,3558,/home/ekim339/project/SD3.5/datasets/SRNet_Datagen/train/train-50k-4/i_s/11903.png,/home/ekim339/project/SD3.5/experiments/self_prompting_sd35_version2/results/inputs/0069_11903.png,/home/ekim339/project/SD3.5/datasets/SRNet_Datagen/train/train-50k-4/mask_s/11903.png,/home/ekim339/project/SD3.5/experiments/self_prompting_sd35_version2/results/generated/self_prompting_sd35_version2/special_2/0069.png
556,69,11903.png,self_prompting_sd35_version2,special_3,hauls,;Bm.l,hauls,0.0,0.0,1.0,7.317031278913556,4073,3559,/home/ekim339/project/SD3.5/datasets/SRNet_Datagen/train/train-50k-4/i_s/11903.png,/home/ekim339/project/SD3.5/experiments/self_prompting_sd35_version2/results/inputs/0069_11903.png,/home/ekim339/project/SD3.5/datasets/SRNet_Datagen/train/train-50k-4/mask_s/11903.png,/home/ekim339/project/SD3.5/experiments/self_prompting_sd35_version2/results/generated/self_prompting_sd35_version2/special_3/0069.png
557,69,11903.png,self_prompting_sd35_version2,special_4,hauls,#sT,hauls,0.0,0.0,1.6666666666666667,7.317031278913556,4073,3560,/home/ekim339/project/SD3.5/datasets/SRNet_Datagen/train/train-50k-4/i_s/11903.png,/home/ekim339/project/SD3.5/experiments/self_prompting_sd35_version2/results/inputs/0069_11903.png,/home/ekim339/project/SD3.5/datasets/SRNet_Datagen/train/train-50k-4/mask_s/11903.png,/home/ekim339/project/SD3.5/experiments/self_prompting_sd35_version2/results/generated/self_prompting_sd35_version2/special_4/0069.png
558,69,11903.png,self_prompting_sd35_version2,special_5,hauls,$=?g+,hauls,0.0,0.0,1.0,7.317031278913556,4073,3561,/home/ekim339/project/SD3.5/datasets/SRNet_Datagen/train/train-50k-4/i_s/11903.png,/home/ekim339/project/SD3.5/experiments/self_prompting_sd35_version2/results/inputs/0069_11903.png,/home/ekim339/project/SD3.5/datasets/SRNet_Datagen/train/train-50k-4/mask_s/11903.png,/home/ekim339/project/SD3.5/experiments/self_prompting_sd35_version2/results/generated/self_prompting_sd35_version2/special_5/0069.png
559,69,11903.png,self_prompting_sd35_version2,special_6,hauls,_.!+;,hauls,0.0,0.0,1.0,7.317031278913556,4073,3562,/home/ekim339/project/SD3.5/datasets/SRNet_Datagen/train/train-50k-4/i_s/11903.png,/home/ekim339/project/SD3.5/experiments/self_prompting_sd35_version2/results/inputs/0069_11903.png,/home/ekim339/project/SD3.5/datasets/SRNet_Datagen/train/train-50k-4/mask_s/11903.png,/home/ekim339/project/SD3.5/experiments/self_prompting_sd35_version2/results/generated/self_prompting_sd35_version2/special_6/0069.png
560,70,34323.png,self_prompting_sd35_version2,case_upper,creek,KTDEA,aecrreeti,0.0,0.0,1.8,10.15470667471994,4074,3563,/home/ekim339/project/SD3.5/datasets/SRNet_Datagen/train/train-50k-2/i_s/34323.png,/home/ekim339/project/SD3.5/experiments/self_prompting_sd35_version2/results/inputs/0070_34323.png,/home/ekim339/project/SD3.5/datasets/SRNet_Datagen/train/train-50k-2/mask_s/34323.png,/home/ekim339/project/SD3.5/experiments/self_prompting_sd35_version2/results/generated/self_prompting_sd35_version2/case_upper/0070.png
561,70,34323.png,self_prompting_sd35_version2,case_lower,creek,ktdea,refregett,0.0,0.11111111111111116,1.6,10.15470667471994,4074,3564,/home/ekim339/project/SD3.5/datasets/SRNet_Datagen/train/train-50k-2/i_s/34323.png,/home/ekim339/project/SD3.5/experiments/self_prompting_sd35_version2/results/inputs/0070_34323.png,/home/ekim339/project/SD3.5/datasets/SRNet_Datagen/train/train-50k-2/mask_s/34323.png,/home/ekim339/project/SD3.5/experiments/self_prompting_sd35_version2/results/generated/self_prompting_sd35_version2/case_lower/0070.png
562,70,34323.png,self_prompting_sd35_version2,special_1,creek,HxEpS,aefrreevie,0.0,0.0,2.0,10.15470667471994,4074,3565,/home/ekim339/project/SD3.5/datasets/SRNet_Datagen/train/train-50k-2/i_s/34323.png,/home/ekim339/project/SD3.5/experiments/self_prompting_sd35_version2/results/inputs/0070_34323.png,/home/ekim339/project/SD3.5/datasets/SRNet_Datagen/train/train-50k-2/mask_s/34323.png,/home/ekim339/project/SD3.5/experiments/self_prompting_sd35_version2/results/generated/self_prompting_sd35_version2/special_1/0070.png
563,70,34323.png,self_prompting_sd35_version2,special_2,creek,B$EWz,aecrreeye,0.0,0.0,1.8,10.15470667471994,4074,3566,/home/ekim339/project/SD3.5/datasets/SRNet_Datagen/train/train-50k-2/i_s/34323.png,/home/ekim339/project/SD3.5/experiments/self_prompting_sd35_version2/results/inputs/0070_34323.png,/home/ekim339/project/SD3.5/datasets/SRNet_Datagen/train/train-50k-2/mask_s/34323.png,/home/ekim339/project/SD3.5/experiments/self_prompting_sd35_version2/results/generated/self_prompting_sd35_version2/special_2/0070.png
564,70,34323.png,self_prompting_sd35_version2,special_3,creek,kLm@*,decrreeee,0.0,0.0,1.8,10.15470667471994,4074,3567,/home/ekim339/project/SD3.5/datasets/SRNet_Datagen/train/train-50k-2/i_s/34323.png,/home/ekim339/project/SD3.5/experiments/self_prompting_sd35_version2/results/inputs/0070_34323.png,/home/ekim339/project/SD3.5/datasets/SRNet_Datagen/train/train-50k-2/mask_s/34323.png,/home/ekim339/project/SD3.5/experiments/self_prompting_sd35_version2/results/generated/self_prompting_sd35_version2/special_3/0070.png
565,70,34323.png,self_prompting_sd35_version2,special_4,creek,?JX,aecrreekin,0.0,0.0,3.3333333333333335,10.15470667471994,4074,3568,/home/ekim339/project/SD3.5/datasets/SRNet_Datagen/train/train-50k-2/i_s/34323.png,/home/ekim339/project/SD3.5/experiments/self_prompting_sd35_version2/results/inputs/0070_34323.png,/home/ekim339/project/SD3.5/datasets/SRNet_Datagen/train/train-50k-2/mask_s/34323.png,/home/ekim339/project/SD3.5/experiments/self_prompting_sd35_version2/results/generated/self_prompting_sd35_version2/special_4/0070.png
566,70,34323.png,self_prompting_sd35_version2,special_5,creek,=:_L?,iecrreeye,0.0,0.0,1.8,10.15470667471994,4074,3569,/home/ekim339/project/SD3.5/datasets/SRNet_Datagen/train/train-50k-2/i_s/34323.png,/home/ekim339/project/SD3.5/experiments/self_prompting_sd35_version2/results/inputs/0070_34323.png,/home/ekim339/project/SD3.5/datasets/SRNet_Datagen/train/train-50k-2/mask_s/34323.png,/home/ekim339/project/SD3.5/experiments/self_prompting_sd35_version2/results/generated/self_prompting_sd35_version2/special_5/0070.png
567,70,34323.png,self_prompting_sd35_version2,special_6,creek,",@+!&",ancrreetin,0.0,0.0,2.0,10.15470667471994,4074,3570,/home/ekim339/project/SD3.5/datasets/SRNet_Datagen/train/train-50k-2/i_s/34323.png,/home/ekim339/project/SD3.5/experiments/self_prompting_sd35_version2/results/inputs/0070_34323.png,/home/ekim339/project/SD3.5/datasets/SRNet_Datagen/train/train-50k-2/mask_s/34323.png,/home/ekim339/project/SD3.5/experiments/self_prompting_sd35_version2/results/generated/self_prompting_sd35_version2/special_6/0070.png
568,71,20710.png,self_prompting_sd35_version2,case_upper,prink,KPBCF,propty,0.0,0.0,1.2,10.569393844982482,4075,3571,/home/ekim339/project/SD3.5/datasets/SRNet_Datagen/train/train-50k-2/i_s/20710.png,/home/ekim339/project/SD3.5/experiments/self_prompting_sd35_version2/results/inputs/0071_20710.png,/home/ekim339/project/SD3.5/datasets/SRNet_Datagen/train/train-50k-2/mask_s/20710.png,/home/ekim339/project/SD3.5/experiments/self_prompting_sd35_version2/results/generated/self_prompting_sd35_version2/case_upper/0071.png
569,71,20710.png,self_prompting_sd35_version2,case_lower,prink,kpbcf,prrky,0.0,0.0,1.0,10.569393844982482,4075,3572,/home/ekim339/project/SD3.5/datasets/SRNet_Datagen/train/train-50k-2/i_s/20710.png,/home/ekim339/project/SD3.5/experiments/self_prompting_sd35_version2/results/inputs/0071_20710.png,/home/ekim339/project/SD3.5/datasets/SRNet_Datagen/train/train-50k-2/mask_s/20710.png,/home/ekim339/project/SD3.5/experiments/self_prompting_sd35_version2/results/generated/self_prompting_sd35_version2/case_lower/0071.png
570,71,20710.png,self_prompting_sd35_version2,special_1,prink,IYrgK,prinky,0.0,0.0,1.2,10.569393844982482,4075,3573,/home/ekim339/project/SD3.5/datasets/SRNet_Datagen/train/train-50k-2/i_s/20710.png,/home/ekim339/project/SD3.5/experiments/self_prompting_sd35_version2/results/inputs/0071_20710.png,/home/ekim339/project/SD3.5/datasets/SRNet_Datagen/train/train-50k-2/mask_s/20710.png,/home/ekim339/project/SD3.5/experiments/self_prompting_sd35_version2/results/generated/self_prompting_sd35_version2/special_1/0071.png
571,71,20710.png,self_prompting_sd35_version2,special_2,prink,gozl+,porryy,0.0,0.16666666666666663,1.0,10.569393844982482,4075,3574,/home/ekim339/project/SD3.5/datasets/SRNet_Datagen/train/train-50k-2/i_s/20710.png,/home/ekim339/project/SD3.5/experiments/self_prompting_sd35_version2/results/inputs/0071_20710.png,/home/ekim339/project/SD3.5/datasets/SRNet_Datagen/train/train-50k-2/mask_s/20710.png,/home/ekim339/project/SD3.5/experiments/self_prompting_sd35_version2/results/generated/self_prompting_sd35_version2/special_2/0071.png
572,71,20710.png,self_prompting_sd35_version2,special_3,prink,=_wxp,seppeii,0.0,0.0,1.4,10.569393844982482,4075,3575,/home/ekim339/project/SD3.5/datasets/SRNet_Datagen/train/train-50k-2/i_s/20710.png,/home/ekim339/project/SD3.5/experiments/self_prompting_sd35_version2/results/inputs/0071_20710.png,/home/ekim339/project/SD3.5/datasets/SRNet_Datagen/train/train-50k-2/mask_s/20710.png,/home/ekim339/project/SD3.5/experiments/self_prompting_sd35_version2/results/generated/self_prompting_sd35_version2/special_3/0071.png
573,71,20710.png,self_prompting_sd35_version2,special_4,prink,mU:,sorrty,0.0,0.0,2.0,10.569393844982482,4075,3576,/home/ekim339/project/SD3.5/datasets/SRNet_Datagen/train/train-50k-2/i_s/20710.png,/home/ekim339/project/SD3.5/experiments/self_prompting_sd35_version2/results/inputs/0071_20710.png,/home/ekim339/project/SD3.5/datasets/SRNet_Datagen/train/train-50k-2/mask_s/20710.png,/home/ekim339/project/SD3.5/experiments/self_prompting_sd35_version2/results/generated/self_prompting_sd35_version2/special_4/0071.png
574,71,20710.png,self_prompting_sd35_version2,special_5,prink,-T-=?,dddpi,0.0,0.0,1.0,10.569393844982482,4075,3577,/home/ekim339/project/SD3.5/datasets/SRNet_Datagen/train/train-50k-2/i_s/20710.png,/home/ekim339/project/SD3.5/experiments/self_prompting_sd35_version2/results/inputs/0071_20710.png,/home/ekim339/project/SD3.5/datasets/SRNet_Datagen/train/train-50k-2/mask_s/20710.png,/home/ekim339/project/SD3.5/experiments/self_prompting_sd35_version2/results/generated/self_prompting_sd35_version2/special_5/0071.png
575,71,20710.png,self_prompting_sd35_version2,special_6,prink,?*$@.,ppppky,0.0,0.0,1.2,10.569393844982482,4075,3578,/home/ekim339/project/SD3.5/datasets/SRNet_Datagen/train/train-50k-2/i_s/20710.png,/home/ekim339/project/SD3.5/experiments/self_prompting_sd35_version2/results/inputs/0071_20710.png,/home/ekim339/project/SD3.5/datasets/SRNet_Datagen/train/train-50k-2/mask_s/20710.png,/home/ekim339/project/SD3.5/experiments/self_prompting_sd35_version2/results/generated/self_prompting_sd35_version2/special_6/0071.png
576,72,49668.png,self_prompting_sd35_version2,case_upper,studs,NPKCA,diuude,0.0,0.0,1.2,3.546140889074433,4076,3579,/home/ekim339/project/SD3.5/datasets/SRNet_Datagen/train/train-50k-2/i_s/49668.png,/home/ekim339/project/SD3.5/experiments/self_prompting_sd35_version2/results/inputs/0072_49668.png,/home/ekim339/project/SD3.5/datasets/SRNet_Datagen/train/train-50k-2/mask_s/49668.png,/home/ekim339/project/SD3.5/experiments/self_prompting_sd35_version2/results/generated/self_prompting_sd35_version2/case_upper/0072.png
577,72,49668.png,self_prompting_sd35_version2,case_lower,studs,npkca,sine,0.0,0.0,1.0,3.546140889074433,4076,3580,/home/ekim339/project/SD3.5/datasets/SRNet_Datagen/train/train-50k-2/i_s/49668.png,/home/ekim339/project/SD3.5/experiments/self_prompting_sd35_version2/results/inputs/0072_49668.png,/home/ekim339/project/SD3.5/datasets/SRNet_Datagen/train/train-50k-2/mask_s/49668.png,/home/ekim339/project/SD3.5/experiments/self_prompting_sd35_version2/results/generated/self_prompting_sd35_version2/case_lower/0072.png
578,72,49668.png,self_prompting_sd35_version2,special_1,studs,mDsXv,studs,0.0,0.0,1.0,3.546140889074433,4076,3581,/home/ekim339/project/SD3.5/datasets/SRNet_Datagen/train/train-50k-2/i_s/49668.png,/home/ekim339/project/SD3.5/experiments/self_prompting_sd35_version2/results/inputs/0072_49668.png,/home/ekim339/project/SD3.5/datasets/SRNet_Datagen/train/train-50k-2/mask_s/49668.png,/home/ekim339/project/SD3.5/experiments/self_prompting_sd35_version2/results/generated/self_prompting_sd35_version2/special_1/0072.png
579,72,49668.png,self_prompting_sd35_version2,special_2,studs,nOxQ#,stucs,0.0,0.0,1.0,3.546140889074433,4076,3582,/home/ekim339/project/SD3.5/datasets/SRNet_Datagen/train/train-50k-2/i_s/49668.png,/home/ekim339/project/SD3.5/experiments/self_prompting_sd35_version2/results/inputs/0072_49668.png,/home/ekim339/project/SD3.5/datasets/SRNet_Datagen/train/train-50k-2/mask_s/49668.png,/home/ekim339/project/SD3.5/experiments/self_prompting_sd35_version2/results/generated/self_prompting_sd35_version2/special_2/0072.png
580,72,49668.png,self_prompting_sd35_version2,special_3,studs,-Ys:g,surd,0.0,0.0,1.0,3.546140889074433,4076,3583,/home/ekim339/project/SD3.5/datasets/SRNet_Datagen/train/train-50k-2/i_s/49668.png,/home/ekim339/project/SD3.5/experiments/self_prompting_sd35_version2/results/inputs/0072_49668.png,/home/ekim339/project/SD3.5/datasets/SRNet_Datagen/train/train-50k-2/mask_s/49668.png,/home/ekim339/project/SD3.5/experiments/self_prompting_sd35_version2/results/generated/self_prompting_sd35_version2/special_3/0072.png
581,72,49668.png,self_prompting_sd35_version2,special_4,studs,I_f,sin,0.0,0.0,1.0,3.546140889074433,4076,3584,/home/ekim339/project/SD3.5/datasets/SRNet_Datagen/train/train-50k-2/i_s/49668.png,/home/ekim339/project/SD3.5/experiments/self_prompting_sd35_version2/results/inputs/0072_49668.png,/home/ekim339/project/SD3.5/datasets/SRNet_Datagen/train/train-50k-2/mask_s/49668.png,/home/ekim339/project/SD3.5/experiments/self_prompting_sd35_version2/results/generated/self_prompting_sd35_version2/special_4/0072.png
582,72,49668.png,self_prompting_sd35_version2,special_5,studs,$=:+t,studl,0.0,0.0,1.0,3.546140889074433,4076,3585,/home/ekim339/project/SD3.5/datasets/SRNet_Datagen/train/train-50k-2/i_s/49668.png,/home/ekim339/project/SD3.5/experiments/self_prompting_sd35_version2/results/inputs/0072_49668.png,/home/ekim339/project/SD3.5/datasets/SRNet_Datagen/train/train-50k-2/mask_s/49668.png,/home/ekim339/project/SD3.5/experiments/self_prompting_sd35_version2/results/generated/self_prompting_sd35_version2/special_5/0072.png
583,72,49668.png,self_prompting_sd35_version2,special_6,studs,$;%=:,studt,0.0,0.0,1.0,3.546140889074433,4076,3586,/home/ekim339/project/SD3.5/datasets/SRNet_Datagen/train/train-50k-2/i_s/49668.png,/home/ekim339/project/SD3.5/experiments/self_prompting_sd35_version2/results/inputs/0072_49668.png,/home/ekim339/project/SD3.5/datasets/SRNet_Datagen/train/train-50k-2/mask_s/49668.png,/home/ekim339/project/SD3.5/experiments/self_prompting_sd35_version2/results/generated/self_prompting_sd35_version2/special_6/0072.png
584,73,11374.png,self_prompting_sd35_version2,case_upper,indan,HGMOW,indem,0.0,0.0,1.0,2.4611295832869677,4077,3587,/home/ekim339/project/SD3.5/datasets/SRNet_Datagen/train/train-50k-1/i_s/11374.png,/home/ekim339/project/SD3.5/experiments/self_prompting_sd35_version2/results/inputs/0073_11374.png,/home/ekim339/project/SD3.5/datasets/SRNet_Datagen/train/train-50k-1/mask_s/11374.png,/home/ekim339/project/SD3.5/experiments/self_prompting_sd35_version2/results/generated/self_prompting_sd35_version2/case_upper/0073.png
585,73,11374.png,self_prompting_sd35_version2,case_lower,indan,hgmow,indon,0.0,0.19999999999999996,0.8,2.4611295832869677,4077,3588,/home/ekim339/project/SD3.5/datasets/SRNet_Datagen/train/train-50k-1/i_s/11374.png,/home/ekim339/project/SD3.5/experiments/self_prompting_sd35_version2/results/inputs/0073_11374.png,/home/ekim339/project/SD3.5/datasets/SRNet_Datagen/train/train-50k-1/mask_s/11374.png,/home/ekim339/project/SD3.5/experiments/self_prompting_sd35_version2/results/generated/self_prompting_sd35_version2/case_lower/0073.png
586,73,11374.png,self_prompting_sd35_version2,special_1,indan,mWwxK,ins,0.0,0.0,1.0,2.4611295832869677,4077,3589,/home/ekim339/project/SD3.5/datasets/SRNet_Datagen/train/train-50k-1/i_s/11374.png,/home/ekim339/project/SD3.5/experiments/self_prompting_sd35_version2/results/inputs/0073_11374.png,/home/ekim339/project/SD3.5/datasets/SRNet_Datagen/train/train-50k-1/mask_s/11374.png,/home/ekim339/project/SD3.5/experiments/self_prompting_sd35_version2/results/generated/self_prompting_sd35_version2/special_1/0073.png
587,73,11374.png,self_prompting_sd35_version2,special_2,indan,yOAi;,andar,0.0,0.0,1.0,2.4611295832869677,4077,3590,/home/ekim339/project/SD3.5/datasets/SRNet_Datagen/train/train-50k-1/i_s/11374.png,/home/ekim339/project/SD3.5/experiments/self_prompting_sd35_version2/results/inputs/0073_11374.png,/home/ekim339/project/SD3.5/datasets/SRNet_Datagen/train/train-50k-1/mask_s/11374.png,/home/ekim339/project/SD3.5/experiments/self_prompting_sd35_version2/results/generated/self_prompting_sd35_version2/special_2/0073.png
588,73,11374.png,self_prompting_sd35_version2,special_3,indan,aU#R:,indar,0.0,0.0,1.0,2.4611295832869677,4077,3591,/home/ekim339/project/SD3.5/datasets/SRNet_Datagen/train/train-50k-1/i_s/11374.png,/home/ekim339/project/SD3.5/experiments/self_prompting_sd35_version2/results/inputs/0073_11374.png,/home/ekim339/project/SD3.5/datasets/SRNet_Datagen/train/train-50k-1/mask_s/11374.png,/home/ekim339/project/SD3.5/experiments/self_prompting_sd35_version2/results/generated/self_prompting_sd35_version2/special_3/0073.png
589,73,11374.png,self_prompting_sd35_version2,special_4,indan,g%m,inde,0.0,0.0,1.3333333333333333,2.4611295832869677,4077,3592,/home/ekim339/project/SD3.5/datasets/SRNet_Datagen/train/train-50k-1/i_s/11374.png,/home/ekim339/project/SD3.5/experiments/self_prompting_sd35_version2/results/inputs/0073_11374.png,/home/ekim339/project/SD3.5/datasets/SRNet_Datagen/train/train-50k-1/mask_s/11374.png,/home/ekim339/project/SD3.5/experiments/self_prompting_sd35_version2/results/generated/self_prompting_sd35_version2/special_4/0073.png
590,73,11374.png,self_prompting_sd35_version2,special_5,indan,$$T%!,indan,0.0,0.0,1.0,2.4611295832869677,4077,3593,/home/ekim339/project/SD3.5/datasets/SRNet_Datagen/train/train-50k-1/i_s/11374.png,/home/ekim339/project/SD3.5/experiments/self_prompting_sd35_version2/results/inputs/0073_11374.png,/home/ekim339/project/SD3.5/datasets/SRNet_Datagen/train/train-50k-1/mask_s/11374.png,/home/ekim339/project/SD3.5/experiments/self_prompting_sd35_version2/results/generated/self_prompting_sd35_version2/special_5/0073.png
591,73,11374.png,self_prompting_sd35_version2,special_6,indan,.$@;=,indan,0.0,0.0,1.0,2.4611295832869677,4077,3594,/home/ekim339/project/SD3.5/datasets/SRNet_Datagen/train/train-50k-1/i_s/11374.png,/home/ekim339/project/SD3.5/experiments/self_prompting_sd35_version2/results/inputs/0073_11374.png,/home/ekim339/project/SD3.5/datasets/SRNet_Datagen/train/train-50k-1/mask_s/11374.png,/home/ekim339/project/SD3.5/experiments/self_prompting_sd35_version2/results/generated/self_prompting_sd35_version2/special_6/0073.png
592,74,39814.png,self_prompting_sd35_version2,case_upper,flews,VBAGB,news,0.0,0.0,1.0,6.8219108663401675,4078,3595,/home/ekim339/project/SD3.5/datasets/SRNet_Datagen/train/train-50k-2/i_s/39814.png,/home/ekim339/project/SD3.5/experiments/self_prompting_sd35_version2/results/inputs/0074_39814.png,/home/ekim339/project/SD3.5/datasets/SRNet_Datagen/train/train-50k-2/mask_s/39814.png,/home/ekim339/project/SD3.5/experiments/self_prompting_sd35_version2/results/generated/self_prompting_sd35_version2/case_upper/0074.png
593,74,39814.png,self_prompting_sd35_version2,case_lower,flews,vbagb,flews,0.0,0.0,1.0,6.8219108663401675,4078,3596,/home/ekim339/project/SD3.5/datasets/SRNet_Datagen/train/train-50k-2/i_s/39814.png,/home/ekim339/project/SD3.5/experiments/self_prompting_sd35_version2/results/inputs/0074_39814.png,/home/ekim339/project/SD3.5/datasets/SRNet_Datagen/train/train-50k-2/mask_s/39814.png,/home/ekim339/project/SD3.5/experiments/self_prompting_sd35_version2/results/generated/self_prompting_sd35_version2/case_lower/0074.png
594,74,39814.png,self_prompting_sd35_version2,special_1,flews,oLwRD,flews,0.0,0.0,1.0,6.8219108663401675,4078,3597,/home/ekim339/project/SD3.5/datasets/SRNet_Datagen/train/train-50k-2/i_s/39814.png,/home/ekim339/project/SD3.5/experiments/self_prompting_sd35_version2/results/inputs/0074_39814.png,/home/ekim339/project/SD3.5/datasets/SRNet_Datagen/train/train-50k-2/mask_s/39814.png,/home/ekim339/project/SD3.5/experiments/self_prompting_sd35_version2/results/generated/self_prompting_sd35_version2/special_1/0074.png
595,74,39814.png,self_prompting_sd35_version2,special_2,flews,VOok%,newss,0.0,0.0,1.0,6.8219108663401675,4078,3598,/home/ekim339/project/SD3.5/datasets/SRNet_Datagen/train/train-50k-2/i_s/39814.png,/home/ekim339/project/SD3.5/experiments/self_prompting_sd35_version2/results/inputs/0074_39814.png,/home/ekim339/project/SD3.5/datasets/SRNet_Datagen/train/train-50k-2/mask_s/39814.png,/home/ekim339/project/SD3.5/experiments/self_prompting_sd35_version2/results/generated/self_prompting_sd35_version2/special_2/0074.png
596,74,39814.png,self_prompting_sd35_version2,special_3,flews,"t,bY-",flews,0.0,0.0,1.0,6.8219108663401675,4078,3599,/home/ekim339/project/SD3.5/datasets/SRNet_Datagen/train/train-50k-2/i_s/39814.png,/home/ekim339/project/SD3.5/experiments/self_prompting_sd35_version2/results/inputs/0074_39814.png,/home/ekim339/project/SD3.5/datasets/SRNet_Datagen/train/train-50k-2/mask_s/39814.png,/home/ekim339/project/SD3.5/experiments/self_prompting_sd35_version2/results/generated/self_prompting_sd35_version2/special_3/0074.png
597,74,39814.png,self_prompting_sd35_version2,special_4,flews,b%v,news,0.0,0.0,1.3333333333333333,6.8219108663401675,4078,3600,/home/ekim339/project/SD3.5/datasets/SRNet_Datagen/train/train-50k-2/i_s/39814.png,/home/ekim339/project/SD3.5/experiments/self_prompting_sd35_version2/results/inputs/0074_39814.png,/home/ekim339/project/SD3.5/datasets/SRNet_Datagen/train/train-50k-2/mask_s/39814.png,/home/ekim339/project/SD3.5/experiments/self_prompting_sd35_version2/results/generated/self_prompting_sd35_version2/special_4/0074.png
598,74,39814.png,self_prompting_sd35_version2,special_5,flews,u$@*%,flews,0.0,0.0,1.0,6.8219108663401675,4078,3601,/home/ekim339/project/SD3.5/datasets/SRNet_Datagen/train/train-50k-2/i_s/39814.png,/home/ekim339/project/SD3.5/experiments/self_prompting_sd35_version2/results/inputs/0074_39814.png,/home/ekim339/project/SD3.5/datasets/SRNet_Datagen/train/train-50k-2/mask_s/39814.png,/home/ekim339/project/SD3.5/experiments/self_prompting_sd35_version2/results/generated/self_prompting_sd35_version2/special_5/0074.png
599,74,39814.png,self_prompting_sd35_version2,special_6,flews,==$=&,fles,0.0,0.0,1.0,6.8219108663401675,4078,3602,/home/ekim339/project/SD3.5/datasets/SRNet_Datagen/train/train-50k-2/i_s/39814.png,/home/ekim339/project/SD3.5/experiments/self_prompting_sd35_version2/results/inputs/0074_39814.png,/home/ekim339/project/SD3.5/datasets/SRNet_Datagen/train/train-50k-2/mask_s/39814.png,/home/ekim339/project/SD3.5/experiments/self_prompting_sd35_version2/results/generated/self_prompting_sd35_version2/special_6/0074.png
600,75,35362.png,self_prompting_sd35_version2,case_upper,savey,QTSNP,savey,0.0,0.0,1.0,3.2592285201574747,4079,3603,/home/ekim339/project/SD3.5/datasets/SRNet_Datagen/train/train-50k-2/i_s/35362.png,/home/ekim339/project/SD3.5/experiments/self_prompting_sd35_version2/results/inputs/0075_35362.png,/home/ekim339/project/SD3.5/datasets/SRNet_Datagen/train/train-50k-2/mask_s/35362.png,/home/ekim339/project/SD3.5/experiments/self_prompting_sd35_version2/results/generated/self_prompting_sd35_version2/case_upper/0075.png
601,75,35362.png,self_prompting_sd35_version2,case_lower,savey,qtsnp,savey,0.0,0.0,1.0,3.2592285201574747,4079,3604,/home/ekim339/project/SD3.5/datasets/SRNet_Datagen/train/train-50k-2/i_s/35362.png,/home/ekim339/project/SD3.5/experiments/self_prompting_sd35_version2/results/inputs/0075_35362.png,/home/ekim339/project/SD3.5/datasets/SRNet_Datagen/train/train-50k-2/mask_s/35362.png,/home/ekim339/project/SD3.5/experiments/self_prompting_sd35_version2/results/generated/self_prompting_sd35_version2/case_lower/0075.png
602,75,35362.png,self_prompting_sd35_version2,special_1,savey,FcKYQ,savoy,0.0,0.0,1.0,3.2592285201574747,4079,3605,/home/ekim339/project/SD3.5/datasets/SRNet_Datagen/train/train-50k-2/i_s/35362.png,/home/ekim339/project/SD3.5/experiments/self_prompting_sd35_version2/results/inputs/0075_35362.png,/home/ekim339/project/SD3.5/datasets/SRNet_Datagen/train/train-50k-2/mask_s/35362.png,/home/ekim339/project/SD3.5/experiments/self_prompting_sd35_version2/results/generated/self_prompting_sd35_version2/special_1/0075.png
603,75,35362.png,self_prompting_sd35_version2,special_2,savey,lHAN:,savey,0.0,0.0,1.0,3.2592285201574747,4079,3606,/home/ekim339/project/SD3.5/datasets/SRNet_Datagen/train/train-50k-2/i_s/35362.png,/home/ekim339/project/SD3.5/experiments/self_prompting_sd35_version2/results/inputs/0075_35362.png,/home/ekim339/project/SD3.5/datasets/SRNet_Datagen/train/train-50k-2/mask_s/35362.png,/home/ekim339/project/SD3.5/experiments/self_prompting_sd35_version2/results/generated/self_prompting_sd35_version2/special_2/0075.png
604,75,35362.png,self_prompting_sd35_version2,special_3,savey,Z-@sg,savey,0.0,0.0,1.0,3.2592285201574747,4079,3607,/home/ekim339/project/SD3.5/datasets/SRNet_Datagen/train/train-50k-2/i_s/35362.png,/home/ekim339/project/SD3.5/experiments/self_prompting_sd35_version2/results/inputs/0075_35362.png,/home/ekim339/project/SD3.5/datasets/SRNet_Datagen/train/train-50k-2/mask_s/35362.png,/home/ekim339/project/SD3.5/experiments/self_prompting_sd35_version2/results/generated/self_prompting_sd35_version2/special_3/0075.png
605,75,35362.png,self_prompting_sd35_version2,special_4,savey,vB#,savey,0.0,0.19999999999999996,1.3333333333333333,3.2592285201574747,4079,3608,/home/ekim339/project/SD3.5/datasets/SRNet_Datagen/train/train-50k-2/i_s/35362.png,/home/ekim339/project/SD3.5/experiments/self_prompting_sd35_version2/results/inputs/0075_35362.png,/home/ekim339/project/SD3.5/datasets/SRNet_Datagen/train/train-50k-2/mask_s/35362.png,/home/ekim339/project/SD3.5/experiments/self_prompting_sd35_version2/results/generated/self_prompting_sd35_version2/special_4/0075.png
606,75,35362.png,self_prompting_sd35_version2,special_5,savey,+!*@D,savey,0.0,0.0,1.0,3.2592285201574747,4079,3609,/home/ekim339/project/SD3.5/datasets/SRNet_Datagen/train/train-50k-2/i_s/35362.png,/home/ekim339/project/SD3.5/experiments/self_prompting_sd35_version2/results/inputs/0075_35362.png,/home/ekim339/project/SD3.5/datasets/SRNet_Datagen/train/train-50k-2/mask_s/35362.png,/home/ekim339/project/SD3.5/experiments/self_prompting_sd35_version2/results/generated/self_prompting_sd35_version2/special_5/0075.png
607,75,35362.png,self_prompting_sd35_version2,special_6,savey,:%-*+,savey,0.0,0.0,1.0,3.2592285201574747,4079,3610,/home/ekim339/project/SD3.5/datasets/SRNet_Datagen/train/train-50k-2/i_s/35362.png,/home/ekim339/project/SD3.5/experiments/self_prompting_sd35_version2/results/inputs/0075_35362.png,/home/ekim339/project/SD3.5/datasets/SRNet_Datagen/train/train-50k-2/mask_s/35362.png,/home/ekim339/project/SD3.5/experiments/self_prompting_sd35_version2/results/generated/self_prompting_sd35_version2/special_6/0075.png
608,76,09812.png,self_prompting_sd35_version2,case_upper,softy,EBTWT,geoff,0.0,0.0,1.0,2.2530509200186195,4080,3611,/home/ekim339/project/SD3.5/datasets/SRNet_Datagen/train/train-50k-1/i_s/09812.png,/home/ekim339/project/SD3.5/experiments/self_prompting_sd35_version2/results/inputs/0076_09812.png,/home/ekim339/project/SD3.5/datasets/SRNet_Datagen/train/train-50k-1/mask_s/09812.png,/home/ekim339/project/SD3.5/experiments/self_prompting_sd35_version2/results/generated/self_prompting_sd35_version2/case_upper/0076.png
609,76,09812.png,self_prompting_sd35_version2,case_lower,softy,ebtwt,golity,0.0,0.16666666666666663,1.0,2.2530509200186195,4080,3612,/home/ekim339/project/SD3.5/datasets/SRNet_Datagen/train/train-50k-1/i_s/09812.png,/home/ekim339/project/SD3.5/experiments/self_prompting_sd35_version2/results/inputs/0076_09812.png,/home/ekim339/project/SD3.5/datasets/SRNet_Datagen/train/train-50k-1/mask_s/09812.png,/home/ekim339/project/SD3.5/experiments/self_prompting_sd35_version2/results/generated/self_prompting_sd35_version2/case_lower/0076.png
610,76,09812.png,self_prompting_sd35_version2,special_1,softy,ubrFo,softy,0.0,0.0,1.0,2.2530509200186195,4080,3613,/home/ekim339/project/SD3.5/datasets/SRNet_Datagen/train/train-50k-1/i_s/09812.png,/home/ekim339/project/SD3.5/experiments/self_prompting_sd35_version2/results/inputs/0076_09812.png,/home/ekim339/project/SD3.5/datasets/SRNet_Datagen/train/train-50k-1/mask_s/09812.png,/home/ekim339/project/SD3.5/experiments/self_prompting_sd35_version2/results/generated/self_prompting_sd35_version2/special_1/0076.png
611,76,09812.png,self_prompting_sd35_version2,special_2,softy,HW:Yb,soft,0.0,0.0,1.0,2.2530509200186195,4080,3614,/home/ekim339/project/SD3.5/datasets/SRNet_Datagen/train/train-50k-1/i_s/09812.png,/home/ekim339/project/SD3.5/experiments/self_prompting_sd35_version2/results/inputs/0076_09812.png,/home/ekim339/project/SD3.5/datasets/SRNet_Datagen/train/train-50k-1/mask_s/09812.png,/home/ekim339/project/SD3.5/experiments/self_prompting_sd35_version2/results/generated/self_prompting_sd35_version2/special_2/0076.png
612,76,09812.png,self_prompting_sd35_version2,special_3,softy,"fN:s,",softy,0.0,0.0,1.0,2.2530509200186195,4080,3615,/home/ekim339/project/SD3.5/datasets/SRNet_Datagen/train/train-50k-1/i_s/09812.png,/home/ekim339/project/SD3.5/experiments/self_prompting_sd35_version2/results/inputs/0076_09812.png,/home/ekim339/project/SD3.5/datasets/SRNet_Datagen/train/train-50k-1/mask_s/09812.png,/home/ekim339/project/SD3.5/experiments/self_prompting_sd35_version2/results/generated/self_prompting_sd35_version2/special_3/0076.png
613,76,09812.png,self_prompting_sd35_version2,special_4,softy,o#Z,sotty,0.0,0.19999999999999996,1.3333333333333333,2.2530509200186195,4080,3616,/home/ekim339/project/SD3.5/datasets/SRNet_Datagen/train/train-50k-1/i_s/09812.png,/home/ekim339/project/SD3.5/experiments/self_prompting_sd35_version2/results/inputs/0076_09812.png,/home/ekim339/project/SD3.5/datasets/SRNet_Datagen/train/train-50k-1/mask_s/09812.png,/home/ekim339/project/SD3.5/experiments/self_prompting_sd35_version2/results/generated/self_prompting_sd35_version2/special_4/0076.png
614,76,09812.png,self_prompting_sd35_version2,special_5,softy,",-?:d",sofey,0.0,0.0,1.0,2.2530509200186195,4080,3617,/home/ekim339/project/SD3.5/datasets/SRNet_Datagen/train/train-50k-1/i_s/09812.png,/home/ekim339/project/SD3.5/experiments/self_prompting_sd35_version2/results/inputs/0076_09812.png,/home/ekim339/project/SD3.5/datasets/SRNet_Datagen/train/train-50k-1/mask_s/09812.png,/home/ekim339/project/SD3.5/experiments/self_prompting_sd35_version2/results/generated/self_prompting_sd35_version2/special_5/0076.png
615,76,09812.png,self_prompting_sd35_version2,special_6,softy,*#@+@,softy,0.0,0.0,1.0,2.2530509200186195,4080,3618,/home/ekim339/project/SD3.5/datasets/SRNet_Datagen/train/train-50k-1/i_s/09812.png,/home/ekim339/project/SD3.5/experiments/self_prompting_sd35_version2/results/inputs/0076_09812.png,/home/ekim339/project/SD3.5/datasets/SRNet_Datagen/train/train-50k-1/mask_s/09812.png,/home/ekim339/project/SD3.5/experiments/self_prompting_sd35_version2/results/generated/self_prompting_sd35_version2/special_6/0076.png
616,77,47795.png,self_prompting_sd35_version2,case_upper,woses,GTJIE,senee,0.0,0.0,1.0,10.688574385925895,4081,3619,/home/ekim339/project/SD3.5/datasets/SRNet_Datagen/train/train-50k-4/i_s/47795.png,/home/ekim339/project/SD3.5/experiments/self_prompting_sd35_version2/results/inputs/0077_47795.png,/home/ekim339/project/SD3.5/datasets/SRNet_Datagen/train/train-50k-4/mask_s/47795.png,/home/ekim339/project/SD3.5/experiments/self_prompting_sd35_version2/results/generated/self_prompting_sd35_version2/case_upper/0077.png
617,77,47795.png,self_prompting_sd35_version2,case_lower,woses,gtjie,seneee,0.0,0.16666666666666663,1.0,10.688574385925895,4081,3620,/home/ekim339/project/SD3.5/datasets/SRNet_Datagen/train/train-50k-4/i_s/47795.png,/home/ekim339/project/SD3.5/experiments/self_prompting_sd35_version2/results/inputs/0077_47795.png,/home/ekim339/project/SD3.5/datasets/SRNet_Datagen/train/train-50k-4/mask_s/47795.png,/home/ekim339/project/SD3.5/experiments/self_prompting_sd35_version2/results/generated/self_prompting_sd35_version2/case_lower/0077.png
618,77,47795.png,self_prompting_sd35_version2,special_1,woses,mlffP,senjer,0.0,0.0,1.2,10.688574385925895,4081,3621,/home/ekim339/project/SD3.5/datasets/SRNet_Datagen/train/train-50k-4/i_s/47795.png,/home/ekim339/project/SD3.5/experiments/self_prompting_sd35_version2/results/inputs/0077_47795.png,/home/ekim339/project/SD3.5/datasets/SRNet_Datagen/train/train-50k-4/mask_s/47795.png,/home/ekim339/project/SD3.5/experiments/self_prompting_sd35_version2/results/generated/self_prompting_sd35_version2/special_1/0077.png
619,77,47795.png,self_prompting_sd35_version2,special_2,woses,xQRX-,sewee,0.0,0.0,1.0,10.688574385925895,4081,3622,/home/ekim339/project/SD3.5/datasets/SRNet_Datagen/train/train-50k-4/i_s/47795.png,/home/ekim339/project/SD3.5/experiments/self_prompting_sd35_version2/results/inputs/0077_47795.png,/home/ekim339/project/SD3.5/datasets/SRNet_Datagen/train/train-50k-4/mask_s/47795.png,/home/ekim339/project/SD3.5/experiments/self_prompting_sd35_version2/results/generated/self_prompting_sd35_version2/special_2/0077.png
620,77,47795.png,self_prompting_sd35_version2,special_3,woses,mWJ:*,senjer,0.0,0.0,1.2,10.688574385925895,4081,3623,/home/ekim339/project/SD3.5/datasets/SRNet_Datagen/train/train-50k-4/i_s/47795.png,/home/ekim339/project/SD3.5/experiments/self_prompting_sd35_version2/results/inputs/0077_47795.png,/home/ekim339/project/SD3.5/datasets/SRNet_Datagen/train/train-50k-4/mask_s/47795.png,/home/ekim339/project/SD3.5/experiments/self_prompting_sd35_version2/results/generated/self_prompting_sd35_version2/special_3/0077.png
621,77,47795.png,self_prompting_sd35_version2,special_4,woses,",Xh",sege,0.0,0.0,1.3333333333333333,10.688574385925895,4081,3624,/home/ekim339/project/SD3.5/datasets/SRNet_Datagen/train/train-50k-4/i_s/47795.png,/home/ekim339/project/SD3.5/experiments/self_prompting_sd35_version2/results/inputs/0077_47795.png,/home/ekim339/project/SD3.5/datasets/SRNet_Datagen/train/train-50k-4/mask_s/47795.png,/home/ekim339/project/SD3.5/experiments/self_prompting_sd35_version2/results/generated/self_prompting_sd35_version2/special_4/0077.png
622,77,47795.png,self_prompting_sd35_version2,special_5,woses,;R;;+,sewee,0.0,0.0,1.0,10.688574385925895,4081,3625,/home/ekim339/project/SD3.5/datasets/SRNet_Datagen/train/train-50k-4/i_s/47795.png,/home/ekim339/project/SD3.5/experiments/self_prompting_sd35_version2/results/inputs/0077_47795.png,/home/ekim339/project/SD3.5/datasets/SRNet_Datagen/train/train-50k-4/mask_s/47795.png,/home/ekim339/project/SD3.5/experiments/self_prompting_sd35_version2/results/generated/self_prompting_sd35_version2/special_5/0077.png
623,77,47795.png,self_prompting_sd35_version2,special_6,woses,#%?-=,wire,0.0,0.0,1.0,10.688574385925895,4081,3626,/home/ekim339/project/SD3.5/datasets/SRNet_Datagen/train/train-50k-4/i_s/47795.png,/home/ekim339/project/SD3.5/experiments/self_prompting_sd35_version2/results/inputs/0077_47795.png,/home/ekim339/project/SD3.5/datasets/SRNet_Datagen/train/train-50k-4/mask_s/47795.png,/home/ekim339/project/SD3.5/experiments/self_prompting_sd35_version2/results/generated/self_prompting_sd35_version2/special_6/0077.png
624,78,40162.png,self_prompting_sd35_version2,case_upper,reset,DBAUZ,roast,0.0,0.0,1.0,3.97422872615571,4082,3627,/home/ekim339/project/SD3.5/datasets/SRNet_Datagen/train/train-50k-2/i_s/40162.png,/home/ekim339/project/SD3.5/experiments/self_prompting_sd35_version2/results/inputs/0078_40162.png,/home/ekim339/project/SD3.5/datasets/SRNet_Datagen/train/train-50k-2/mask_s/40162.png,/home/ekim339/project/SD3.5/experiments/self_prompting_sd35_version2/results/generated/self_prompting_sd35_version2/case_upper/0078.png
625,78,40162.png,self_prompting_sd35_version2,case_lower,reset,dbauz,reset,0.0,0.0,1.0,3.97422872615571,4082,3628,/home/ekim339/project/SD3.5/datasets/SRNet_Datagen/train/train-50k-2/i_s/40162.png,/home/ekim339/project/SD3.5/experiments/self_prompting_sd35_version2/results/inputs/0078_40162.png,/home/ekim339/project/SD3.5/datasets/SRNet_Datagen/train/train-50k-2/mask_s/40162.png,/home/ekim339/project/SD3.5/experiments/self_prompting_sd35_version2/results/generated/self_prompting_sd35_version2/case_lower/0078.png
626,78,40162.png,self_prompting_sd35_version2,special_1,reset,cUiqD,roset,0.0,0.0,1.0,3.97422872615571,4082,3629,/home/ekim339/project/SD3.5/datasets/SRNet_Datagen/train/train-50k-2/i_s/40162.png,/home/ekim339/project/SD3.5/experiments/self_prompting_sd35_version2/results/inputs/0078_40162.png,/home/ekim339/project/SD3.5/datasets/SRNet_Datagen/train/train-50k-2/mask_s/40162.png,/home/ekim339/project/SD3.5/experiments/self_prompting_sd35_version2/results/generated/self_prompting_sd35_version2/special_1/0078.png
627,78,40162.png,self_prompting_sd35_version2,special_2,reset,Zng-t,reset,0.0,0.19999999999999996,0.8,3.97422872615571,4082,3630,/home/ekim339/project/SD3.5/datasets/SRNet_Datagen/train/train-50k-2/i_s/40162.png,/home/ekim339/project/SD3.5/experiments/self_prompting_sd35_version2/results/inputs/0078_40162.png,/home/ekim339/project/SD3.5/datasets/SRNet_Datagen/train/train-50k-2/mask_s/40162.png,/home/ekim339/project/SD3.5/experiments/self_prompting_sd35_version2/results/generated/self_prompting_sd35_version2/special_2/0078.png
628,78,40162.png,self_prompting_sd35_version2,special_3,reset,",zzW&",reset,0.0,0.0,1.0,3.97422872615571,4082,3631,/home/ekim339/project/SD3.5/datasets/SRNet_Datagen/train/train-50k-2/i_s/40162.png,/home/ekim339/project/SD3.5/experiments/self_prompting_sd35_version2/results/inputs/0078_40162.png,/home/ekim339/project/SD3.5/datasets/SRNet_Datagen/train/train-50k-2/mask_s/40162.png,/home/ekim339/project/SD3.5/experiments/self_prompting_sd35_version2/results/generated/self_prompting_sd35_version2/special_3/0078.png
629,78,40162.png,self_prompting_sd35_version2,special_4,reset,rt@,reset,0.0,0.19999999999999996,1.3333333333333333,3.97422872615571,4082,3632,/home/ekim339/project/SD3.5/datasets/SRNet_Datagen/train/train-50k-2/i_s/40162.png,/home/ekim339/project/SD3.5/experiments/self_prompting_sd35_version2/results/inputs/0078_40162.png,/home/ekim339/project/SD3.5/datasets/SRNet_Datagen/train/train-50k-2/mask_s/40162.png,/home/ekim339/project/SD3.5/experiments/self_prompting_sd35_version2/results/generated/self_prompting_sd35_version2/special_4/0078.png
630,78,40162.png,self_prompting_sd35_version2,special_5,reset,=o-##,reset,0.0,0.0,1.0,3.97422872615571,4082,3633,/home/ekim339/project/SD3.5/datasets/SRNet_Datagen/train/train-50k-2/i_s/40162.png,/home/ekim339/project/SD3.5/experiments/self_prompting_sd35_version2/results/inputs/0078_40162.png,/home/ekim339/project/SD3.5/datasets/SRNet_Datagen/train/train-50k-2/mask_s/40162.png,/home/ekim339/project/SD3.5/experiments/self_prompting_sd35_version2/results/generated/self_prompting_sd35_version2/special_5/0078.png
631,78,40162.png,self_prompting_sd35_version2,special_6,reset,?.+?=,rsset,0.0,0.0,1.0,3.97422872615571,4082,3634,/home/ekim339/project/SD3.5/datasets/SRNet_Datagen/train/train-50k-2/i_s/40162.png,/home/ekim339/project/SD3.5/experiments/self_prompting_sd35_version2/results/inputs/0078_40162.png,/home/ekim339/project/SD3.5/datasets/SRNet_Datagen/train/train-50k-2/mask_s/40162.png,/home/ekim339/project/SD3.5/experiments/self_prompting_sd35_version2/results/generated/self_prompting_sd35_version2/special_6/0078.png
632,79,17150.png,self_prompting_sd35_version2,case_upper,twins,EEXZT,aemnss,0.0,0.0,1.2,3.4944367717886853,4083,3635,/home/ekim339/project/SD3.5/datasets/SRNet_Datagen/train/train-50k-3/i_s/17150.png,/home/ekim339/project/SD3.5/experiments/self_prompting_sd35_version2/results/inputs/0079_17150.png,/home/ekim339/project/SD3.5/datasets/SRNet_Datagen/train/train-50k-3/mask_s/17150.png,/home/ekim339/project/SD3.5/experiments/self_prompting_sd35_version2/results/generated/self_prompting_sd35_version2/case_upper/0079.png
633,79,17150.png,self_prompting_sd35_version2,case_lower,twins,eexzt,sine,0.0,0.0,1.0,3.4944367717886853,4083,3636,/home/ekim339/project/SD3.5/datasets/SRNet_Datagen/train/train-50k-3/i_s/17150.png,/home/ekim339/project/SD3.5/experiments/self_prompting_sd35_version2/results/inputs/0079_17150.png,/home/ekim339/project/SD3.5/datasets/SRNet_Datagen/train/train-50k-3/mask_s/17150.png,/home/ekim339/project/SD3.5/experiments/self_prompting_sd35_version2/results/generated/self_prompting_sd35_version2/case_lower/0079.png
634,79,17150.png,self_prompting_sd35_version2,special_1,twins,uecxI,thnn,0.0,0.0,1.0,3.4944367717886853,4083,3637,/home/ekim339/project/SD3.5/datasets/SRNet_Datagen/train/train-50k-3/i_s/17150.png,/home/ekim339/project/SD3.5/experiments/self_prompting_sd35_version2/results/inputs/0079_17150.png,/home/ekim339/project/SD3.5/datasets/SRNet_Datagen/train/train-50k-3/mask_s/17150.png,/home/ekim339/project/SD3.5/experiments/self_prompting_sd35_version2/results/generated/self_prompting_sd35_version2/special_1/0079.png
635,79,17150.png,self_prompting_sd35_version2,special_2,twins,$uIsu,twing,0.0,0.0,1.0,3.4944367717886853,4083,3638,/home/ekim339/project/SD3.5/datasets/SRNet_Datagen/train/train-50k-3/i_s/17150.png,/home/ekim339/project/SD3.5/experiments/self_prompting_sd35_version2/results/inputs/0079_17150.png,/home/ekim339/project/SD3.5/datasets/SRNet_Datagen/train/train-50k-3/mask_s/17150.png,/home/ekim339/project/SD3.5/experiments/self_prompting_sd35_version2/results/generated/self_prompting_sd35_version2/special_2/0079.png
636,79,17150.png,self_prompting_sd35_version2,special_3,twins,",t%sC",airs,0.0,0.19999999999999996,0.8,3.4944367717886853,4083,3639,/home/ekim339/project/SD3.5/datasets/SRNet_Datagen/train/train-50k-3/i_s/17150.png,/home/ekim339/project/SD3.5/experiments/self_prompting_sd35_version2/results/inputs/0079_17150.png,/home/ekim339/project/SD3.5/datasets/SRNet_Datagen/train/train-50k-3/mask_s/17150.png,/home/ekim339/project/SD3.5/experiments/self_prompting_sd35_version2/results/generated/self_prompting_sd35_version2/special_3/0079.png
637,79,17150.png,self_prompting_sd35_version2,special_4,twins,=Cv,twins,0.0,0.0,1.6666666666666667,3.4944367717886853,4083,3640,/home/ekim339/project/SD3.5/datasets/SRNet_Datagen/train/train-50k-3/i_s/17150.png,/home/ekim339/project/SD3.5/experiments/self_prompting_sd35_version2/results/inputs/0079_17150.png,/home/ekim339/project/SD3.5/datasets/SRNet_Datagen/train/train-50k-3/mask_s/17150.png,/home/ekim339/project/SD3.5/experiments/self_prompting_sd35_version2/results/generated/self_prompting_sd35_version2/special_4/0079.png
638,79,17150.png,self_prompting_sd35_version2,special_5,twins,#!I$%,twins,0.0,0.0,1.0,3.4944367717886853,4083,3641,/home/ekim339/project/SD3.5/datasets/SRNet_Datagen/train/train-50k-3/i_s/17150.png,/home/ekim339/project/SD3.5/experiments/self_prompting_sd35_version2/results/inputs/0079_17150.png,/home/ekim339/project/SD3.5/datasets/SRNet_Datagen/train/train-50k-3/mask_s/17150.png,/home/ekim339/project/SD3.5/experiments/self_prompting_sd35_version2/results/generated/self_prompting_sd35_version2/special_5/0079.png
639,79,17150.png,self_prompting_sd35_version2,special_6,twins,"!,=++",tunee,0.0,0.0,1.0,3.4944367717886853,4083,3642,/home/ekim339/project/SD3.5/datasets/SRNet_Datagen/train/train-50k-3/i_s/17150.png,/home/ekim339/project/SD3.5/experiments/self_prompting_sd35_version2/results/inputs/0079_17150.png,/home/ekim339/project/SD3.5/datasets/SRNet_Datagen/train/train-50k-3/mask_s/17150.png,/home/ekim339/project/SD3.5/experiments/self_prompting_sd35_version2/results/generated/self_prompting_sd35_version2/special_6/0079.png
640,80,42655.png,self_prompting_sd35_version2,case_upper,uinal,XJHCV,linaa,0.0,0.0,1.0,11.809050428767163,4084,3643,/home/ekim339/project/SD3.5/datasets/SRNet_Datagen/train/train-50k-1/i_s/42655.png,/home/ekim339/project/SD3.5/experiments/self_prompting_sd35_version2/results/inputs/0080_42655.png,/home/ekim339/project/SD3.5/datasets/SRNet_Datagen/train/train-50k-1/mask_s/42655.png,/home/ekim339/project/SD3.5/experiments/self_prompting_sd35_version2/results/generated/self_prompting_sd35_version2/case_upper/0080.png
641,80,42655.png,self_prompting_sd35_version2,case_lower,uinal,xjhcv,uirer,0.0,0.0,1.0,11.809050428767163,4084,3644,/home/ekim339/project/SD3.5/datasets/SRNet_Datagen/train/train-50k-1/i_s/42655.png,/home/ekim339/project/SD3.5/experiments/self_prompting_sd35_version2/results/inputs/0080_42655.png,/home/ekim339/project/SD3.5/datasets/SRNet_Datagen/train/train-50k-1/mask_s/42655.png,/home/ekim339/project/SD3.5/experiments/self_prompting_sd35_version2/results/generated/self_prompting_sd35_version2/case_lower/0080.png
642,80,42655.png,self_prompting_sd35_version2,special_1,uinal,jPrvz,uinal,0.0,0.0,1.0,11.809050428767163,4084,3645,/home/ekim339/project/SD3.5/datasets/SRNet_Datagen/train/train-50k-1/i_s/42655.png,/home/ekim339/project/SD3.5/experiments/self_prompting_sd35_version2/results/inputs/0080_42655.png,/home/ekim339/project/SD3.5/datasets/SRNet_Datagen/train/train-50k-1/mask_s/42655.png,/home/ekim339/project/SD3.5/experiments/self_prompting_sd35_version2/results/generated/self_prompting_sd35_version2/special_1/0080.png
643,80,42655.png,self_prompting_sd35_version2,special_2,uinal,HMb_a,ulnaa,0.0,0.19999999999999996,0.8,11.809050428767163,4084,3646,/home/ekim339/project/SD3.5/datasets/SRNet_Datagen/train/train-50k-1/i_s/42655.png,/home/ekim339/project/SD3.5/experiments/self_prompting_sd35_version2/results/inputs/0080_42655.png,/home/ekim339/project/SD3.5/datasets/SRNet_Datagen/train/train-50k-1/mask_s/42655.png,/home/ekim339/project/SD3.5/experiments/self_prompting_sd35_version2/results/generated/self_prompting_sd35_version2/special_2/0080.png
644,80,42655.png,self_prompting_sd35_version2,special_3,uinal,#Aj?y,ulnar,0.0,0.0,1.0,11.809050428767163,4084,3647,/home/ekim339/project/SD3.5/datasets/SRNet_Datagen/train/train-50k-1/i_s/42655.png,/home/ekim339/project/SD3.5/experiments/self_prompting_sd35_version2/results/inputs/0080_42655.png,/home/ekim339/project/SD3.5/datasets/SRNet_Datagen/train/train-50k-1/mask_s/42655.png,/home/ekim339/project/SD3.5/experiments/self_prompting_sd35_version2/results/generated/self_prompting_sd35_version2/special_3/0080.png
645,80,42655.png,self_prompting_sd35_version2,special_4,uinal,T%N,linay,0.0,0.0,1.6666666666666667,11.809050428767163,4084,3648,/home/ekim339/project/SD3.5/datasets/SRNet_Datagen/train/train-50k-1/i_s/42655.png,/home/ekim339/project/SD3.5/experiments/self_prompting_sd35_version2/results/inputs/0080_42655.png,/home/ekim339/project/SD3.5/datasets/SRNet_Datagen/train/train-50k-1/mask_s/42655.png,/home/ekim339/project/SD3.5/experiments/self_prompting_sd35_version2/results/generated/self_prompting_sd35_version2/special_4/0080.png
646,80,42655.png,self_prompting_sd35_version2,special_5,uinal,",:?@p",ulnar,0.0,0.0,1.0,11.809050428767163,4084,3649,/home/ekim339/project/SD3.5/datasets/SRNet_Datagen/train/train-50k-1/i_s/42655.png,/home/ekim339/project/SD3.5/experiments/self_prompting_sd35_version2/results/inputs/0080_42655.png,/home/ekim339/project/SD3.5/datasets/SRNet_Datagen/train/train-50k-1/mask_s/42655.png,/home/ekim339/project/SD3.5/experiments/self_prompting_sd35_version2/results/generated/self_prompting_sd35_version2/special_5/0080.png
647,80,42655.png,self_prompting_sd35_version2,special_6,uinal,%$:@%,ulnaa,0.0,0.0,1.0,11.809050428767163,4084,3650,/home/ekim339/project/SD3.5/datasets/SRNet_Datagen/train/train-50k-1/i_s/42655.png,/home/ekim339/project/SD3.5/experiments/self_prompting_sd35_version2/results/inputs/0080_42655.png,/home/ekim339/project/SD3.5/datasets/SRNet_Datagen/train/train-50k-1/mask_s/42655.png,/home/ekim339/project/SD3.5/experiments/self_prompting_sd35_version2/results/generated/self_prompting_sd35_version2/special_6/0080.png
648,81,25297.png,self_prompting_sd35_version2,case_upper,front,AUPDV,sese,0.0,0.0,1.0,5.467122581517538,4085,3651,/home/ekim339/project/SD3.5/datasets/SRNet_Datagen/train/train-50k-4/i_s/25297.png,/home/ekim339/project/SD3.5/experiments/self_prompting_sd35_version2/results/inputs/0081_25297.png,/home/ekim339/project/SD3.5/datasets/SRNet_Datagen/train/train-50k-4/mask_s/25297.png,/home/ekim339/project/SD3.5/experiments/self_prompting_sd35_version2/results/generated/self_prompting_sd35_version2/case_upper/0081.png
649,81,25297.png,self_prompting_sd35_version2,case_lower,front,aupdv,sen,0.0,0.0,1.0,5.467122581517538,4085,3652,/home/ekim339/project/SD3.5/datasets/SRNet_Datagen/train/train-50k-4/i_s/25297.png,/home/ekim339/project/SD3.5/experiments/self_prompting_sd35_version2/results/inputs/0081_25297.png,/home/ekim339/project/SD3.5/datasets/SRNet_Datagen/train/train-50k-4/mask_s/25297.png,/home/ekim339/project/SD3.5/experiments/self_prompting_sd35_version2/results/generated/self_prompting_sd35_version2/case_lower/0081.png
650,81,25297.png,self_prompting_sd35_version2,special_1,front,MkHIg,deseiiiiii,0.0,0.0,2.0,5.467122581517538,4085,3653,/home/ekim339/project/SD3.5/datasets/SRNet_Datagen/train/train-50k-4/i_s/25297.png,/home/ekim339/project/SD3.5/experiments/self_prompting_sd35_version2/results/inputs/0081_25297.png,/home/ekim339/project/SD3.5/datasets/SRNet_Datagen/train/train-50k-4/mask_s/25297.png,/home/ekim339/project/SD3.5/experiments/self_prompting_sd35_version2/results/generated/self_prompting_sd35_version2/special_1/0081.png
651,81,25297.png,self_prompting_sd35_version2,special_2,front,:aliC,desee,0.0,0.0,1.0,5.467122581517538,4085,3654,/home/ekim339/project/SD3.5/datasets/SRNet_Datagen/train/train-50k-4/i_s/25297.png,/home/ekim339/project/SD3.5/experiments/self_prompting_sd35_version2/results/inputs/0081_25297.png,/home/ekim339/project/SD3.5/datasets/SRNet_Datagen/train/train-50k-4/mask_s/25297.png,/home/ekim339/project/SD3.5/experiments/self_prompting_sd35_version2/results/generated/self_prompting_sd35_version2/special_2/0081.png
652,81,25297.png,self_prompting_sd35_version2,special_3,front,"r,H*U",sent,0.0,0.0,1.0,5.467122581517538,4085,3655,/home/ekim339/project/SD3.5/datasets/SRNet_Datagen/train/train-50k-4/i_s/25297.png,/home/ekim339/project/SD3.5/experiments/self_prompting_sd35_version2/results/inputs/0081_25297.png,/home/ekim339/project/SD3.5/datasets/SRNet_Datagen/train/train-50k-4/mask_s/25297.png,/home/ekim339/project/SD3.5/experiments/self_prompting_sd35_version2/results/generated/self_prompting_sd35_version2/special_3/0081.png
653,81,25297.png,self_prompting_sd35_version2,special_4,front,!hz,desee,0.0,0.0,1.6666666666666667,5.467122581517538,4085,3656,/home/ekim339/project/SD3.5/datasets/SRNet_Datagen/train/train-50k-4/i_s/25297.png,/home/ekim339/project/SD3.5/experiments/self_prompting_sd35_version2/results/inputs/0081_25297.png,/home/ekim339/project/SD3.5/datasets/SRNet_Datagen/train/train-50k-4/mask_s/25297.png,/home/ekim339/project/SD3.5/experiments/self_prompting_sd35_version2/results/generated/self_prompting_sd35_version2/special_4/0081.png
654,81,25297.png,self_prompting_sd35_version2,special_5,front,=:e&?,denm,0.0,0.19999999999999996,0.8,5.467122581517538,4085,3657,/home/ekim339/project/SD3.5/datasets/SRNet_Datagen/train/train-50k-4/i_s/25297.png,/home/ekim339/project/SD3.5/experiments/self_prompting_sd35_version2/results/inputs/0081_25297.png,/home/ekim339/project/SD3.5/datasets/SRNet_Datagen/train/train-50k-4/mask_s/25297.png,/home/ekim339/project/SD3.5/experiments/self_prompting_sd35_version2/results/generated/self_prompting_sd35_version2/special_5/0081.png
655,81,25297.png,self_prompting_sd35_version2,special_6,front,%_.*$,aend,0.0,0.0,1.0,5.467122581517538,4085,3658,/home/ekim339/project/SD3.5/datasets/SRNet_Datagen/train/train-50k-4/i_s/25297.png,/home/ekim339/project/SD3.5/experiments/self_prompting_sd35_version2/results/inputs/0081_25297.png,/home/ekim339/project/SD3.5/datasets/SRNet_Datagen/train/train-50k-4/mask_s/25297.png,/home/ekim339/project/SD3.5/experiments/self_prompting_sd35_version2/results/generated/self_prompting_sd35_version2/special_6/0081.png
656,82,36190.png,self_prompting_sd35_version2,case_upper,Peros,RTBHQ,mergs,0.0,0.0,1.0,10.2377033595945,4086,3659,/home/ekim339/project/SD3.5/datasets/SRNet_Datagen/train/train-50k-1/i_s/36190.png,/home/ekim339/project/SD3.5/experiments/self_prompting_sd35_version2/results/inputs/0082_36190.png,/home/ekim339/project/SD3.5/datasets/SRNet_Datagen/train/train-50k-1/mask_s/36190.png,/home/ekim339/project/SD3.5/experiments/self_prompting_sd35_version2/results/generated/self_prompting_sd35_version2/case_upper/0082.png
657,82,36190.png,self_prompting_sd35_version2,case_lower,Peros,rtbhq,periz,0.0,0.0,1.0,10.2377033595945,4086,3660,/home/ekim339/project/SD3.5/datasets/SRNet_Datagen/train/train-50k-1/i_s/36190.png,/home/ekim339/project/SD3.5/experiments/self_prompting_sd35_version2/results/inputs/0082_36190.png,/home/ekim339/project/SD3.5/datasets/SRNet_Datagen/train/train-50k-1/mask_s/36190.png,/home/ekim339/project/SD3.5/experiments/self_prompting_sd35_version2/results/generated/self_prompting_sd35_version2/case_lower/0082.png
658,82,36190.png,self_prompting_sd35_version2,special_1,Peros,nMemj,pervs,0.0,0.0,1.0,10.2377033595945,4086,3661,/home/ekim339/project/SD3.5/datasets/SRNet_Datagen/train/train-50k-1/i_s/36190.png,/home/ekim339/project/SD3.5/experiments/self_prompting_sd35_version2/results/inputs/0082_36190.png,/home/ekim339/project/SD3.5/datasets/SRNet_Datagen/train/train-50k-1/mask_s/36190.png,/home/ekim339/project/SD3.5/experiments/self_prompting_sd35_version2/results/generated/self_prompting_sd35_version2/special_1/0082.png
659,82,36190.png,self_prompting_sd35_version2,special_2,Peros,c+Hmw,parez,0.0,0.0,1.0,10.2377033595945,4086,3662,/home/ekim339/project/SD3.5/datasets/SRNet_Datagen/train/train-50k-1/i_s/36190.png,/home/ekim339/project/SD3.5/experiments/self_prompting_sd35_version2/results/inputs/0082_36190.png,/home/ekim339/project/SD3.5/datasets/SRNet_Datagen/train/train-50k-1/mask_s/36190.png,/home/ekim339/project/SD3.5/experiments/self_prompting_sd35_version2/results/generated/self_prompting_sd35_version2/special_2/0082.png
660,82,36190.png,self_prompting_sd35_version2,special_3,Peros,@u_pS,etrrroos,0.0,0.0,1.6,10.2377033595945,4086,3663,/home/ekim339/project/SD3.5/datasets/SRNet_Datagen/train/train-50k-1/i_s/36190.png,/home/ekim339/project/SD3.5/experiments/self_prompting_sd35_version2/results/inputs/0082_36190.png,/home/ekim339/project/SD3.5/datasets/SRNet_Datagen/train/train-50k-1/mask_s/36190.png,/home/ekim339/project/SD3.5/experiments/self_prompting_sd35_version2/results/generated/self_prompting_sd35_version2/special_3/0082.png
661,82,36190.png,self_prompting_sd35_version2,special_4,Peros,d?b,pores,0.0,0.0,1.6666666666666667,10.2377033595945,4086,3664,/home/ekim339/project/SD3.5/datasets/SRNet_Datagen/train/train-50k-1/i_s/36190.png,/home/ekim339/project/SD3.5/experiments/self_prompting_sd35_version2/results/inputs/0082_36190.png,/home/ekim339/project/SD3.5/datasets/SRNet_Datagen/train/train-50k-1/mask_s/36190.png,/home/ekim339/project/SD3.5/experiments/self_prompting_sd35_version2/results/generated/self_prompting_sd35_version2/special_4/0082.png
662,82,36190.png,self_prompting_sd35_version2,special_5,Peros,?$+@W,harey,0.0,0.0,1.0,10.2377033595945,4086,3665,/home/ekim339/project/SD3.5/datasets/SRNet_Datagen/train/train-50k-1/i_s/36190.png,/home/ekim339/project/SD3.5/experiments/self_prompting_sd35_version2/results/inputs/0082_36190.png,/home/ekim339/project/SD3.5/datasets/SRNet_Datagen/train/train-50k-1/mask_s/36190.png,/home/ekim339/project/SD3.5/experiments/self_prompting_sd35_version2/results/generated/self_prompting_sd35_version2/special_5/0082.png
663,82,36190.png,self_prompting_sd35_version2,special_6,Peros,;=;#$,hase,0.0,0.0,1.0,10.2377033595945,4086,3666,/home/ekim339/project/SD3.5/datasets/SRNet_Datagen/train/train-50k-1/i_s/36190.png,/home/ekim339/project/SD3.5/experiments/self_prompting_sd35_version2/results/inputs/0082_36190.png,/home/ekim339/project/SD3.5/datasets/SRNet_Datagen/train/train-50k-1/mask_s/36190.png,/home/ekim339/project/SD3.5/experiments/self_prompting_sd35_version2/results/generated/self_prompting_sd35_version2/special_6/0082.png
664,83,15444.png,self_prompting_sd35_version2,case_upper,Milty,VPYFR,mity,0.0,0.0,1.0,4.61252685299975,4087,3667,/home/ekim339/project/SD3.5/datasets/SRNet_Datagen/train/train-50k-2/i_s/15444.png,/home/ekim339/project/SD3.5/experiments/self_prompting_sd35_version2/results/inputs/0083_15444.png,/home/ekim339/project/SD3.5/datasets/SRNet_Datagen/train/train-50k-2/mask_s/15444.png,/home/ekim339/project/SD3.5/experiments/self_prompting_sd35_version2/results/generated/self_prompting_sd35_version2/case_upper/0083.png
665,83,15444.png,self_prompting_sd35_version2,case_lower,Milty,vpyfr,mity,0.0,0.0,1.0,4.61252685299975,4087,3668,/home/ekim339/project/SD3.5/datasets/SRNet_Datagen/train/train-50k-2/i_s/15444.png,/home/ekim339/project/SD3.5/experiments/self_prompting_sd35_version2/results/inputs/0083_15444.png,/home/ekim339/project/SD3.5/datasets/SRNet_Datagen/train/train-50k-2/mask_s/15444.png,/home/ekim339/project/SD3.5/experiments/self_prompting_sd35_version2/results/generated/self_prompting_sd35_version2/case_lower/0083.png
666,83,15444.png,self_prompting_sd35_version2,special_1,Milty,ttNDa,mitty,0.0,0.0,1.0,4.61252685299975,4087,3669,/home/ekim339/project/SD3.5/datasets/SRNet_Datagen/train/train-50k-2/i_s/15444.png,/home/ekim339/project/SD3.5/experiments/self_prompting_sd35_version2/results/inputs/0083_15444.png,/home/ekim339/project/SD3.5/datasets/SRNet_Datagen/train/train-50k-2/mask_s/15444.png,/home/ekim339/project/SD3.5/experiments/self_prompting_sd35_version2/results/generated/self_prompting_sd35_version2/special_1/0083.png
667,83,15444.png,self_prompting_sd35_version2,special_2,Milty,nmYN.,mitt,0.0,0.19999999999999996,0.8,4.61252685299975,4087,3670,/home/ekim339/project/SD3.5/datasets/SRNet_Datagen/train/train-50k-2/i_s/15444.png,/home/ekim339/project/SD3.5/experiments/self_prompting_sd35_version2/results/inputs/0083_15444.png,/home/ekim339/project/SD3.5/datasets/SRNet_Datagen/train/train-50k-2/mask_s/15444.png,/home/ekim339/project/SD3.5/experiments/self_prompting_sd35_version2/results/generated/self_prompting_sd35_version2/special_2/0083.png
668,83,15444.png,self_prompting_sd35_version2,special_3,Milty,Y#rA@,milty,0.0,0.0,1.0,4.61252685299975,4087,3671,/home/ekim339/project/SD3.5/datasets/SRNet_Datagen/train/train-50k-2/i_s/15444.png,/home/ekim339/project/SD3.5/experiments/self_prompting_sd35_version2/results/inputs/0083_15444.png,/home/ekim339/project/SD3.5/datasets/SRNet_Datagen/train/train-50k-2/mask_s/15444.png,/home/ekim339/project/SD3.5/experiments/self_prompting_sd35_version2/results/generated/self_prompting_sd35_version2/special_3/0083.png
669,83,15444.png,self_prompting_sd35_version2,special_4,Milty,uy+,mity,0.0,0.0,1.3333333333333333,4.61252685299975,4087,3672,/home/ekim339/project/SD3.5/datasets/SRNet_Datagen/train/train-50k-2/i_s/15444.png,/home/ekim339/project/SD3.5/experiments/self_prompting_sd35_version2/results/inputs/0083_15444.png,/home/ekim339/project/SD3.5/datasets/SRNet_Datagen/train/train-50k-2/mask_s/15444.png,/home/ekim339/project/SD3.5/experiments/self_prompting_sd35_version2/results/generated/self_prompting_sd35_version2/special_4/0083.png
670,83,15444.png,self_prompting_sd35_version2,special_5,Milty,R*-!$,mity,0.0,0.0,1.0,4.61252685299975,4087,3673,/home/ekim339/project/SD3.5/datasets/SRNet_Datagen/train/train-50k-2/i_s/15444.png,/home/ekim339/project/SD3.5/experiments/self_prompting_sd35_version2/results/inputs/0083_15444.png,/home/ekim339/project/SD3.5/datasets/SRNet_Datagen/train/train-50k-2/mask_s/15444.png,/home/ekim339/project/SD3.5/experiments/self_prompting_sd35_version2/results/generated/self_prompting_sd35_version2/special_5/0083.png
671,83,15444.png,self_prompting_sd35_version2,special_6,Milty,+=-?!,mity,0.0,0.0,1.0,4.61252685299975,4087,3674,/home/ekim339/project/SD3.5/datasets/SRNet_Datagen/train/train-50k-2/i_s/15444.png,/home/ekim339/project/SD3.5/experiments/self_prompting_sd35_version2/results/inputs/0083_15444.png,/home/ekim339/project/SD3.5/datasets/SRNet_Datagen/train/train-50k-2/mask_s/15444.png,/home/ekim339/project/SD3.5/experiments/self_prompting_sd35_version2/results/generated/self_prompting_sd35_version2/special_6/0083.png
672,84,33899.png,self_prompting_sd35_version2,case_upper,perle,KPQDQ,perle,0.0,0.0,1.0,7.393997616789719,4088,3675,/home/ekim339/project/SD3.5/datasets/SRNet_Datagen/train/train-50k-2/i_s/33899.png,/home/ekim339/project/SD3.5/experiments/self_prompting_sd35_version2/results/inputs/0084_33899.png,/home/ekim339/project/SD3.5/datasets/SRNet_Datagen/train/train-50k-2/mask_s/33899.png,/home/ekim339/project/SD3.5/experiments/self_prompting_sd35_version2/results/generated/self_prompting_sd35_version2/case_upper/0084.png
673,84,33899.png,self_prompting_sd35_version2,case_lower,perle,kpqdq,perle,0.0,0.0,1.0,7.393997616789719,4088,3676,/home/ekim339/project/SD3.5/datasets/SRNet_Datagen/train/train-50k-2/i_s/33899.png,/home/ekim339/project/SD3.5/experiments/self_prompting_sd35_version2/results/inputs/0084_33899.png,/home/ekim339/project/SD3.5/datasets/SRNet_Datagen/train/train-50k-2/mask_s/33899.png,/home/ekim339/project/SD3.5/experiments/self_prompting_sd35_version2/results/generated/self_prompting_sd35_version2/case_lower/0084.png
674,84,33899.png,self_prompting_sd35_version2,special_1,perle,SxWaL,penie,0.0,0.0,1.0,7.393997616789719,4088,3677,/home/ekim339/project/SD3.5/datasets/SRNet_Datagen/train/train-50k-2/i_s/33899.png,/home/ekim339/project/SD3.5/experiments/self_prompting_sd35_version2/results/inputs/0084_33899.png,/home/ekim339/project/SD3.5/datasets/SRNet_Datagen/train/train-50k-2/mask_s/33899.png,/home/ekim339/project/SD3.5/experiments/self_prompting_sd35_version2/results/generated/self_prompting_sd35_version2/special_1/0084.png
675,84,33899.png,self_prompting_sd35_version2,special_2,perle,!iHSH,penie,0.0,0.0,1.0,7.393997616789719,4088,3678,/home/ekim339/project/SD3.5/datasets/SRNet_Datagen/train/train-50k-2/i_s/33899.png,/home/ekim339/project/SD3.5/experiments/self_prompting_sd35_version2/results/inputs/0084_33899.png,/home/ekim339/project/SD3.5/datasets/SRNet_Datagen/train/train-50k-2/mask_s/33899.png,/home/ekim339/project/SD3.5/experiments/self_prompting_sd35_version2/results/generated/self_prompting_sd35_version2/special_2/0084.png
676,84,33899.png,self_prompting_sd35_version2,special_3,perle,@Fh#m,pene,0.0,0.0,1.0,7.393997616789719,4088,3679,/home/ekim339/project/SD3.5/datasets/SRNet_Datagen/train/train-50k-2/i_s/33899.png,/home/ekim339/project/SD3.5/experiments/self_prompting_sd35_version2/results/inputs/0084_33899.png,/home/ekim339/project/SD3.5/datasets/SRNet_Datagen/train/train-50k-2/mask_s/33899.png,/home/ekim339/project/SD3.5/experiments/self_prompting_sd35_version2/results/generated/self_prompting_sd35_version2/special_3/0084.png
677,84,33899.png,self_prompting_sd35_version2,special_4,perle,R%q,penie,0.0,0.0,1.6666666666666667,7.393997616789719,4088,3680,/home/ekim339/project/SD3.5/datasets/SRNet_Datagen/train/train-50k-2/i_s/33899.png,/home/ekim339/project/SD3.5/experiments/self_prompting_sd35_version2/results/inputs/0084_33899.png,/home/ekim339/project/SD3.5/datasets/SRNet_Datagen/train/train-50k-2/mask_s/33899.png,/home/ekim339/project/SD3.5/experiments/self_prompting_sd35_version2/results/generated/self_prompting_sd35_version2/special_4/0084.png
678,84,33899.png,self_prompting_sd35_version2,special_5,perle,",u*#!",penie,0.0,0.0,1.0,7.393997616789719,4088,3681,/home/ekim339/project/SD3.5/datasets/SRNet_Datagen/train/train-50k-2/i_s/33899.png,/home/ekim339/project/SD3.5/experiments/self_prompting_sd35_version2/results/inputs/0084_33899.png,/home/ekim339/project/SD3.5/datasets/SRNet_Datagen/train/train-50k-2/mask_s/33899.png,/home/ekim339/project/SD3.5/experiments/self_prompting_sd35_version2/results/generated/self_prompting_sd35_version2/special_5/0084.png
679,84,33899.png,self_prompting_sd35_version2,special_6,perle,&=+$&,perle,0.0,0.0,1.0,7.393997616789719,4088,3682,/home/ekim339/project/SD3.5/datasets/SRNet_Datagen/train/train-50k-2/i_s/33899.png,/home/ekim339/project/SD3.5/experiments/self_prompting_sd35_version2/results/inputs/0084_33899.png,/home/ekim339/project/SD3.5/datasets/SRNet_Datagen/train/train-50k-2/mask_s/33899.png,/home/ekim339/project/SD3.5/experiments/self_prompting_sd35_version2/results/generated/self_prompting_sd35_version2/special_6/0084.png
680,85,46386.png,self_prompting_sd35_version2,case_upper,TEMPI,LWTSS,ilme,0.0,0.0,1.0,8.356800674519677,4089,3683,/home/ekim339/project/SD3.5/datasets/SRNet_Datagen/train/train-50k-3/i_s/46386.png,/home/ekim339/project/SD3.5/experiments/self_prompting_sd35_version2/results/inputs/0085_46386.png,/home/ekim339/project/SD3.5/datasets/SRNet_Datagen/train/train-50k-3/mask_s/46386.png,/home/ekim339/project/SD3.5/experiments/self_prompting_sd35_version2/results/generated/self_prompting_sd35_version2/case_upper/0085.png
681,85,46386.png,self_prompting_sd35_version2,case_lower,TEMPI,lwtss,termi,0.0,0.0,1.0,8.356800674519677,4089,3684,/home/ekim339/project/SD3.5/datasets/SRNet_Datagen/train/train-50k-3/i_s/46386.png,/home/ekim339/project/SD3.5/experiments/self_prompting_sd35_version2/results/inputs/0085_46386.png,/home/ekim339/project/SD3.5/datasets/SRNet_Datagen/train/train-50k-3/mask_s/46386.png,/home/ekim339/project/SD3.5/experiments/self_prompting_sd35_version2/results/generated/self_prompting_sd35_version2/case_lower/0085.png
682,85,46386.png,self_prompting_sd35_version2,special_1,TEMPI,SRKKq,terk,0.0,0.0,1.0,8.356800674519677,4089,3685,/home/ekim339/project/SD3.5/datasets/SRNet_Datagen/train/train-50k-3/i_s/46386.png,/home/ekim339/project/SD3.5/experiments/self_prompting_sd35_version2/results/inputs/0085_46386.png,/home/ekim339/project/SD3.5/datasets/SRNet_Datagen/train/train-50k-3/mask_s/46386.png,/home/ekim339/project/SD3.5/experiments/self_prompting_sd35_version2/results/generated/self_prompting_sd35_version2/special_1/0085.png
683,85,46386.png,self_prompting_sd35_version2,special_2,TEMPI,"KWFG,",tewaa,0.0,0.0,1.0,8.356800674519677,4089,3686,/home/ekim339/project/SD3.5/datasets/SRNet_Datagen/train/train-50k-3/i_s/46386.png,/home/ekim339/project/SD3.5/experiments/self_prompting_sd35_version2/results/inputs/0085_46386.png,/home/ekim339/project/SD3.5/datasets/SRNet_Datagen/train/train-50k-3/mask_s/46386.png,/home/ekim339/project/SD3.5/experiments/self_prompting_sd35_version2/results/generated/self_prompting_sd35_version2/special_2/0085.png
684,85,46386.png,self_prompting_sd35_version2,special_3,TEMPI,;l*vD,alma,0.0,0.19999999999999996,0.8,8.356800674519677,4089,3687,/home/ekim339/project/SD3.5/datasets/SRNet_Datagen/train/train-50k-3/i_s/46386.png,/home/ekim339/project/SD3.5/experiments/self_prompting_sd35_version2/results/inputs/0085_46386.png,/home/ekim339/project/SD3.5/datasets/SRNet_Datagen/train/train-50k-3/mask_s/46386.png,/home/ekim339/project/SD3.5/experiments/self_prompting_sd35_version2/results/generated/self_prompting_sd35_version2/special_3/0085.png
685,85,46386.png,self_prompting_sd35_version2,special_4,TEMPI,.Nd,tunne,0.0,0.0,1.6666666666666667,8.356800674519677,4089,3688,/home/ekim339/project/SD3.5/datasets/SRNet_Datagen/train/train-50k-3/i_s/46386.png,/home/ekim339/project/SD3.5/experiments/self_prompting_sd35_version2/results/inputs/0085_46386.png,/home/ekim339/project/SD3.5/datasets/SRNet_Datagen/train/train-50k-3/mask_s/46386.png,/home/ekim339/project/SD3.5/experiments/self_prompting_sd35_version2/results/generated/self_prompting_sd35_version2/special_4/0085.png
686,85,46386.png,self_prompting_sd35_version2,special_5,TEMPI,@V@_%,almm,0.0,0.0,1.0,8.356800674519677,4089,3689,/home/ekim339/project/SD3.5/datasets/SRNet_Datagen/train/train-50k-3/i_s/46386.png,/home/ekim339/project/SD3.5/experiments/self_prompting_sd35_version2/results/inputs/0085_46386.png,/home/ekim339/project/SD3.5/datasets/SRNet_Datagen/train/train-50k-3/mask_s/46386.png,/home/ekim339/project/SD3.5/experiments/self_prompting_sd35_version2/results/generated/self_prompting_sd35_version2/special_5/0085.png
687,85,46386.png,self_prompting_sd35_version2,special_6,TEMPI,*;@?+,termi,0.0,0.0,1.0,8.356800674519677,4089,3690,/home/ekim339/project/SD3.5/datasets/SRNet_Datagen/train/train-50k-3/i_s/46386.png,/home/ekim339/project/SD3.5/experiments/self_prompting_sd35_version2/results/inputs/0085_46386.png,/home/ekim339/project/SD3.5/datasets/SRNet_Datagen/train/train-50k-3/mask_s/46386.png,/home/ekim339/project/SD3.5/experiments/self_prompting_sd35_version2/results/generated/self_prompting_sd35_version2/special_6/0085.png
688,86,40600.png,self_prompting_sd35_version2,case_upper,lpdtl,UCHHY,apdi,0.0,0.0,1.0,10.015552342496479,4090,3691,/home/ekim339/project/SD3.5/datasets/SRNet_Datagen/train/train-50k-2/i_s/40600.png,/home/ekim339/project/SD3.5/experiments/self_prompting_sd35_version2/results/inputs/0086_40600.png,/home/ekim339/project/SD3.5/datasets/SRNet_Datagen/train/train-50k-2/mask_s/40600.png,/home/ekim339/project/SD3.5/experiments/self_prompting_sd35_version2/results/generated/self_prompting_sd35_version2/case_upper/0086.png
689,86,40600.png,self_prompting_sd35_version2,case_lower,lpdtl,uchhy,alddy,0.0,0.19999999999999996,0.8,10.015552342496479,4090,3692,/home/ekim339/project/SD3.5/datasets/SRNet_Datagen/train/train-50k-2/i_s/40600.png,/home/ekim339/project/SD3.5/experiments/self_prompting_sd35_version2/results/inputs/0086_40600.png,/home/ekim339/project/SD3.5/datasets/SRNet_Datagen/train/train-50k-2/mask_s/40600.png,/home/ekim339/project/SD3.5/experiments/self_prompting_sd35_version2/results/generated/self_prompting_sd35_version2/case_lower/0086.png
690,86,40600.png,self_prompting_sd35_version2,special_1,lpdtl,RquwY,aodd,0.0,0.0,1.0,10.015552342496479,4090,3693,/home/ekim339/project/SD3.5/datasets/SRNet_Datagen/train/train-50k-2/i_s/40600.png,/home/ekim339/project/SD3.5/experiments/self_prompting_sd35_version2/results/inputs/0086_40600.png,/home/ekim339/project/SD3.5/datasets/SRNet_Datagen/train/train-50k-2/mask_s/40600.png,/home/ekim339/project/SD3.5/experiments/self_prompting_sd35_version2/results/generated/self_prompting_sd35_version2/special_1/0086.png
691,86,40600.png,self_prompting_sd35_version2,special_2,lpdtl,Z-jmB,appol,0.0,0.0,1.0,10.015552342496479,4090,3694,/home/ekim339/project/SD3.5/datasets/SRNet_Datagen/train/train-50k-2/i_s/40600.png,/home/ekim339/project/SD3.5/experiments/self_prompting_sd35_version2/results/inputs/0086_40600.png,/home/ekim339/project/SD3.5/datasets/SRNet_Datagen/train/train-50k-2/mask_s/40600.png,/home/ekim339/project/SD3.5/experiments/self_prompting_sd35_version2/results/generated/self_prompting_sd35_version2/special_2/0086.png
692,86,40600.png,self_prompting_sd35_version2,special_3,lpdtl,gD?*l,spoll,0.0,0.19999999999999996,0.8,10.015552342496479,4090,3695,/home/ekim339/project/SD3.5/datasets/SRNet_Datagen/train/train-50k-2/i_s/40600.png,/home/ekim339/project/SD3.5/experiments/self_prompting_sd35_version2/results/inputs/0086_40600.png,/home/ekim339/project/SD3.5/datasets/SRNet_Datagen/train/train-50k-2/mask_s/40600.png,/home/ekim339/project/SD3.5/experiments/self_prompting_sd35_version2/results/generated/self_prompting_sd35_version2/special_3/0086.png
693,86,40600.png,self_prompting_sd35_version2,special_4,lpdtl,?dy,apdl,0.0,0.25,1.0,10.015552342496479,4090,3696,/home/ekim339/project/SD3.5/datasets/SRNet_Datagen/train/train-50k-2/i_s/40600.png,/home/ekim339/project/SD3.5/experiments/self_prompting_sd35_version2/results/inputs/0086_40600.png,/home/ekim339/project/SD3.5/datasets/SRNet_Datagen/train/train-50k-2/mask_s/40600.png,/home/ekim339/project/SD3.5/experiments/self_prompting_sd35_version2/results/generated/self_prompting_sd35_version2/special_4/0086.png
694,86,40600.png,self_prompting_sd35_version2,special_5,lpdtl,"*M;,*",apperi,0.0,0.0,1.2,10.015552342496479,4090,3697,/home/ekim339/project/SD3.5/datasets/SRNet_Datagen/train/train-50k-2/i_s/40600.png,/home/ekim339/project/SD3.5/experiments/self_prompting_sd35_version2/results/inputs/0086_40600.png,/home/ekim339/project/SD3.5/datasets/SRNet_Datagen/train/train-50k-2/mask_s/40600.png,/home/ekim339/project/SD3.5/experiments/self_prompting_sd35_version2/results/generated/self_prompting_sd35_version2/special_5/0086.png
695,86,40600.png,self_prompting_sd35_version2,special_6,lpdtl,!&+*&,appit,0.0,0.0,1.0,10.015552342496479,4090,3698,/home/ekim339/project/SD3.5/datasets/SRNet_Datagen/train/train-50k-2/i_s/40600.png,/home/ekim339/project/SD3.5/experiments/self_prompting_sd35_version2/results/inputs/0086_40600.png,/home/ekim339/project/SD3.5/datasets/SRNet_Datagen/train/train-50k-2/mask_s/40600.png,/home/ekim339/project/SD3.5/experiments/self_prompting_sd35_version2/results/generated/self_prompting_sd35_version2/special_6/0086.png
696,87,20277.png,self_prompting_sd35_version2,case_upper,alike,QPLIO,take,0.0,0.0,1.0,2.4612248666210625,4091,3699,/home/ekim339/project/SD3.5/datasets/SRNet_Datagen/train/train-50k-2/i_s/20277.png,/home/ekim339/project/SD3.5/experiments/self_prompting_sd35_version2/results/inputs/0087_20277.png,/home/ekim339/project/SD3.5/datasets/SRNet_Datagen/train/train-50k-2/mask_s/20277.png,/home/ekim339/project/SD3.5/experiments/self_prompting_sd35_version2/results/generated/self_prompting_sd35_version2/case_upper/0087.png
697,87,20277.png,self_prompting_sd35_version2,case_lower,alike,qplio,like,0.0,0.19999999999999996,0.8,2.4612248666210625,4091,3700,/home/ekim339/project/SD3.5/datasets/SRNet_Datagen/train/train-50k-2/i_s/20277.png,/home/ekim339/project/SD3.5/experiments/self_prompting_sd35_version2/results/inputs/0087_20277.png,/home/ekim339/project/SD3.5/datasets/SRNet_Datagen/train/train-50k-2/mask_s/20277.png,/home/ekim339/project/SD3.5/experiments/self_prompting_sd35_version2/results/generated/self_prompting_sd35_version2/case_lower/0087.png
698,87,20277.png,self_prompting_sd35_version2,special_1,alike,lleRB,maee,0.0,0.19999999999999996,0.8,2.4612248666210625,4091,3701,/home/ekim339/project/SD3.5/datasets/SRNet_Datagen/train/train-50k-2/i_s/20277.png,/home/ekim339/project/SD3.5/experiments/self_prompting_sd35_version2/results/inputs/0087_20277.png,/home/ekim339/project/SD3.5/datasets/SRNet_Datagen/train/train-50k-2/mask_s/20277.png,/home/ekim339/project/SD3.5/experiments/self_prompting_sd35_version2/results/generated/self_prompting_sd35_version2/special_1/0087.png
699,87,20277.png,self_prompting_sd35_version2,special_2,alike,%IbeM,take,0.0,0.19999999999999996,0.8,2.4612248666210625,4091,3702,/home/ekim339/project/SD3.5/datasets/SRNet_Datagen/train/train-50k-2/i_s/20277.png,/home/ekim339/project/SD3.5/experiments/self_prompting_sd35_version2/results/inputs/0087_20277.png,/home/ekim339/project/SD3.5/datasets/SRNet_Datagen/train/train-50k-2/mask_s/20277.png,/home/ekim339/project/SD3.5/experiments/self_prompting_sd35_version2/results/generated/self_prompting_sd35_version2/special_2/0087.png
700,87,20277.png,self_prompting_sd35_version2,special_3,alike,@Dm%w,maee,0.0,0.0,1.0,2.4612248666210625,4091,3703,/home/ekim339/project/SD3.5/datasets/SRNet_Datagen/train/train-50k-2/i_s/20277.png,/home/ekim339/project/SD3.5/experiments/self_prompting_sd35_version2/results/inputs/0087_20277.png,/home/ekim339/project/SD3.5/datasets/SRNet_Datagen/train/train-50k-2/mask_s/20277.png,/home/ekim339/project/SD3.5/experiments/self_prompting_sd35_version2/results/generated/self_prompting_sd35_version2/special_3/0087.png
701,87,20277.png,self_prompting_sd35_version2,special_4,alike,r_M,alke,0.0,0.0,1.3333333333333333,2.4612248666210625,4091,3704,/home/ekim339/project/SD3.5/datasets/SRNet_Datagen/train/train-50k-2/i_s/20277.png,/home/ekim339/project/SD3.5/experiments/self_prompting_sd35_version2/results/inputs/0087_20277.png,/home/ekim339/project/SD3.5/datasets/SRNet_Datagen/train/train-50k-2/mask_s/20277.png,/home/ekim339/project/SD3.5/experiments/self_prompting_sd35_version2/results/generated/self_prompting_sd35_version2/special_4/0087.png
702,87,20277.png,self_prompting_sd35_version2,special_5,alike,+=#.F,take,0.0,0.0,1.0,2.4612248666210625,4091,3705,/home/ekim339/project/SD3.5/datasets/SRNet_Datagen/train/train-50k-2/i_s/20277.png,/home/ekim339/project/SD3.5/experiments/self_prompting_sd35_version2/results/inputs/0087_20277.png,/home/ekim339/project/SD3.5/datasets/SRNet_Datagen/train/train-50k-2/mask_s/20277.png,/home/ekim339/project/SD3.5/experiments/self_prompting_sd35_version2/results/generated/self_prompting_sd35_version2/special_5/0087.png
703,87,20277.png,self_prompting_sd35_version2,special_6,alike,$$:#!,aale,0.0,0.0,1.0,2.4612248666210625,4091,3706,/home/ekim339/project/SD3.5/datasets/SRNet_Datagen/train/train-50k-2/i_s/20277.png,/home/ekim339/project/SD3.5/experiments/self_prompting_sd35_version2/results/inputs/0087_20277.png,/home/ekim339/project/SD3.5/datasets/SRNet_Datagen/train/train-50k-2/mask_s/20277.png,/home/ekim339/project/SD3.5/experiments/self_prompting_sd35_version2/results/generated/self_prompting_sd35_version2/special_6/0087.png
704,88,24606.png,self_prompting_sd35_version2,case_upper,meter,PXLFT,meter,0.0,0.0,1.0,5.061994804093695,4092,3707,/home/ekim339/project/SD3.5/datasets/SRNet_Datagen/train/train-50k-1/i_s/24606.png,/home/ekim339/project/SD3.5/experiments/self_prompting_sd35_version2/results/inputs/0088_24606.png,/home/ekim339/project/SD3.5/datasets/SRNet_Datagen/train/train-50k-1/mask_s/24606.png,/home/ekim339/project/SD3.5/experiments/self_prompting_sd35_version2/results/generated/self_prompting_sd35_version2/case_upper/0088.png
705,88,24606.png,self_prompting_sd35_version2,case_lower,meter,pxlft,meter,0.0,0.0,1.0,5.061994804093695,4092,3708,/home/ekim339/project/SD3.5/datasets/SRNet_Datagen/train/train-50k-1/i_s/24606.png,/home/ekim339/project/SD3.5/experiments/self_prompting_sd35_version2/results/inputs/0088_24606.png,/home/ekim339/project/SD3.5/datasets/SRNet_Datagen/train/train-50k-1/mask_s/24606.png,/home/ekim339/project/SD3.5/experiments/self_prompting_sd35_version2/results/generated/self_prompting_sd35_version2/case_lower/0088.png
706,88,24606.png,self_prompting_sd35_version2,special_1,meter,YbSFZ,meter,0.0,0.0,1.0,5.061994804093695,4092,3709,/home/ekim339/project/SD3.5/datasets/SRNet_Datagen/train/train-50k-1/i_s/24606.png,/home/ekim339/project/SD3.5/experiments/self_prompting_sd35_version2/results/inputs/0088_24606.png,/home/ekim339/project/SD3.5/datasets/SRNet_Datagen/train/train-50k-1/mask_s/24606.png,/home/ekim339/project/SD3.5/experiments/self_prompting_sd35_version2/results/generated/self_prompting_sd35_version2/special_1/0088.png
707,88,24606.png,self_prompting_sd35_version2,special_2,meter,xm;KR,meter,0.0,0.0,1.0,5.061994804093695,4092,3710,/home/ekim339/project/SD3.5/datasets/SRNet_Datagen/train/train-50k-1/i_s/24606.png,/home/ekim339/project/SD3.5/experiments/self_prompting_sd35_version2/results/inputs/0088_24606.png,/home/ekim339/project/SD3.5/datasets/SRNet_Datagen/train/train-50k-1/mask_s/24606.png,/home/ekim339/project/SD3.5/experiments/self_prompting_sd35_version2/results/generated/self_prompting_sd35_version2/special_2/0088.png
708,88,24606.png,self_prompting_sd35_version2,special_3,meter,jq@*u,meter,0.0,0.0,1.0,5.061994804093695,4092,3711,/home/ekim339/project/SD3.5/datasets/SRNet_Datagen/train/train-50k-1/i_s/24606.png,/home/ekim339/project/SD3.5/experiments/self_prompting_sd35_version2/results/inputs/0088_24606.png,/home/ekim339/project/SD3.5/datasets/SRNet_Datagen/train/train-50k-1/mask_s/24606.png,/home/ekim339/project/SD3.5/experiments/self_prompting_sd35_version2/results/generated/self_prompting_sd35_version2/special_3/0088.png
709,88,24606.png,self_prompting_sd35_version2,special_4,meter,o&X,meter,0.0,0.0,1.6666666666666667,5.061994804093695,4092,3712,/home/ekim339/project/SD3.5/datasets/SRNet_Datagen/train/train-50k-1/i_s/24606.png,/home/ekim339/project/SD3.5/experiments/self_prompting_sd35_version2/results/inputs/0088_24606.png,/home/ekim339/project/SD3.5/datasets/SRNet_Datagen/train/train-50k-1/mask_s/24606.png,/home/ekim339/project/SD3.5/experiments/self_prompting_sd35_version2/results/generated/self_prompting_sd35_version2/special_4/0088.png
710,88,24606.png,self_prompting_sd35_version2,special_5,meter,*;#T!,meter,0.0,0.0,1.0,5.061994804093695,4092,3713,/home/ekim339/project/SD3.5/datasets/SRNet_Datagen/train/train-50k-1/i_s/24606.png,/home/ekim339/project/SD3.5/experiments/self_prompting_sd35_version2/results/inputs/0088_24606.png,/home/ekim339/project/SD3.5/datasets/SRNet_Datagen/train/train-50k-1/mask_s/24606.png,/home/ekim339/project/SD3.5/experiments/self_prompting_sd35_version2/results/generated/self_prompting_sd35_version2/special_5/0088.png
711,88,24606.png,self_prompting_sd35_version2,special_6,meter,?;@&_,mater,0.0,0.0,1.0,5.061994804093695,4092,3714,/home/ekim339/project/SD3.5/datasets/SRNet_Datagen/train/train-50k-1/i_s/24606.png,/home/ekim339/project/SD3.5/experiments/self_prompting_sd35_version2/results/inputs/0088_24606.png,/home/ekim339/project/SD3.5/datasets/SRNet_Datagen/train/train-50k-1/mask_s/24606.png,/home/ekim339/project/SD3.5/experiments/self_prompting_sd35_version2/results/generated/self_prompting_sd35_version2/special_6/0088.png
712,89,14103.png,self_prompting_sd35_version2,case_upper,stupa,IMEWQ,stupal,0.0,0.0,1.2,10.899170305741302,4093,3715,/home/ekim339/project/SD3.5/datasets/SRNet_Datagen/train/train-50k-1/i_s/14103.png,/home/ekim339/project/SD3.5/experiments/self_prompting_sd35_version2/results/inputs/0089_14103.png,/home/ekim339/project/SD3.5/datasets/SRNet_Datagen/train/train-50k-1/mask_s/14103.png,/home/ekim339/project/SD3.5/experiments/self_prompting_sd35_version2/results/generated/self_prompting_sd35_version2/case_upper/0089.png
713,89,14103.png,self_prompting_sd35_version2,case_lower,stupa,imewq,stupar,0.0,0.0,1.2,10.899170305741302,4093,3716,/home/ekim339/project/SD3.5/datasets/SRNet_Datagen/train/train-50k-1/i_s/14103.png,/home/ekim339/project/SD3.5/experiments/self_prompting_sd35_version2/results/inputs/0089_14103.png,/home/ekim339/project/SD3.5/datasets/SRNet_Datagen/train/train-50k-1/mask_s/14103.png,/home/ekim339/project/SD3.5/experiments/self_prompting_sd35_version2/results/generated/self_prompting_sd35_version2/case_lower/0089.png
714,89,14103.png,self_prompting_sd35_version2,special_1,stupa,tHfvu,stuca,0.0,0.0,1.0,10.899170305741302,4093,3717,/home/ekim339/project/SD3.5/datasets/SRNet_Datagen/train/train-50k-1/i_s/14103.png,/home/ekim339/project/SD3.5/experiments/self_prompting_sd35_version2/results/inputs/0089_14103.png,/home/ekim339/project/SD3.5/datasets/SRNet_Datagen/train/train-50k-1/mask_s/14103.png,/home/ekim339/project/SD3.5/experiments/self_prompting_sd35_version2/results/generated/self_prompting_sd35_version2/special_1/0089.png
715,89,14103.png,self_prompting_sd35_version2,special_2,stupa,Vm-co,stpee,0.0,0.0,1.0,10.899170305741302,4093,3718,/home/ekim339/project/SD3.5/datasets/SRNet_Datagen/train/train-50k-1/i_s/14103.png,/home/ekim339/project/SD3.5/experiments/self_prompting_sd35_version2/results/inputs/0089_14103.png,/home/ekim339/project/SD3.5/datasets/SRNet_Datagen/train/train-50k-1/mask_s/14103.png,/home/ekim339/project/SD3.5/experiments/self_prompting_sd35_version2/results/generated/self_prompting_sd35_version2/special_2/0089.png
716,89,14103.png,self_prompting_sd35_version2,special_3,stupa,JfP&_,stupa,0.0,0.0,1.0,10.899170305741302,4093,3719,/home/ekim339/project/SD3.5/datasets/SRNet_Datagen/train/train-50k-1/i_s/14103.png,/home/ekim339/project/SD3.5/experiments/self_prompting_sd35_version2/results/inputs/0089_14103.png,/home/ekim339/project/SD3.5/datasets/SRNet_Datagen/train/train-50k-1/mask_s/14103.png,/home/ekim339/project/SD3.5/experiments/self_prompting_sd35_version2/results/generated/self_prompting_sd35_version2/special_3/0089.png
717,89,14103.png,self_prompting_sd35_version2,special_4,stupa,$Qu,stupar,0.0,0.16666666666666663,1.6666666666666667,10.899170305741302,4093,3720,/home/ekim339/project/SD3.5/datasets/SRNet_Datagen/train/train-50k-1/i_s/14103.png,/home/ekim339/project/SD3.5/experiments/self_prompting_sd35_version2/results/inputs/0089_14103.png,/home/ekim339/project/SD3.5/datasets/SRNet_Datagen/train/train-50k-1/mask_s/14103.png,/home/ekim339/project/SD3.5/experiments/self_prompting_sd35_version2/results/generated/self_prompting_sd35_version2/special_4/0089.png
718,89,14103.png,self_prompting_sd35_version2,special_5,stupa,!!*f$,stupa,0.0,0.0,1.0,10.899170305741302,4093,3721,/home/ekim339/project/SD3.5/datasets/SRNet_Datagen/train/train-50k-1/i_s/14103.png,/home/ekim339/project/SD3.5/experiments/self_prompting_sd35_version2/results/inputs/0089_14103.png,/home/ekim339/project/SD3.5/datasets/SRNet_Datagen/train/train-50k-1/mask_s/14103.png,/home/ekim339/project/SD3.5/experiments/self_prompting_sd35_version2/results/generated/self_prompting_sd35_version2/special_5/0089.png
719,89,14103.png,self_prompting_sd35_version2,special_6,stupa,+:=?@,stupa,0.0,0.0,1.0,10.899170305741302,4093,3722,/home/ekim339/project/SD3.5/datasets/SRNet_Datagen/train/train-50k-1/i_s/14103.png,/home/ekim339/project/SD3.5/experiments/self_prompting_sd35_version2/results/inputs/0089_14103.png,/home/ekim339/project/SD3.5/datasets/SRNet_Datagen/train/train-50k-1/mask_s/14103.png,/home/ekim339/project/SD3.5/experiments/self_prompting_sd35_version2/results/generated/self_prompting_sd35_version2/special_6/0089.png
720,90,36017.png,self_prompting_sd35_version2,case_upper,jinny,ATVUQ,jinny,0.0,0.0,1.0,2.9040293507732278,4094,3723,/home/ekim339/project/SD3.5/datasets/SRNet_Datagen/train/train-50k-2/i_s/36017.png,/home/ekim339/project/SD3.5/experiments/self_prompting_sd35_version2/results/inputs/0090_36017.png,/home/ekim339/project/SD3.5/datasets/SRNet_Datagen/train/train-50k-2/mask_s/36017.png,/home/ekim339/project/SD3.5/experiments/self_prompting_sd35_version2/results/generated/self_prompting_sd35_version2/case_upper/0090.png
721,90,36017.png,self_prompting_sd35_version2,case_lower,jinny,atvuq,jinny,0.0,0.0,1.0,2.9040293507732278,4094,3724,/home/ekim339/project/SD3.5/datasets/SRNet_Datagen/train/train-50k-2/i_s/36017.png,/home/ekim339/project/SD3.5/experiments/self_prompting_sd35_version2/results/inputs/0090_36017.png,/home/ekim339/project/SD3.5/datasets/SRNet_Datagen/train/train-50k-2/mask_s/36017.png,/home/ekim339/project/SD3.5/experiments/self_prompting_sd35_version2/results/generated/self_prompting_sd35_version2/case_lower/0090.png
722,90,36017.png,self_prompting_sd35_version2,special_1,jinny,knDsl,jinny,0.0,0.0,1.0,2.9040293507732278,4094,3725,/home/ekim339/project/SD3.5/datasets/SRNet_Datagen/train/train-50k-2/i_s/36017.png,/home/ekim339/project/SD3.5/experiments/self_prompting_sd35_version2/results/inputs/0090_36017.png,/home/ekim339/project/SD3.5/datasets/SRNet_Datagen/train/train-50k-2/mask_s/36017.png,/home/ekim339/project/SD3.5/experiments/self_prompting_sd35_version2/results/generated/self_prompting_sd35_version2/special_1/0090.png
723,90,36017.png,self_prompting_sd35_version2,special_2,jinny,l@ZaF,jiry,0.0,0.0,1.0,2.9040293507732278,4094,3726,/home/ekim339/project/SD3.5/datasets/SRNet_Datagen/train/train-50k-2/i_s/36017.png,/home/ekim339/project/SD3.5/experiments/self_prompting_sd35_version2/results/inputs/0090_36017.png,/home/ekim339/project/SD3.5/datasets/SRNet_Datagen/train/train-50k-2/mask_s/36017.png,/home/ekim339/project/SD3.5/experiments/self_prompting_sd35_version2/results/generated/self_prompting_sd35_version2/special_2/0090.png
724,90,36017.png,self_prompting_sd35_version2,special_3,jinny,Qqr%!,jinny,0.0,0.0,1.0,2.9040293507732278,4094,3727,/home/ekim339/project/SD3.5/datasets/SRNet_Datagen/train/train-50k-2/i_s/36017.png,/home/ekim339/project/SD3.5/experiments/self_prompting_sd35_version2/results/inputs/0090_36017.png,/home/ekim339/project/SD3.5/datasets/SRNet_Datagen/train/train-50k-2/mask_s/36017.png,/home/ekim339/project/SD3.5/experiments/self_prompting_sd35_version2/results/generated/self_prompting_sd35_version2/special_3/0090.png
725,90,36017.png,self_prompting_sd35_version2,special_4,jinny,B:t,jinny,0.0,0.0,1.6666666666666667,2.9040293507732278,4094,3728,/home/ekim339/project/SD3.5/datasets/SRNet_Datagen/train/train-50k-2/i_s/36017.png,/home/ekim339/project/SD3.5/experiments/self_prompting_sd35_version2/results/inputs/0090_36017.png,/home/ekim339/project/SD3.5/datasets/SRNet_Datagen/train/train-50k-2/mask_s/36017.png,/home/ekim339/project/SD3.5/experiments/self_prompting_sd35_version2/results/generated/self_prompting_sd35_version2/special_4/0090.png
726,90,36017.png,self_prompting_sd35_version2,special_5,jinny,$+#-e,jinny,0.0,0.0,1.0,2.9040293507732278,4094,3729,/home/ekim339/project/SD3.5/datasets/SRNet_Datagen/train/train-50k-2/i_s/36017.png,/home/ekim339/project/SD3.5/experiments/self_prompting_sd35_version2/results/inputs/0090_36017.png,/home/ekim339/project/SD3.5/datasets/SRNet_Datagen/train/train-50k-2/mask_s/36017.png,/home/ekim339/project/SD3.5/experiments/self_prompting_sd35_version2/results/generated/self_prompting_sd35_version2/special_5/0090.png
727,90,36017.png,self_prompting_sd35_version2,special_6,jinny,:_-#_,jimy,0.0,0.0,1.0,2.9040293507732278,4094,3730,/home/ekim339/project/SD3.5/datasets/SRNet_Datagen/train/train-50k-2/i_s/36017.png,/home/ekim339/project/SD3.5/experiments/self_prompting_sd35_version2/results/inputs/0090_36017.png,/home/ekim339/project/SD3.5/datasets/SRNet_Datagen/train/train-50k-2/mask_s/36017.png,/home/ekim339/project/SD3.5/experiments/self_prompting_sd35_version2/results/generated/self_prompting_sd35_version2/special_6/0090.png
728,91,41593.png,self_prompting_sd35_version2,case_upper,namer,ISQXR,name,0.0,0.0,1.0,2.1153252528955537,4095,3731,/home/ekim339/project/SD3.5/datasets/SRNet_Datagen/train/train-50k-3/i_s/41593.png,/home/ekim339/project/SD3.5/experiments/self_prompting_sd35_version2/results/inputs/0091_41593.png,/home/ekim339/project/SD3.5/datasets/SRNet_Datagen/train/train-50k-3/mask_s/41593.png,/home/ekim339/project/SD3.5/experiments/self_prompting_sd35_version2/results/generated/self_prompting_sd35_version2/case_upper/0091.png
729,91,41593.png,self_prompting_sd35_version2,case_lower,namer,isqxr,herner,0.0,0.16666666666666663,1.0,2.1153252528955537,4095,3732,/home/ekim339/project/SD3.5/datasets/SRNet_Datagen/train/train-50k-3/i_s/41593.png,/home/ekim339/project/SD3.5/experiments/self_prompting_sd35_version2/results/inputs/0091_41593.png,/home/ekim339/project/SD3.5/datasets/SRNet_Datagen/train/train-50k-3/mask_s/41593.png,/home/ekim339/project/SD3.5/experiments/self_prompting_sd35_version2/results/generated/self_prompting_sd35_version2/case_lower/0091.png
730,91,41593.png,self_prompting_sd35_version2,special_1,namer,wMGsp,namer,0.0,0.0,1.0,2.1153252528955537,4095,3733,/home/ekim339/project/SD3.5/datasets/SRNet_Datagen/train/train-50k-3/i_s/41593.png,/home/ekim339/project/SD3.5/experiments/self_prompting_sd35_version2/results/inputs/0091_41593.png,/home/ekim339/project/SD3.5/datasets/SRNet_Datagen/train/train-50k-3/mask_s/41593.png,/home/ekim339/project/SD3.5/experiments/self_prompting_sd35_version2/results/generated/self_prompting_sd35_version2/special_1/0091.png
731,91,41593.png,self_prompting_sd35_version2,special_2,namer,=BZZH,nanner,0.0,0.0,1.2,2.1153252528955537,4095,3734,/home/ekim339/project/SD3.5/datasets/SRNet_Datagen/train/train-50k-3/i_s/41593.png,/home/ekim339/project/SD3.5/experiments/self_prompting_sd35_version2/results/inputs/0091_41593.png,/home/ekim339/project/SD3.5/datasets/SRNet_Datagen/train/train-50k-3/mask_s/41593.png,/home/ekim339/project/SD3.5/experiments/self_prompting_sd35_version2/results/generated/self_prompting_sd35_version2/special_2/0091.png
732,91,41593.png,self_prompting_sd35_version2,special_3,namer,T:.Wu,narrat,0.0,0.0,1.2,2.1153252528955537,4095,3735,/home/ekim339/project/SD3.5/datasets/SRNet_Datagen/train/train-50k-3/i_s/41593.png,/home/ekim339/project/SD3.5/experiments/self_prompting_sd35_version2/results/inputs/0091_41593.png,/home/ekim339/project/SD3.5/datasets/SRNet_Datagen/train/train-50k-3/mask_s/41593.png,/home/ekim339/project/SD3.5/experiments/self_prompting_sd35_version2/results/generated/self_prompting_sd35_version2/special_3/0091.png
733,91,41593.png,self_prompting_sd35_version2,special_4,namer,V+g,pamper,0.0,0.0,2.0,2.1153252528955537,4095,3736,/home/ekim339/project/SD3.5/datasets/SRNet_Datagen/train/train-50k-3/i_s/41593.png,/home/ekim339/project/SD3.5/experiments/self_prompting_sd35_version2/results/inputs/0091_41593.png,/home/ekim339/project/SD3.5/datasets/SRNet_Datagen/train/train-50k-3/mask_s/41593.png,/home/ekim339/project/SD3.5/experiments/self_prompting_sd35_version2/results/generated/self_prompting_sd35_version2/special_4/0091.png
734,91,41593.png,self_prompting_sd35_version2,special_5,namer,";,+:W",narry,0.0,0.0,1.0,2.1153252528955537,4095,3737,/home/ekim339/project/SD3.5/datasets/SRNet_Datagen/train/train-50k-3/i_s/41593.png,/home/ekim339/project/SD3.5/experiments/self_prompting_sd35_version2/results/inputs/0091_41593.png,/home/ekim339/project/SD3.5/datasets/SRNet_Datagen/train/train-50k-3/mask_s/41593.png,/home/ekim339/project/SD3.5/experiments/self_prompting_sd35_version2/results/generated/self_prompting_sd35_version2/special_5/0091.png
735,91,41593.png,self_prompting_sd35_version2,special_6,namer,#=:$=,namerr,0.0,0.0,1.2,2.1153252528955537,4095,3738,/home/ekim339/project/SD3.5/datasets/SRNet_Datagen/train/train-50k-3/i_s/41593.png,/home/ekim339/project/SD3.5/experiments/self_prompting_sd35_version2/results/inputs/0091_41593.png,/home/ekim339/project/SD3.5/datasets/SRNet_Datagen/train/train-50k-3/mask_s/41593.png,/home/ekim339/project/SD3.5/experiments/self_prompting_sd35_version2/results/generated/self_prompting_sd35_version2/special_6/0091.png
736,92,41425.png,self_prompting_sd35_version2,case_upper,eggar,EFKXY,eggar,0.0,0.0,1.0,4.985507420504987,4096,3739,/home/ekim339/project/SD3.5/datasets/SRNet_Datagen/train/train-50k-2/i_s/41425.png,/home/ekim339/project/SD3.5/experiments/self_prompting_sd35_version2/results/inputs/0092_41425.png,/home/ekim339/project/SD3.5/datasets/SRNet_Datagen/train/train-50k-2/mask_s/41425.png,/home/ekim339/project/SD3.5/experiments/self_prompting_sd35_version2/results/generated/self_prompting_sd35_version2/case_upper/0092.png
737,92,41425.png,self_prompting_sd35_version2,case_lower,eggar,efkxy,eggar,0.0,0.19999999999999996,0.8,4.985507420504987,4096,3740,/home/ekim339/project/SD3.5/datasets/SRNet_Datagen/train/train-50k-2/i_s/41425.png,/home/ekim339/project/SD3.5/experiments/self_prompting_sd35_version2/results/inputs/0092_41425.png,/home/ekim339/project/SD3.5/datasets/SRNet_Datagen/train/train-50k-2/mask_s/41425.png,/home/ekim339/project/SD3.5/experiments/self_prompting_sd35_version2/results/generated/self_prompting_sd35_version2/case_lower/0092.png
738,92,41425.png,self_prompting_sd35_version2,special_1,eggar,PunKg,eegar,0.0,0.0,1.0,4.985507420504987,4096,3741,/home/ekim339/project/SD3.5/datasets/SRNet_Datagen/train/train-50k-2/i_s/41425.png,/home/ekim339/project/SD3.5/experiments/self_prompting_sd35_version2/results/inputs/0092_41425.png,/home/ekim339/project/SD3.5/datasets/SRNet_Datagen/train/train-50k-2/mask_s/41425.png,/home/ekim339/project/SD3.5/experiments/self_prompting_sd35_version2/results/generated/self_prompting_sd35_version2/special_1/0092.png
739,92,41425.png,self_prompting_sd35_version2,special_2,eggar,uCnK@,eggar,0.0,0.0,1.0,4.985507420504987,4096,3742,/home/ekim339/project/SD3.5/datasets/SRNet_Datagen/train/train-50k-2/i_s/41425.png,/home/ekim339/project/SD3.5/experiments/self_prompting_sd35_version2/results/inputs/0092_41425.png,/home/ekim339/project/SD3.5/datasets/SRNet_Datagen/train/train-50k-2/mask_s/41425.png,/home/ekim339/project/SD3.5/experiments/self_prompting_sd35_version2/results/generated/self_prompting_sd35_version2/special_2/0092.png
740,92,41425.png,self_prompting_sd35_version2,special_3,eggar,KQ@E.,eegar,0.0,0.0,1.0,4.985507420504987,4096,3743,/home/ekim339/project/SD3.5/datasets/SRNet_Datagen/train/train-50k-2/i_s/41425.png,/home/ekim339/project/SD3.5/experiments/self_prompting_sd35_version2/results/inputs/0092_41425.png,/home/ekim339/project/SD3.5/datasets/SRNet_Datagen/train/train-50k-2/mask_s/41425.png,/home/ekim339/project/SD3.5/experiments/self_prompting_sd35_version2/results/generated/self_prompting_sd35_version2/special_3/0092.png
741,92,41425.png,self_prompting_sd35_version2,special_4,eggar,V-c,eegar,0.0,0.0,1.6666666666666667,4.985507420504987,4096,3744,/home/ekim339/project/SD3.5/datasets/SRNet_Datagen/train/train-50k-2/i_s/41425.png,/home/ekim339/project/SD3.5/experiments/self_prompting_sd35_version2/results/inputs/0092_41425.png,/home/ekim339/project/SD3.5/datasets/SRNet_Datagen/train/train-50k-2/mask_s/41425.png,/home/ekim339/project/SD3.5/experiments/self_prompting_sd35_version2/results/generated/self_prompting_sd35_version2/special_4/0092.png
742,92,41425.png,self_prompting_sd35_version2,special_5,eggar,",w@:@",eegar,0.0,0.0,1.0,4.985507420504987,4096,3745,/home/ekim339/project/SD3.5/datasets/SRNet_Datagen/train/train-50k-2/i_s/41425.png,/home/ekim339/project/SD3.5/experiments/self_prompting_sd35_version2/results/inputs/0092_41425.png,/home/ekim339/project/SD3.5/datasets/SRNet_Datagen/train/train-50k-2/mask_s/41425.png,/home/ekim339/project/SD3.5/experiments/self_prompting_sd35_version2/results/generated/self_prompting_sd35_version2/special_5/0092.png
743,92,41425.png,self_prompting_sd35_version2,special_6,eggar,_=%$$,legar,0.0,0.0,1.0,4.985507420504987,4096,3746,/home/ekim339/project/SD3.5/datasets/SRNet_Datagen/train/train-50k-2/i_s/41425.png,/home/ekim339/project/SD3.5/experiments/self_prompting_sd35_version2/results/inputs/0092_41425.png,/home/ekim339/project/SD3.5/datasets/SRNet_Datagen/train/train-50k-2/mask_s/41425.png,/home/ekim339/project/SD3.5/experiments/self_prompting_sd35_version2/results/generated/self_prompting_sd35_version2/special_6/0092.png
744,93,33669.png,self_prompting_sd35_version2,case_upper,waked,TGLCE,waked,0.0,0.0,1.0,10.224404344048134,4097,3747,/home/ekim339/project/SD3.5/datasets/SRNet_Datagen/train/train-50k-4/i_s/33669.png,/home/ekim339/project/SD3.5/experiments/self_prompting_sd35_version2/results/inputs/0093_33669.png,/home/ekim339/project/SD3.5/datasets/SRNet_Datagen/train/train-50k-4/mask_s/33669.png,/home/ekim339/project/SD3.5/experiments/self_prompting_sd35_version2/results/generated/self_prompting_sd35_version2/case_upper/0093.png
745,93,33669.png,self_prompting_sd35_version2,case_lower,waked,tglce,waked,0.0,0.0,1.0,10.224404344048134,4097,3748,/home/ekim339/project/SD3.5/datasets/SRNet_Datagen/train/train-50k-4/i_s/33669.png,/home/ekim339/project/SD3.5/experiments/self_prompting_sd35_version2/results/inputs/0093_33669.png,/home/ekim339/project/SD3.5/datasets/SRNet_Datagen/train/train-50k-4/mask_s/33669.png,/home/ekim339/project/SD3.5/experiments/self_prompting_sd35_version2/results/generated/self_prompting_sd35_version2/case_lower/0093.png
746,93,33669.png,self_prompting_sd35_version2,special_1,waked,AahnJ,waked,0.0,0.19999999999999996,0.8,10.224404344048134,4097,3749,/home/ekim339/project/SD3.5/datasets/SRNet_Datagen/train/train-50k-4/i_s/33669.png,/home/ekim339/project/SD3.5/experiments/self_prompting_sd35_version2/results/inputs/0093_33669.png,/home/ekim339/project/SD3.5/datasets/SRNet_Datagen/train/train-50k-4/mask_s/33669.png,/home/ekim339/project/SD3.5/experiments/self_prompting_sd35_version2/results/generated/self_prompting_sd35_version2/special_1/0093.png
747,93,33669.png,self_prompting_sd35_version2,special_2,waked,P&FnZ,waked,0.0,0.0,1.0,10.224404344048134,4097,3750,/home/ekim339/project/SD3.5/datasets/SRNet_Datagen/train/train-50k-4/i_s/33669.png,/home/ekim339/project/SD3.5/experiments/self_prompting_sd35_version2/results/inputs/0093_33669.png,/home/ekim339/project/SD3.5/datasets/SRNet_Datagen/train/train-50k-4/mask_s/33669.png,/home/ekim339/project/SD3.5/experiments/self_prompting_sd35_version2/results/generated/self_prompting_sd35_version2/special_2/0093.png
748,93,33669.png,self_prompting_sd35_version2,special_3,waked,"r,$KS",waked,0.0,0.0,1.0,10.224404344048134,4097,3751,/home/ekim339/project/SD3.5/datasets/SRNet_Datagen/train/train-50k-4/i_s/33669.png,/home/ekim339/project/SD3.5/experiments/self_prompting_sd35_version2/results/inputs/0093_33669.png,/home/ekim339/project/SD3.5/datasets/SRNet_Datagen/train/train-50k-4/mask_s/33669.png,/home/ekim339/project/SD3.5/experiments/self_prompting_sd35_version2/results/generated/self_prompting_sd35_version2/special_3/0093.png
749,93,33669.png,self_prompting_sd35_version2,special_4,waked,"vZ,",waked,0.0,0.0,1.6666666666666667,10.224404344048134,4097,3752,/home/ekim339/project/SD3.5/datasets/SRNet_Datagen/train/train-50k-4/i_s/33669.png,/home/ekim339/project/SD3.5/experiments/self_prompting_sd35_version2/results/inputs/0093_33669.png,/home/ekim339/project/SD3.5/datasets/SRNet_Datagen/train/train-50k-4/mask_s/33669.png,/home/ekim339/project/SD3.5/experiments/self_prompting_sd35_version2/results/generated/self_prompting_sd35_version2/special_4/0093.png
750,93,33669.png,self_prompting_sd35_version2,special_5,waked,_+:H%,waked,0.0,0.0,1.0,10.224404344048134,4097,3753,/home/ekim339/project/SD3.5/datasets/SRNet_Datagen/train/train-50k-4/i_s/33669.png,/home/ekim339/project/SD3.5/experiments/self_prompting_sd35_version2/results/inputs/0093_33669.png,/home/ekim339/project/SD3.5/datasets/SRNet_Datagen/train/train-50k-4/mask_s/33669.png,/home/ekim339/project/SD3.5/experiments/self_prompting_sd35_version2/results/generated/self_prompting_sd35_version2/special_5/0093.png
751,93,33669.png,self_prompting_sd35_version2,special_6,waked,;_;-!,waked,0.0,0.0,1.0,10.224404344048134,4097,3754,/home/ekim339/project/SD3.5/datasets/SRNet_Datagen/train/train-50k-4/i_s/33669.png,/home/ekim339/project/SD3.5/experiments/self_prompting_sd35_version2/results/inputs/0093_33669.png,/home/ekim339/project/SD3.5/datasets/SRNet_Datagen/train/train-50k-4/mask_s/33669.png,/home/ekim339/project/SD3.5/experiments/self_prompting_sd35_version2/results/generated/self_prompting_sd35_version2/special_6/0093.png
752,94,35177.png,self_prompting_sd35_version2,case_upper,bagel,YNNUG,langel,0.0,0.0,1.2,8.956984557830117,4098,3755,/home/ekim339/project/SD3.5/datasets/SRNet_Datagen/train/train-50k-4/i_s/35177.png,/home/ekim339/project/SD3.5/experiments/self_prompting_sd35_version2/results/inputs/0094_35177.png,/home/ekim339/project/SD3.5/datasets/SRNet_Datagen/train/train-50k-4/mask_s/35177.png,/home/ekim339/project/SD3.5/experiments/self_prompting_sd35_version2/results/generated/self_prompting_sd35_version2/case_upper/0094.png
753,94,35177.png,self_prompting_sd35_version2,case_lower,bagel,ynnug,bagel,0.0,0.0,1.0,8.956984557830117,4098,3756,/home/ekim339/project/SD3.5/datasets/SRNet_Datagen/train/train-50k-4/i_s/35177.png,/home/ekim339/project/SD3.5/experiments/self_prompting_sd35_version2/results/inputs/0094_35177.png,/home/ekim339/project/SD3.5/datasets/SRNet_Datagen/train/train-50k-4/mask_s/35177.png,/home/ekim339/project/SD3.5/experiments/self_prompting_sd35_version2/results/generated/self_prompting_sd35_version2/case_lower/0094.png
754,94,35177.png,self_prompting_sd35_version2,special_1,bagel,qXiWl,bagel,0.0,0.19999999999999996,0.8,8.956984557830117,4098,3757,/home/ekim339/project/SD3.5/datasets/SRNet_Datagen/train/train-50k-4/i_s/35177.png,/home/ekim339/project/SD3.5/experiments/self_prompting_sd35_version2/results/inputs/0094_35177.png,/home/ekim339/project/SD3.5/datasets/SRNet_Datagen/train/train-50k-4/mask_s/35177.png,/home/ekim339/project/SD3.5/experiments/self_prompting_sd35_version2/results/generated/self_prompting_sd35_version2/special_1/0094.png
755,94,35177.png,self_prompting_sd35_version2,special_2,bagel,ghgV-,bagel,0.0,0.19999999999999996,0.8,8.956984557830117,4098,3758,/home/ekim339/project/SD3.5/datasets/SRNet_Datagen/train/train-50k-4/i_s/35177.png,/home/ekim339/project/SD3.5/experiments/self_prompting_sd35_version2/results/inputs/0094_35177.png,/home/ekim339/project/SD3.5/datasets/SRNet_Datagen/train/train-50k-4/mask_s/35177.png,/home/ekim339/project/SD3.5/experiments/self_prompting_sd35_version2/results/generated/self_prompting_sd35_version2/special_2/0094.png
756,94,35177.png,self_prompting_sd35_version2,special_3,bagel,yxw-*,bagel,0.0,0.0,1.0,8.956984557830117,4098,3759,/home/ekim339/project/SD3.5/datasets/SRNet_Datagen/train/train-50k-4/i_s/35177.png,/home/ekim339/project/SD3.5/experiments/self_prompting_sd35_version2/results/inputs/0094_35177.png,/home/ekim339/project/SD3.5/datasets/SRNet_Datagen/train/train-50k-4/mask_s/35177.png,/home/ekim339/project/SD3.5/experiments/self_prompting_sd35_version2/results/generated/self_prompting_sd35_version2/special_3/0094.png
757,94,35177.png,self_prompting_sd35_version2,special_4,bagel,:AJ,bagel,0.0,0.0,1.6666666666666667,8.956984557830117,4098,3760,/home/ekim339/project/SD3.5/datasets/SRNet_Datagen/train/train-50k-4/i_s/35177.png,/home/ekim339/project/SD3.5/experiments/self_prompting_sd35_version2/results/inputs/0094_35177.png,/home/ekim339/project/SD3.5/datasets/SRNet_Datagen/train/train-50k-4/mask_s/35177.png,/home/ekim339/project/SD3.5/experiments/self_prompting_sd35_version2/results/generated/self_prompting_sd35_version2/special_4/0094.png
758,94,35177.png,self_prompting_sd35_version2,special_5,bagel,$J?$-,bagel,0.0,0.0,1.0,8.956984557830117,4098,3761,/home/ekim339/project/SD3.5/datasets/SRNet_Datagen/train/train-50k-4/i_s/35177.png,/home/ekim339/project/SD3.5/experiments/self_prompting_sd35_version2/results/inputs/0094_35177.png,/home/ekim339/project/SD3.5/datasets/SRNet_Datagen/train/train-50k-4/mask_s/35177.png,/home/ekim339/project/SD3.5/experiments/self_prompting_sd35_version2/results/generated/self_prompting_sd35_version2/special_5/0094.png
759,94,35177.png,self_prompting_sd35_version2,special_6,bagel,%+@:_,bagel,0.0,0.0,1.0,8.956984557830117,4098,3762,/home/ekim339/project/SD3.5/datasets/SRNet_Datagen/train/train-50k-4/i_s/35177.png,/home/ekim339/project/SD3.5/experiments/self_prompting_sd35_version2/results/inputs/0094_35177.png,/home/ekim339/project/SD3.5/datasets/SRNet_Datagen/train/train-50k-4/mask_s/35177.png,/home/ekim339/project/SD3.5/experiments/self_prompting_sd35_version2/results/generated/self_prompting_sd35_version2/special_6/0094.png
760,95,09454.png,self_prompting_sd35_version2,case_upper,extra,SDVPE,exuua,0.0,0.0,1.0,2.2381215343969645,4099,3763,/home/ekim339/project/SD3.5/datasets/SRNet_Datagen/train/train-50k-2/i_s/09454.png,/home/ekim339/project/SD3.5/experiments/self_prompting_sd35_version2/results/inputs/0095_09454.png,/home/ekim339/project/SD3.5/datasets/SRNet_Datagen/train/train-50k-2/mask_s/09454.png,/home/ekim339/project/SD3.5/experiments/self_prompting_sd35_version2/results/generated/self_prompting_sd35_version2/case_upper/0095.png
761,95,09454.png,self_prompting_sd35_version2,case_lower,extra,sdvpe,extrr,0.0,0.0,1.0,2.2381215343969645,4099,3764,/home/ekim339/project/SD3.5/datasets/SRNet_Datagen/train/train-50k-2/i_s/09454.png,/home/ekim339/project/SD3.5/experiments/self_prompting_sd35_version2/results/inputs/0095_09454.png,/home/ekim339/project/SD3.5/datasets/SRNet_Datagen/train/train-50k-2/mask_s/09454.png,/home/ekim339/project/SD3.5/experiments/self_prompting_sd35_version2/results/generated/self_prompting_sd35_version2/case_lower/0095.png
762,95,09454.png,self_prompting_sd35_version2,special_1,extra,RhSGR,sene,0.0,0.0,1.0,2.2381215343969645,4099,3765,/home/ekim339/project/SD3.5/datasets/SRNet_Datagen/train/train-50k-2/i_s/09454.png,/home/ekim339/project/SD3.5/experiments/self_prompting_sd35_version2/results/inputs/0095_09454.png,/home/ekim339/project/SD3.5/datasets/SRNet_Datagen/train/train-50k-2/mask_s/09454.png,/home/ekim339/project/SD3.5/experiments/self_prompting_sd35_version2/results/generated/self_prompting_sd35_version2/special_1/0095.png
763,95,09454.png,self_prompting_sd35_version2,special_2,extra,"cP,Qg",reeeer,0.0,0.0,1.2,2.2381215343969645,4099,3766,/home/ekim339/project/SD3.5/datasets/SRNet_Datagen/train/train-50k-2/i_s/09454.png,/home/ekim339/project/SD3.5/experiments/self_prompting_sd35_version2/results/inputs/0095_09454.png,/home/ekim339/project/SD3.5/datasets/SRNet_Datagen/train/train-50k-2/mask_s/09454.png,/home/ekim339/project/SD3.5/experiments/self_prompting_sd35_version2/results/generated/self_prompting_sd35_version2/special_2/0095.png
764,95,09454.png,self_prompting_sd35_version2,special_3,extra,",.ciB",eet,0.0,0.0,1.0,2.2381215343969645,4099,3767,/home/ekim339/project/SD3.5/datasets/SRNet_Datagen/train/train-50k-2/i_s/09454.png,/home/ekim339/project/SD3.5/experiments/self_prompting_sd35_version2/results/inputs/0095_09454.png,/home/ekim339/project/SD3.5/datasets/SRNet_Datagen/train/train-50k-2/mask_s/09454.png,/home/ekim339/project/SD3.5/experiments/self_prompting_sd35_version2/results/generated/self_prompting_sd35_version2/special_3/0095.png
765,95,09454.png,self_prompting_sd35_version2,special_4,extra,#iU,extra,0.0,0.0,1.6666666666666667,2.2381215343969645,4099,3768,/home/ekim339/project/SD3.5/datasets/SRNet_Datagen/train/train-50k-2/i_s/09454.png,/home/ekim339/project/SD3.5/experiments/self_prompting_sd35_version2/results/inputs/0095_09454.png,/home/ekim339/project/SD3.5/datasets/SRNet_Datagen/train/train-50k-2/mask_s/09454.png,/home/ekim339/project/SD3.5/experiments/self_prompting_sd35_version2/results/generated/self_prompting_sd35_version2/special_4/0095.png
766,95,09454.png,self_prompting_sd35_version2,special_5,extra,*_+m!,extra,0.0,0.0,1.0,2.2381215343969645,4099,3769,/home/ekim339/project/SD3.5/datasets/SRNet_Datagen/train/train-50k-2/i_s/09454.png,/home/ekim339/project/SD3.5/experiments/self_prompting_sd35_version2/results/inputs/0095_09454.png,/home/ekim339/project/SD3.5/datasets/SRNet_Datagen/train/train-50k-2/mask_s/09454.png,/home/ekim339/project/SD3.5/experiments/self_prompting_sd35_version2/results/generated/self_prompting_sd35_version2/special_5/0095.png
767,95,09454.png,self_prompting_sd35_version2,special_6,extra,;??%?,extram,0.0,0.0,1.2,2.2381215343969645,4099,3770,/home/ekim339/project/SD3.5/datasets/SRNet_Datagen/train/train-50k-2/i_s/09454.png,/home/ekim339/project/SD3.5/experiments/self_prompting_sd35_version2/results/inputs/0095_09454.png,/home/ekim339/project/SD3.5/datasets/SRNet_Datagen/train/train-50k-2/mask_s/09454.png,/home/ekim339/project/SD3.5/experiments/self_prompting_sd35_version2/results/generated/self_prompting_sd35_version2/special_6/0095.png
768,96,46844.png,self_prompting_sd35_version2,case_upper,badly,HHFCO,beete,0.0,0.0,1.0,7.096691475042649,4100,3771,/home/ekim339/project/SD3.5/datasets/SRNet_Datagen/train/train-50k-3/i_s/46844.png,/home/ekim339/project/SD3.5/experiments/self_prompting_sd35_version2/results/inputs/0096_46844.png,/home/ekim339/project/SD3.5/datasets/SRNet_Datagen/train/train-50k-3/mask_s/46844.png,/home/ekim339/project/SD3.5/experiments/self_prompting_sd35_version2/results/generated/self_prompting_sd35_version2/case_upper/0096.png
769,96,46844.png,self_prompting_sd35_version2,case_lower,badly,hhfco,hady,0.0,0.19999999999999996,0.8,7.096691475042649,4100,3772,/home/ekim339/project/SD3.5/datasets/SRNet_Datagen/train/train-50k-3/i_s/46844.png,/home/ekim339/project/SD3.5/experiments/self_prompting_sd35_version2/results/inputs/0096_46844.png,/home/ekim339/project/SD3.5/datasets/SRNet_Datagen/train/train-50k-3/mask_s/46844.png,/home/ekim339/project/SD3.5/experiments/self_prompting_sd35_version2/results/generated/self_prompting_sd35_version2/case_lower/0096.png
770,96,46844.png,self_prompting_sd35_version2,special_1,badly,YGLok,sepply,0.0,0.0,1.2,7.096691475042649,4100,3773,/home/ekim339/project/SD3.5/datasets/SRNet_Datagen/train/train-50k-3/i_s/46844.png,/home/ekim339/project/SD3.5/experiments/self_prompting_sd35_version2/results/inputs/0096_46844.png,/home/ekim339/project/SD3.5/datasets/SRNet_Datagen/train/train-50k-3/mask_s/46844.png,/home/ekim339/project/SD3.5/experiments/self_prompting_sd35_version2/results/generated/self_prompting_sd35_version2/special_1/0096.png
771,96,46844.png,self_prompting_sd35_version2,special_2,badly,:ILxb,wines,0.0,0.0,1.0,7.096691475042649,4100,3774,/home/ekim339/project/SD3.5/datasets/SRNet_Datagen/train/train-50k-3/i_s/46844.png,/home/ekim339/project/SD3.5/experiments/self_prompting_sd35_version2/results/inputs/0096_46844.png,/home/ekim339/project/SD3.5/datasets/SRNet_Datagen/train/train-50k-3/mask_s/46844.png,/home/ekim339/project/SD3.5/experiments/self_prompting_sd35_version2/results/generated/self_prompting_sd35_version2/special_2/0096.png
772,96,46844.png,self_prompting_sd35_version2,special_3,badly,bPn?;,mayy,0.0,0.0,1.0,7.096691475042649,4100,3775,/home/ekim339/project/SD3.5/datasets/SRNet_Datagen/train/train-50k-3/i_s/46844.png,/home/ekim339/project/SD3.5/experiments/self_prompting_sd35_version2/results/inputs/0096_46844.png,/home/ekim339/project/SD3.5/datasets/SRNet_Datagen/train/train-50k-3/mask_s/46844.png,/home/ekim339/project/SD3.5/experiments/self_prompting_sd35_version2/results/generated/self_prompting_sd35_version2/special_3/0096.png
773,96,46844.png,self_prompting_sd35_version2,special_4,badly,?er,mese,0.0,0.25,1.0,7.096691475042649,4100,3776,/home/ekim339/project/SD3.5/datasets/SRNet_Datagen/train/train-50k-3/i_s/46844.png,/home/ekim339/project/SD3.5/experiments/self_prompting_sd35_version2/results/inputs/0096_46844.png,/home/ekim339/project/SD3.5/datasets/SRNet_Datagen/train/train-50k-3/mask_s/46844.png,/home/ekim339/project/SD3.5/experiments/self_prompting_sd35_version2/results/generated/self_prompting_sd35_version2/special_4/0096.png
774,96,46844.png,self_prompting_sd35_version2,special_5,badly,.k-&.,wedd,0.0,0.0,1.0,7.096691475042649,4100,3777,/home/ekim339/project/SD3.5/datasets/SRNet_Datagen/train/train-50k-3/i_s/46844.png,/home/ekim339/project/SD3.5/experiments/self_prompting_sd35_version2/results/inputs/0096_46844.png,/home/ekim339/project/SD3.5/datasets/SRNet_Datagen/train/train-50k-3/mask_s/46844.png,/home/ekim339/project/SD3.5/experiments/self_prompting_sd35_version2/results/generated/self_prompting_sd35_version2/special_5/0096.png
775,96,46844.png,self_prompting_sd35_version2,special_6,badly,@!%_.,weseesst,0.0,0.0,1.6,7.096691475042649,4100,3778,/home/ekim339/project/SD3.5/datasets/SRNet_Datagen/train/train-50k-3/i_s/46844.png,/home/ekim339/project/SD3.5/experiments/self_prompting_sd35_version2/results/inputs/0096_46844.png,/home/ekim339/project/SD3.5/datasets/SRNet_Datagen/train/train-50k-3/mask_s/46844.png,/home/ekim339/project/SD3.5/experiments/self_prompting_sd35_version2/results/generated/self_prompting_sd35_version2/special_6/0096.png
776,97,40610.png,self_prompting_sd35_version2,case_upper,larky,XVYAE,larky,0.0,0.0,1.0,3.967255765101009,4101,3779,/home/ekim339/project/SD3.5/datasets/SRNet_Datagen/train/train-50k-1/i_s/40610.png,/home/ekim339/project/SD3.5/experiments/self_prompting_sd35_version2/results/inputs/0097_40610.png,/home/ekim339/project/SD3.5/datasets/SRNet_Datagen/train/train-50k-1/mask_s/40610.png,/home/ekim339/project/SD3.5/experiments/self_prompting_sd35_version2/results/generated/self_prompting_sd35_version2/case_upper/0097.png
777,97,40610.png,self_prompting_sd35_version2,case_lower,larky,xvyae,aaryy,0.0,0.0,1.0,3.967255765101009,4101,3780,/home/ekim339/project/SD3.5/datasets/SRNet_Datagen/train/train-50k-1/i_s/40610.png,/home/ekim339/project/SD3.5/experiments/self_prompting_sd35_version2/results/inputs/0097_40610.png,/home/ekim339/project/SD3.5/datasets/SRNet_Datagen/train/train-50k-1/mask_s/40610.png,/home/ekim339/project/SD3.5/experiments/self_prompting_sd35_version2/results/generated/self_prompting_sd35_version2/case_lower/0097.png
778,97,40610.png,self_prompting_sd35_version2,special_1,larky,KOukA,larky,0.0,0.19999999999999996,0.8,3.967255765101009,4101,3781,/home/ekim339/project/SD3.5/datasets/SRNet_Datagen/train/train-50k-1/i_s/40610.png,/home/ekim339/project/SD3.5/experiments/self_prompting_sd35_version2/results/inputs/0097_40610.png,/home/ekim339/project/SD3.5/datasets/SRNet_Datagen/train/train-50k-1/mask_s/40610.png,/home/ekim339/project/SD3.5/experiments/self_prompting_sd35_version2/results/generated/self_prompting_sd35_version2/special_1/0097.png
779,97,40610.png,self_prompting_sd35_version2,special_2,larky,"K,LSW",jarky,0.0,0.0,1.0,3.967255765101009,4101,3782,/home/ekim339/project/SD3.5/datasets/SRNet_Datagen/train/train-50k-1/i_s/40610.png,/home/ekim339/project/SD3.5/experiments/self_prompting_sd35_version2/results/inputs/0097_40610.png,/home/ekim339/project/SD3.5/datasets/SRNet_Datagen/train/train-50k-1/mask_s/40610.png,/home/ekim339/project/SD3.5/experiments/self_prompting_sd35_version2/results/generated/self_prompting_sd35_version2/special_2/0097.png
780,97,40610.png,self_prompting_sd35_version2,special_3,larky,KI%E=,larky,0.0,0.0,1.0,3.967255765101009,4101,3783,/home/ekim339/project/SD3.5/datasets/SRNet_Datagen/train/train-50k-1/i_s/40610.png,/home/ekim339/project/SD3.5/experiments/self_prompting_sd35_version2/results/inputs/0097_40610.png,/home/ekim339/project/SD3.5/datasets/SRNet_Datagen/train/train-50k-1/mask_s/40610.png,/home/ekim339/project/SD3.5/experiments/self_prompting_sd35_version2/results/generated/self_prompting_sd35_version2/special_3/0097.png
781,97,40610.png,self_prompting_sd35_version2,special_4,larky,?GQ,larky,0.0,0.0,1.6666666666666667,3.967255765101009,4101,3784,/home/ekim339/project/SD3.5/datasets/SRNet_Datagen/train/train-50k-1/i_s/40610.png,/home/ekim339/project/SD3.5/experiments/self_prompting_sd35_version2/results/inputs/0097_40610.png,/home/ekim339/project/SD3.5/datasets/SRNet_Datagen/train/train-50k-1/mask_s/40610.png,/home/ekim339/project/SD3.5/experiments/self_prompting_sd35_version2/results/generated/self_prompting_sd35_version2/special_4/0097.png
782,97,40610.png,self_prompting_sd35_version2,special_5,larky,?@A_!,larky,0.0,0.0,1.0,3.967255765101009,4101,3785,/home/ekim339/project/SD3.5/datasets/SRNet_Datagen/train/train-50k-1/i_s/40610.png,/home/ekim339/project/SD3.5/experiments/self_prompting_sd35_version2/results/inputs/0097_40610.png,/home/ekim339/project/SD3.5/datasets/SRNet_Datagen/train/train-50k-1/mask_s/40610.png,/home/ekim339/project/SD3.5/experiments/self_prompting_sd35_version2/results/generated/self_prompting_sd35_version2/special_5/0097.png
783,97,40610.png,self_prompting_sd35_version2,special_6,larky,":!#,$",larky,0.0,0.0,1.0,3.967255765101009,4101,3786,/home/ekim339/project/SD3.5/datasets/SRNet_Datagen/train/train-50k-1/i_s/40610.png,/home/ekim339/project/SD3.5/experiments/self_prompting_sd35_version2/results/inputs/0097_40610.png,/home/ekim339/project/SD3.5/datasets/SRNet_Datagen/train/train-50k-1/mask_s/40610.png,/home/ekim339/project/SD3.5/experiments/self_prompting_sd35_version2/results/generated/self_prompting_sd35_version2/special_6/0097.png
784,98,45149.png,self_prompting_sd35_version2,case_upper,rivus,YWWBV,rivuse,0.0,0.0,1.2,9.585422453982162,4102,3787,/home/ekim339/project/SD3.5/datasets/SRNet_Datagen/train/train-50k-3/i_s/45149.png,/home/ekim339/project/SD3.5/experiments/self_prompting_sd35_version2/results/inputs/0098_45149.png,/home/ekim339/project/SD3.5/datasets/SRNet_Datagen/train/train-50k-3/mask_s/45149.png,/home/ekim339/project/SD3.5/experiments/self_prompting_sd35_version2/results/generated/self_prompting_sd35_version2/case_upper/0098.png
785,98,45149.png,self_prompting_sd35_version2,case_lower,rivus,ywwbv,itus,0.0,0.0,1.0,9.585422453982162,4102,3788,/home/ekim339/project/SD3.5/datasets/SRNet_Datagen/train/train-50k-3/i_s/45149.png,/home/ekim339/project/SD3.5/experiments/self_prompting_sd35_version2/results/inputs/0098_45149.png,/home/ekim339/project/SD3.5/datasets/SRNet_Datagen/train/train-50k-3/mask_s/45149.png,/home/ekim339/project/SD3.5/experiments/self_prompting_sd35_version2/results/generated/self_prompting_sd35_version2/case_lower/0098.png
786,98,45149.png,self_prompting_sd35_version2,special_1,rivus,zLAhn,nijure,0.0,0.0,1.2,9.585422453982162,4102,3789,/home/ekim339/project/SD3.5/datasets/SRNet_Datagen/train/train-50k-3/i_s/45149.png,/home/ekim339/project/SD3.5/experiments/self_prompting_sd35_version2/results/inputs/0098_45149.png,/home/ekim339/project/SD3.5/datasets/SRNet_Datagen/train/train-50k-3/mask_s/45149.png,/home/ekim339/project/SD3.5/experiments/self_prompting_sd35_version2/results/generated/self_prompting_sd35_version2/special_1/0098.png
787,98,45149.png,self_prompting_sd35_version2,special_2,rivus,-oRFP,nivss,0.0,0.0,1.0,9.585422453982162,4102,3790,/home/ekim339/project/SD3.5/datasets/SRNet_Datagen/train/train-50k-3/i_s/45149.png,/home/ekim339/project/SD3.5/experiments/self_prompting_sd35_version2/results/inputs/0098_45149.png,/home/ekim339/project/SD3.5/datasets/SRNet_Datagen/train/train-50k-3/mask_s/45149.png,/home/ekim339/project/SD3.5/experiments/self_prompting_sd35_version2/results/generated/self_prompting_sd35_version2/special_2/0098.png
788,98,45149.png,self_prompting_sd35_version2,special_3,rivus,ZHQ%*,rivuls,0.0,0.0,1.2,9.585422453982162,4102,3791,/home/ekim339/project/SD3.5/datasets/SRNet_Datagen/train/train-50k-3/i_s/45149.png,/home/ekim339/project/SD3.5/experiments/self_prompting_sd35_version2/results/inputs/0098_45149.png,/home/ekim339/project/SD3.5/datasets/SRNet_Datagen/train/train-50k-3/mask_s/45149.png,/home/ekim339/project/SD3.5/experiments/self_prompting_sd35_version2/results/generated/self_prompting_sd35_version2/special_3/0098.png
789,98,45149.png,self_prompting_sd35_version2,special_4,rivus,"wy,",rivus,0.0,0.0,1.6666666666666667,9.585422453982162,4102,3792,/home/ekim339/project/SD3.5/datasets/SRNet_Datagen/train/train-50k-3/i_s/45149.png,/home/ekim339/project/SD3.5/experiments/self_prompting_sd35_version2/results/inputs/0098_45149.png,/home/ekim339/project/SD3.5/datasets/SRNet_Datagen/train/train-50k-3/mask_s/45149.png,/home/ekim339/project/SD3.5/experiments/self_prompting_sd35_version2/results/generated/self_prompting_sd35_version2/special_4/0098.png
790,98,45149.png,self_prompting_sd35_version2,special_5,rivus,;#!_K,invur,0.0,0.0,1.0,9.585422453982162,4102,3793,/home/ekim339/project/SD3.5/datasets/SRNet_Datagen/train/train-50k-3/i_s/45149.png,/home/ekim339/project/SD3.5/experiments/self_prompting_sd35_version2/results/inputs/0098_45149.png,/home/ekim339/project/SD3.5/datasets/SRNet_Datagen/train/train-50k-3/mask_s/45149.png,/home/ekim339/project/SD3.5/experiments/self_prompting_sd35_version2/results/generated/self_prompting_sd35_version2/special_5/0098.png
791,98,45149.png,self_prompting_sd35_version2,special_6,rivus,_@:-?,thus,0.0,0.0,1.0,9.585422453982162,4102,3794,/home/ekim339/project/SD3.5/datasets/SRNet_Datagen/train/train-50k-3/i_s/45149.png,/home/ekim339/project/SD3.5/experiments/self_prompting_sd35_version2/results/inputs/0098_45149.png,/home/ekim339/project/SD3.5/datasets/SRNet_Datagen/train/train-50k-3/mask_s/45149.png,/home/ekim339/project/SD3.5/experiments/self_prompting_sd35_version2/results/generated/self_prompting_sd35_version2/special_6/0098.png
792,99,43185.png,self_prompting_sd35_version2,case_upper,DERIC,HIVOL,seddeec,0.0,0.0,1.4,11.449311948257375,4103,3795,/home/ekim339/project/SD3.5/datasets/SRNet_Datagen/train/train-50k-3/i_s/43185.png,/home/ekim339/project/SD3.5/experiments/self_prompting_sd35_version2/results/inputs/0099_43185.png,/home/ekim339/project/SD3.5/datasets/SRNet_Datagen/train/train-50k-3/mask_s/43185.png,/home/ekim339/project/SD3.5/experiments/self_prompting_sd35_version2/results/generated/self_prompting_sd35_version2/case_upper/0099.png
793,99,43185.png,self_prompting_sd35_version2,case_lower,DERIC,hivol,soddic,0.0,0.0,1.2,11.449311948257375,4103,3796,/home/ekim339/project/SD3.5/datasets/SRNet_Datagen/train/train-50k-3/i_s/43185.png,/home/ekim339/project/SD3.5/experiments/self_prompting_sd35_version2/results/inputs/0099_43185.png,/home/ekim339/project/SD3.5/datasets/SRNet_Datagen/train/train-50k-3/mask_s/43185.png,/home/ekim339/project/SD3.5/experiments/self_prompting_sd35_version2/results/generated/self_prompting_sd35_version2/case_lower/0099.png
794,99,43185.png,self_prompting_sd35_version2,special_1,DERIC,vsAEb,woidenn,0.0,0.0,1.4,11.449311948257375,4103,3797,/home/ekim339/project/SD3.5/datasets/SRNet_Datagen/train/train-50k-3/i_s/43185.png,/home/ekim339/project/SD3.5/experiments/self_prompting_sd35_version2/results/inputs/0099_43185.png,/home/ekim339/project/SD3.5/datasets/SRNet_Datagen/train/train-50k-3/mask_s/43185.png,/home/ekim339/project/SD3.5/experiments/self_prompting_sd35_version2/results/generated/self_prompting_sd35_version2/special_1/0099.png
795,99,43185.png,self_prompting_sd35_version2,special_2,DERIC,bdgb%,wnnderc,0.0,0.1428571428571429,1.2,11.449311948257375,4103,3798,/home/ekim339/project/SD3.5/datasets/SRNet_Datagen/train/train-50k-3/i_s/43185.png,/home/ekim339/project/SD3.5/experiments/self_prompting_sd35_version2/results/inputs/0099_43185.png,/home/ekim339/project/SD3.5/datasets/SRNet_Datagen/train/train-50k-3/mask_s/43185.png,/home/ekim339/project/SD3.5/experiments/self_prompting_sd35_version2/results/generated/self_prompting_sd35_version2/special_2/0099.png
796,99,43185.png,self_prompting_sd35_version2,special_3,DERIC,Ec#.T,woldeee,0.0,0.0,1.4,11.449311948257375,4103,3799,/home/ekim339/project/SD3.5/datasets/SRNet_Datagen/train/train-50k-3/i_s/43185.png,/home/ekim339/project/SD3.5/experiments/self_prompting_sd35_version2/results/inputs/0099_43185.png,/home/ekim339/project/SD3.5/datasets/SRNet_Datagen/train/train-50k-3/mask_s/43185.png,/home/ekim339/project/SD3.5/experiments/self_prompting_sd35_version2/results/generated/self_prompting_sd35_version2/special_3/0099.png
797,99,43185.png,self_prompting_sd35_version2,special_4,DERIC,&qY,unddrcc,0.0,0.0,2.3333333333333335,11.449311948257375,4103,3800,/home/ekim339/project/SD3.5/datasets/SRNet_Datagen/train/train-50k-3/i_s/43185.png,/home/ekim339/project/SD3.5/experiments/self_prompting_sd35_version2/results/inputs/0099_43185.png,/home/ekim339/project/SD3.5/datasets/SRNet_Datagen/train/train-50k-3/mask_s/43185.png,/home/ekim339/project/SD3.5/experiments/self_prompting_sd35_version2/results/generated/self_prompting_sd35_version2/special_4/0099.png
798,99,43185.png,self_prompting_sd35_version2,special_5,DERIC,k--&!,woul,0.0,0.0,1.0,11.449311948257375,4103,3801,/home/ekim339/project/SD3.5/datasets/SRNet_Datagen/train/train-50k-3/i_s/43185.png,/home/ekim339/project/SD3.5/experiments/self_prompting_sd35_version2/results/inputs/0099_43185.png,/home/ekim339/project/SD3.5/datasets/SRNet_Datagen/train/train-50k-3/mask_s/43185.png,/home/ekim339/project/SD3.5/experiments/self_prompting_sd35_version2/results/generated/self_prompting_sd35_version2/special_5/0099.png
799,99,43185.png,self_prompting_sd35_version2,special_6,DERIC,",!-+%",wodeiic,0.0,0.0,1.4,11.449311948257375,4103,3802,/home/ekim339/project/SD3.5/datasets/SRNet_Datagen/train/train-50k-3/i_s/43185.png,/home/ekim339/project/SD3.5/experiments/self_prompting_sd35_version2/results/inputs/0099_43185.png,/home/ekim339/project/SD3.5/datasets/SRNet_Datagen/train/train-50k-3/mask_s/43185.png,/home/ekim339/project/SD3.5/experiments/self_prompting_sd35_version2/results/generated/self_prompting_sd35_version2/special_6/0099.png
