index,sample_index,filename,source_text,target_text,input_noise_standard_deviation,input_noise_seed,masking_proportion,masked_character_index,masked_character,glyph_mask_seed,generation_seed,ocr_predicted_text,ACC,NED,CER,masked_character_correct,other_character_1_correct,other_character_2_correct,other_character_3_correct,other_character_4_correct,input_path,output_path
0,0,47442.png,nigre,a6uhq,7.558796336230698,3003,0.0,0,a,100042,200042,aaculng,0.0,0.2857142857142857,1.0,1.0,0.0,0.0,0.0,0.0,/home/ekim339/projects/SD3.5/experiments/glyph_encoder_per_char/results/inputs/0000_47442.png,/home/ekim339/projects/SD3.5/experiments/glyph_encoder_per_char/results/generated/mask-0p0/char-1/0000.png
1,0,47442.png,nigre,a6uhq,7.558796336230698,3003,0.0,1,6,100043,200042,aaculng,0.0,0.2857142857142857,1.0,0.0,1.0,0.0,0.0,0.0,/home/ekim339/projects/SD3.5/experiments/glyph_encoder_per_char/results/inputs/0000_47442.png,/home/ekim339/projects/SD3.5/experiments/glyph_encoder_per_char/results/generated/mask-0p0/char-2/0000.png
2,0,47442.png,nigre,a6uhq,7.558796336230698,3003,0.0,2,u,100044,200042,aaculng,0.0,0.2857142857142857,1.0,0.0,1.0,0.0,0.0,0.0,/home/ekim339/projects/SD3.5/experiments/glyph_encoder_per_char/results/inputs/0000_47442.png,/home/ekim339/projects/SD3.5/experiments/glyph_encoder_per_char/results/generated/mask-0p0/char-3/0000.png
3,0,47442.png,nigre,a6uhq,7.558796336230698,3003,0.0,3,h,100045,200042,aaculng,0.0,0.2857142857142857,1.0,0.0,1.0,0.0,0.0,0.0,/home/ekim339/projects/SD3.5/experiments/glyph_encoder_per_char/results/inputs/0000_47442.png,/home/ekim339/projects/SD3.5/experiments/glyph_encoder_per_char/results/generated/mask-0p0/char-4/0000.png
4,0,47442.png,nigre,a6uhq,7.558796336230698,3003,0.0,4,q,100046,200042,aaculng,0.0,0.2857142857142857,1.0,0.0,1.0,0.0,0.0,0.0,/home/ekim339/projects/SD3.5/experiments/glyph_encoder_per_char/results/inputs/0000_47442.png,/home/ekim339/projects/SD3.5/experiments/glyph_encoder_per_char/results/generated/mask-0p0/char-5/0000.png
5,0,47442.png,nigre,a6uhq,7.558796336230698,3003,0.1,0,a,100042,200042,aaculng,0.0,0.2857142857142857,1.0,1.0,0.0,0.0,0.0,0.0,/home/ekim339/projects/SD3.5/experiments/glyph_encoder_per_char/results/inputs/0000_47442.png,/home/ekim339/projects/SD3.5/experiments/glyph_encoder_per_char/results/generated/mask-0p1/char-1/0000.png
6,0,47442.png,nigre,a6uhq,7.558796336230698,3003,0.1,1,6,100043,200042,aaculng,0.0,0.2857142857142857,1.0,0.0,1.0,0.0,0.0,0.0,/home/ekim339/projects/SD3.5/experiments/glyph_encoder_per_char/results/inputs/0000_47442.png,/home/ekim339/projects/SD3.5/experiments/glyph_encoder_per_char/results/generated/mask-0p1/char-2/0000.png
7,0,47442.png,nigre,a6uhq,7.558796336230698,3003,0.1,2,u,100044,200042,acicuhaa,0.0,0.375,1.0,0.0,1.0,0.0,0.0,0.0,/home/ekim339/projects/SD3.5/experiments/glyph_encoder_per_char/results/inputs/0000_47442.png,/home/ekim339/projects/SD3.5/experiments/glyph_encoder_per_char/results/generated/mask-0p1/char-3/0000.png
8,0,47442.png,nigre,a6uhq,7.558796336230698,3003,0.1,3,h,100045,200042,aarguhrya,0.0,0.33333333333333337,1.2,0.0,1.0,0.0,0.0,0.0,/home/ekim339/projects/SD3.5/experiments/glyph_encoder_per_char/results/inputs/0000_47442.png,/home/ekim339/projects/SD3.5/experiments/glyph_encoder_per_char/results/generated/mask-0p1/char-4/0000.png
9,0,47442.png,nigre,a6uhq,7.558796336230698,3003,0.1,4,q,100046,200042,aaquiha,0.0,0.4285714285714286,0.8,0.0,1.0,0.0,0.0,0.0,/home/ekim339/projects/SD3.5/experiments/glyph_encoder_per_char/results/inputs/0000_47442.png,/home/ekim339/projects/SD3.5/experiments/glyph_encoder_per_char/results/generated/mask-0p1/char-5/0000.png
10,0,47442.png,nigre,a6uhq,7.558796336230698,3003,0.3,0,a,100042,200042,acicuuing,0.0,0.2222222222222222,1.4,1.0,0.0,0.0,0.0,0.0,/home/ekim339/projects/SD3.5/experiments/glyph_encoder_per_char/results/inputs/0000_47442.png,/home/ekim339/projects/SD3.5/experiments/glyph_encoder_per_char/results/generated/mask-0p3/char-1/0000.png
11,0,47442.png,nigre,a6uhq,7.558796336230698,3003,0.3,1,6,100043,200042,aaniuhqai,0.0,0.4444444444444444,1.0,0.0,1.0,0.0,0.0,0.0,/home/ekim339/projects/SD3.5/experiments/glyph_encoder_per_char/results/inputs/0000_47442.png,/home/ekim339/projects/SD3.5/experiments/glyph_encoder_per_char/results/generated/mask-0p3/char-2/0000.png
12,0,47442.png,nigre,a6uhq,7.558796336230698,3003,0.3,2,u,100044,200042,aarahhapa,0.0,0.2222222222222222,1.4,0.0,1.0,0.0,0.0,0.0,/home/ekim339/projects/SD3.5/experiments/glyph_encoder_per_char/results/inputs/0000_47442.png,/home/ekim339/projects/SD3.5/experiments/glyph_encoder_per_char/results/generated/mask-0p3/char-3/0000.png
13,0,47442.png,nigre,a6uhq,7.558796336230698,3003,0.3,3,h,100045,200042,aaclunqga,0.0,0.33333333333333337,1.2,0.0,1.0,0.0,0.0,0.0,/home/ekim339/projects/SD3.5/experiments/glyph_encoder_per_char/results/inputs/0000_47442.png,/home/ekim339/projects/SD3.5/experiments/glyph_encoder_per_char/results/generated/mask-0p3/char-4/0000.png
14,0,47442.png,nigre,a6uhq,7.558796336230698,3003,0.3,4,q,100046,200042,aerquipa,0.0,0.25,1.2,0.0,1.0,0.0,0.0,0.0,/home/ekim339/projects/SD3.5/experiments/glyph_encoder_per_char/results/inputs/0000_47442.png,/home/ekim339/projects/SD3.5/experiments/glyph_encoder_per_char/results/generated/mask-0p3/char-5/0000.png
15,0,47442.png,nigre,a6uhq,7.558796336230698,3003,0.5,0,a,100042,200042,acidulmga,0.0,0.2222222222222222,1.4,1.0,0.0,0.0,0.0,0.0,/home/ekim339/projects/SD3.5/experiments/glyph_encoder_per_char/results/inputs/0000_47442.png,/home/ekim339/projects/SD3.5/experiments/glyph_encoder_per_char/results/generated/mask-0p5/char-1/0000.png
16,0,47442.png,nigre,a6uhq,7.558796336230698,3003,0.5,1,6,100043,200042,aaruuhga,0.0,0.375,1.0,0.0,1.0,0.0,0.0,0.0,/home/ekim339/projects/SD3.5/experiments/glyph_encoder_per_char/results/inputs/0000_47442.png,/home/ekim339/projects/SD3.5/experiments/glyph_encoder_per_char/results/generated/mask-0p5/char-2/0000.png
17,0,47442.png,nigre,a6uhq,7.558796336230698,3003,0.5,2,u,100044,200042,aarthhoga,0.0,0.2222222222222222,1.4,0.0,1.0,0.0,0.0,0.0,/home/ekim339/projects/SD3.5/experiments/glyph_encoder_per_char/results/inputs/0000_47442.png,/home/ekim339/projects/SD3.5/experiments/glyph_encoder_per_char/results/generated/mask-0p5/char-3/0000.png
18,0,47442.png,nigre,a6uhq,7.558796336230698,3003,0.5,3,h,100045,200042,aacluuqga,0.0,0.33333333333333337,1.2,0.0,1.0,0.0,0.0,0.0,/home/ekim339/projects/SD3.5/experiments/glyph_encoder_per_char/results/inputs/0000_47442.png,/home/ekim339/projects/SD3.5/experiments/glyph_encoder_per_char/results/generated/mask-0p5/char-4/0000.png
19,0,47442.png,nigre,a6uhq,7.558796336230698,3003,0.5,4,q,100046,200042,aaquhhpa,0.0,0.375,1.0,0.0,1.0,0.0,0.0,0.0,/home/ekim339/projects/SD3.5/experiments/glyph_encoder_per_char/results/inputs/0000_47442.png,/home/ekim339/projects/SD3.5/experiments/glyph_encoder_per_char/results/generated/mask-0p5/char-5/0000.png
20,0,47442.png,nigre,a6uhq,7.558796336230698,3003,0.7,0,a,100042,200042,acruumnaa,0.0,0.2222222222222222,1.4,1.0,0.0,0.0,0.0,0.0,/home/ekim339/projects/SD3.5/experiments/glyph_encoder_per_char/results/inputs/0000_47442.png,/home/ekim339/projects/SD3.5/experiments/glyph_encoder_per_char/results/generated/mask-0p7/char-1/0000.png
21,0,47442.png,nigre,a6uhq,7.558796336230698,3003,0.7,1,6,100043,200042,aarwihgaa,0.0,0.2222222222222222,1.4,0.0,1.0,0.0,0.0,0.0,/home/ekim339/projects/SD3.5/experiments/glyph_encoder_per_char/results/inputs/0000_47442.png,/home/ekim339/projects/SD3.5/experiments/glyph_encoder_per_char/results/generated/mask-0p7/char-2/0000.png
22,0,47442.png,nigre,a6uhq,7.558796336230698,3003,0.7,2,u,100044,200042,aarthhopa,0.0,0.2222222222222222,1.4,0.0,1.0,0.0,0.0,0.0,/home/ekim339/projects/SD3.5/experiments/glyph_encoder_per_char/results/inputs/0000_47442.png,/home/ekim339/projects/SD3.5/experiments/glyph_encoder_per_char/results/generated/mask-0p7/char-3/0000.png
23,0,47442.png,nigre,a6uhq,7.558796336230698,3003,0.7,3,h,100045,200042,aacluuqua,0.0,0.33333333333333337,1.2,0.0,1.0,0.0,0.0,0.0,/home/ekim339/projects/SD3.5/experiments/glyph_encoder_per_char/results/inputs/0000_47442.png,/home/ekim339/projects/SD3.5/experiments/glyph_encoder_per_char/results/generated/mask-0p7/char-4/0000.png
24,0,47442.png,nigre,a6uhq,7.558796336230698,3003,0.7,4,q,100046,200042,aaquhhpa,0.0,0.375,1.0,0.0,1.0,0.0,0.0,0.0,/home/ekim339/projects/SD3.5/experiments/glyph_encoder_per_char/results/inputs/0000_47442.png,/home/ekim339/projects/SD3.5/experiments/glyph_encoder_per_char/results/generated/mask-0p7/char-5/0000.png
25,1,09864.png,manit,sahr6,9.288307491545766,3004,0.0,0,s,100047,200043,sahro,0.0,0.8,0.2,1.0,1.0,1.0,1.0,0.0,/home/ekim339/projects/SD3.5/experiments/glyph_encoder_per_char/results/inputs/0001_09864.png,/home/ekim339/projects/SD3.5/experiments/glyph_encoder_per_char/results/generated/mask-0p0/char-1/0001.png
26,1,09864.png,manit,sahr6,9.288307491545766,3004,0.0,1,a,100048,200043,sahro,0.0,0.8,0.2,1.0,1.0,1.0,1.0,0.0,/home/ekim339/projects/SD3.5/experiments/glyph_encoder_per_char/results/inputs/0001_09864.png,/home/ekim339/projects/SD3.5/experiments/glyph_encoder_per_char/results/generated/mask-0p0/char-2/0001.png
27,1,09864.png,manit,sahr6,9.288307491545766,3004,0.0,2,h,100049,200043,sahro,0.0,0.8,0.2,1.0,1.0,1.0,1.0,0.0,/home/ekim339/projects/SD3.5/experiments/glyph_encoder_per_char/results/inputs/0001_09864.png,/home/ekim339/projects/SD3.5/experiments/glyph_encoder_per_char/results/generated/mask-0p0/char-3/0001.png
28,1,09864.png,manit,sahr6,9.288307491545766,3004,0.0,3,r,100050,200043,sahro,0.0,0.8,0.2,1.0,1.0,1.0,1.0,0.0,/home/ekim339/projects/SD3.5/experiments/glyph_encoder_per_char/results/inputs/0001_09864.png,/home/ekim339/projects/SD3.5/experiments/glyph_encoder_per_char/results/generated/mask-0p0/char-4/0001.png
29,1,09864.png,manit,sahr6,9.288307491545766,3004,0.0,4,6,100051,200043,sahro,0.0,0.8,0.2,0.0,1.0,1.0,1.0,1.0,/home/ekim339/projects/SD3.5/experiments/glyph_encoder_per_char/results/inputs/0001_09864.png,/home/ekim339/projects/SD3.5/experiments/glyph_encoder_per_char/results/generated/mask-0p0/char-5/0001.png
30,1,09864.png,manit,sahr6,9.288307491545766,3004,0.1,0,s,100047,200043,sahro,0.0,0.8,0.2,1.0,1.0,1.0,1.0,0.0,/home/ekim339/projects/SD3.5/experiments/glyph_encoder_per_char/results/inputs/0001_09864.png,/home/ekim339/projects/SD3.5/experiments/glyph_encoder_per_char/results/generated/mask-0p1/char-1/0001.png
31,1,09864.png,manit,sahr6,9.288307491545766,3004,0.1,1,a,100048,200043,sahro,0.0,0.8,0.2,1.0,1.0,1.0,1.0,0.0,/home/ekim339/projects/SD3.5/experiments/glyph_encoder_per_char/results/inputs/0001_09864.png,/home/ekim339/projects/SD3.5/experiments/glyph_encoder_per_char/results/generated/mask-0p1/char-2/0001.png
32,1,09864.png,manit,sahr6,9.288307491545766,3004,0.1,2,h,100049,200043,sahrb,0.0,0.8,0.2,1.0,1.0,1.0,1.0,0.0,/home/ekim339/projects/SD3.5/experiments/glyph_encoder_per_char/results/inputs/0001_09864.png,/home/ekim339/projects/SD3.5/experiments/glyph_encoder_per_char/results/generated/mask-0p1/char-3/0001.png
33,1,09864.png,manit,sahr6,9.288307491545766,3004,0.1,3,r,100050,200043,sahro,0.0,0.8,0.2,1.0,1.0,1.0,1.0,0.0,/home/ekim339/projects/SD3.5/experiments/glyph_encoder_per_char/results/inputs/0001_09864.png,/home/ekim339/projects/SD3.5/experiments/glyph_encoder_per_char/results/generated/mask-0p1/char-4/0001.png
34,1,09864.png,manit,sahr6,9.288307491545766,3004,0.1,4,6,100051,200043,sahrb,0.0,0.8,0.2,0.0,1.0,1.0,1.0,1.0,/home/ekim339/projects/SD3.5/experiments/glyph_encoder_per_char/results/inputs/0001_09864.png,/home/ekim339/projects/SD3.5/experiments/glyph_encoder_per_char/results/generated/mask-0p1/char-5/0001.png
35,1,09864.png,manit,sahr6,9.288307491545766,3004,0.3,0,s,100047,200043,sahro,0.0,0.8,0.2,1.0,1.0,1.0,1.0,0.0,/home/ekim339/projects/SD3.5/experiments/glyph_encoder_per_char/results/inputs/0001_09864.png,/home/ekim339/projects/SD3.5/experiments/glyph_encoder_per_char/results/generated/mask-0p3/char-1/0001.png
36,1,09864.png,manit,sahr6,9.288307491545766,3004,0.3,1,a,100048,200043,sahro,0.0,0.8,0.2,1.0,1.0,1.0,1.0,0.0,/home/ekim339/projects/SD3.5/experiments/glyph_encoder_per_char/results/inputs/0001_09864.png,/home/ekim339/projects/SD3.5/experiments/glyph_encoder_per_char/results/generated/mask-0p3/char-2/0001.png
37,1,09864.png,manit,sahr6,9.288307491545766,3004,0.3,2,h,100049,200043,sahrb,0.0,0.8,0.2,1.0,1.0,1.0,1.0,0.0,/home/ekim339/projects/SD3.5/experiments/glyph_encoder_per_char/results/inputs/0001_09864.png,/home/ekim339/projects/SD3.5/experiments/glyph_encoder_per_char/results/generated/mask-0p3/char-3/0001.png
38,1,09864.png,manit,sahr6,9.288307491545766,3004,0.3,3,r,100050,200043,sahro,0.0,0.8,0.2,1.0,1.0,1.0,1.0,0.0,/home/ekim339/projects/SD3.5/experiments/glyph_encoder_per_char/results/inputs/0001_09864.png,/home/ekim339/projects/SD3.5/experiments/glyph_encoder_per_char/results/generated/mask-0p3/char-4/0001.png
39,1,09864.png,manit,sahr6,9.288307491545766,3004,0.3,4,6,100051,200043,sahro,0.0,0.8,0.2,0.0,1.0,1.0,1.0,1.0,/home/ekim339/projects/SD3.5/experiments/glyph_encoder_per_char/results/inputs/0001_09864.png,/home/ekim339/projects/SD3.5/experiments/glyph_encoder_per_char/results/generated/mask-0p3/char-5/0001.png
40,1,09864.png,manit,sahr6,9.288307491545766,3004,0.5,0,s,100047,200043,nahro,0.0,0.6,0.4,0.0,1.0,1.0,1.0,0.0,/home/ekim339/projects/SD3.5/experiments/glyph_encoder_per_char/results/inputs/0001_09864.png,/home/ekim339/projects/SD3.5/experiments/glyph_encoder_per_char/results/generated/mask-0p5/char-1/0001.png
41,1,09864.png,manit,sahr6,9.288307491545766,3004,0.5,1,a,100048,200043,sahro,0.0,0.8,0.2,1.0,1.0,1.0,1.0,0.0,/home/ekim339/projects/SD3.5/experiments/glyph_encoder_per_char/results/inputs/0001_09864.png,/home/ekim339/projects/SD3.5/experiments/glyph_encoder_per_char/results/generated/mask-0p5/char-2/0001.png
42,1,09864.png,manit,sahr6,9.288307491545766,3004,0.5,2,h,100049,200043,sanrb,0.0,0.6,0.4,0.0,1.0,1.0,1.0,0.0,/home/ekim339/projects/SD3.5/experiments/glyph_encoder_per_char/results/inputs/0001_09864.png,/home/ekim339/projects/SD3.5/experiments/glyph_encoder_per_char/results/generated/mask-0p5/char-3/0001.png
43,1,09864.png,manit,sahr6,9.288307491545766,3004,0.5,3,r,100050,200043,sahrc,0.0,0.8,0.2,1.0,1.0,1.0,1.0,0.0,/home/ekim339/projects/SD3.5/experiments/glyph_encoder_per_char/results/inputs/0001_09864.png,/home/ekim339/projects/SD3.5/experiments/glyph_encoder_per_char/results/generated/mask-0p5/char-4/0001.png
44,1,09864.png,manit,sahr6,9.288307491545766,3004,0.5,4,6,100051,200043,sahro,0.0,0.8,0.2,0.0,1.0,1.0,1.0,1.0,/home/ekim339/projects/SD3.5/experiments/glyph_encoder_per_char/results/inputs/0001_09864.png,/home/ekim339/projects/SD3.5/experiments/glyph_encoder_per_char/results/generated/mask-0p5/char-5/0001.png
45,1,09864.png,manit,sahr6,9.288307491545766,3004,0.7,0,s,100047,200043,nahro,0.0,0.6,0.4,0.0,1.0,1.0,1.0,0.0,/home/ekim339/projects/SD3.5/experiments/glyph_encoder_per_char/results/inputs/0001_09864.png,/home/ekim339/projects/SD3.5/experiments/glyph_encoder_per_char/results/generated/mask-0p7/char-1/0001.png
46,1,09864.png,manit,sahr6,9.288307491545766,3004,0.7,1,a,100048,200043,sahro,0.0,0.8,0.2,1.0,1.0,1.0,1.0,0.0,/home/ekim339/projects/SD3.5/experiments/glyph_encoder_per_char/results/inputs/0001_09864.png,/home/ekim339/projects/SD3.5/experiments/glyph_encoder_per_char/results/generated/mask-0p7/char-2/0001.png
47,1,09864.png,manit,sahr6,9.288307491545766,3004,0.7,2,h,100049,200043,sanrb,0.0,0.6,0.4,0.0,1.0,1.0,1.0,0.0,/home/ekim339/projects/SD3.5/experiments/glyph_encoder_per_char/results/inputs/0001_09864.png,/home/ekim339/projects/SD3.5/experiments/glyph_encoder_per_char/results/generated/mask-0p7/char-3/0001.png
48,1,09864.png,manit,sahr6,9.288307491545766,3004,0.7,3,r,100050,200043,sahrc,0.0,0.8,0.2,1.0,1.0,1.0,1.0,0.0,/home/ekim339/projects/SD3.5/experiments/glyph_encoder_per_char/results/inputs/0001_09864.png,/home/ekim339/projects/SD3.5/experiments/glyph_encoder_per_char/results/generated/mask-0p7/char-4/0001.png
49,1,09864.png,manit,sahr6,9.288307491545766,3004,0.7,4,6,100051,200043,sahro,0.0,0.8,0.2,0.0,1.0,1.0,1.0,1.0,/home/ekim339/projects/SD3.5/experiments/glyph_encoder_per_char/results/inputs/0001_09864.png,/home/ekim339/projects/SD3.5/experiments/glyph_encoder_per_char/results/generated/mask-0p7/char-5/0001.png
50,2,05542.png,ruine,tedvx,8.707976256871737,3005,0.0,0,t,100052,200044,tedux,0.0,0.8,0.2,1.0,1.0,1.0,0.0,1.0,/home/ekim339/projects/SD3.5/experiments/glyph_encoder_per_char/results/inputs/0002_05542.png,/home/ekim339/projects/SD3.5/experiments/glyph_encoder_per_char/results/generated/mask-0p0/char-1/0002.png
51,2,05542.png,ruine,tedvx,8.707976256871737,3005,0.0,1,e,100053,200044,tedux,0.0,0.8,0.2,1.0,1.0,1.0,0.0,1.0,/home/ekim339/projects/SD3.5/experiments/glyph_encoder_per_char/results/inputs/0002_05542.png,/home/ekim339/projects/SD3.5/experiments/glyph_encoder_per_char/results/generated/mask-0p0/char-2/0002.png
52,2,05542.png,ruine,tedvx,8.707976256871737,3005,0.0,2,d,100054,200044,tedux,0.0,0.8,0.2,1.0,1.0,1.0,0.0,1.0,/home/ekim339/projects/SD3.5/experiments/glyph_encoder_per_char/results/inputs/0002_05542.png,/home/ekim339/projects/SD3.5/experiments/glyph_encoder_per_char/results/generated/mask-0p0/char-3/0002.png
53,2,05542.png,ruine,tedvx,8.707976256871737,3005,0.0,3,v,100055,200044,tedux,0.0,0.8,0.2,0.0,1.0,1.0,1.0,1.0,/home/ekim339/projects/SD3.5/experiments/glyph_encoder_per_char/results/inputs/0002_05542.png,/home/ekim339/projects/SD3.5/experiments/glyph_encoder_per_char/results/generated/mask-0p0/char-4/0002.png
54,2,05542.png,ruine,tedvx,8.707976256871737,3005,0.0,4,x,100056,200044,tedux,0.0,0.8,0.2,1.0,1.0,1.0,1.0,0.0,/home/ekim339/projects/SD3.5/experiments/glyph_encoder_per_char/results/inputs/0002_05542.png,/home/ekim339/projects/SD3.5/experiments/glyph_encoder_per_char/results/generated/mask-0p0/char-5/0002.png
55,2,05542.png,ruine,tedvx,8.707976256871737,3005,0.1,0,t,100052,200044,tedux,0.0,0.8,0.2,1.0,1.0,1.0,0.0,1.0,/home/ekim339/projects/SD3.5/experiments/glyph_encoder_per_char/results/inputs/0002_05542.png,/home/ekim339/projects/SD3.5/experiments/glyph_encoder_per_char/results/generated/mask-0p1/char-1/0002.png
56,2,05542.png,ruine,tedvx,8.707976256871737,3005,0.1,1,e,100053,200044,tedux,0.0,0.8,0.2,1.0,1.0,1.0,0.0,1.0,/home/ekim339/projects/SD3.5/experiments/glyph_encoder_per_char/results/inputs/0002_05542.png,/home/ekim339/projects/SD3.5/experiments/glyph_encoder_per_char/results/generated/mask-0p1/char-2/0002.png
57,2,05542.png,ruine,tedvx,8.707976256871737,3005,0.1,2,d,100054,200044,tedux,0.0,0.8,0.2,1.0,1.0,1.0,0.0,1.0,/home/ekim339/projects/SD3.5/experiments/glyph_encoder_per_char/results/inputs/0002_05542.png,/home/ekim339/projects/SD3.5/experiments/glyph_encoder_per_char/results/generated/mask-0p1/char-3/0002.png
58,2,05542.png,ruine,tedvx,8.707976256871737,3005,0.1,3,v,100055,200044,tedux,0.0,0.8,0.2,0.0,1.0,1.0,1.0,1.0,/home/ekim339/projects/SD3.5/experiments/glyph_encoder_per_char/results/inputs/0002_05542.png,/home/ekim339/projects/SD3.5/experiments/glyph_encoder_per_char/results/generated/mask-0p1/char-4/0002.png
59,2,05542.png,ruine,tedvx,8.707976256871737,3005,0.1,4,x,100056,200044,tedux,0.0,0.8,0.2,1.0,1.0,1.0,1.0,0.0,/home/ekim339/projects/SD3.5/experiments/glyph_encoder_per_char/results/inputs/0002_05542.png,/home/ekim339/projects/SD3.5/experiments/glyph_encoder_per_char/results/generated/mask-0p1/char-5/0002.png
60,2,05542.png,ruine,tedvx,8.707976256871737,3005,0.3,0,t,100052,200044,tedux,0.0,0.8,0.2,1.0,1.0,1.0,0.0,1.0,/home/ekim339/projects/SD3.5/experiments/glyph_encoder_per_char/results/inputs/0002_05542.png,/home/ekim339/projects/SD3.5/experiments/glyph_encoder_per_char/results/generated/mask-0p3/char-1/0002.png
61,2,05542.png,ruine,tedvx,8.707976256871737,3005,0.3,1,e,100053,200044,tedux,0.0,0.8,0.2,1.0,1.0,1.0,0.0,1.0,/home/ekim339/projects/SD3.5/experiments/glyph_encoder_per_char/results/inputs/0002_05542.png,/home/ekim339/projects/SD3.5/experiments/glyph_encoder_per_char/results/generated/mask-0p3/char-2/0002.png
62,2,05542.png,ruine,tedvx,8.707976256871737,3005,0.3,2,d,100054,200044,teavx,0.0,0.8,0.2,0.0,1.0,1.0,1.0,1.0,/home/ekim339/projects/SD3.5/experiments/glyph_encoder_per_char/results/inputs/0002_05542.png,/home/ekim339/projects/SD3.5/experiments/glyph_encoder_per_char/results/generated/mask-0p3/char-3/0002.png
63,2,05542.png,ruine,tedvx,8.707976256871737,3005,0.3,3,v,100055,200044,tedux,0.0,0.8,0.2,0.0,1.0,1.0,1.0,1.0,/home/ekim339/projects/SD3.5/experiments/glyph_encoder_per_char/results/inputs/0002_05542.png,/home/ekim339/projects/SD3.5/experiments/glyph_encoder_per_char/results/generated/mask-0p3/char-4/0002.png
64,2,05542.png,ruine,tedvx,8.707976256871737,3005,0.3,4,x,100056,200044,teav,0.0,0.6,0.4,0.0,1.0,1.0,0.0,1.0,/home/ekim339/projects/SD3.5/experiments/glyph_encoder_per_char/results/inputs/0002_05542.png,/home/ekim339/projects/SD3.5/experiments/glyph_encoder_per_char/results/generated/mask-0p3/char-5/0002.png
65,2,05542.png,ruine,tedvx,8.707976256871737,3005,0.5,0,t,100052,200044,tedux,0.0,0.8,0.2,1.0,1.0,1.0,0.0,1.0,/home/ekim339/projects/SD3.5/experiments/glyph_encoder_per_char/results/inputs/0002_05542.png,/home/ekim339/projects/SD3.5/experiments/glyph_encoder_per_char/results/generated/mask-0p5/char-1/0002.png
66,2,05542.png,ruine,tedvx,8.707976256871737,3005,0.5,1,e,100053,200044,tnddx,0.0,0.6,0.4,0.0,1.0,1.0,0.0,1.0,/home/ekim339/projects/SD3.5/experiments/glyph_encoder_per_char/results/inputs/0002_05542.png,/home/ekim339/projects/SD3.5/experiments/glyph_encoder_per_char/results/generated/mask-0p5/char-2/0002.png
67,2,05542.png,ruine,tedvx,8.707976256871737,3005,0.5,2,d,100054,200044,tevvx,0.0,0.8,0.2,0.0,1.0,1.0,1.0,1.0,/home/ekim339/projects/SD3.5/experiments/glyph_encoder_per_char/results/inputs/0002_05542.png,/home/ekim339/projects/SD3.5/experiments/glyph_encoder_per_char/results/generated/mask-0p5/char-3/0002.png
68,2,05542.png,ruine,tedvx,8.707976256871737,3005,0.5,3,v,100055,200044,rddx,0.0,0.4,0.6,0.0,0.0,0.0,1.0,0.0,/home/ekim339/projects/SD3.5/experiments/glyph_encoder_per_char/results/inputs/0002_05542.png,/home/ekim339/projects/SD3.5/experiments/glyph_encoder_per_char/results/generated/mask-0p5/char-4/0002.png
69,2,05542.png,ruine,tedvx,8.707976256871737,3005,0.5,4,x,100056,200044,teav,0.0,0.6,0.4,0.0,1.0,1.0,0.0,1.0,/home/ekim339/projects/SD3.5/experiments/glyph_encoder_per_char/results/inputs/0002_05542.png,/home/ekim339/projects/SD3.5/experiments/glyph_encoder_per_char/results/generated/mask-0p5/char-5/0002.png
70,2,05542.png,ruine,tedvx,8.707976256871737,3005,0.7,0,t,100052,200044,tedux,0.0,0.8,0.2,1.0,1.0,1.0,0.0,1.0,/home/ekim339/projects/SD3.5/experiments/glyph_encoder_per_char/results/inputs/0002_05542.png,/home/ekim339/projects/SD3.5/experiments/glyph_encoder_per_char/results/generated/mask-0p7/char-1/0002.png
71,2,05542.png,ruine,tedvx,8.707976256871737,3005,0.7,1,e,100053,200044,tcdux,0.0,0.6,0.4,0.0,1.0,1.0,0.0,1.0,/home/ekim339/projects/SD3.5/experiments/glyph_encoder_per_char/results/inputs/0002_05542.png,/home/ekim339/projects/SD3.5/experiments/glyph_encoder_per_char/results/generated/mask-0p7/char-2/0002.png
72,2,05542.png,ruine,tedvx,8.707976256871737,3005,0.7,2,d,100054,200044,tevvx,0.0,0.8,0.2,0.0,1.0,1.0,1.0,1.0,/home/ekim339/projects/SD3.5/experiments/glyph_encoder_per_char/results/inputs/0002_05542.png,/home/ekim339/projects/SD3.5/experiments/glyph_encoder_per_char/results/generated/mask-0p7/char-3/0002.png
73,2,05542.png,ruine,tedvx,8.707976256871737,3005,0.7,3,v,100055,200044,rdax,0.0,0.4,0.6,0.0,0.0,0.0,0.0,0.0,/home/ekim339/projects/SD3.5/experiments/glyph_encoder_per_char/results/inputs/0002_05542.png,/home/ekim339/projects/SD3.5/experiments/glyph_encoder_per_char/results/generated/mask-0p7/char-4/0002.png
74,2,05542.png,ruine,tedvx,8.707976256871737,3005,0.7,4,x,100056,200044,teaw,0.0,0.4,0.6,0.0,1.0,1.0,0.0,0.0,/home/ekim339/projects/SD3.5/experiments/glyph_encoder_per_char/results/inputs/0002_05542.png,/home/ekim339/projects/SD3.5/experiments/glyph_encoder_per_char/results/generated/mask-0p7/char-5/0002.png
75,3,30959.png,diddy,wb4al,7.694703836711488,3006,0.0,0,w,100057,200045,wbial,0.0,0.8,0.2,1.0,1.0,0.0,1.0,1.0,/home/ekim339/projects/SD3.5/experiments/glyph_encoder_per_char/results/inputs/0003_30959.png,/home/ekim339/projects/SD3.5/experiments/glyph_encoder_per_char/results/generated/mask-0p0/char-1/0003.png
76,3,30959.png,diddy,wb4al,7.694703836711488,3006,0.0,1,b,100058,200045,wbial,0.0,0.8,0.2,1.0,1.0,0.0,1.0,1.0,/home/ekim339/projects/SD3.5/experiments/glyph_encoder_per_char/results/inputs/0003_30959.png,/home/ekim339/projects/SD3.5/experiments/glyph_encoder_per_char/results/generated/mask-0p0/char-2/0003.png
77,3,30959.png,diddy,wb4al,7.694703836711488,3006,0.0,2,4,100059,200045,wbial,0.0,0.8,0.2,0.0,1.0,1.0,1.0,1.0,/home/ekim339/projects/SD3.5/experiments/glyph_encoder_per_char/results/inputs/0003_30959.png,/home/ekim339/projects/SD3.5/experiments/glyph_encoder_per_char/results/generated/mask-0p0/char-3/0003.png
78,3,30959.png,diddy,wb4al,7.694703836711488,3006,0.0,3,a,100060,200045,wbial,0.0,0.8,0.2,1.0,1.0,1.0,0.0,1.0,/home/ekim339/projects/SD3.5/experiments/glyph_encoder_per_char/results/inputs/0003_30959.png,/home/ekim339/projects/SD3.5/experiments/glyph_encoder_per_char/results/generated/mask-0p0/char-4/0003.png
79,3,30959.png,diddy,wb4al,7.694703836711488,3006,0.0,4,l,100061,200045,wbial,0.0,0.8,0.2,1.0,1.0,1.0,0.0,1.0,/home/ekim339/projects/SD3.5/experiments/glyph_encoder_per_char/results/inputs/0003_30959.png,/home/ekim339/projects/SD3.5/experiments/glyph_encoder_per_char/results/generated/mask-0p0/char-5/0003.png
80,3,30959.png,diddy,wb4al,7.694703836711488,3006,0.1,0,w,100057,200045,wbual,0.0,0.8,0.2,1.0,1.0,0.0,1.0,1.0,/home/ekim339/projects/SD3.5/experiments/glyph_encoder_per_char/results/inputs/0003_30959.png,/home/ekim339/projects/SD3.5/experiments/glyph_encoder_per_char/results/generated/mask-0p1/char-1/0003.png
81,3,30959.png,diddy,wb4al,7.694703836711488,3006,0.1,1,b,100058,200045,wbaal,0.0,0.8,0.2,1.0,1.0,0.0,1.0,1.0,/home/ekim339/projects/SD3.5/experiments/glyph_encoder_per_char/results/inputs/0003_30959.png,/home/ekim339/projects/SD3.5/experiments/glyph_encoder_per_char/results/generated/mask-0p1/char-2/0003.png
82,3,30959.png,diddy,wb4al,7.694703836711488,3006,0.1,2,4,100059,200045,wbral,0.0,0.8,0.2,0.0,1.0,1.0,1.0,1.0,/home/ekim339/projects/SD3.5/experiments/glyph_encoder_per_char/results/inputs/0003_30959.png,/home/ekim339/projects/SD3.5/experiments/glyph_encoder_per_char/results/generated/mask-0p1/char-3/0003.png
83,3,30959.png,diddy,wb4al,7.694703836711488,3006,0.1,3,a,100060,200045,woual,0.0,0.6,0.4,1.0,1.0,0.0,0.0,1.0,/home/ekim339/projects/SD3.5/experiments/glyph_encoder_per_char/results/inputs/0003_30959.png,/home/ekim339/projects/SD3.5/experiments/glyph_encoder_per_char/results/generated/mask-0p1/char-4/0003.png
84,3,30959.png,diddy,wb4al,7.694703836711488,3006,0.1,4,l,100061,200045,wbial,0.0,0.8,0.2,1.0,1.0,1.0,0.0,1.0,/home/ekim339/projects/SD3.5/experiments/glyph_encoder_per_char/results/inputs/0003_30959.png,/home/ekim339/projects/SD3.5/experiments/glyph_encoder_per_char/results/generated/mask-0p1/char-5/0003.png
85,3,30959.png,diddy,wb4al,7.694703836711488,3006,0.3,0,w,100057,200045,wbual,0.0,0.8,0.2,1.0,1.0,0.0,1.0,1.0,/home/ekim339/projects/SD3.5/experiments/glyph_encoder_per_char/results/inputs/0003_30959.png,/home/ekim339/projects/SD3.5/experiments/glyph_encoder_per_char/results/generated/mask-0p3/char-1/0003.png
86,3,30959.png,diddy,wb4al,7.694703836711488,3006,0.3,1,b,100058,200045,wbzal,0.0,0.8,0.2,1.0,1.0,0.0,1.0,1.0,/home/ekim339/projects/SD3.5/experiments/glyph_encoder_per_char/results/inputs/0003_30959.png,/home/ekim339/projects/SD3.5/experiments/glyph_encoder_per_char/results/generated/mask-0p3/char-2/0003.png
87,3,30959.png,diddy,wb4al,7.694703836711488,3006,0.3,2,4,100059,200045,wbbal,0.0,0.8,0.2,0.0,1.0,1.0,1.0,1.0,/home/ekim339/projects/SD3.5/experiments/glyph_encoder_per_char/results/inputs/0003_30959.png,/home/ekim339/projects/SD3.5/experiments/glyph_encoder_per_char/results/generated/mask-0p3/char-3/0003.png
88,3,30959.png,diddy,wb4al,7.694703836711488,3006,0.3,3,a,100060,200045,wogal,0.0,0.6,0.4,1.0,1.0,0.0,0.0,1.0,/home/ekim339/projects/SD3.5/experiments/glyph_encoder_per_char/results/inputs/0003_30959.png,/home/ekim339/projects/SD3.5/experiments/glyph_encoder_per_char/results/generated/mask-0p3/char-4/0003.png
89,3,30959.png,diddy,wb4al,7.694703836711488,3006,0.3,4,l,100061,200045,wonial,0.0,0.5,0.6,0.0,1.0,0.0,0.0,0.0,/home/ekim339/projects/SD3.5/experiments/glyph_encoder_per_char/results/inputs/0003_30959.png,/home/ekim339/projects/SD3.5/experiments/glyph_encoder_per_char/results/generated/mask-0p3/char-5/0003.png
90,3,30959.png,diddy,wb4al,7.694703836711488,3006,0.5,0,w,100057,200045,woual,0.0,0.6,0.4,1.0,0.0,0.0,1.0,1.0,/home/ekim339/projects/SD3.5/experiments/glyph_encoder_per_char/results/inputs/0003_30959.png,/home/ekim339/projects/SD3.5/experiments/glyph_encoder_per_char/results/generated/mask-0p5/char-1/0003.png
91,3,30959.png,diddy,wb4al,7.694703836711488,3006,0.5,1,b,100058,200045,wwicc,0.0,0.19999999999999996,0.8,0.0,1.0,0.0,0.0,0.0,/home/ekim339/projects/SD3.5/experiments/glyph_encoder_per_char/results/inputs/0003_30959.png,/home/ekim339/projects/SD3.5/experiments/glyph_encoder_per_char/results/generated/mask-0p5/char-2/0003.png
92,3,30959.png,diddy,wb4al,7.694703836711488,3006,0.5,2,4,100059,200045,wbbal,0.0,0.8,0.2,0.0,1.0,1.0,1.0,1.0,/home/ekim339/projects/SD3.5/experiments/glyph_encoder_per_char/results/inputs/0003_30959.png,/home/ekim339/projects/SD3.5/experiments/glyph_encoder_per_char/results/generated/mask-0p5/char-3/0003.png
93,3,30959.png,diddy,wb4al,7.694703836711488,3006,0.5,3,a,100060,200045,wbcpll,0.0,0.5,0.6,0.0,1.0,1.0,0.0,1.0,/home/ekim339/projects/SD3.5/experiments/glyph_encoder_per_char/results/inputs/0003_30959.png,/home/ekim339/projects/SD3.5/experiments/glyph_encoder_per_char/results/generated/mask-0p5/char-4/0003.png
94,3,30959.png,diddy,wb4al,7.694703836711488,3006,0.5,4,l,100061,200045,wbraa,0.0,0.6,0.4,0.0,1.0,1.0,0.0,1.0,/home/ekim339/projects/SD3.5/experiments/glyph_encoder_per_char/results/inputs/0003_30959.png,/home/ekim339/projects/SD3.5/experiments/glyph_encoder_per_char/results/generated/mask-0p5/char-5/0003.png
95,3,30959.png,diddy,wb4al,7.694703836711488,3006,0.7,0,w,100057,200045,llgal,0.0,0.4,0.6,0.0,0.0,0.0,1.0,1.0,/home/ekim339/projects/SD3.5/experiments/glyph_encoder_per_char/results/inputs/0003_30959.png,/home/ekim339/projects/SD3.5/experiments/glyph_encoder_per_char/results/generated/mask-0p7/char-1/0003.png
96,3,30959.png,diddy,wb4al,7.694703836711488,3006,0.7,1,b,100058,200045,wwiai,0.0,0.4,0.6,0.0,1.0,0.0,1.0,0.0,/home/ekim339/projects/SD3.5/experiments/glyph_encoder_per_char/results/inputs/0003_30959.png,/home/ekim339/projects/SD3.5/experiments/glyph_encoder_per_char/results/generated/mask-0p7/char-2/0003.png
97,3,30959.png,diddy,wb4al,7.694703836711488,3006,0.7,2,4,100059,200045,wbbal,0.0,0.8,0.2,0.0,1.0,1.0,1.0,1.0,/home/ekim339/projects/SD3.5/experiments/glyph_encoder_per_char/results/inputs/0003_30959.png,/home/ekim339/projects/SD3.5/experiments/glyph_encoder_per_char/results/generated/mask-0p7/char-3/0003.png
98,3,30959.png,diddy,wb4al,7.694703836711488,3006,0.7,3,a,100060,200045,wbgll,0.0,0.6,0.4,0.0,1.0,1.0,0.0,1.0,/home/ekim339/projects/SD3.5/experiments/glyph_encoder_per_char/results/inputs/0003_30959.png,/home/ekim339/projects/SD3.5/experiments/glyph_encoder_per_char/results/generated/mask-0p7/char-4/0003.png
99,3,30959.png,diddy,wb4al,7.694703836711488,3006,0.7,4,l,100061,200045,wbraa,0.0,0.6,0.4,0.0,1.0,1.0,0.0,1.0,/home/ekim339/projects/SD3.5/experiments/glyph_encoder_per_char/results/inputs/0003_30959.png,/home/ekim339/projects/SD3.5/experiments/glyph_encoder_per_char/results/generated/mask-0p7/char-5/0003.png
100,4,37280.png,bagon,zx67z,10.905270975252217,3007,0.0,0,z,100062,200046,zxozz,0.0,0.6,0.4,1.0,1.0,0.0,0.0,1.0,/home/ekim339/projects/SD3.5/experiments/glyph_encoder_per_char/results/inputs/0004_37280.png,/home/ekim339/projects/SD3.5/experiments/glyph_encoder_per_char/results/generated/mask-0p0/char-1/0004.png
101,4,37280.png,bagon,zx67z,10.905270975252217,3007,0.0,1,x,100063,200046,zxozz,0.0,0.6,0.4,1.0,1.0,0.0,0.0,1.0,/home/ekim339/projects/SD3.5/experiments/glyph_encoder_per_char/results/inputs/0004_37280.png,/home/ekim339/projects/SD3.5/experiments/glyph_encoder_per_char/results/generated/mask-0p0/char-2/0004.png
102,4,37280.png,bagon,zx67z,10.905270975252217,3007,0.0,2,6,100064,200046,zxozz,0.0,0.6,0.4,0.0,1.0,1.0,0.0,1.0,/home/ekim339/projects/SD3.5/experiments/glyph_encoder_per_char/results/inputs/0004_37280.png,/home/ekim339/projects/SD3.5/experiments/glyph_encoder_per_char/results/generated/mask-0p0/char-3/0004.png
103,4,37280.png,bagon,zx67z,10.905270975252217,3007,0.0,3,7,100065,200046,zxozz,0.0,0.6,0.4,0.0,1.0,1.0,0.0,1.0,/home/ekim339/projects/SD3.5/experiments/glyph_encoder_per_char/results/inputs/0004_37280.png,/home/ekim339/projects/SD3.5/experiments/glyph_encoder_per_char/results/generated/mask-0p0/char-4/0004.png
104,4,37280.png,bagon,zx67z,10.905270975252217,3007,0.0,4,z,100066,200046,zxozz,0.0,0.6,0.4,1.0,1.0,1.0,0.0,0.0,/home/ekim339/projects/SD3.5/experiments/glyph_encoder_per_char/results/inputs/0004_37280.png,/home/ekim339/projects/SD3.5/experiments/glyph_encoder_per_char/results/generated/mask-0p0/char-5/0004.png
105,4,37280.png,bagon,zx67z,10.905270975252217,3007,0.1,0,z,100062,200046,zxozz,0.0,0.6,0.4,1.0,1.0,0.0,0.0,1.0,/home/ekim339/projects/SD3.5/experiments/glyph_encoder_per_char/results/inputs/0004_37280.png,/home/ekim339/projects/SD3.5/experiments/glyph_encoder_per_char/results/generated/mask-0p1/char-1/0004.png
106,4,37280.png,bagon,zx67z,10.905270975252217,3007,0.1,1,x,100063,200046,zxozz,0.0,0.6,0.4,1.0,1.0,0.0,0.0,1.0,/home/ekim339/projects/SD3.5/experiments/glyph_encoder_per_char/results/inputs/0004_37280.png,/home/ekim339/projects/SD3.5/experiments/glyph_encoder_per_char/results/generated/mask-0p1/char-2/0004.png
107,4,37280.png,bagon,zx67z,10.905270975252217,3007,0.1,2,6,100064,200046,zxozz,0.0,0.6,0.4,0.0,1.0,1.0,0.0,1.0,/home/ekim339/projects/SD3.5/experiments/glyph_encoder_per_char/results/inputs/0004_37280.png,/home/ekim339/projects/SD3.5/experiments/glyph_encoder_per_char/results/generated/mask-0p1/char-3/0004.png
108,4,37280.png,bagon,zx67z,10.905270975252217,3007,0.1,3,7,100065,200046,zxozz,0.0,0.6,0.4,0.0,1.0,1.0,0.0,1.0,/home/ekim339/projects/SD3.5/experiments/glyph_encoder_per_char/results/inputs/0004_37280.png,/home/ekim339/projects/SD3.5/experiments/glyph_encoder_per_char/results/generated/mask-0p1/char-4/0004.png
109,4,37280.png,bagon,zx67z,10.905270975252217,3007,0.1,4,z,100066,200046,zxozz,0.0,0.6,0.4,1.0,1.0,1.0,0.0,0.0,/home/ekim339/projects/SD3.5/experiments/glyph_encoder_per_char/results/inputs/0004_37280.png,/home/ekim339/projects/SD3.5/experiments/glyph_encoder_per_char/results/generated/mask-0p1/char-5/0004.png
110,4,37280.png,bagon,zx67z,10.905270975252217,3007,0.3,0,z,100062,200046,zxozz,0.0,0.6,0.4,1.0,1.0,0.0,0.0,1.0,/home/ekim339/projects/SD3.5/experiments/glyph_encoder_per_char/results/inputs/0004_37280.png,/home/ekim339/projects/SD3.5/experiments/glyph_encoder_per_char/results/generated/mask-0p3/char-1/0004.png
111,4,37280.png,bagon,zx67z,10.905270975252217,3007,0.3,1,x,100063,200046,zxozz,0.0,0.6,0.4,1.0,1.0,0.0,0.0,1.0,/home/ekim339/projects/SD3.5/experiments/glyph_encoder_per_char/results/inputs/0004_37280.png,/home/ekim339/projects/SD3.5/experiments/glyph_encoder_per_char/results/generated/mask-0p3/char-2/0004.png
112,4,37280.png,bagon,zx67z,10.905270975252217,3007,0.3,2,6,100064,200046,zxezz,0.0,0.6,0.4,0.0,1.0,1.0,0.0,1.0,/home/ekim339/projects/SD3.5/experiments/glyph_encoder_per_char/results/inputs/0004_37280.png,/home/ekim339/projects/SD3.5/experiments/glyph_encoder_per_char/results/generated/mask-0p3/char-3/0004.png
113,4,37280.png,bagon,zx67z,10.905270975252217,3007,0.3,3,7,100065,200046,zxozz,0.0,0.6,0.4,0.0,1.0,1.0,0.0,1.0,/home/ekim339/projects/SD3.5/experiments/glyph_encoder_per_char/results/inputs/0004_37280.png,/home/ekim339/projects/SD3.5/experiments/glyph_encoder_per_char/results/generated/mask-0p3/char-4/0004.png
114,4,37280.png,bagon,zx67z,10.905270975252217,3007,0.3,4,z,100066,200046,zxozz,0.0,0.6,0.4,1.0,1.0,1.0,0.0,0.0,/home/ekim339/projects/SD3.5/experiments/glyph_encoder_per_char/results/inputs/0004_37280.png,/home/ekim339/projects/SD3.5/experiments/glyph_encoder_per_char/results/generated/mask-0p3/char-5/0004.png
115,4,37280.png,bagon,zx67z,10.905270975252217,3007,0.5,0,z,100062,200046,zxozz,0.0,0.6,0.4,1.0,1.0,0.0,0.0,1.0,/home/ekim339/projects/SD3.5/experiments/glyph_encoder_per_char/results/inputs/0004_37280.png,/home/ekim339/projects/SD3.5/experiments/glyph_encoder_per_char/results/generated/mask-0p5/char-1/0004.png
116,4,37280.png,bagon,zx67z,10.905270975252217,3007,0.5,1,x,100063,200046,znozz,0.0,0.4,0.6,0.0,1.0,0.0,0.0,1.0,/home/ekim339/projects/SD3.5/experiments/glyph_encoder_per_char/results/inputs/0004_37280.png,/home/ekim339/projects/SD3.5/experiments/glyph_encoder_per_char/results/generated/mask-0p5/char-2/0004.png
117,4,37280.png,bagon,zx67z,10.905270975252217,3007,0.5,2,6,100064,200046,zx7zz,0.0,0.6,0.4,0.0,1.0,1.0,0.0,1.0,/home/ekim339/projects/SD3.5/experiments/glyph_encoder_per_char/results/inputs/0004_37280.png,/home/ekim339/projects/SD3.5/experiments/glyph_encoder_per_char/results/generated/mask-0p5/char-3/0004.png
118,4,37280.png,bagon,zx67z,10.905270975252217,3007,0.5,3,7,100065,200046,zxozz,0.0,0.6,0.4,0.0,1.0,1.0,0.0,1.0,/home/ekim339/projects/SD3.5/experiments/glyph_encoder_per_char/results/inputs/0004_37280.png,/home/ekim339/projects/SD3.5/experiments/glyph_encoder_per_char/results/generated/mask-0p5/char-4/0004.png
119,4,37280.png,bagon,zx67z,10.905270975252217,3007,0.5,4,z,100066,200046,zxozz,0.0,0.6,0.4,1.0,1.0,1.0,0.0,0.0,/home/ekim339/projects/SD3.5/experiments/glyph_encoder_per_char/results/inputs/0004_37280.png,/home/ekim339/projects/SD3.5/experiments/glyph_encoder_per_char/results/generated/mask-0p5/char-5/0004.png
120,4,37280.png,bagon,zx67z,10.905270975252217,3007,0.7,0,z,100062,200046,zxozz,0.0,0.6,0.4,1.0,1.0,0.0,0.0,1.0,/home/ekim339/projects/SD3.5/experiments/glyph_encoder_per_char/results/inputs/0004_37280.png,/home/ekim339/projects/SD3.5/experiments/glyph_encoder_per_char/results/generated/mask-0p7/char-1/0004.png
121,4,37280.png,bagon,zx67z,10.905270975252217,3007,0.7,1,x,100063,200046,zoozz,0.0,0.4,0.6,0.0,1.0,0.0,0.0,1.0,/home/ekim339/projects/SD3.5/experiments/glyph_encoder_per_char/results/inputs/0004_37280.png,/home/ekim339/projects/SD3.5/experiments/glyph_encoder_per_char/results/generated/mask-0p7/char-2/0004.png
122,4,37280.png,bagon,zx67z,10.905270975252217,3007,0.7,2,6,100064,200046,zxizz,0.0,0.6,0.4,0.0,1.0,1.0,0.0,1.0,/home/ekim339/projects/SD3.5/experiments/glyph_encoder_per_char/results/inputs/0004_37280.png,/home/ekim339/projects/SD3.5/experiments/glyph_encoder_per_char/results/generated/mask-0p7/char-3/0004.png
123,4,37280.png,bagon,zx67z,10.905270975252217,3007,0.7,3,7,100065,200046,zxozz,0.0,0.6,0.4,0.0,1.0,1.0,0.0,1.0,/home/ekim339/projects/SD3.5/experiments/glyph_encoder_per_char/results/inputs/0004_37280.png,/home/ekim339/projects/SD3.5/experiments/glyph_encoder_per_char/results/generated/mask-0p7/char-4/0004.png
124,4,37280.png,bagon,zx67z,10.905270975252217,3007,0.7,4,z,100066,200046,zxozz,0.0,0.6,0.4,1.0,1.0,1.0,0.0,0.0,/home/ekim339/projects/SD3.5/experiments/glyph_encoder_per_char/results/inputs/0004_37280.png,/home/ekim339/projects/SD3.5/experiments/glyph_encoder_per_char/results/generated/mask-0p7/char-5/0004.png
125,5,04843.png,Gumme,c28aq,11.068709741097946,3008,0.0,0,c,100067,200047,equiq,0.0,0.19999999999999996,0.8,0.0,0.0,0.0,0.0,1.0,/home/ekim339/projects/SD3.5/experiments/glyph_encoder_per_char/results/inputs/0005_04843.png,/home/ekim339/projects/SD3.5/experiments/glyph_encoder_per_char/results/generated/mask-0p0/char-1/0005.png
126,5,04843.png,Gumme,c28aq,11.068709741097946,3008,0.0,1,2,100068,200047,equiq,0.0,0.19999999999999996,0.8,0.0,0.0,0.0,0.0,1.0,/home/ekim339/projects/SD3.5/experiments/glyph_encoder_per_char/results/inputs/0005_04843.png,/home/ekim339/projects/SD3.5/experiments/glyph_encoder_per_char/results/generated/mask-0p0/char-2/0005.png
127,5,04843.png,Gumme,c28aq,11.068709741097946,3008,0.0,2,8,100069,200047,equiq,0.0,0.19999999999999996,0.8,0.0,0.0,0.0,0.0,1.0,/home/ekim339/projects/SD3.5/experiments/glyph_encoder_per_char/results/inputs/0005_04843.png,/home/ekim339/projects/SD3.5/experiments/glyph_encoder_per_char/results/generated/mask-0p0/char-3/0005.png
128,5,04843.png,Gumme,c28aq,11.068709741097946,3008,0.0,3,a,100070,200047,equiq,0.0,0.19999999999999996,0.8,0.0,0.0,0.0,0.0,1.0,/home/ekim339/projects/SD3.5/experiments/glyph_encoder_per_char/results/inputs/0005_04843.png,/home/ekim339/projects/SD3.5/experiments/glyph_encoder_per_char/results/generated/mask-0p0/char-4/0005.png
129,5,04843.png,Gumme,c28aq,11.068709741097946,3008,0.0,4,q,100071,200047,equiq,0.0,0.19999999999999996,0.8,1.0,0.0,0.0,0.0,0.0,/home/ekim339/projects/SD3.5/experiments/glyph_encoder_per_char/results/inputs/0005_04843.png,/home/ekim339/projects/SD3.5/experiments/glyph_encoder_per_char/results/generated/mask-0p0/char-5/0005.png
130,5,04843.png,Gumme,c28aq,11.068709741097946,3008,0.1,0,c,100067,200047,equiq,0.0,0.19999999999999996,0.8,0.0,0.0,0.0,0.0,1.0,/home/ekim339/projects/SD3.5/experiments/glyph_encoder_per_char/results/inputs/0005_04843.png,/home/ekim339/projects/SD3.5/experiments/glyph_encoder_per_char/results/generated/mask-0p1/char-1/0005.png
131,5,04843.png,Gumme,c28aq,11.068709741097946,3008,0.1,1,2,100068,200047,equiq,0.0,0.19999999999999996,0.8,0.0,0.0,0.0,0.0,1.0,/home/ekim339/projects/SD3.5/experiments/glyph_encoder_per_char/results/inputs/0005_04843.png,/home/ekim339/projects/SD3.5/experiments/glyph_encoder_per_char/results/generated/mask-0p1/char-2/0005.png
132,5,04843.png,Gumme,c28aq,11.068709741097946,3008,0.1,2,8,100069,200047,cqbaq,0.0,0.6,0.4,0.0,1.0,0.0,1.0,1.0,/home/ekim339/projects/SD3.5/experiments/glyph_encoder_per_char/results/inputs/0005_04843.png,/home/ekim339/projects/SD3.5/experiments/glyph_encoder_per_char/results/generated/mask-0p1/char-3/0005.png
133,5,04843.png,Gumme,c28aq,11.068709741097946,3008,0.1,3,a,100070,200047,equaq,0.0,0.4,0.6,1.0,0.0,0.0,0.0,1.0,/home/ekim339/projects/SD3.5/experiments/glyph_encoder_per_char/results/inputs/0005_04843.png,/home/ekim339/projects/SD3.5/experiments/glyph_encoder_per_char/results/generated/mask-0p1/char-4/0005.png
134,5,04843.png,Gumme,c28aq,11.068709741097946,3008,0.1,4,q,100071,200047,equaq,0.0,0.4,0.6,1.0,0.0,0.0,0.0,1.0,/home/ekim339/projects/SD3.5/experiments/glyph_encoder_per_char/results/inputs/0005_04843.png,/home/ekim339/projects/SD3.5/experiments/glyph_encoder_per_char/results/generated/mask-0p1/char-5/0005.png
135,5,04843.png,Gumme,c28aq,11.068709741097946,3008,0.3,0,c,100067,200047,equaq,0.0,0.4,0.6,0.0,0.0,0.0,1.0,1.0,/home/ekim339/projects/SD3.5/experiments/glyph_encoder_per_char/results/inputs/0005_04843.png,/home/ekim339/projects/SD3.5/experiments/glyph_encoder_per_char/results/generated/mask-0p3/char-1/0005.png
136,5,04843.png,Gumme,c28aq,11.068709741097946,3008,0.3,1,2,100068,200047,etking,0.0,0.0,1.2,0.0,0.0,0.0,0.0,0.0,/home/ekim339/projects/SD3.5/experiments/glyph_encoder_per_char/results/inputs/0005_04843.png,/home/ekim339/projects/SD3.5/experiments/glyph_encoder_per_char/results/generated/mask-0p3/char-2/0005.png
137,5,04843.png,Gumme,c28aq,11.068709741097946,3008,0.3,2,8,100069,200047,squay,0.0,0.19999999999999996,0.8,0.0,0.0,0.0,1.0,0.0,/home/ekim339/projects/SD3.5/experiments/glyph_encoder_per_char/results/inputs/0005_04843.png,/home/ekim339/projects/SD3.5/experiments/glyph_encoder_per_char/results/generated/mask-0p3/char-3/0005.png
138,5,04843.png,Gumme,c28aq,11.068709741097946,3008,0.3,3,a,100070,200047,equing,0.0,0.0,1.2,0.0,0.0,0.0,0.0,0.0,/home/ekim339/projects/SD3.5/experiments/glyph_encoder_per_char/results/inputs/0005_04843.png,/home/ekim339/projects/SD3.5/experiments/glyph_encoder_per_char/results/generated/mask-0p3/char-4/0005.png
139,5,04843.png,Gumme,c28aq,11.068709741097946,3008,0.3,4,q,100071,200047,equal,0.0,0.19999999999999996,0.8,0.0,0.0,0.0,0.0,1.0,/home/ekim339/projects/SD3.5/experiments/glyph_encoder_per_char/results/inputs/0005_04843.png,/home/ekim339/projects/SD3.5/experiments/glyph_encoder_per_char/results/generated/mask-0p3/char-5/0005.png
140,5,04843.png,Gumme,c28aq,11.068709741097946,3008,0.5,0,c,100067,200047,equaq,0.0,0.4,0.6,0.0,0.0,0.0,1.0,1.0,/home/ekim339/projects/SD3.5/experiments/glyph_encoder_per_char/results/inputs/0005_04843.png,/home/ekim339/projects/SD3.5/experiments/glyph_encoder_per_char/results/generated/mask-0p5/char-1/0005.png
141,5,04843.png,Gumme,c28aq,11.068709741097946,3008,0.5,1,2,100068,200047,etlaq,0.0,0.4,0.6,0.0,0.0,0.0,1.0,1.0,/home/ekim339/projects/SD3.5/experiments/glyph_encoder_per_char/results/inputs/0005_04843.png,/home/ekim339/projects/SD3.5/experiments/glyph_encoder_per_char/results/generated/mask-0p5/char-2/0005.png
142,5,04843.png,Gumme,c28aq,11.068709741097946,3008,0.5,2,8,100069,200047,equay,0.0,0.19999999999999996,0.8,0.0,0.0,0.0,1.0,0.0,/home/ekim339/projects/SD3.5/experiments/glyph_encoder_per_char/results/inputs/0005_04843.png,/home/ekim339/projects/SD3.5/experiments/glyph_encoder_per_char/results/generated/mask-0p5/char-3/0005.png
143,5,04843.png,Gumme,c28aq,11.068709741097946,3008,0.5,3,a,100070,200047,eqling,0.0,0.0,1.2,0.0,0.0,0.0,0.0,0.0,/home/ekim339/projects/SD3.5/experiments/glyph_encoder_per_char/results/inputs/0005_04843.png,/home/ekim339/projects/SD3.5/experiments/glyph_encoder_per_char/results/generated/mask-0p5/char-4/0005.png
144,5,04843.png,Gumme,c28aq,11.068709741097946,3008,0.5,4,q,100071,200047,equat,0.0,0.19999999999999996,0.8,0.0,0.0,0.0,0.0,1.0,/home/ekim339/projects/SD3.5/experiments/glyph_encoder_per_char/results/inputs/0005_04843.png,/home/ekim339/projects/SD3.5/experiments/glyph_encoder_per_char/results/generated/mask-0p5/char-5/0005.png
145,5,04843.png,Gumme,c28aq,11.068709741097946,3008,0.7,0,c,100067,200047,equaq,0.0,0.4,0.6,0.0,0.0,0.0,1.0,1.0,/home/ekim339/projects/SD3.5/experiments/glyph_encoder_per_char/results/inputs/0005_04843.png,/home/ekim339/projects/SD3.5/experiments/glyph_encoder_per_char/results/generated/mask-0p7/char-1/0005.png
146,5,04843.png,Gumme,c28aq,11.068709741097946,3008,0.7,1,2,100068,200047,etdig,0.0,0.0,1.0,0.0,0.0,0.0,0.0,0.0,/home/ekim339/projects/SD3.5/experiments/glyph_encoder_per_char/results/inputs/0005_04843.png,/home/ekim339/projects/SD3.5/experiments/glyph_encoder_per_char/results/generated/mask-0p7/char-2/0005.png
147,5,04843.png,Gumme,c28aq,11.068709741097946,3008,0.7,2,8,100069,200047,equaq,0.0,0.4,0.6,0.0,0.0,0.0,1.0,1.0,/home/ekim339/projects/SD3.5/experiments/glyph_encoder_per_char/results/inputs/0005_04843.png,/home/ekim339/projects/SD3.5/experiments/glyph_encoder_per_char/results/generated/mask-0p7/char-3/0005.png
148,5,04843.png,Gumme,c28aq,11.068709741097946,3008,0.7,3,a,100070,200047,eqling,0.0,0.0,1.2,0.0,0.0,0.0,0.0,0.0,/home/ekim339/projects/SD3.5/experiments/glyph_encoder_per_char/results/inputs/0005_04843.png,/home/ekim339/projects/SD3.5/experiments/glyph_encoder_per_char/results/generated/mask-0p7/char-4/0005.png
149,5,04843.png,Gumme,c28aq,11.068709741097946,3008,0.7,4,q,100071,200047,equat,0.0,0.19999999999999996,0.8,0.0,0.0,0.0,0.0,1.0,/home/ekim339/projects/SD3.5/experiments/glyph_encoder_per_char/results/inputs/0005_04843.png,/home/ekim339/projects/SD3.5/experiments/glyph_encoder_per_char/results/generated/mask-0p7/char-5/0005.png
150,6,06577.png,crawl,w93bu,2.5440715215792324,3009,0.0,0,w,100072,200048,wesbu,0.0,0.6,0.4,1.0,0.0,0.0,1.0,1.0,/home/ekim339/projects/SD3.5/experiments/glyph_encoder_per_char/results/inputs/0006_06577.png,/home/ekim339/projects/SD3.5/experiments/glyph_encoder_per_char/results/generated/mask-0p0/char-1/0006.png
151,6,06577.png,crawl,w93bu,2.5440715215792324,3009,0.0,1,9,100073,200048,wesbu,0.0,0.6,0.4,0.0,1.0,0.0,1.0,1.0,/home/ekim339/projects/SD3.5/experiments/glyph_encoder_per_char/results/inputs/0006_06577.png,/home/ekim339/projects/SD3.5/experiments/glyph_encoder_per_char/results/generated/mask-0p0/char-2/0006.png
152,6,06577.png,crawl,w93bu,2.5440715215792324,3009,0.0,2,3,100074,200048,wesbu,0.0,0.6,0.4,0.0,1.0,0.0,1.0,1.0,/home/ekim339/projects/SD3.5/experiments/glyph_encoder_per_char/results/inputs/0006_06577.png,/home/ekim339/projects/SD3.5/experiments/glyph_encoder_per_char/results/generated/mask-0p0/char-3/0006.png
153,6,06577.png,crawl,w93bu,2.5440715215792324,3009,0.0,3,b,100075,200048,wesbu,0.0,0.6,0.4,1.0,1.0,0.0,0.0,1.0,/home/ekim339/projects/SD3.5/experiments/glyph_encoder_per_char/results/inputs/0006_06577.png,/home/ekim339/projects/SD3.5/experiments/glyph_encoder_per_char/results/generated/mask-0p0/char-4/0006.png
154,6,06577.png,crawl,w93bu,2.5440715215792324,3009,0.0,4,u,100076,200048,wesbu,0.0,0.6,0.4,1.0,1.0,0.0,0.0,1.0,/home/ekim339/projects/SD3.5/experiments/glyph_encoder_per_char/results/inputs/0006_06577.png,/home/ekim339/projects/SD3.5/experiments/glyph_encoder_per_char/results/generated/mask-0p0/char-5/0006.png
155,6,06577.png,crawl,w93bu,2.5440715215792324,3009,0.1,0,w,100072,200048,wesbu,0.0,0.6,0.4,1.0,0.0,0.0,1.0,1.0,/home/ekim339/projects/SD3.5/experiments/glyph_encoder_per_char/results/inputs/0006_06577.png,/home/ekim339/projects/SD3.5/experiments/glyph_encoder_per_char/results/generated/mask-0p1/char-1/0006.png
156,6,06577.png,crawl,w93bu,2.5440715215792324,3009,0.1,1,9,100073,200048,wesbu,0.0,0.6,0.4,0.0,1.0,0.0,1.0,1.0,/home/ekim339/projects/SD3.5/experiments/glyph_encoder_per_char/results/inputs/0006_06577.png,/home/ekim339/projects/SD3.5/experiments/glyph_encoder_per_char/results/generated/mask-0p1/char-2/0006.png
157,6,06577.png,crawl,w93bu,2.5440715215792324,3009,0.1,2,3,100074,200048,wesbu,0.0,0.6,0.4,0.0,1.0,0.0,1.0,1.0,/home/ekim339/projects/SD3.5/experiments/glyph_encoder_per_char/results/inputs/0006_06577.png,/home/ekim339/projects/SD3.5/experiments/glyph_encoder_per_char/results/generated/mask-0p1/char-3/0006.png
158,6,06577.png,crawl,w93bu,2.5440715215792324,3009,0.1,3,b,100075,200048,wesbu,0.0,0.6,0.4,1.0,1.0,0.0,0.0,1.0,/home/ekim339/projects/SD3.5/experiments/glyph_encoder_per_char/results/inputs/0006_06577.png,/home/ekim339/projects/SD3.5/experiments/glyph_encoder_per_char/results/generated/mask-0p1/char-4/0006.png
159,6,06577.png,crawl,w93bu,2.5440715215792324,3009,0.1,4,u,100076,200048,wesbu,0.0,0.6,0.4,1.0,1.0,0.0,0.0,1.0,/home/ekim339/projects/SD3.5/experiments/glyph_encoder_per_char/results/inputs/0006_06577.png,/home/ekim339/projects/SD3.5/experiments/glyph_encoder_per_char/results/generated/mask-0p1/char-5/0006.png
160,6,06577.png,crawl,w93bu,2.5440715215792324,3009,0.3,0,w,100072,200048,wribu,0.0,0.6,0.4,1.0,0.0,0.0,1.0,1.0,/home/ekim339/projects/SD3.5/experiments/glyph_encoder_per_char/results/inputs/0006_06577.png,/home/ekim339/projects/SD3.5/experiments/glyph_encoder_per_char/results/generated/mask-0p3/char-1/0006.png
161,6,06577.png,crawl,w93bu,2.5440715215792324,3009,0.3,1,9,100073,200048,wesbu,0.0,0.6,0.4,0.0,1.0,0.0,1.0,1.0,/home/ekim339/projects/SD3.5/experiments/glyph_encoder_per_char/results/inputs/0006_06577.png,/home/ekim339/projects/SD3.5/experiments/glyph_encoder_per_char/results/generated/mask-0p3/char-2/0006.png
162,6,06577.png,crawl,w93bu,2.5440715215792324,3009,0.3,2,3,100074,200048,webbu,0.0,0.6,0.4,0.0,1.0,0.0,1.0,1.0,/home/ekim339/projects/SD3.5/experiments/glyph_encoder_per_char/results/inputs/0006_06577.png,/home/ekim339/projects/SD3.5/experiments/glyph_encoder_per_char/results/generated/mask-0p3/char-3/0006.png
163,6,06577.png,crawl,w93bu,2.5440715215792324,3009,0.3,3,b,100075,200048,wnbru,0.0,0.4,0.6,0.0,1.0,0.0,0.0,1.0,/home/ekim339/projects/SD3.5/experiments/glyph_encoder_per_char/results/inputs/0006_06577.png,/home/ekim339/projects/SD3.5/experiments/glyph_encoder_per_char/results/generated/mask-0p3/char-4/0006.png
164,6,06577.png,crawl,w93bu,2.5440715215792324,3009,0.3,4,u,100076,200048,wesbu,0.0,0.6,0.4,1.0,1.0,0.0,0.0,1.0,/home/ekim339/projects/SD3.5/experiments/glyph_encoder_per_char/results/inputs/0006_06577.png,/home/ekim339/projects/SD3.5/experiments/glyph_encoder_per_char/results/generated/mask-0p3/char-5/0006.png
165,6,06577.png,crawl,w93bu,2.5440715215792324,3009,0.5,0,w,100072,200048,wiebu,0.0,0.6,0.4,1.0,0.0,0.0,1.0,1.0,/home/ekim339/projects/SD3.5/experiments/glyph_encoder_per_char/results/inputs/0006_06577.png,/home/ekim339/projects/SD3.5/experiments/glyph_encoder_per_char/results/generated/mask-0p5/char-1/0006.png
166,6,06577.png,crawl,w93bu,2.5440715215792324,3009,0.5,1,9,100073,200048,wesbu,0.0,0.6,0.4,0.0,1.0,0.0,1.0,1.0,/home/ekim339/projects/SD3.5/experiments/glyph_encoder_per_char/results/inputs/0006_06577.png,/home/ekim339/projects/SD3.5/experiments/glyph_encoder_per_char/results/generated/mask-0p5/char-2/0006.png
167,6,06577.png,crawl,w93bu,2.5440715215792324,3009,0.5,2,3,100074,200048,webbu,0.0,0.6,0.4,0.0,1.0,0.0,1.0,1.0,/home/ekim339/projects/SD3.5/experiments/glyph_encoder_per_char/results/inputs/0006_06577.png,/home/ekim339/projects/SD3.5/experiments/glyph_encoder_per_char/results/generated/mask-0p5/char-3/0006.png
168,6,06577.png,crawl,w93bu,2.5440715215792324,3009,0.5,3,b,100075,200048,wrb1u,0.0,0.4,0.6,0.0,1.0,0.0,0.0,1.0,/home/ekim339/projects/SD3.5/experiments/glyph_encoder_per_char/results/inputs/0006_06577.png,/home/ekim339/projects/SD3.5/experiments/glyph_encoder_per_char/results/generated/mask-0p5/char-4/0006.png
169,6,06577.png,crawl,w93bu,2.5440715215792324,3009,0.5,4,u,100076,200048,wesbh,0.0,0.4,0.6,0.0,1.0,0.0,0.0,1.0,/home/ekim339/projects/SD3.5/experiments/glyph_encoder_per_char/results/inputs/0006_06577.png,/home/ekim339/projects/SD3.5/experiments/glyph_encoder_per_char/results/generated/mask-0p5/char-5/0006.png
170,6,06577.png,crawl,w93bu,2.5440715215792324,3009,0.7,0,w,100072,200048,wiehuu,0.0,0.33333333333333337,0.8,1.0,0.0,0.0,0.0,1.0,/home/ekim339/projects/SD3.5/experiments/glyph_encoder_per_char/results/inputs/0006_06577.png,/home/ekim339/projects/SD3.5/experiments/glyph_encoder_per_char/results/generated/mask-0p7/char-1/0006.png
171,6,06577.png,crawl,w93bu,2.5440715215792324,3009,0.7,1,9,100073,200048,wrsbu,0.0,0.6,0.4,0.0,1.0,0.0,1.0,1.0,/home/ekim339/projects/SD3.5/experiments/glyph_encoder_per_char/results/inputs/0006_06577.png,/home/ekim339/projects/SD3.5/experiments/glyph_encoder_per_char/results/generated/mask-0p7/char-2/0006.png
172,6,06577.png,crawl,w93bu,2.5440715215792324,3009,0.7,2,3,100074,200048,webbu,0.0,0.6,0.4,0.0,1.0,0.0,1.0,1.0,/home/ekim339/projects/SD3.5/experiments/glyph_encoder_per_char/results/inputs/0006_06577.png,/home/ekim339/projects/SD3.5/experiments/glyph_encoder_per_char/results/generated/mask-0p7/char-3/0006.png
173,6,06577.png,crawl,w93bu,2.5440715215792324,3009,0.7,3,b,100075,200048,web1u,0.0,0.4,0.6,0.0,1.0,0.0,0.0,1.0,/home/ekim339/projects/SD3.5/experiments/glyph_encoder_per_char/results/inputs/0006_06577.png,/home/ekim339/projects/SD3.5/experiments/glyph_encoder_per_char/results/generated/mask-0p7/char-4/0006.png
174,6,06577.png,crawl,w93bu,2.5440715215792324,3009,0.7,4,u,100076,200048,wesbb,0.0,0.4,0.6,0.0,1.0,0.0,0.0,1.0,/home/ekim339/projects/SD3.5/experiments/glyph_encoder_per_char/results/inputs/0006_06577.png,/home/ekim339/projects/SD3.5/experiments/glyph_encoder_per_char/results/generated/mask-0p7/char-5/0006.png
175,7,25609.png,tared,qyw2c,11.32649138237307,3010,0.0,0,q,100077,200049,qywzc,0.0,0.8,0.2,1.0,1.0,1.0,0.0,1.0,/home/ekim339/projects/SD3.5/experiments/glyph_encoder_per_char/results/inputs/0007_25609.png,/home/ekim339/projects/SD3.5/experiments/glyph_encoder_per_char/results/generated/mask-0p0/char-1/0007.png
176,7,25609.png,tared,qyw2c,11.32649138237307,3010,0.0,1,y,100078,200049,qywzc,0.0,0.8,0.2,1.0,1.0,1.0,0.0,1.0,/home/ekim339/projects/SD3.5/experiments/glyph_encoder_per_char/results/inputs/0007_25609.png,/home/ekim339/projects/SD3.5/experiments/glyph_encoder_per_char/results/generated/mask-0p0/char-2/0007.png
177,7,25609.png,tared,qyw2c,11.32649138237307,3010,0.0,2,w,100079,200049,qywzc,0.0,0.8,0.2,1.0,1.0,1.0,0.0,1.0,/home/ekim339/projects/SD3.5/experiments/glyph_encoder_per_char/results/inputs/0007_25609.png,/home/ekim339/projects/SD3.5/experiments/glyph_encoder_per_char/results/generated/mask-0p0/char-3/0007.png
178,7,25609.png,tared,qyw2c,11.32649138237307,3010,0.0,3,2,100080,200049,qywzc,0.0,0.8,0.2,0.0,1.0,1.0,1.0,1.0,/home/ekim339/projects/SD3.5/experiments/glyph_encoder_per_char/results/inputs/0007_25609.png,/home/ekim339/projects/SD3.5/experiments/glyph_encoder_per_char/results/generated/mask-0p0/char-4/0007.png
179,7,25609.png,tared,qyw2c,11.32649138237307,3010,0.0,4,c,100081,200049,qywzc,0.0,0.8,0.2,1.0,1.0,1.0,1.0,0.0,/home/ekim339/projects/SD3.5/experiments/glyph_encoder_per_char/results/inputs/0007_25609.png,/home/ekim339/projects/SD3.5/experiments/glyph_encoder_per_char/results/generated/mask-0p0/char-5/0007.png
180,7,25609.png,tared,qyw2c,11.32649138237307,3010,0.1,0,q,100077,200049,cywzc,0.0,0.6,0.4,0.0,1.0,1.0,0.0,1.0,/home/ekim339/projects/SD3.5/experiments/glyph_encoder_per_char/results/inputs/0007_25609.png,/home/ekim339/projects/SD3.5/experiments/glyph_encoder_per_char/results/generated/mask-0p1/char-1/0007.png
181,7,25609.png,tared,qyw2c,11.32649138237307,3010,0.1,1,y,100078,200049,qywzc,0.0,0.8,0.2,1.0,1.0,1.0,0.0,1.0,/home/ekim339/projects/SD3.5/experiments/glyph_encoder_per_char/results/inputs/0007_25609.png,/home/ekim339/projects/SD3.5/experiments/glyph_encoder_per_char/results/generated/mask-0p1/char-2/0007.png
182,7,25609.png,tared,qyw2c,11.32649138237307,3010,0.1,2,w,100079,200049,qywzc,0.0,0.8,0.2,1.0,1.0,1.0,0.0,1.0,/home/ekim339/projects/SD3.5/experiments/glyph_encoder_per_char/results/inputs/0007_25609.png,/home/ekim339/projects/SD3.5/experiments/glyph_encoder_per_char/results/generated/mask-0p1/char-3/0007.png
183,7,25609.png,tared,qyw2c,11.32649138237307,3010,0.1,3,2,100080,200049,gywzc,0.0,0.6,0.4,0.0,0.0,1.0,1.0,1.0,/home/ekim339/projects/SD3.5/experiments/glyph_encoder_per_char/results/inputs/0007_25609.png,/home/ekim339/projects/SD3.5/experiments/glyph_encoder_per_char/results/generated/mask-0p1/char-4/0007.png
184,7,25609.png,tared,qyw2c,11.32649138237307,3010,0.1,4,c,100081,200049,qywzc,0.0,0.8,0.2,1.0,1.0,1.0,1.0,0.0,/home/ekim339/projects/SD3.5/experiments/glyph_encoder_per_char/results/inputs/0007_25609.png,/home/ekim339/projects/SD3.5/experiments/glyph_encoder_per_char/results/generated/mask-0p1/char-5/0007.png
185,7,25609.png,tared,qyw2c,11.32649138237307,3010,0.3,0,q,100077,200049,cywzc,0.0,0.6,0.4,0.0,1.0,1.0,0.0,1.0,/home/ekim339/projects/SD3.5/experiments/glyph_encoder_per_char/results/inputs/0007_25609.png,/home/ekim339/projects/SD3.5/experiments/glyph_encoder_per_char/results/generated/mask-0p3/char-1/0007.png
186,7,25609.png,tared,qyw2c,11.32649138237307,3010,0.3,1,y,100078,200049,gpvnzz,0.0,0.0,1.2,0.0,0.0,0.0,0.0,0.0,/home/ekim339/projects/SD3.5/experiments/glyph_encoder_per_char/results/inputs/0007_25609.png,/home/ekim339/projects/SD3.5/experiments/glyph_encoder_per_char/results/generated/mask-0p3/char-2/0007.png
187,7,25609.png,tared,qyw2c,11.32649138237307,3010,0.3,2,w,100079,200049,qywzcc,0.0,0.6666666666666667,0.4,1.0,1.0,1.0,0.0,1.0,/home/ekim339/projects/SD3.5/experiments/glyph_encoder_per_char/results/inputs/0007_25609.png,/home/ekim339/projects/SD3.5/experiments/glyph_encoder_per_char/results/generated/mask-0p3/char-3/0007.png
188,7,25609.png,tared,qyw2c,11.32649138237307,3010,0.3,3,2,100080,200049,gyvve,0.0,0.19999999999999996,0.8,0.0,0.0,1.0,0.0,0.0,/home/ekim339/projects/SD3.5/experiments/glyph_encoder_per_char/results/inputs/0007_25609.png,/home/ekim339/projects/SD3.5/experiments/glyph_encoder_per_char/results/generated/mask-0p3/char-4/0007.png
189,7,25609.png,tared,qyw2c,11.32649138237307,3010,0.3,4,c,100081,200049,gywz,0.0,0.4,0.6,0.0,0.0,1.0,1.0,0.0,/home/ekim339/projects/SD3.5/experiments/glyph_encoder_per_char/results/inputs/0007_25609.png,/home/ekim339/projects/SD3.5/experiments/glyph_encoder_per_char/results/generated/mask-0p3/char-5/0007.png
190,7,25609.png,tared,qyw2c,11.32649138237307,3010,0.5,0,q,100077,200049,oywzc,0.0,0.6,0.4,0.0,1.0,1.0,0.0,1.0,/home/ekim339/projects/SD3.5/experiments/glyph_encoder_per_char/results/inputs/0007_25609.png,/home/ekim339/projects/SD3.5/experiments/glyph_encoder_per_char/results/generated/mask-0p5/char-1/0007.png
191,7,25609.png,tared,qyw2c,11.32649138237307,3010,0.5,1,y,100078,200049,qjvvzc,0.0,0.33333333333333337,0.8,0.0,1.0,0.0,0.0,0.0,/home/ekim339/projects/SD3.5/experiments/glyph_encoder_per_char/results/inputs/0007_25609.png,/home/ekim339/projects/SD3.5/experiments/glyph_encoder_per_char/results/generated/mask-0p5/char-2/0007.png
192,7,25609.png,tared,qyw2c,11.32649138237307,3010,0.5,2,w,100079,200049,qyuzz,0.0,0.4,0.6,0.0,1.0,1.0,0.0,0.0,/home/ekim339/projects/SD3.5/experiments/glyph_encoder_per_char/results/inputs/0007_25609.png,/home/ekim339/projects/SD3.5/experiments/glyph_encoder_per_char/results/generated/mask-0p5/char-3/0007.png
193,7,25609.png,tared,qyw2c,11.32649138237307,3010,0.5,3,2,100080,200049,gyvve,0.0,0.19999999999999996,0.8,0.0,0.0,1.0,0.0,0.0,/home/ekim339/projects/SD3.5/experiments/glyph_encoder_per_char/results/inputs/0007_25609.png,/home/ekim339/projects/SD3.5/experiments/glyph_encoder_per_char/results/generated/mask-0p5/char-4/0007.png
194,7,25609.png,tared,qyw2c,11.32649138237307,3010,0.5,4,c,100081,200049,gywz2,0.0,0.4,0.6,0.0,0.0,1.0,1.0,0.0,/home/ekim339/projects/SD3.5/experiments/glyph_encoder_per_char/results/inputs/0007_25609.png,/home/ekim339/projects/SD3.5/experiments/glyph_encoder_per_char/results/generated/mask-0p5/char-5/0007.png
195,7,25609.png,tared,qyw2c,11.32649138237307,3010,0.7,0,q,100077,200049,aywzc,0.0,0.6,0.4,0.0,1.0,1.0,0.0,1.0,/home/ekim339/projects/SD3.5/experiments/glyph_encoder_per_char/results/inputs/0007_25609.png,/home/ekim339/projects/SD3.5/experiments/glyph_encoder_per_char/results/generated/mask-0p7/char-1/0007.png
196,7,25609.png,tared,qyw2c,11.32649138237307,3010,0.7,1,y,100078,200049,qjvvzc,0.0,0.33333333333333337,0.8,0.0,1.0,0.0,0.0,0.0,/home/ekim339/projects/SD3.5/experiments/glyph_encoder_per_char/results/inputs/0007_25609.png,/home/ekim339/projects/SD3.5/experiments/glyph_encoder_per_char/results/generated/mask-0p7/char-2/0007.png
197,7,25609.png,tared,qyw2c,11.32649138237307,3010,0.7,2,w,100079,200049,qyvize,0.0,0.33333333333333337,0.8,0.0,1.0,1.0,0.0,0.0,/home/ekim339/projects/SD3.5/experiments/glyph_encoder_per_char/results/inputs/0007_25609.png,/home/ekim339/projects/SD3.5/experiments/glyph_encoder_per_char/results/generated/mask-0p7/char-3/0007.png
198,7,25609.png,tared,qyw2c,11.32649138237307,3010,0.7,3,2,100080,200049,gyvve,0.0,0.19999999999999996,0.8,0.0,0.0,1.0,0.0,0.0,/home/ekim339/projects/SD3.5/experiments/glyph_encoder_per_char/results/inputs/0007_25609.png,/home/ekim339/projects/SD3.5/experiments/glyph_encoder_per_char/results/generated/mask-0p7/char-4/0007.png
199,7,25609.png,tared,qyw2c,11.32649138237307,3010,0.7,4,c,100081,200049,gywz2,0.0,0.4,0.6,0.0,0.0,1.0,1.0,0.0,/home/ekim339/projects/SD3.5/experiments/glyph_encoder_per_char/results/inputs/0007_25609.png,/home/ekim339/projects/SD3.5/experiments/glyph_encoder_per_char/results/generated/mask-0p7/char-5/0007.png
200,8,25813.png,scarp,hsy04,2.55652060007871,3011,0.0,0,h,100082,200050,hsyor,0.0,0.6,0.4,1.0,1.0,1.0,0.0,0.0,/home/ekim339/projects/SD3.5/experiments/glyph_encoder_per_char/results/inputs/0008_25813.png,/home/ekim339/projects/SD3.5/experiments/glyph_encoder_per_char/results/generated/mask-0p0/char-1/0008.png
201,8,25813.png,scarp,hsy04,2.55652060007871,3011,0.0,1,s,100083,200050,hsyor,0.0,0.6,0.4,1.0,1.0,1.0,0.0,0.0,/home/ekim339/projects/SD3.5/experiments/glyph_encoder_per_char/results/inputs/0008_25813.png,/home/ekim339/projects/SD3.5/experiments/glyph_encoder_per_char/results/generated/mask-0p0/char-2/0008.png
202,8,25813.png,scarp,hsy04,2.55652060007871,3011,0.0,2,y,100084,200050,hsyor,0.0,0.6,0.4,1.0,1.0,1.0,0.0,0.0,/home/ekim339/projects/SD3.5/experiments/glyph_encoder_per_char/results/inputs/0008_25813.png,/home/ekim339/projects/SD3.5/experiments/glyph_encoder_per_char/results/generated/mask-0p0/char-3/0008.png
203,8,25813.png,scarp,hsy04,2.55652060007871,3011,0.0,3,0,100085,200050,hsyor,0.0,0.6,0.4,0.0,1.0,1.0,1.0,0.0,/home/ekim339/projects/SD3.5/experiments/glyph_encoder_per_char/results/inputs/0008_25813.png,/home/ekim339/projects/SD3.5/experiments/glyph_encoder_per_char/results/generated/mask-0p0/char-4/0008.png
204,8,25813.png,scarp,hsy04,2.55652060007871,3011,0.0,4,4,100086,200050,hsyor,0.0,0.6,0.4,0.0,1.0,1.0,1.0,0.0,/home/ekim339/projects/SD3.5/experiments/glyph_encoder_per_char/results/inputs/0008_25813.png,/home/ekim339/projects/SD3.5/experiments/glyph_encoder_per_char/results/generated/mask-0p0/char-5/0008.png
205,8,25813.png,scarp,hsy04,2.55652060007871,3011,0.1,0,h,100082,200050,hsyor,0.0,0.6,0.4,1.0,1.0,1.0,0.0,0.0,/home/ekim339/projects/SD3.5/experiments/glyph_encoder_per_char/results/inputs/0008_25813.png,/home/ekim339/projects/SD3.5/experiments/glyph_encoder_per_char/results/generated/mask-0p1/char-1/0008.png
206,8,25813.png,scarp,hsy04,2.55652060007871,3011,0.1,1,s,100083,200050,hsyor,0.0,0.6,0.4,1.0,1.0,1.0,0.0,0.0,/home/ekim339/projects/SD3.5/experiments/glyph_encoder_per_char/results/inputs/0008_25813.png,/home/ekim339/projects/SD3.5/experiments/glyph_encoder_per_char/results/generated/mask-0p1/char-2/0008.png
207,8,25813.png,scarp,hsy04,2.55652060007871,3011,0.1,2,y,100084,200050,hsyor,0.0,0.6,0.4,1.0,1.0,1.0,0.0,0.0,/home/ekim339/projects/SD3.5/experiments/glyph_encoder_per_char/results/inputs/0008_25813.png,/home/ekim339/projects/SD3.5/experiments/glyph_encoder_per_char/results/generated/mask-0p1/char-3/0008.png
208,8,25813.png,scarp,hsy04,2.55652060007871,3011,0.1,3,0,100085,200050,hsyon,0.0,0.6,0.4,0.0,1.0,1.0,1.0,0.0,/home/ekim339/projects/SD3.5/experiments/glyph_encoder_per_char/results/inputs/0008_25813.png,/home/ekim339/projects/SD3.5/experiments/glyph_encoder_per_char/results/generated/mask-0p1/char-4/0008.png
209,8,25813.png,scarp,hsy04,2.55652060007871,3011,0.1,4,4,100086,200050,hsyol,0.0,0.6,0.4,0.0,1.0,1.0,1.0,0.0,/home/ekim339/projects/SD3.5/experiments/glyph_encoder_per_char/results/inputs/0008_25813.png,/home/ekim339/projects/SD3.5/experiments/glyph_encoder_per_char/results/generated/mask-0p1/char-5/0008.png
210,8,25813.png,scarp,hsy04,2.55652060007871,3011,0.3,0,h,100082,200050,hsyor,0.0,0.6,0.4,1.0,1.0,1.0,0.0,0.0,/home/ekim339/projects/SD3.5/experiments/glyph_encoder_per_char/results/inputs/0008_25813.png,/home/ekim339/projects/SD3.5/experiments/glyph_encoder_per_char/results/generated/mask-0p3/char-1/0008.png
211,8,25813.png,scarp,hsy04,2.55652060007871,3011,0.3,1,s,100083,200050,hisyo,0.0,0.4,0.6,0.0,1.0,0.0,0.0,0.0,/home/ekim339/projects/SD3.5/experiments/glyph_encoder_per_char/results/inputs/0008_25813.png,/home/ekim339/projects/SD3.5/experiments/glyph_encoder_per_char/results/generated/mask-0p3/char-2/0008.png
212,8,25813.png,scarp,hsy04,2.55652060007871,3011,0.3,2,y,100084,200050,hsyoy,0.0,0.6,0.4,1.0,1.0,1.0,0.0,0.0,/home/ekim339/projects/SD3.5/experiments/glyph_encoder_per_char/results/inputs/0008_25813.png,/home/ekim339/projects/SD3.5/experiments/glyph_encoder_per_char/results/generated/mask-0p3/char-3/0008.png
213,8,25813.png,scarp,hsy04,2.55652060007871,3011,0.3,3,0,100085,200050,hsyo,0.0,0.6,0.4,0.0,1.0,1.0,1.0,0.0,/home/ekim339/projects/SD3.5/experiments/glyph_encoder_per_char/results/inputs/0008_25813.png,/home/ekim339/projects/SD3.5/experiments/glyph_encoder_per_char/results/generated/mask-0p3/char-4/0008.png
214,8,25813.png,scarp,hsy04,2.55652060007871,3011,0.3,4,4,100086,200050,hsyoo,0.0,0.6,0.4,0.0,1.0,1.0,1.0,0.0,/home/ekim339/projects/SD3.5/experiments/glyph_encoder_per_char/results/inputs/0008_25813.png,/home/ekim339/projects/SD3.5/experiments/glyph_encoder_per_char/results/generated/mask-0p3/char-5/0008.png
215,8,25813.png,scarp,hsy04,2.55652060007871,3011,0.5,0,h,100082,200050,hsyol,0.0,0.6,0.4,1.0,1.0,1.0,0.0,0.0,/home/ekim339/projects/SD3.5/experiments/glyph_encoder_per_char/results/inputs/0008_25813.png,/home/ekim339/projects/SD3.5/experiments/glyph_encoder_per_char/results/generated/mask-0p5/char-1/0008.png
216,8,25813.png,scarp,hsy04,2.55652060007871,3011,0.5,1,s,100083,200050,hhyol,0.0,0.4,0.6,0.0,1.0,1.0,0.0,0.0,/home/ekim339/projects/SD3.5/experiments/glyph_encoder_per_char/results/inputs/0008_25813.png,/home/ekim339/projects/SD3.5/experiments/glyph_encoder_per_char/results/generated/mask-0p5/char-2/0008.png
217,8,25813.png,scarp,hsy04,2.55652060007871,3011,0.5,2,y,100084,200050,hssoy,0.0,0.4,0.6,0.0,1.0,1.0,0.0,0.0,/home/ekim339/projects/SD3.5/experiments/glyph_encoder_per_char/results/inputs/0008_25813.png,/home/ekim339/projects/SD3.5/experiments/glyph_encoder_per_char/results/generated/mask-0p5/char-3/0008.png
218,8,25813.png,scarp,hsy04,2.55652060007871,3011,0.5,3,0,100085,200050,hisyn,0.0,0.4,0.6,0.0,1.0,0.0,0.0,0.0,/home/ekim339/projects/SD3.5/experiments/glyph_encoder_per_char/results/inputs/0008_25813.png,/home/ekim339/projects/SD3.5/experiments/glyph_encoder_per_char/results/generated/mask-0p5/char-4/0008.png
219,8,25813.png,scarp,hsy04,2.55652060007871,3011,0.5,4,4,100086,200050,hsyoo,0.0,0.6,0.4,0.0,1.0,1.0,1.0,0.0,/home/ekim339/projects/SD3.5/experiments/glyph_encoder_per_char/results/inputs/0008_25813.png,/home/ekim339/projects/SD3.5/experiments/glyph_encoder_per_char/results/generated/mask-0p5/char-5/0008.png
220,8,25813.png,scarp,hsy04,2.55652060007871,3011,0.7,0,h,100082,200050,hsyor,0.0,0.6,0.4,1.0,1.0,1.0,0.0,0.0,/home/ekim339/projects/SD3.5/experiments/glyph_encoder_per_char/results/inputs/0008_25813.png,/home/ekim339/projects/SD3.5/experiments/glyph_encoder_per_char/results/generated/mask-0p7/char-1/0008.png
221,8,25813.png,scarp,hsy04,2.55652060007871,3011,0.7,1,s,100083,200050,hhyol,0.0,0.4,0.6,0.0,1.0,1.0,0.0,0.0,/home/ekim339/projects/SD3.5/experiments/glyph_encoder_per_char/results/inputs/0008_25813.png,/home/ekim339/projects/SD3.5/experiments/glyph_encoder_per_char/results/generated/mask-0p7/char-2/0008.png
222,8,25813.png,scarp,hsy04,2.55652060007871,3011,0.7,2,y,100084,200050,hssoy,0.0,0.4,0.6,0.0,1.0,1.0,0.0,0.0,/home/ekim339/projects/SD3.5/experiments/glyph_encoder_per_char/results/inputs/0008_25813.png,/home/ekim339/projects/SD3.5/experiments/glyph_encoder_per_char/results/generated/mask-0p7/char-3/0008.png
223,8,25813.png,scarp,hsy04,2.55652060007871,3011,0.7,3,0,100085,200050,hisyn,0.0,0.4,0.6,0.0,1.0,0.0,0.0,0.0,/home/ekim339/projects/SD3.5/experiments/glyph_encoder_per_char/results/inputs/0008_25813.png,/home/ekim339/projects/SD3.5/experiments/glyph_encoder_per_char/results/generated/mask-0p7/char-4/0008.png
224,8,25813.png,scarp,hsy04,2.55652060007871,3011,0.7,4,4,100086,200050,hsyoo,0.0,0.6,0.4,0.0,1.0,1.0,1.0,0.0,/home/ekim339/projects/SD3.5/experiments/glyph_encoder_per_char/results/inputs/0008_25813.png,/home/ekim339/projects/SD3.5/experiments/glyph_encoder_per_char/results/generated/mask-0p7/char-5/0008.png
225,9,44196.png,LINUX,1f6im,4.473118207168584,3012,0.0,0,1,100087,200051,looi,0.0,0.19999999999999996,0.8,0.0,0.0,0.0,1.0,0.0,/home/ekim339/projects/SD3.5/experiments/glyph_encoder_per_char/results/inputs/0009_44196.png,/home/ekim339/projects/SD3.5/experiments/glyph_encoder_per_char/results/generated/mask-0p0/char-1/0009.png
226,9,44196.png,LINUX,1f6im,4.473118207168584,3012,0.0,1,f,100088,200051,looi,0.0,0.19999999999999996,0.8,0.0,0.0,0.0,1.0,0.0,/home/ekim339/projects/SD3.5/experiments/glyph_encoder_per_char/results/inputs/0009_44196.png,/home/ekim339/projects/SD3.5/experiments/glyph_encoder_per_char/results/generated/mask-0p0/char-2/0009.png
227,9,44196.png,LINUX,1f6im,4.473118207168584,3012,0.0,2,6,100089,200051,looi,0.0,0.19999999999999996,0.8,0.0,0.0,0.0,1.0,0.0,/home/ekim339/projects/SD3.5/experiments/glyph_encoder_per_char/results/inputs/0009_44196.png,/home/ekim339/projects/SD3.5/experiments/glyph_encoder_per_char/results/generated/mask-0p0/char-3/0009.png
228,9,44196.png,LINUX,1f6im,4.473118207168584,3012,0.0,3,i,100090,200051,looi,0.0,0.19999999999999996,0.8,1.0,0.0,0.0,0.0,0.0,/home/ekim339/projects/SD3.5/experiments/glyph_encoder_per_char/results/inputs/0009_44196.png,/home/ekim339/projects/SD3.5/experiments/glyph_encoder_per_char/results/generated/mask-0p0/char-4/0009.png
229,9,44196.png,LINUX,1f6im,4.473118207168584,3012,0.0,4,m,100091,200051,looi,0.0,0.19999999999999996,0.8,0.0,0.0,0.0,0.0,1.0,/home/ekim339/projects/SD3.5/experiments/glyph_encoder_per_char/results/inputs/0009_44196.png,/home/ekim339/projects/SD3.5/experiments/glyph_encoder_per_char/results/generated/mask-0p0/char-5/0009.png
230,9,44196.png,LINUX,1f6im,4.473118207168584,3012,0.1,0,1,100087,200051,ifoomm,0.0,0.33333333333333337,0.8,0.0,1.0,0.0,0.0,1.0,/home/ekim339/projects/SD3.5/experiments/glyph_encoder_per_char/results/inputs/0009_44196.png,/home/ekim339/projects/SD3.5/experiments/glyph_encoder_per_char/results/generated/mask-0p1/char-1/0009.png
231,9,44196.png,LINUX,1f6im,4.473118207168584,3012,0.1,1,f,100088,200051,loom,0.0,0.19999999999999996,0.8,0.0,0.0,0.0,0.0,0.0,/home/ekim339/projects/SD3.5/experiments/glyph_encoder_per_char/results/inputs/0009_44196.png,/home/ekim339/projects/SD3.5/experiments/glyph_encoder_per_char/results/generated/mask-0p1/char-2/0009.png
232,9,44196.png,LINUX,1f6im,4.473118207168584,3012,0.1,2,6,100089,200051,iffimm,0.0,0.5,0.6,0.0,0.0,1.0,1.0,1.0,/home/ekim339/projects/SD3.5/experiments/glyph_encoder_per_char/results/inputs/0009_44196.png,/home/ekim339/projects/SD3.5/experiments/glyph_encoder_per_char/results/generated/mask-0p1/char-3/0009.png
233,9,44196.png,LINUX,1f6im,4.473118207168584,3012,0.1,3,i,100090,200051,iooom,0.0,0.19999999999999996,0.8,0.0,0.0,0.0,0.0,1.0,/home/ekim339/projects/SD3.5/experiments/glyph_encoder_per_char/results/inputs/0009_44196.png,/home/ekim339/projects/SD3.5/experiments/glyph_encoder_per_char/results/generated/mask-0p1/char-4/0009.png
234,9,44196.png,LINUX,1f6im,4.473118207168584,3012,0.1,4,m,100091,200051,ifoim,0.0,0.6,0.4,1.0,0.0,1.0,0.0,1.0,/home/ekim339/projects/SD3.5/experiments/glyph_encoder_per_char/results/inputs/0009_44196.png,/home/ekim339/projects/SD3.5/experiments/glyph_encoder_per_char/results/generated/mask-0p1/char-5/0009.png
235,9,44196.png,LINUX,1f6im,4.473118207168584,3012,0.3,0,1,100087,200051,foim,0.0,0.6,0.4,0.0,0.0,0.0,0.0,0.0,/home/ekim339/projects/SD3.5/experiments/glyph_encoder_per_char/results/inputs/0009_44196.png,/home/ekim339/projects/SD3.5/experiments/glyph_encoder_per_char/results/generated/mask-0p3/char-1/0009.png
236,9,44196.png,LINUX,1f6im,4.473118207168584,3012,0.3,1,f,100088,200051,ilcim,0.0,0.4,0.6,0.0,0.0,0.0,1.0,1.0,/home/ekim339/projects/SD3.5/experiments/glyph_encoder_per_char/results/inputs/0009_44196.png,/home/ekim339/projects/SD3.5/experiments/glyph_encoder_per_char/results/generated/mask-0p3/char-2/0009.png
237,9,44196.png,LINUX,1f6im,4.473118207168584,3012,0.3,2,6,100089,200051,iifismm,0.0,0.2857142857142857,1.0,0.0,0.0,0.0,1.0,0.0,/home/ekim339/projects/SD3.5/experiments/glyph_encoder_per_char/results/inputs/0009_44196.png,/home/ekim339/projects/SD3.5/experiments/glyph_encoder_per_char/results/generated/mask-0p3/char-3/0009.png
238,9,44196.png,LINUX,1f6im,4.473118207168584,3012,0.3,3,i,100090,200051,iooinn,0.0,0.16666666666666663,1.0,1.0,0.0,0.0,0.0,0.0,/home/ekim339/projects/SD3.5/experiments/glyph_encoder_per_char/results/inputs/0009_44196.png,/home/ekim339/projects/SD3.5/experiments/glyph_encoder_per_char/results/generated/mask-0p3/char-4/0009.png
239,9,44196.png,LINUX,1f6im,4.473118207168584,3012,0.3,4,m,100091,200051,joim,0.0,0.4,0.6,0.0,0.0,0.0,0.0,0.0,/home/ekim339/projects/SD3.5/experiments/glyph_encoder_per_char/results/inputs/0009_44196.png,/home/ekim339/projects/SD3.5/experiments/glyph_encoder_per_char/results/generated/mask-0p3/char-5/0009.png
240,9,44196.png,LINUX,1f6im,4.473118207168584,3012,0.5,0,1,100087,200051,ioommur,0.0,0.1428571428571429,1.2,0.0,0.0,0.0,0.0,1.0,/home/ekim339/projects/SD3.5/experiments/glyph_encoder_per_char/results/inputs/0009_44196.png,/home/ekim339/projects/SD3.5/experiments/glyph_encoder_per_char/results/generated/mask-0p5/char-1/0009.png
241,9,44196.png,LINUX,1f6im,4.473118207168584,3012,0.5,1,f,100088,200051,tiloim,0.0,0.33333333333333337,0.8,0.0,0.0,0.0,0.0,0.0,/home/ekim339/projects/SD3.5/experiments/glyph_encoder_per_char/results/inputs/0009_44196.png,/home/ekim339/projects/SD3.5/experiments/glyph_encoder_per_char/results/generated/mask-0p5/char-2/0009.png
242,9,44196.png,LINUX,1f6im,4.473118207168584,3012,0.5,2,6,100089,200051,iiftim,0.0,0.5,0.6,0.0,0.0,0.0,0.0,0.0,/home/ekim339/projects/SD3.5/experiments/glyph_encoder_per_char/results/inputs/0009_44196.png,/home/ekim339/projects/SD3.5/experiments/glyph_encoder_per_char/results/generated/mask-0p5/char-3/0009.png
243,9,44196.png,LINUX,1f6im,4.473118207168584,3012,0.5,3,i,100090,200051,iylcmi,0.0,0.16666666666666663,1.0,0.0,0.0,0.0,0.0,1.0,/home/ekim339/projects/SD3.5/experiments/glyph_encoder_per_char/results/inputs/0009_44196.png,/home/ekim339/projects/SD3.5/experiments/glyph_encoder_per_char/results/generated/mask-0p5/char-4/0009.png
244,9,44196.png,LINUX,1f6im,4.473118207168584,3012,0.5,4,m,100091,200051,iaaamm,0.0,0.16666666666666663,1.0,1.0,0.0,0.0,0.0,0.0,/home/ekim339/projects/SD3.5/experiments/glyph_encoder_per_char/results/inputs/0009_44196.png,/home/ekim339/projects/SD3.5/experiments/glyph_encoder_per_char/results/generated/mask-0p5/char-5/0009.png
245,9,44196.png,LINUX,1f6im,4.473118207168584,3012,0.7,0,1,100087,200051,iooomm,0.0,0.16666666666666663,1.0,0.0,0.0,0.0,0.0,1.0,/home/ekim339/projects/SD3.5/experiments/glyph_encoder_per_char/results/inputs/0009_44196.png,/home/ekim339/projects/SD3.5/experiments/glyph_encoder_per_char/results/generated/mask-0p7/char-1/0009.png
246,9,44196.png,LINUX,1f6im,4.473118207168584,3012,0.7,1,f,100088,200051,tiloim,0.0,0.33333333333333337,0.8,0.0,0.0,0.0,0.0,0.0,/home/ekim339/projects/SD3.5/experiments/glyph_encoder_per_char/results/inputs/0009_44196.png,/home/ekim339/projects/SD3.5/experiments/glyph_encoder_per_char/results/generated/mask-0p7/char-2/0009.png
247,9,44196.png,LINUX,1f6im,4.473118207168584,3012,0.7,2,6,100089,200051,iifiime,0.0,0.4285714285714286,0.8,0.0,0.0,0.0,1.0,0.0,/home/ekim339/projects/SD3.5/experiments/glyph_encoder_per_char/results/inputs/0009_44196.png,/home/ekim339/projects/SD3.5/experiments/glyph_encoder_per_char/results/generated/mask-0p7/char-3/0009.png
248,9,44196.png,LINUX,1f6im,4.473118207168584,3012,0.7,3,i,100090,200051,iylcmi,0.0,0.16666666666666663,1.0,0.0,0.0,0.0,0.0,1.0,/home/ekim339/projects/SD3.5/experiments/glyph_encoder_per_char/results/inputs/0009_44196.png,/home/ekim339/projects/SD3.5/experiments/glyph_encoder_per_char/results/generated/mask-0p7/char-4/0009.png
249,9,44196.png,LINUX,1f6im,4.473118207168584,3012,0.7,4,m,100091,200051,infaling,0.0,0.25,1.2,0.0,0.0,0.0,0.0,0.0,/home/ekim339/projects/SD3.5/experiments/glyph_encoder_per_char/results/inputs/0009_44196.png,/home/ekim339/projects/SD3.5/experiments/glyph_encoder_per_char/results/generated/mask-0p7/char-5/0009.png
250,10,23074.png,fears,l8d7s,7.323542951159396,3013,0.0,0,l,100092,200052,ledzs,0.0,0.6,0.4,1.0,0.0,1.0,0.0,1.0,/home/ekim339/projects/SD3.5/experiments/glyph_encoder_per_char/results/inputs/0010_23074.png,/home/ekim339/projects/SD3.5/experiments/glyph_encoder_per_char/results/generated/mask-0p0/char-1/0010.png
251,10,23074.png,fears,l8d7s,7.323542951159396,3013,0.0,1,8,100093,200052,ledzs,0.0,0.6,0.4,0.0,1.0,1.0,0.0,1.0,/home/ekim339/projects/SD3.5/experiments/glyph_encoder_per_char/results/inputs/0010_23074.png,/home/ekim339/projects/SD3.5/experiments/glyph_encoder_per_char/results/generated/mask-0p0/char-2/0010.png
252,10,23074.png,fears,l8d7s,7.323542951159396,3013,0.0,2,d,100094,200052,ledzs,0.0,0.6,0.4,1.0,1.0,0.0,0.0,1.0,/home/ekim339/projects/SD3.5/experiments/glyph_encoder_per_char/results/inputs/0010_23074.png,/home/ekim339/projects/SD3.5/experiments/glyph_encoder_per_char/results/generated/mask-0p0/char-3/0010.png
253,10,23074.png,fears,l8d7s,7.323542951159396,3013,0.0,3,7,100095,200052,ledzs,0.0,0.6,0.4,0.0,1.0,0.0,1.0,1.0,/home/ekim339/projects/SD3.5/experiments/glyph_encoder_per_char/results/inputs/0010_23074.png,/home/ekim339/projects/SD3.5/experiments/glyph_encoder_per_char/results/generated/mask-0p0/char-4/0010.png
254,10,23074.png,fears,l8d7s,7.323542951159396,3013,0.0,4,s,100096,200052,ledzs,0.0,0.6,0.4,1.0,1.0,0.0,1.0,0.0,/home/ekim339/projects/SD3.5/experiments/glyph_encoder_per_char/results/inputs/0010_23074.png,/home/ekim339/projects/SD3.5/experiments/glyph_encoder_per_char/results/generated/mask-0p0/char-5/0010.png
255,10,23074.png,fears,l8d7s,7.323542951159396,3013,0.1,0,l,100092,200052,tedrs,0.0,0.4,0.6,0.0,0.0,1.0,0.0,1.0,/home/ekim339/projects/SD3.5/experiments/glyph_encoder_per_char/results/inputs/0010_23074.png,/home/ekim339/projects/SD3.5/experiments/glyph_encoder_per_char/results/generated/mask-0p1/char-1/0010.png
256,10,23074.png,fears,l8d7s,7.323542951159396,3013,0.1,1,8,100093,200052,tedrs,0.0,0.4,0.6,0.0,0.0,1.0,0.0,1.0,/home/ekim339/projects/SD3.5/experiments/glyph_encoder_per_char/results/inputs/0010_23074.png,/home/ekim339/projects/SD3.5/experiments/glyph_encoder_per_char/results/generated/mask-0p1/char-2/0010.png
257,10,23074.png,fears,l8d7s,7.323542951159396,3013,0.1,2,d,100094,200052,ledzs,0.0,0.6,0.4,1.0,1.0,0.0,0.0,1.0,/home/ekim339/projects/SD3.5/experiments/glyph_encoder_per_char/results/inputs/0010_23074.png,/home/ekim339/projects/SD3.5/experiments/glyph_encoder_per_char/results/generated/mask-0p1/char-3/0010.png
258,10,23074.png,fears,l8d7s,7.323542951159396,3013,0.1,3,7,100095,200052,ledrs,0.0,0.6,0.4,0.0,1.0,0.0,1.0,1.0,/home/ekim339/projects/SD3.5/experiments/glyph_encoder_per_char/results/inputs/0010_23074.png,/home/ekim339/projects/SD3.5/experiments/glyph_encoder_per_char/results/generated/mask-0p1/char-4/0010.png
259,10,23074.png,fears,l8d7s,7.323542951159396,3013,0.1,4,s,100096,200052,ledzs,0.0,0.6,0.4,1.0,1.0,0.0,1.0,0.0,/home/ekim339/projects/SD3.5/experiments/glyph_encoder_per_char/results/inputs/0010_23074.png,/home/ekim339/projects/SD3.5/experiments/glyph_encoder_per_char/results/generated/mask-0p1/char-5/0010.png
260,10,23074.png,fears,l8d7s,7.323542951159396,3013,0.3,0,l,100092,200052,ledzs,0.0,0.6,0.4,1.0,0.0,1.0,0.0,1.0,/home/ekim339/projects/SD3.5/experiments/glyph_encoder_per_char/results/inputs/0010_23074.png,/home/ekim339/projects/SD3.5/experiments/glyph_encoder_per_char/results/generated/mask-0p3/char-1/0010.png
261,10,23074.png,fears,l8d7s,7.323542951159396,3013,0.3,1,8,100093,200052,lcdzs,0.0,0.6,0.4,0.0,1.0,1.0,0.0,1.0,/home/ekim339/projects/SD3.5/experiments/glyph_encoder_per_char/results/inputs/0010_23074.png,/home/ekim339/projects/SD3.5/experiments/glyph_encoder_per_char/results/generated/mask-0p3/char-2/0010.png
262,10,23074.png,fears,l8d7s,7.323542951159396,3013,0.3,2,d,100094,200052,lczs,0.0,0.4,0.6,0.0,1.0,0.0,0.0,0.0,/home/ekim339/projects/SD3.5/experiments/glyph_encoder_per_char/results/inputs/0010_23074.png,/home/ekim339/projects/SD3.5/experiments/glyph_encoder_per_char/results/generated/mask-0p3/char-3/0010.png
263,10,23074.png,fears,l8d7s,7.323542951159396,3013,0.3,3,7,100095,200052,ledrs,0.0,0.6,0.4,0.0,1.0,0.0,1.0,1.0,/home/ekim339/projects/SD3.5/experiments/glyph_encoder_per_char/results/inputs/0010_23074.png,/home/ekim339/projects/SD3.5/experiments/glyph_encoder_per_char/results/generated/mask-0p3/char-4/0010.png
264,10,23074.png,fears,l8d7s,7.323542951159396,3013,0.3,4,s,100096,200052,tedrs,0.0,0.4,0.6,1.0,0.0,0.0,1.0,0.0,/home/ekim339/projects/SD3.5/experiments/glyph_encoder_per_char/results/inputs/0010_23074.png,/home/ekim339/projects/SD3.5/experiments/glyph_encoder_per_char/results/generated/mask-0p3/char-5/0010.png
265,10,23074.png,fears,l8d7s,7.323542951159396,3013,0.5,0,l,100092,200052,ledzs,0.0,0.6,0.4,1.0,0.0,1.0,0.0,1.0,/home/ekim339/projects/SD3.5/experiments/glyph_encoder_per_char/results/inputs/0010_23074.png,/home/ekim339/projects/SD3.5/experiments/glyph_encoder_per_char/results/generated/mask-0p5/char-1/0010.png
266,10,23074.png,fears,l8d7s,7.323542951159396,3013,0.5,1,8,100093,200052,lcdzs,0.0,0.6,0.4,0.0,1.0,1.0,0.0,1.0,/home/ekim339/projects/SD3.5/experiments/glyph_encoder_per_char/results/inputs/0010_23074.png,/home/ekim339/projects/SD3.5/experiments/glyph_encoder_per_char/results/generated/mask-0p5/char-2/0010.png
267,10,23074.png,fears,l8d7s,7.323542951159396,3013,0.5,2,d,100094,200052,lazs,0.0,0.4,0.6,0.0,1.0,0.0,0.0,0.0,/home/ekim339/projects/SD3.5/experiments/glyph_encoder_per_char/results/inputs/0010_23074.png,/home/ekim339/projects/SD3.5/experiments/glyph_encoder_per_char/results/generated/mask-0p5/char-3/0010.png
268,10,23074.png,fears,l8d7s,7.323542951159396,3013,0.5,3,7,100095,200052,ledcs,0.0,0.6,0.4,0.0,1.0,0.0,1.0,1.0,/home/ekim339/projects/SD3.5/experiments/glyph_encoder_per_char/results/inputs/0010_23074.png,/home/ekim339/projects/SD3.5/experiments/glyph_encoder_per_char/results/generated/mask-0p5/char-4/0010.png
269,10,23074.png,fears,l8d7s,7.323542951159396,3013,0.5,4,s,100096,200052,ledz,0.0,0.4,0.6,0.0,1.0,0.0,1.0,0.0,/home/ekim339/projects/SD3.5/experiments/glyph_encoder_per_char/results/inputs/0010_23074.png,/home/ekim339/projects/SD3.5/experiments/glyph_encoder_per_char/results/generated/mask-0p5/char-5/0010.png
270,10,23074.png,fears,l8d7s,7.323542951159396,3013,0.7,0,l,100092,200052,ledzs,0.0,0.6,0.4,1.0,0.0,1.0,0.0,1.0,/home/ekim339/projects/SD3.5/experiments/glyph_encoder_per_char/results/inputs/0010_23074.png,/home/ekim339/projects/SD3.5/experiments/glyph_encoder_per_char/results/generated/mask-0p7/char-1/0010.png
271,10,23074.png,fears,l8d7s,7.323542951159396,3013,0.7,1,8,100093,200052,lcdzs,0.0,0.6,0.4,0.0,1.0,1.0,0.0,1.0,/home/ekim339/projects/SD3.5/experiments/glyph_encoder_per_char/results/inputs/0010_23074.png,/home/ekim339/projects/SD3.5/experiments/glyph_encoder_per_char/results/generated/mask-0p7/char-2/0010.png
272,10,23074.png,fears,l8d7s,7.323542951159396,3013,0.7,2,d,100094,200052,lazs,0.0,0.4,0.6,0.0,1.0,0.0,0.0,0.0,/home/ekim339/projects/SD3.5/experiments/glyph_encoder_per_char/results/inputs/0010_23074.png,/home/ekim339/projects/SD3.5/experiments/glyph_encoder_per_char/results/generated/mask-0p7/char-3/0010.png
273,10,23074.png,fears,l8d7s,7.323542951159396,3013,0.7,3,7,100095,200052,ledrs,0.0,0.6,0.4,0.0,1.0,0.0,1.0,1.0,/home/ekim339/projects/SD3.5/experiments/glyph_encoder_per_char/results/inputs/0010_23074.png,/home/ekim339/projects/SD3.5/experiments/glyph_encoder_per_char/results/generated/mask-0p7/char-4/0010.png
274,10,23074.png,fears,l8d7s,7.323542951159396,3013,0.7,4,s,100096,200052,ledz,0.0,0.4,0.6,0.0,1.0,0.0,1.0,0.0,/home/ekim339/projects/SD3.5/experiments/glyph_encoder_per_char/results/inputs/0010_23074.png,/home/ekim339/projects/SD3.5/experiments/glyph_encoder_per_char/results/generated/mask-0p7/char-5/0010.png
275,11,16799.png,tudor,jlo9v,11.087793837904204,3014,0.0,0,j,100097,200053,jloov,0.0,0.8,0.2,1.0,1.0,1.0,0.0,1.0,/home/ekim339/projects/SD3.5/experiments/glyph_encoder_per_char/results/inputs/0011_16799.png,/home/ekim339/projects/SD3.5/experiments/glyph_encoder_per_char/results/generated/mask-0p0/char-1/0011.png
276,11,16799.png,tudor,jlo9v,11.087793837904204,3014,0.0,1,l,100098,200053,jloov,0.0,0.8,0.2,1.0,1.0,1.0,0.0,1.0,/home/ekim339/projects/SD3.5/experiments/glyph_encoder_per_char/results/inputs/0011_16799.png,/home/ekim339/projects/SD3.5/experiments/glyph_encoder_per_char/results/generated/mask-0p0/char-2/0011.png
277,11,16799.png,tudor,jlo9v,11.087793837904204,3014,0.0,2,o,100099,200053,jloov,0.0,0.8,0.2,1.0,1.0,1.0,0.0,1.0,/home/ekim339/projects/SD3.5/experiments/glyph_encoder_per_char/results/inputs/0011_16799.png,/home/ekim339/projects/SD3.5/experiments/glyph_encoder_per_char/results/generated/mask-0p0/char-3/0011.png
278,11,16799.png,tudor,jlo9v,11.087793837904204,3014,0.0,3,9,100100,200053,jloov,0.0,0.8,0.2,0.0,1.0,1.0,1.0,1.0,/home/ekim339/projects/SD3.5/experiments/glyph_encoder_per_char/results/inputs/0011_16799.png,/home/ekim339/projects/SD3.5/experiments/glyph_encoder_per_char/results/generated/mask-0p0/char-4/0011.png
279,11,16799.png,tudor,jlo9v,11.087793837904204,3014,0.0,4,v,100101,200053,jloov,0.0,0.8,0.2,1.0,1.0,1.0,1.0,0.0,/home/ekim339/projects/SD3.5/experiments/glyph_encoder_per_char/results/inputs/0011_16799.png,/home/ekim339/projects/SD3.5/experiments/glyph_encoder_per_char/results/generated/mask-0p0/char-5/0011.png
280,11,16799.png,tudor,jlo9v,11.087793837904204,3014,0.1,0,j,100097,200053,jloov,0.0,0.8,0.2,1.0,1.0,1.0,0.0,1.0,/home/ekim339/projects/SD3.5/experiments/glyph_encoder_per_char/results/inputs/0011_16799.png,/home/ekim339/projects/SD3.5/experiments/glyph_encoder_per_char/results/generated/mask-0p1/char-1/0011.png
281,11,16799.png,tudor,jlo9v,11.087793837904204,3014,0.1,1,l,100098,200053,jloov,0.0,0.8,0.2,1.0,1.0,1.0,0.0,1.0,/home/ekim339/projects/SD3.5/experiments/glyph_encoder_per_char/results/inputs/0011_16799.png,/home/ekim339/projects/SD3.5/experiments/glyph_encoder_per_char/results/generated/mask-0p1/char-2/0011.png
282,11,16799.png,tudor,jlo9v,11.087793837904204,3014,0.1,2,o,100099,200053,jloov,0.0,0.8,0.2,1.0,1.0,1.0,0.0,1.0,/home/ekim339/projects/SD3.5/experiments/glyph_encoder_per_char/results/inputs/0011_16799.png,/home/ekim339/projects/SD3.5/experiments/glyph_encoder_per_char/results/generated/mask-0p1/char-3/0011.png
283,11,16799.png,tudor,jlo9v,11.087793837904204,3014,0.1,3,9,100100,200053,jloov,0.0,0.8,0.2,0.0,1.0,1.0,1.0,1.0,/home/ekim339/projects/SD3.5/experiments/glyph_encoder_per_char/results/inputs/0011_16799.png,/home/ekim339/projects/SD3.5/experiments/glyph_encoder_per_char/results/generated/mask-0p1/char-4/0011.png
284,11,16799.png,tudor,jlo9v,11.087793837904204,3014,0.1,4,v,100101,200053,floo,0.0,0.4,0.6,0.0,0.0,1.0,1.0,0.0,/home/ekim339/projects/SD3.5/experiments/glyph_encoder_per_char/results/inputs/0011_16799.png,/home/ekim339/projects/SD3.5/experiments/glyph_encoder_per_char/results/generated/mask-0p1/char-5/0011.png
285,11,16799.png,tudor,jlo9v,11.087793837904204,3014,0.3,0,j,100097,200053,jloov,0.0,0.8,0.2,1.0,1.0,1.0,0.0,1.0,/home/ekim339/projects/SD3.5/experiments/glyph_encoder_per_char/results/inputs/0011_16799.png,/home/ekim339/projects/SD3.5/experiments/glyph_encoder_per_char/results/generated/mask-0p3/char-1/0011.png
286,11,16799.png,tudor,jlo9v,11.087793837904204,3014,0.3,1,l,100098,200053,jloov,0.0,0.8,0.2,1.0,1.0,1.0,0.0,1.0,/home/ekim339/projects/SD3.5/experiments/glyph_encoder_per_char/results/inputs/0011_16799.png,/home/ekim339/projects/SD3.5/experiments/glyph_encoder_per_char/results/generated/mask-0p3/char-2/0011.png
287,11,16799.png,tudor,jlo9v,11.087793837904204,3014,0.3,2,o,100099,200053,jloov,0.0,0.8,0.2,1.0,1.0,1.0,0.0,1.0,/home/ekim339/projects/SD3.5/experiments/glyph_encoder_per_char/results/inputs/0011_16799.png,/home/ekim339/projects/SD3.5/experiments/glyph_encoder_per_char/results/generated/mask-0p3/char-3/0011.png
288,11,16799.png,tudor,jlo9v,11.087793837904204,3014,0.3,3,9,100100,200053,jloov,0.0,0.8,0.2,0.0,1.0,1.0,1.0,1.0,/home/ekim339/projects/SD3.5/experiments/glyph_encoder_per_char/results/inputs/0011_16799.png,/home/ekim339/projects/SD3.5/experiments/glyph_encoder_per_char/results/generated/mask-0p3/char-4/0011.png
289,11,16799.png,tudor,jlo9v,11.087793837904204,3014,0.3,4,v,100101,200053,floor,0.0,0.4,0.6,0.0,0.0,1.0,1.0,0.0,/home/ekim339/projects/SD3.5/experiments/glyph_encoder_per_char/results/inputs/0011_16799.png,/home/ekim339/projects/SD3.5/experiments/glyph_encoder_per_char/results/generated/mask-0p3/char-5/0011.png
290,11,16799.png,tudor,jlo9v,11.087793837904204,3014,0.5,0,j,100097,200053,jloov,0.0,0.8,0.2,1.0,1.0,1.0,0.0,1.0,/home/ekim339/projects/SD3.5/experiments/glyph_encoder_per_char/results/inputs/0011_16799.png,/home/ekim339/projects/SD3.5/experiments/glyph_encoder_per_char/results/generated/mask-0p5/char-1/0011.png
291,11,16799.png,tudor,jlo9v,11.087793837904204,3014,0.5,1,l,100098,200053,jborv,0.0,0.6,0.4,0.0,1.0,1.0,0.0,1.0,/home/ekim339/projects/SD3.5/experiments/glyph_encoder_per_char/results/inputs/0011_16799.png,/home/ekim339/projects/SD3.5/experiments/glyph_encoder_per_char/results/generated/mask-0p5/char-2/0011.png
292,11,16799.png,tudor,jlo9v,11.087793837904204,3014,0.5,2,o,100099,200053,jlaov,0.0,0.6,0.4,0.0,1.0,1.0,0.0,1.0,/home/ekim339/projects/SD3.5/experiments/glyph_encoder_per_char/results/inputs/0011_16799.png,/home/ekim339/projects/SD3.5/experiments/glyph_encoder_per_char/results/generated/mask-0p5/char-3/0011.png
293,11,16799.png,tudor,jlo9v,11.087793837904204,3014,0.5,3,9,100100,200053,jloov,0.0,0.8,0.2,0.0,1.0,1.0,1.0,1.0,/home/ekim339/projects/SD3.5/experiments/glyph_encoder_per_char/results/inputs/0011_16799.png,/home/ekim339/projects/SD3.5/experiments/glyph_encoder_per_char/results/generated/mask-0p5/char-4/0011.png
294,11,16799.png,tudor,jlo9v,11.087793837904204,3014,0.5,4,v,100101,200053,jloo,0.0,0.6,0.4,0.0,1.0,1.0,1.0,0.0,/home/ekim339/projects/SD3.5/experiments/glyph_encoder_per_char/results/inputs/0011_16799.png,/home/ekim339/projects/SD3.5/experiments/glyph_encoder_per_char/results/generated/mask-0p5/char-5/0011.png
295,11,16799.png,tudor,jlo9v,11.087793837904204,3014,0.7,0,j,100097,200053,iloov,0.0,0.6,0.4,0.0,1.0,1.0,0.0,1.0,/home/ekim339/projects/SD3.5/experiments/glyph_encoder_per_char/results/inputs/0011_16799.png,/home/ekim339/projects/SD3.5/experiments/glyph_encoder_per_char/results/generated/mask-0p7/char-1/0011.png
296,11,16799.png,tudor,jlo9v,11.087793837904204,3014,0.7,1,l,100098,200053,joory,0.0,0.4,0.6,0.0,1.0,1.0,0.0,0.0,/home/ekim339/projects/SD3.5/experiments/glyph_encoder_per_char/results/inputs/0011_16799.png,/home/ekim339/projects/SD3.5/experiments/glyph_encoder_per_char/results/generated/mask-0p7/char-2/0011.png
297,11,16799.png,tudor,jlo9v,11.087793837904204,3014,0.7,2,o,100099,200053,jlnov,0.0,0.6,0.4,0.0,1.0,1.0,0.0,1.0,/home/ekim339/projects/SD3.5/experiments/glyph_encoder_per_char/results/inputs/0011_16799.png,/home/ekim339/projects/SD3.5/experiments/glyph_encoder_per_char/results/generated/mask-0p7/char-3/0011.png
298,11,16799.png,tudor,jlo9v,11.087793837904204,3014,0.7,3,9,100100,200053,jloov,0.0,0.8,0.2,0.0,1.0,1.0,1.0,1.0,/home/ekim339/projects/SD3.5/experiments/glyph_encoder_per_char/results/inputs/0011_16799.png,/home/ekim339/projects/SD3.5/experiments/glyph_encoder_per_char/results/generated/mask-0p7/char-4/0011.png
299,11,16799.png,tudor,jlo9v,11.087793837904204,3014,0.7,4,v,100101,200053,jloo,0.0,0.6,0.4,0.0,1.0,1.0,1.0,0.0,/home/ekim339/projects/SD3.5/experiments/glyph_encoder_per_char/results/inputs/0011_16799.png,/home/ekim339/projects/SD3.5/experiments/glyph_encoder_per_char/results/generated/mask-0p7/char-5/0011.png
300,12,36368.png,rindy,rboce,2.096288107318485,3015,0.0,0,r,100102,200054,rboce,1.0,1.0,0.0,1.0,1.0,1.0,1.0,1.0,/home/ekim339/projects/SD3.5/experiments/glyph_encoder_per_char/results/inputs/0012_36368.png,/home/ekim339/projects/SD3.5/experiments/glyph_encoder_per_char/results/generated/mask-0p0/char-1/0012.png
301,12,36368.png,rindy,rboce,2.096288107318485,3015,0.0,1,b,100103,200054,rboce,1.0,1.0,0.0,1.0,1.0,1.0,1.0,1.0,/home/ekim339/projects/SD3.5/experiments/glyph_encoder_per_char/results/inputs/0012_36368.png,/home/ekim339/projects/SD3.5/experiments/glyph_encoder_per_char/results/generated/mask-0p0/char-2/0012.png
302,12,36368.png,rindy,rboce,2.096288107318485,3015,0.0,2,o,100104,200054,rboce,1.0,1.0,0.0,1.0,1.0,1.0,1.0,1.0,/home/ekim339/projects/SD3.5/experiments/glyph_encoder_per_char/results/inputs/0012_36368.png,/home/ekim339/projects/SD3.5/experiments/glyph_encoder_per_char/results/generated/mask-0p0/char-3/0012.png
303,12,36368.png,rindy,rboce,2.096288107318485,3015,0.0,3,c,100105,200054,rboce,1.0,1.0,0.0,1.0,1.0,1.0,1.0,1.0,/home/ekim339/projects/SD3.5/experiments/glyph_encoder_per_char/results/inputs/0012_36368.png,/home/ekim339/projects/SD3.5/experiments/glyph_encoder_per_char/results/generated/mask-0p0/char-4/0012.png
304,12,36368.png,rindy,rboce,2.096288107318485,3015,0.0,4,e,100106,200054,rboce,1.0,1.0,0.0,1.0,1.0,1.0,1.0,1.0,/home/ekim339/projects/SD3.5/experiments/glyph_encoder_per_char/results/inputs/0012_36368.png,/home/ekim339/projects/SD3.5/experiments/glyph_encoder_per_char/results/generated/mask-0p0/char-5/0012.png
305,12,36368.png,rindy,rboce,2.096288107318485,3015,0.1,0,r,100102,200054,rboce,1.0,1.0,0.0,1.0,1.0,1.0,1.0,1.0,/home/ekim339/projects/SD3.5/experiments/glyph_encoder_per_char/results/inputs/0012_36368.png,/home/ekim339/projects/SD3.5/experiments/glyph_encoder_per_char/results/generated/mask-0p1/char-1/0012.png
306,12,36368.png,rindy,rboce,2.096288107318485,3015,0.1,1,b,100103,200054,rboce,1.0,1.0,0.0,1.0,1.0,1.0,1.0,1.0,/home/ekim339/projects/SD3.5/experiments/glyph_encoder_per_char/results/inputs/0012_36368.png,/home/ekim339/projects/SD3.5/experiments/glyph_encoder_per_char/results/generated/mask-0p1/char-2/0012.png
307,12,36368.png,rindy,rboce,2.096288107318485,3015,0.1,2,o,100104,200054,rboce,1.0,1.0,0.0,1.0,1.0,1.0,1.0,1.0,/home/ekim339/projects/SD3.5/experiments/glyph_encoder_per_char/results/inputs/0012_36368.png,/home/ekim339/projects/SD3.5/experiments/glyph_encoder_per_char/results/generated/mask-0p1/char-3/0012.png
308,12,36368.png,rindy,rboce,2.096288107318485,3015,0.1,3,c,100105,200054,rboce,1.0,1.0,0.0,1.0,1.0,1.0,1.0,1.0,/home/ekim339/projects/SD3.5/experiments/glyph_encoder_per_char/results/inputs/0012_36368.png,/home/ekim339/projects/SD3.5/experiments/glyph_encoder_per_char/results/generated/mask-0p1/char-4/0012.png
309,12,36368.png,rindy,rboce,2.096288107318485,3015,0.1,4,e,100106,200054,rboce,1.0,1.0,0.0,1.0,1.0,1.0,1.0,1.0,/home/ekim339/projects/SD3.5/experiments/glyph_encoder_per_char/results/inputs/0012_36368.png,/home/ekim339/projects/SD3.5/experiments/glyph_encoder_per_char/results/generated/mask-0p1/char-5/0012.png
310,12,36368.png,rindy,rboce,2.096288107318485,3015,0.3,0,r,100102,200054,rboce,1.0,1.0,0.0,1.0,1.0,1.0,1.0,1.0,/home/ekim339/projects/SD3.5/experiments/glyph_encoder_per_char/results/inputs/0012_36368.png,/home/ekim339/projects/SD3.5/experiments/glyph_encoder_per_char/results/generated/mask-0p3/char-1/0012.png
311,12,36368.png,rindy,rboce,2.096288107318485,3015,0.3,1,b,100103,200054,rboce,1.0,1.0,0.0,1.0,1.0,1.0,1.0,1.0,/home/ekim339/projects/SD3.5/experiments/glyph_encoder_per_char/results/inputs/0012_36368.png,/home/ekim339/projects/SD3.5/experiments/glyph_encoder_per_char/results/generated/mask-0p3/char-2/0012.png
312,12,36368.png,rindy,rboce,2.096288107318485,3015,0.3,2,o,100104,200054,rboce,1.0,1.0,0.0,1.0,1.0,1.0,1.0,1.0,/home/ekim339/projects/SD3.5/experiments/glyph_encoder_per_char/results/inputs/0012_36368.png,/home/ekim339/projects/SD3.5/experiments/glyph_encoder_per_char/results/generated/mask-0p3/char-3/0012.png
313,12,36368.png,rindy,rboce,2.096288107318485,3015,0.3,3,c,100105,200054,rbooe,0.0,0.8,0.2,0.0,1.0,1.0,1.0,1.0,/home/ekim339/projects/SD3.5/experiments/glyph_encoder_per_char/results/inputs/0012_36368.png,/home/ekim339/projects/SD3.5/experiments/glyph_encoder_per_char/results/generated/mask-0p3/char-4/0012.png
314,12,36368.png,rindy,rboce,2.096288107318485,3015,0.3,4,e,100106,200054,rboce,1.0,1.0,0.0,1.0,1.0,1.0,1.0,1.0,/home/ekim339/projects/SD3.5/experiments/glyph_encoder_per_char/results/inputs/0012_36368.png,/home/ekim339/projects/SD3.5/experiments/glyph_encoder_per_char/results/generated/mask-0p3/char-5/0012.png
315,12,36368.png,rindy,rboce,2.096288107318485,3015,0.5,0,r,100102,200054,rboce,1.0,1.0,0.0,1.0,1.0,1.0,1.0,1.0,/home/ekim339/projects/SD3.5/experiments/glyph_encoder_per_char/results/inputs/0012_36368.png,/home/ekim339/projects/SD3.5/experiments/glyph_encoder_per_char/results/generated/mask-0p5/char-1/0012.png
316,12,36368.png,rindy,rboce,2.096288107318485,3015,0.5,1,b,100103,200054,rpoce,0.0,0.8,0.2,0.0,1.0,1.0,1.0,1.0,/home/ekim339/projects/SD3.5/experiments/glyph_encoder_per_char/results/inputs/0012_36368.png,/home/ekim339/projects/SD3.5/experiments/glyph_encoder_per_char/results/generated/mask-0p5/char-2/0012.png
317,12,36368.png,rindy,rboce,2.096288107318485,3015,0.5,2,o,100104,200054,rboce,1.0,1.0,0.0,1.0,1.0,1.0,1.0,1.0,/home/ekim339/projects/SD3.5/experiments/glyph_encoder_per_char/results/inputs/0012_36368.png,/home/ekim339/projects/SD3.5/experiments/glyph_encoder_per_char/results/generated/mask-0p5/char-3/0012.png
318,12,36368.png,rindy,rboce,2.096288107318485,3015,0.5,3,c,100105,200054,rbooe,0.0,0.8,0.2,0.0,1.0,1.0,1.0,1.0,/home/ekim339/projects/SD3.5/experiments/glyph_encoder_per_char/results/inputs/0012_36368.png,/home/ekim339/projects/SD3.5/experiments/glyph_encoder_per_char/results/generated/mask-0p5/char-4/0012.png
319,12,36368.png,rindy,rboce,2.096288107318485,3015,0.5,4,e,100106,200054,rbocc,0.0,0.8,0.2,0.0,1.0,1.0,1.0,1.0,/home/ekim339/projects/SD3.5/experiments/glyph_encoder_per_char/results/inputs/0012_36368.png,/home/ekim339/projects/SD3.5/experiments/glyph_encoder_per_char/results/generated/mask-0p5/char-5/0012.png
320,12,36368.png,rindy,rboce,2.096288107318485,3015,0.7,0,r,100102,200054,rboce,1.0,1.0,0.0,1.0,1.0,1.0,1.0,1.0,/home/ekim339/projects/SD3.5/experiments/glyph_encoder_per_char/results/inputs/0012_36368.png,/home/ekim339/projects/SD3.5/experiments/glyph_encoder_per_char/results/generated/mask-0p7/char-1/0012.png
321,12,36368.png,rindy,rboce,2.096288107318485,3015,0.7,1,b,100103,200054,rpoce,0.0,0.8,0.2,0.0,1.0,1.0,1.0,1.0,/home/ekim339/projects/SD3.5/experiments/glyph_encoder_per_char/results/inputs/0012_36368.png,/home/ekim339/projects/SD3.5/experiments/glyph_encoder_per_char/results/generated/mask-0p7/char-2/0012.png
322,12,36368.png,rindy,rboce,2.096288107318485,3015,0.7,2,o,100104,200054,rboce,1.0,1.0,0.0,1.0,1.0,1.0,1.0,1.0,/home/ekim339/projects/SD3.5/experiments/glyph_encoder_per_char/results/inputs/0012_36368.png,/home/ekim339/projects/SD3.5/experiments/glyph_encoder_per_char/results/generated/mask-0p7/char-3/0012.png
323,12,36368.png,rindy,rboce,2.096288107318485,3015,0.7,3,c,100105,200054,rbooe,0.0,0.8,0.2,0.0,1.0,1.0,1.0,1.0,/home/ekim339/projects/SD3.5/experiments/glyph_encoder_per_char/results/inputs/0012_36368.png,/home/ekim339/projects/SD3.5/experiments/glyph_encoder_per_char/results/generated/mask-0p7/char-4/0012.png
324,12,36368.png,rindy,rboce,2.096288107318485,3015,0.7,4,e,100106,200054,rbocc,0.0,0.8,0.2,0.0,1.0,1.0,1.0,1.0,/home/ekim339/projects/SD3.5/experiments/glyph_encoder_per_char/results/inputs/0012_36368.png,/home/ekim339/projects/SD3.5/experiments/glyph_encoder_per_char/results/generated/mask-0p7/char-5/0012.png
325,13,07514.png,video,p6uvu,9.650125384576352,3016,0.0,0,p,100107,200055,pppduvuuu,0.0,0.4444444444444444,1.0,1.0,0.0,0.0,0.0,1.0,/home/ekim339/projects/SD3.5/experiments/glyph_encoder_per_char/results/inputs/0013_07514.png,/home/ekim339/projects/SD3.5/experiments/glyph_encoder_per_char/results/generated/mask-0p0/char-1/0013.png
326,13,07514.png,video,p6uvu,9.650125384576352,3016,0.0,1,6,100108,200055,pppduvuuu,0.0,0.4444444444444444,1.0,0.0,1.0,0.0,0.0,1.0,/home/ekim339/projects/SD3.5/experiments/glyph_encoder_per_char/results/inputs/0013_07514.png,/home/ekim339/projects/SD3.5/experiments/glyph_encoder_per_char/results/generated/mask-0p0/char-2/0013.png
327,13,07514.png,video,p6uvu,9.650125384576352,3016,0.0,2,u,100109,200055,pppduvuuu,0.0,0.4444444444444444,1.0,0.0,1.0,0.0,0.0,1.0,/home/ekim339/projects/SD3.5/experiments/glyph_encoder_per_char/results/inputs/0013_07514.png,/home/ekim339/projects/SD3.5/experiments/glyph_encoder_per_char/results/generated/mask-0p0/char-3/0013.png
328,13,07514.png,video,p6uvu,9.650125384576352,3016,0.0,3,v,100110,200055,pppduvuuu,0.0,0.4444444444444444,1.0,0.0,1.0,0.0,0.0,1.0,/home/ekim339/projects/SD3.5/experiments/glyph_encoder_per_char/results/inputs/0013_07514.png,/home/ekim339/projects/SD3.5/experiments/glyph_encoder_per_char/results/generated/mask-0p0/char-4/0013.png
329,13,07514.png,video,p6uvu,9.650125384576352,3016,0.0,4,u,100111,200055,pppduvuuu,0.0,0.4444444444444444,1.0,1.0,1.0,0.0,0.0,0.0,/home/ekim339/projects/SD3.5/experiments/glyph_encoder_per_char/results/inputs/0013_07514.png,/home/ekim339/projects/SD3.5/experiments/glyph_encoder_per_char/results/generated/mask-0p0/char-5/0013.png
330,13,07514.png,video,p6uvu,9.650125384576352,3016,0.1,0,p,100107,200055,pppduvuuu,0.0,0.4444444444444444,1.0,1.0,0.0,0.0,0.0,1.0,/home/ekim339/projects/SD3.5/experiments/glyph_encoder_per_char/results/inputs/0013_07514.png,/home/ekim339/projects/SD3.5/experiments/glyph_encoder_per_char/results/generated/mask-0p1/char-1/0013.png
331,13,07514.png,video,p6uvu,9.650125384576352,3016,0.1,1,6,100108,200055,pppduvuuu,0.0,0.4444444444444444,1.0,0.0,1.0,0.0,0.0,1.0,/home/ekim339/projects/SD3.5/experiments/glyph_encoder_per_char/results/inputs/0013_07514.png,/home/ekim339/projects/SD3.5/experiments/glyph_encoder_per_char/results/generated/mask-0p1/char-2/0013.png
332,13,07514.png,video,p6uvu,9.650125384576352,3016,0.1,2,u,100109,200055,pppduvuuu,0.0,0.4444444444444444,1.0,0.0,1.0,0.0,0.0,1.0,/home/ekim339/projects/SD3.5/experiments/glyph_encoder_per_char/results/inputs/0013_07514.png,/home/ekim339/projects/SD3.5/experiments/glyph_encoder_per_char/results/generated/mask-0p1/char-3/0013.png
333,13,07514.png,video,p6uvu,9.650125384576352,3016,0.1,3,v,100110,200055,pppduvuuu,0.0,0.4444444444444444,1.0,0.0,1.0,0.0,0.0,1.0,/home/ekim339/projects/SD3.5/experiments/glyph_encoder_per_char/results/inputs/0013_07514.png,/home/ekim339/projects/SD3.5/experiments/glyph_encoder_per_char/results/generated/mask-0p1/char-4/0013.png
334,13,07514.png,video,p6uvu,9.650125384576352,3016,0.1,4,u,100111,200055,pppouvuru,0.0,0.4444444444444444,1.0,1.0,1.0,0.0,0.0,0.0,/home/ekim339/projects/SD3.5/experiments/glyph_encoder_per_char/results/inputs/0013_07514.png,/home/ekim339/projects/SD3.5/experiments/glyph_encoder_per_char/results/generated/mask-0p1/char-5/0013.png
335,13,07514.png,video,p6uvu,9.650125384576352,3016,0.3,0,p,100107,200055,ppppuvuuu,0.0,0.4444444444444444,1.0,1.0,0.0,0.0,0.0,1.0,/home/ekim339/projects/SD3.5/experiments/glyph_encoder_per_char/results/inputs/0013_07514.png,/home/ekim339/projects/SD3.5/experiments/glyph_encoder_per_char/results/generated/mask-0p3/char-1/0013.png
336,13,07514.png,video,p6uvu,9.650125384576352,3016,0.3,1,6,100108,200055,pppnuvuuu,0.0,0.4444444444444444,1.0,0.0,1.0,0.0,0.0,1.0,/home/ekim339/projects/SD3.5/experiments/glyph_encoder_per_char/results/inputs/0013_07514.png,/home/ekim339/projects/SD3.5/experiments/glyph_encoder_per_char/results/generated/mask-0p3/char-2/0013.png
337,13,07514.png,video,p6uvu,9.650125384576352,3016,0.3,2,u,100109,200055,pppovvuuu,0.0,0.33333333333333337,1.2,0.0,1.0,0.0,0.0,0.0,/home/ekim339/projects/SD3.5/experiments/glyph_encoder_per_char/results/inputs/0013_07514.png,/home/ekim339/projects/SD3.5/experiments/glyph_encoder_per_char/results/generated/mask-0p3/char-3/0013.png
338,13,07514.png,video,p6uvu,9.650125384576352,3016,0.3,3,v,100110,200055,pppoudduu,0.0,0.33333333333333337,1.2,0.0,1.0,0.0,0.0,1.0,/home/ekim339/projects/SD3.5/experiments/glyph_encoder_per_char/results/inputs/0013_07514.png,/home/ekim339/projects/SD3.5/experiments/glyph_encoder_per_char/results/generated/mask-0p3/char-4/0013.png
339,13,07514.png,video,p6uvu,9.650125384576352,3016,0.3,4,u,100111,200055,pppduvvup,0.0,0.4444444444444444,1.0,1.0,1.0,0.0,0.0,0.0,/home/ekim339/projects/SD3.5/experiments/glyph_encoder_per_char/results/inputs/0013_07514.png,/home/ekim339/projects/SD3.5/experiments/glyph_encoder_per_char/results/generated/mask-0p3/char-5/0013.png
340,13,07514.png,video,p6uvu,9.650125384576352,3016,0.5,0,p,100107,200055,mppriuuuuu,0.0,0.30000000000000004,1.4,0.0,0.0,0.0,0.0,0.0,/home/ekim339/projects/SD3.5/experiments/glyph_encoder_per_char/results/inputs/0013_07514.png,/home/ekim339/projects/SD3.5/experiments/glyph_encoder_per_char/results/generated/mask-0p5/char-1/0013.png
341,13,07514.png,video,p6uvu,9.650125384576352,3016,0.5,1,6,100108,200055,ppphuvuuu,0.0,0.4444444444444444,1.0,0.0,1.0,0.0,0.0,1.0,/home/ekim339/projects/SD3.5/experiments/glyph_encoder_per_char/results/inputs/0013_07514.png,/home/ekim339/projects/SD3.5/experiments/glyph_encoder_per_char/results/generated/mask-0p5/char-2/0013.png
342,13,07514.png,video,p6uvu,9.650125384576352,3016,0.5,2,u,100109,200055,pppovvuuu,0.0,0.33333333333333337,1.2,0.0,1.0,0.0,0.0,0.0,/home/ekim339/projects/SD3.5/experiments/glyph_encoder_per_char/results/inputs/0013_07514.png,/home/ekim339/projects/SD3.5/experiments/glyph_encoder_per_char/results/generated/mask-0p5/char-3/0013.png
343,13,07514.png,video,p6uvu,9.650125384576352,3016,0.5,3,v,100110,200055,pppouuuup,0.0,0.33333333333333337,1.2,0.0,1.0,0.0,0.0,1.0,/home/ekim339/projects/SD3.5/experiments/glyph_encoder_per_char/results/inputs/0013_07514.png,/home/ekim339/projects/SD3.5/experiments/glyph_encoder_per_char/results/generated/mask-0p5/char-4/0013.png
344,13,07514.png,video,p6uvu,9.650125384576352,3016,0.5,4,u,100111,200055,pulpouvvu,0.0,0.4444444444444444,1.0,0.0,1.0,0.0,0.0,0.0,/home/ekim339/projects/SD3.5/experiments/glyph_encoder_per_char/results/inputs/0013_07514.png,/home/ekim339/projects/SD3.5/experiments/glyph_encoder_per_char/results/generated/mask-0p5/char-5/0013.png
345,13,07514.png,video,p6uvu,9.650125384576352,3016,0.7,0,p,100107,200055,mppnuuuuu,0.0,0.33333333333333337,1.2,0.0,0.0,0.0,0.0,1.0,/home/ekim339/projects/SD3.5/experiments/glyph_encoder_per_char/results/inputs/0013_07514.png,/home/ekim339/projects/SD3.5/experiments/glyph_encoder_per_char/results/generated/mask-0p7/char-1/0013.png
346,13,07514.png,video,p6uvu,9.650125384576352,3016,0.7,1,6,100108,200055,pppnuvuuu,0.0,0.4444444444444444,1.0,0.0,1.0,0.0,0.0,1.0,/home/ekim339/projects/SD3.5/experiments/glyph_encoder_per_char/results/inputs/0013_07514.png,/home/ekim339/projects/SD3.5/experiments/glyph_encoder_per_char/results/generated/mask-0p7/char-2/0013.png
347,13,07514.png,video,p6uvu,9.650125384576352,3016,0.7,2,u,100109,200055,pppovvuuu,0.0,0.33333333333333337,1.2,0.0,1.0,0.0,0.0,0.0,/home/ekim339/projects/SD3.5/experiments/glyph_encoder_per_char/results/inputs/0013_07514.png,/home/ekim339/projects/SD3.5/experiments/glyph_encoder_per_char/results/generated/mask-0p7/char-3/0013.png
348,13,07514.png,video,p6uvu,9.650125384576352,3016,0.7,3,v,100110,200055,pppouuuup,0.0,0.33333333333333337,1.2,0.0,1.0,0.0,0.0,1.0,/home/ekim339/projects/SD3.5/experiments/glyph_encoder_per_char/results/inputs/0013_07514.png,/home/ekim339/projects/SD3.5/experiments/glyph_encoder_per_char/results/generated/mask-0p7/char-4/0013.png
349,13,07514.png,video,p6uvu,9.650125384576352,3016,0.7,4,u,100111,200055,puipouvvup,0.0,0.4,1.2,0.0,1.0,0.0,0.0,0.0,/home/ekim339/projects/SD3.5/experiments/glyph_encoder_per_char/results/inputs/0013_07514.png,/home/ekim339/projects/SD3.5/experiments/glyph_encoder_per_char/results/generated/mask-0p7/char-5/0013.png
350,14,41939.png,copra,1a7j8,9.088794867233933,3017,0.0,0,1,100112,200056,jaljp,0.0,0.4,0.6,0.0,1.0,0.0,1.0,0.0,/home/ekim339/projects/SD3.5/experiments/glyph_encoder_per_char/results/inputs/0014_41939.png,/home/ekim339/projects/SD3.5/experiments/glyph_encoder_per_char/results/generated/mask-0p0/char-1/0014.png
351,14,41939.png,copra,1a7j8,9.088794867233933,3017,0.0,1,a,100113,200056,jaljp,0.0,0.4,0.6,1.0,0.0,0.0,1.0,0.0,/home/ekim339/projects/SD3.5/experiments/glyph_encoder_per_char/results/inputs/0014_41939.png,/home/ekim339/projects/SD3.5/experiments/glyph_encoder_per_char/results/generated/mask-0p0/char-2/0014.png
352,14,41939.png,copra,1a7j8,9.088794867233933,3017,0.0,2,7,100114,200056,jaljp,0.0,0.4,0.6,0.0,0.0,1.0,1.0,0.0,/home/ekim339/projects/SD3.5/experiments/glyph_encoder_per_char/results/inputs/0014_41939.png,/home/ekim339/projects/SD3.5/experiments/glyph_encoder_per_char/results/generated/mask-0p0/char-3/0014.png
353,14,41939.png,copra,1a7j8,9.088794867233933,3017,0.0,3,j,100115,200056,jaljp,0.0,0.4,0.6,1.0,0.0,1.0,0.0,0.0,/home/ekim339/projects/SD3.5/experiments/glyph_encoder_per_char/results/inputs/0014_41939.png,/home/ekim339/projects/SD3.5/experiments/glyph_encoder_per_char/results/generated/mask-0p0/char-4/0014.png
354,14,41939.png,copra,1a7j8,9.088794867233933,3017,0.0,4,8,100116,200056,jaljp,0.0,0.4,0.6,0.0,0.0,1.0,0.0,1.0,/home/ekim339/projects/SD3.5/experiments/glyph_encoder_per_char/results/inputs/0014_41939.png,/home/ekim339/projects/SD3.5/experiments/glyph_encoder_per_char/results/generated/mask-0p0/char-5/0014.png
355,14,41939.png,copra,1a7j8,9.088794867233933,3017,0.1,0,1,100112,200056,ialjp,0.0,0.4,0.6,0.0,1.0,0.0,1.0,0.0,/home/ekim339/projects/SD3.5/experiments/glyph_encoder_per_char/results/inputs/0014_41939.png,/home/ekim339/projects/SD3.5/experiments/glyph_encoder_per_char/results/generated/mask-0p1/char-1/0014.png
356,14,41939.png,copra,1a7j8,9.088794867233933,3017,0.1,1,a,100113,200056,jaljp,0.0,0.4,0.6,1.0,0.0,0.0,1.0,0.0,/home/ekim339/projects/SD3.5/experiments/glyph_encoder_per_char/results/inputs/0014_41939.png,/home/ekim339/projects/SD3.5/experiments/glyph_encoder_per_char/results/generated/mask-0p1/char-2/0014.png
357,14,41939.png,copra,1a7j8,9.088794867233933,3017,0.1,2,7,100114,200056,jaljp,0.0,0.4,0.6,0.0,0.0,1.0,1.0,0.0,/home/ekim339/projects/SD3.5/experiments/glyph_encoder_per_char/results/inputs/0014_41939.png,/home/ekim339/projects/SD3.5/experiments/glyph_encoder_per_char/results/generated/mask-0p1/char-3/0014.png
358,14,41939.png,copra,1a7j8,9.088794867233933,3017,0.1,3,j,100115,200056,jaljo,0.0,0.4,0.6,1.0,0.0,1.0,0.0,0.0,/home/ekim339/projects/SD3.5/experiments/glyph_encoder_per_char/results/inputs/0014_41939.png,/home/ekim339/projects/SD3.5/experiments/glyph_encoder_per_char/results/generated/mask-0p1/char-4/0014.png
359,14,41939.png,copra,1a7j8,9.088794867233933,3017,0.1,4,8,100116,200056,jaljp,0.0,0.4,0.6,0.0,0.0,1.0,0.0,1.0,/home/ekim339/projects/SD3.5/experiments/glyph_encoder_per_char/results/inputs/0014_41939.png,/home/ekim339/projects/SD3.5/experiments/glyph_encoder_per_char/results/generated/mask-0p1/char-5/0014.png
360,14,41939.png,copra,1a7j8,9.088794867233933,3017,0.3,0,1,100112,200056,jalip,0.0,0.19999999999999996,0.8,0.0,1.0,0.0,0.0,0.0,/home/ekim339/projects/SD3.5/experiments/glyph_encoder_per_char/results/inputs/0014_41939.png,/home/ekim339/projects/SD3.5/experiments/glyph_encoder_per_char/results/generated/mask-0p3/char-1/0014.png
361,14,41939.png,copra,1a7j8,9.088794867233933,3017,0.3,1,a,100113,200056,inlje,0.0,0.19999999999999996,0.8,0.0,0.0,0.0,1.0,0.0,/home/ekim339/projects/SD3.5/experiments/glyph_encoder_per_char/results/inputs/0014_41939.png,/home/ekim339/projects/SD3.5/experiments/glyph_encoder_per_char/results/generated/mask-0p3/char-2/0014.png
362,14,41939.png,copra,1a7j8,9.088794867233933,3017,0.3,2,7,100114,200056,iaijo,0.0,0.4,0.6,0.0,0.0,1.0,1.0,0.0,/home/ekim339/projects/SD3.5/experiments/glyph_encoder_per_char/results/inputs/0014_41939.png,/home/ekim339/projects/SD3.5/experiments/glyph_encoder_per_char/results/generated/mask-0p3/char-3/0014.png
363,14,41939.png,copra,1a7j8,9.088794867233933,3017,0.3,3,j,100115,200056,jailb,0.0,0.19999999999999996,0.8,0.0,0.0,1.0,0.0,0.0,/home/ekim339/projects/SD3.5/experiments/glyph_encoder_per_char/results/inputs/0014_41939.png,/home/ekim339/projects/SD3.5/experiments/glyph_encoder_per_char/results/generated/mask-0p3/char-4/0014.png
364,14,41939.png,copra,1a7j8,9.088794867233933,3017,0.3,4,8,100116,200056,ialjp,0.0,0.4,0.6,0.0,0.0,1.0,0.0,1.0,/home/ekim339/projects/SD3.5/experiments/glyph_encoder_per_char/results/inputs/0014_41939.png,/home/ekim339/projects/SD3.5/experiments/glyph_encoder_per_char/results/generated/mask-0p3/char-5/0014.png
365,14,41939.png,copra,1a7j8,9.088794867233933,3017,0.5,0,1,100112,200056,ialjp,0.0,0.4,0.6,0.0,1.0,0.0,1.0,0.0,/home/ekim339/projects/SD3.5/experiments/glyph_encoder_per_char/results/inputs/0014_41939.png,/home/ekim339/projects/SD3.5/experiments/glyph_encoder_per_char/results/generated/mask-0p5/char-1/0014.png
366,14,41939.png,copra,1a7j8,9.088794867233933,3017,0.5,1,a,100113,200056,injo,0.0,0.19999999999999996,0.8,0.0,0.0,0.0,0.0,0.0,/home/ekim339/projects/SD3.5/experiments/glyph_encoder_per_char/results/inputs/0014_41939.png,/home/ekim339/projects/SD3.5/experiments/glyph_encoder_per_char/results/generated/mask-0p5/char-2/0014.png
367,14,41939.png,copra,1a7j8,9.088794867233933,3017,0.5,2,7,100114,200056,iaijo,0.0,0.4,0.6,0.0,0.0,1.0,1.0,0.0,/home/ekim339/projects/SD3.5/experiments/glyph_encoder_per_char/results/inputs/0014_41939.png,/home/ekim339/projects/SD3.5/experiments/glyph_encoder_per_char/results/generated/mask-0p5/char-3/0014.png
368,14,41939.png,copra,1a7j8,9.088794867233933,3017,0.5,3,j,100115,200056,jailb,0.0,0.19999999999999996,0.8,0.0,0.0,1.0,0.0,0.0,/home/ekim339/projects/SD3.5/experiments/glyph_encoder_per_char/results/inputs/0014_41939.png,/home/ekim339/projects/SD3.5/experiments/glyph_encoder_per_char/results/generated/mask-0p5/char-4/0014.png
369,14,41939.png,copra,1a7j8,9.088794867233933,3017,0.5,4,8,100116,200056,ialjji,0.0,0.33333333333333337,0.8,0.0,0.0,1.0,0.0,1.0,/home/ekim339/projects/SD3.5/experiments/glyph_encoder_per_char/results/inputs/0014_41939.png,/home/ekim339/projects/SD3.5/experiments/glyph_encoder_per_char/results/generated/mask-0p5/char-5/0014.png
370,14,41939.png,copra,1a7j8,9.088794867233933,3017,0.7,0,1,100112,200056,ialjp,0.0,0.4,0.6,0.0,1.0,0.0,1.0,0.0,/home/ekim339/projects/SD3.5/experiments/glyph_encoder_per_char/results/inputs/0014_41939.png,/home/ekim339/projects/SD3.5/experiments/glyph_encoder_per_char/results/generated/mask-0p7/char-1/0014.png
371,14,41939.png,copra,1a7j8,9.088794867233933,3017,0.7,1,a,100113,200056,injo,0.0,0.19999999999999996,0.8,0.0,0.0,0.0,0.0,0.0,/home/ekim339/projects/SD3.5/experiments/glyph_encoder_per_char/results/inputs/0014_41939.png,/home/ekim339/projects/SD3.5/experiments/glyph_encoder_per_char/results/generated/mask-0p7/char-2/0014.png
372,14,41939.png,copra,1a7j8,9.088794867233933,3017,0.7,2,7,100114,200056,iaijo,0.0,0.4,0.6,0.0,0.0,1.0,1.0,0.0,/home/ekim339/projects/SD3.5/experiments/glyph_encoder_per_char/results/inputs/0014_41939.png,/home/ekim339/projects/SD3.5/experiments/glyph_encoder_per_char/results/generated/mask-0p7/char-3/0014.png
373,14,41939.png,copra,1a7j8,9.088794867233933,3017,0.7,3,j,100115,200056,jailb,0.0,0.19999999999999996,0.8,0.0,0.0,1.0,0.0,0.0,/home/ekim339/projects/SD3.5/experiments/glyph_encoder_per_char/results/inputs/0014_41939.png,/home/ekim339/projects/SD3.5/experiments/glyph_encoder_per_char/results/generated/mask-0p7/char-4/0014.png
374,14,41939.png,copra,1a7j8,9.088794867233933,3017,0.7,4,8,100116,200056,ialjji,0.0,0.33333333333333337,0.8,0.0,0.0,1.0,0.0,1.0,/home/ekim339/projects/SD3.5/experiments/glyph_encoder_per_char/results/inputs/0014_41939.png,/home/ekim339/projects/SD3.5/experiments/glyph_encoder_per_char/results/generated/mask-0p7/char-5/0014.png
375,15,27348.png,lexon,fanc3,2.594663399907259,3018,0.0,0,f,100117,200057,fancs,0.0,0.8,0.2,1.0,1.0,1.0,1.0,0.0,/home/ekim339/projects/SD3.5/experiments/glyph_encoder_per_char/results/inputs/0015_27348.png,/home/ekim339/projects/SD3.5/experiments/glyph_encoder_per_char/results/generated/mask-0p0/char-1/0015.png
376,15,27348.png,lexon,fanc3,2.594663399907259,3018,0.0,1,a,100118,200057,fancs,0.0,0.8,0.2,1.0,1.0,1.0,1.0,0.0,/home/ekim339/projects/SD3.5/experiments/glyph_encoder_per_char/results/inputs/0015_27348.png,/home/ekim339/projects/SD3.5/experiments/glyph_encoder_per_char/results/generated/mask-0p0/char-2/0015.png
377,15,27348.png,lexon,fanc3,2.594663399907259,3018,0.0,2,n,100119,200057,fancs,0.0,0.8,0.2,1.0,1.0,1.0,1.0,0.0,/home/ekim339/projects/SD3.5/experiments/glyph_encoder_per_char/results/inputs/0015_27348.png,/home/ekim339/projects/SD3.5/experiments/glyph_encoder_per_char/results/generated/mask-0p0/char-3/0015.png
378,15,27348.png,lexon,fanc3,2.594663399907259,3018,0.0,3,c,100120,200057,fancs,0.0,0.8,0.2,1.0,1.0,1.0,1.0,0.0,/home/ekim339/projects/SD3.5/experiments/glyph_encoder_per_char/results/inputs/0015_27348.png,/home/ekim339/projects/SD3.5/experiments/glyph_encoder_per_char/results/generated/mask-0p0/char-4/0015.png
379,15,27348.png,lexon,fanc3,2.594663399907259,3018,0.0,4,3,100121,200057,fancs,0.0,0.8,0.2,0.0,1.0,1.0,1.0,1.0,/home/ekim339/projects/SD3.5/experiments/glyph_encoder_per_char/results/inputs/0015_27348.png,/home/ekim339/projects/SD3.5/experiments/glyph_encoder_per_char/results/generated/mask-0p0/char-5/0015.png
380,15,27348.png,lexon,fanc3,2.594663399907259,3018,0.1,0,f,100117,200057,fancs,0.0,0.8,0.2,1.0,1.0,1.0,1.0,0.0,/home/ekim339/projects/SD3.5/experiments/glyph_encoder_per_char/results/inputs/0015_27348.png,/home/ekim339/projects/SD3.5/experiments/glyph_encoder_per_char/results/generated/mask-0p1/char-1/0015.png
381,15,27348.png,lexon,fanc3,2.594663399907259,3018,0.1,1,a,100118,200057,fancs,0.0,0.8,0.2,1.0,1.0,1.0,1.0,0.0,/home/ekim339/projects/SD3.5/experiments/glyph_encoder_per_char/results/inputs/0015_27348.png,/home/ekim339/projects/SD3.5/experiments/glyph_encoder_per_char/results/generated/mask-0p1/char-2/0015.png
382,15,27348.png,lexon,fanc3,2.594663399907259,3018,0.1,2,n,100119,200057,fanco,0.0,0.8,0.2,1.0,1.0,1.0,1.0,0.0,/home/ekim339/projects/SD3.5/experiments/glyph_encoder_per_char/results/inputs/0015_27348.png,/home/ekim339/projects/SD3.5/experiments/glyph_encoder_per_char/results/generated/mask-0p1/char-3/0015.png
383,15,27348.png,lexon,fanc3,2.594663399907259,3018,0.1,3,c,100120,200057,fancs,0.0,0.8,0.2,1.0,1.0,1.0,1.0,0.0,/home/ekim339/projects/SD3.5/experiments/glyph_encoder_per_char/results/inputs/0015_27348.png,/home/ekim339/projects/SD3.5/experiments/glyph_encoder_per_char/results/generated/mask-0p1/char-4/0015.png
384,15,27348.png,lexon,fanc3,2.594663399907259,3018,0.1,4,3,100121,200057,fance,0.0,0.8,0.2,0.0,1.0,1.0,1.0,1.0,/home/ekim339/projects/SD3.5/experiments/glyph_encoder_per_char/results/inputs/0015_27348.png,/home/ekim339/projects/SD3.5/experiments/glyph_encoder_per_char/results/generated/mask-0p1/char-5/0015.png
385,15,27348.png,lexon,fanc3,2.594663399907259,3018,0.3,0,f,100117,200057,fancs,0.0,0.8,0.2,1.0,1.0,1.0,1.0,0.0,/home/ekim339/projects/SD3.5/experiments/glyph_encoder_per_char/results/inputs/0015_27348.png,/home/ekim339/projects/SD3.5/experiments/glyph_encoder_per_char/results/generated/mask-0p3/char-1/0015.png
386,15,27348.png,lexon,fanc3,2.594663399907259,3018,0.3,1,a,100118,200057,fancs,0.0,0.8,0.2,1.0,1.0,1.0,1.0,0.0,/home/ekim339/projects/SD3.5/experiments/glyph_encoder_per_char/results/inputs/0015_27348.png,/home/ekim339/projects/SD3.5/experiments/glyph_encoder_per_char/results/generated/mask-0p3/char-2/0015.png
387,15,27348.png,lexon,fanc3,2.594663399907259,3018,0.3,2,n,100119,200057,fancis,0.0,0.6666666666666667,0.4,1.0,1.0,1.0,1.0,0.0,/home/ekim339/projects/SD3.5/experiments/glyph_encoder_per_char/results/inputs/0015_27348.png,/home/ekim339/projects/SD3.5/experiments/glyph_encoder_per_char/results/generated/mask-0p3/char-3/0015.png
388,15,27348.png,lexon,fanc3,2.594663399907259,3018,0.3,3,c,100120,200057,fanis,0.0,0.6,0.4,0.0,1.0,1.0,1.0,0.0,/home/ekim339/projects/SD3.5/experiments/glyph_encoder_per_char/results/inputs/0015_27348.png,/home/ekim339/projects/SD3.5/experiments/glyph_encoder_per_char/results/generated/mask-0p3/char-4/0015.png
389,15,27348.png,lexon,fanc3,2.594663399907259,3018,0.3,4,3,100121,200057,fancc,0.0,0.8,0.2,0.0,1.0,1.0,1.0,1.0,/home/ekim339/projects/SD3.5/experiments/glyph_encoder_per_char/results/inputs/0015_27348.png,/home/ekim339/projects/SD3.5/experiments/glyph_encoder_per_char/results/generated/mask-0p3/char-5/0015.png
390,15,27348.png,lexon,fanc3,2.594663399907259,3018,0.5,0,f,100117,200057,tancs,0.0,0.6,0.4,0.0,1.0,1.0,1.0,0.0,/home/ekim339/projects/SD3.5/experiments/glyph_encoder_per_char/results/inputs/0015_27348.png,/home/ekim339/projects/SD3.5/experiments/glyph_encoder_per_char/results/generated/mask-0p5/char-1/0015.png
391,15,27348.png,lexon,fanc3,2.594663399907259,3018,0.5,1,a,100118,200057,fancs,0.0,0.8,0.2,1.0,1.0,1.0,1.0,0.0,/home/ekim339/projects/SD3.5/experiments/glyph_encoder_per_char/results/inputs/0015_27348.png,/home/ekim339/projects/SD3.5/experiments/glyph_encoder_per_char/results/generated/mask-0p5/char-2/0015.png
392,15,27348.png,lexon,fanc3,2.594663399907259,3018,0.5,2,n,100119,200057,farcis,0.0,0.5,0.6,0.0,1.0,1.0,1.0,0.0,/home/ekim339/projects/SD3.5/experiments/glyph_encoder_per_char/results/inputs/0015_27348.png,/home/ekim339/projects/SD3.5/experiments/glyph_encoder_per_char/results/generated/mask-0p5/char-3/0015.png
393,15,27348.png,lexon,fanc3,2.594663399907259,3018,0.5,3,c,100120,200057,famis,0.0,0.4,0.6,0.0,1.0,1.0,0.0,0.0,/home/ekim339/projects/SD3.5/experiments/glyph_encoder_per_char/results/inputs/0015_27348.png,/home/ekim339/projects/SD3.5/experiments/glyph_encoder_per_char/results/generated/mask-0p5/char-4/0015.png
394,15,27348.png,lexon,fanc3,2.594663399907259,3018,0.5,4,3,100121,200057,fancc,0.0,0.8,0.2,0.0,1.0,1.0,1.0,1.0,/home/ekim339/projects/SD3.5/experiments/glyph_encoder_per_char/results/inputs/0015_27348.png,/home/ekim339/projects/SD3.5/experiments/glyph_encoder_per_char/results/generated/mask-0p5/char-5/0015.png
395,15,27348.png,lexon,fanc3,2.594663399907259,3018,0.7,0,f,100117,200057,rancs,0.0,0.6,0.4,0.0,1.0,1.0,1.0,0.0,/home/ekim339/projects/SD3.5/experiments/glyph_encoder_per_char/results/inputs/0015_27348.png,/home/ekim339/projects/SD3.5/experiments/glyph_encoder_per_char/results/generated/mask-0p7/char-1/0015.png
396,15,27348.png,lexon,fanc3,2.594663399907259,3018,0.7,1,a,100118,200057,fancs,0.0,0.8,0.2,1.0,1.0,1.0,1.0,0.0,/home/ekim339/projects/SD3.5/experiments/glyph_encoder_per_char/results/inputs/0015_27348.png,/home/ekim339/projects/SD3.5/experiments/glyph_encoder_per_char/results/generated/mask-0p7/char-2/0015.png
397,15,27348.png,lexon,fanc3,2.594663399907259,3018,0.7,2,n,100119,200057,facis,0.0,0.4,0.6,0.0,1.0,1.0,0.0,0.0,/home/ekim339/projects/SD3.5/experiments/glyph_encoder_per_char/results/inputs/0015_27348.png,/home/ekim339/projects/SD3.5/experiments/glyph_encoder_per_char/results/generated/mask-0p7/char-3/0015.png
398,15,27348.png,lexon,fanc3,2.594663399907259,3018,0.7,3,c,100120,200057,fanss,0.0,0.6,0.4,0.0,1.0,1.0,1.0,0.0,/home/ekim339/projects/SD3.5/experiments/glyph_encoder_per_char/results/inputs/0015_27348.png,/home/ekim339/projects/SD3.5/experiments/glyph_encoder_per_char/results/generated/mask-0p7/char-4/0015.png
399,15,27348.png,lexon,fanc3,2.594663399907259,3018,0.7,4,3,100121,200057,fancc,0.0,0.8,0.2,0.0,1.0,1.0,1.0,1.0,/home/ekim339/projects/SD3.5/experiments/glyph_encoder_per_char/results/inputs/0015_27348.png,/home/ekim339/projects/SD3.5/experiments/glyph_encoder_per_char/results/generated/mask-0p7/char-5/0015.png
400,16,46198.png,frank,v503y,10.805770278213735,3019,0.0,0,v,100122,200058,v3oy,0.0,0.4,0.6,1.0,0.0,0.0,0.0,0.0,/home/ekim339/projects/SD3.5/experiments/glyph_encoder_per_char/results/inputs/0016_46198.png,/home/ekim339/projects/SD3.5/experiments/glyph_encoder_per_char/results/generated/mask-0p0/char-1/0016.png
401,16,46198.png,frank,v503y,10.805770278213735,3019,0.0,1,5,100123,200058,v3oy,0.0,0.4,0.6,0.0,1.0,0.0,0.0,0.0,/home/ekim339/projects/SD3.5/experiments/glyph_encoder_per_char/results/inputs/0016_46198.png,/home/ekim339/projects/SD3.5/experiments/glyph_encoder_per_char/results/generated/mask-0p0/char-2/0016.png
402,16,46198.png,frank,v503y,10.805770278213735,3019,0.0,2,0,100124,200058,v3oy,0.0,0.4,0.6,0.0,1.0,0.0,0.0,0.0,/home/ekim339/projects/SD3.5/experiments/glyph_encoder_per_char/results/inputs/0016_46198.png,/home/ekim339/projects/SD3.5/experiments/glyph_encoder_per_char/results/generated/mask-0p0/char-3/0016.png
403,16,46198.png,frank,v503y,10.805770278213735,3019,0.0,3,3,100125,200058,v3oy,0.0,0.4,0.6,0.0,1.0,0.0,0.0,0.0,/home/ekim339/projects/SD3.5/experiments/glyph_encoder_per_char/results/inputs/0016_46198.png,/home/ekim339/projects/SD3.5/experiments/glyph_encoder_per_char/results/generated/mask-0p0/char-4/0016.png
404,16,46198.png,frank,v503y,10.805770278213735,3019,0.0,4,y,100126,200058,v3oy,0.0,0.4,0.6,0.0,1.0,0.0,0.0,0.0,/home/ekim339/projects/SD3.5/experiments/glyph_encoder_per_char/results/inputs/0016_46198.png,/home/ekim339/projects/SD3.5/experiments/glyph_encoder_per_char/results/generated/mask-0p0/char-5/0016.png
405,16,46198.png,frank,v503y,10.805770278213735,3019,0.1,0,v,100122,200058,vooy,0.0,0.4,0.6,1.0,0.0,0.0,0.0,0.0,/home/ekim339/projects/SD3.5/experiments/glyph_encoder_per_char/results/inputs/0016_46198.png,/home/ekim339/projects/SD3.5/experiments/glyph_encoder_per_char/results/generated/mask-0p1/char-1/0016.png
406,16,46198.png,frank,v503y,10.805770278213735,3019,0.1,1,5,100123,200058,vooy,0.0,0.4,0.6,0.0,1.0,0.0,0.0,0.0,/home/ekim339/projects/SD3.5/experiments/glyph_encoder_per_char/results/inputs/0016_46198.png,/home/ekim339/projects/SD3.5/experiments/glyph_encoder_per_char/results/generated/mask-0p1/char-2/0016.png
407,16,46198.png,frank,v503y,10.805770278213735,3019,0.1,2,0,100124,200058,vsoy,0.0,0.4,0.6,0.0,1.0,0.0,0.0,0.0,/home/ekim339/projects/SD3.5/experiments/glyph_encoder_per_char/results/inputs/0016_46198.png,/home/ekim339/projects/SD3.5/experiments/glyph_encoder_per_char/results/generated/mask-0p1/char-3/0016.png
408,16,46198.png,frank,v503y,10.805770278213735,3019,0.1,3,3,100125,200058,vsoy,0.0,0.4,0.6,0.0,1.0,0.0,0.0,0.0,/home/ekim339/projects/SD3.5/experiments/glyph_encoder_per_char/results/inputs/0016_46198.png,/home/ekim339/projects/SD3.5/experiments/glyph_encoder_per_char/results/generated/mask-0p1/char-4/0016.png
409,16,46198.png,frank,v503y,10.805770278213735,3019,0.1,4,y,100126,200058,aoov,0.0,0.0,1.0,0.0,0.0,0.0,0.0,0.0,/home/ekim339/projects/SD3.5/experiments/glyph_encoder_per_char/results/inputs/0016_46198.png,/home/ekim339/projects/SD3.5/experiments/glyph_encoder_per_char/results/generated/mask-0p1/char-5/0016.png
410,16,46198.png,frank,v503y,10.805770278213735,3019,0.3,0,v,100122,200058,booy,0.0,0.19999999999999996,0.8,0.0,0.0,0.0,0.0,0.0,/home/ekim339/projects/SD3.5/experiments/glyph_encoder_per_char/results/inputs/0016_46198.png,/home/ekim339/projects/SD3.5/experiments/glyph_encoder_per_char/results/generated/mask-0p3/char-1/0016.png
411,16,46198.png,frank,v503y,10.805770278213735,3019,0.3,1,5,100123,200058,aooy,0.0,0.19999999999999996,0.8,0.0,0.0,0.0,0.0,0.0,/home/ekim339/projects/SD3.5/experiments/glyph_encoder_per_char/results/inputs/0016_46198.png,/home/ekim339/projects/SD3.5/experiments/glyph_encoder_per_char/results/generated/mask-0p3/char-2/0016.png
412,16,46198.png,frank,v503y,10.805770278213735,3019,0.3,2,0,100124,200058,vooy,0.0,0.4,0.6,0.0,1.0,0.0,0.0,0.0,/home/ekim339/projects/SD3.5/experiments/glyph_encoder_per_char/results/inputs/0016_46198.png,/home/ekim339/projects/SD3.5/experiments/glyph_encoder_per_char/results/generated/mask-0p3/char-3/0016.png
413,16,46198.png,frank,v503y,10.805770278213735,3019,0.3,3,3,100125,200058,vsoy,0.0,0.4,0.6,0.0,1.0,0.0,0.0,0.0,/home/ekim339/projects/SD3.5/experiments/glyph_encoder_per_char/results/inputs/0016_46198.png,/home/ekim339/projects/SD3.5/experiments/glyph_encoder_per_char/results/generated/mask-0p3/char-4/0016.png
414,16,46198.png,frank,v503y,10.805770278213735,3019,0.3,4,y,100126,200058,woos,0.0,0.0,1.0,0.0,0.0,0.0,0.0,0.0,/home/ekim339/projects/SD3.5/experiments/glyph_encoder_per_char/results/inputs/0016_46198.png,/home/ekim339/projects/SD3.5/experiments/glyph_encoder_per_char/results/generated/mask-0p3/char-5/0016.png
415,16,46198.png,frank,v503y,10.805770278213735,3019,0.5,0,v,100122,200058,booy,0.0,0.19999999999999996,0.8,0.0,0.0,0.0,0.0,0.0,/home/ekim339/projects/SD3.5/experiments/glyph_encoder_per_char/results/inputs/0016_46198.png,/home/ekim339/projects/SD3.5/experiments/glyph_encoder_per_char/results/generated/mask-0p5/char-1/0016.png
416,16,46198.png,frank,v503y,10.805770278213735,3019,0.5,1,5,100123,200058,vooy,0.0,0.4,0.6,0.0,1.0,0.0,0.0,0.0,/home/ekim339/projects/SD3.5/experiments/glyph_encoder_per_char/results/inputs/0016_46198.png,/home/ekim339/projects/SD3.5/experiments/glyph_encoder_per_char/results/generated/mask-0p5/char-2/0016.png
417,16,46198.png,frank,v503y,10.805770278213735,3019,0.5,2,0,100124,200058,vooy,0.0,0.4,0.6,0.0,1.0,0.0,0.0,0.0,/home/ekim339/projects/SD3.5/experiments/glyph_encoder_per_char/results/inputs/0016_46198.png,/home/ekim339/projects/SD3.5/experiments/glyph_encoder_per_char/results/generated/mask-0p5/char-3/0016.png
418,16,46198.png,frank,v503y,10.805770278213735,3019,0.5,3,3,100125,200058,vory,0.0,0.4,0.6,0.0,1.0,0.0,0.0,0.0,/home/ekim339/projects/SD3.5/experiments/glyph_encoder_per_char/results/inputs/0016_46198.png,/home/ekim339/projects/SD3.5/experiments/glyph_encoder_per_char/results/generated/mask-0p5/char-4/0016.png
419,16,46198.png,frank,v503y,10.805770278213735,3019,0.5,4,y,100126,200058,woos,0.0,0.0,1.0,0.0,0.0,0.0,0.0,0.0,/home/ekim339/projects/SD3.5/experiments/glyph_encoder_per_char/results/inputs/0016_46198.png,/home/ekim339/projects/SD3.5/experiments/glyph_encoder_per_char/results/generated/mask-0p5/char-5/0016.png
420,16,46198.png,frank,v503y,10.805770278213735,3019,0.7,0,v,100122,200058,booy,0.0,0.19999999999999996,0.8,0.0,0.0,0.0,0.0,0.0,/home/ekim339/projects/SD3.5/experiments/glyph_encoder_per_char/results/inputs/0016_46198.png,/home/ekim339/projects/SD3.5/experiments/glyph_encoder_per_char/results/generated/mask-0p7/char-1/0016.png
421,16,46198.png,frank,v503y,10.805770278213735,3019,0.7,1,5,100123,200058,sooy,0.0,0.19999999999999996,0.8,0.0,0.0,0.0,0.0,0.0,/home/ekim339/projects/SD3.5/experiments/glyph_encoder_per_char/results/inputs/0016_46198.png,/home/ekim339/projects/SD3.5/experiments/glyph_encoder_per_char/results/generated/mask-0p7/char-2/0016.png
422,16,46198.png,frank,v503y,10.805770278213735,3019,0.7,2,0,100124,200058,vody,0.0,0.4,0.6,0.0,1.0,0.0,0.0,0.0,/home/ekim339/projects/SD3.5/experiments/glyph_encoder_per_char/results/inputs/0016_46198.png,/home/ekim339/projects/SD3.5/experiments/glyph_encoder_per_char/results/generated/mask-0p7/char-3/0016.png
423,16,46198.png,frank,v503y,10.805770278213735,3019,0.7,3,3,100125,200058,vouy,0.0,0.4,0.6,0.0,1.0,0.0,0.0,0.0,/home/ekim339/projects/SD3.5/experiments/glyph_encoder_per_char/results/inputs/0016_46198.png,/home/ekim339/projects/SD3.5/experiments/glyph_encoder_per_char/results/generated/mask-0p7/char-4/0016.png
424,16,46198.png,frank,v503y,10.805770278213735,3019,0.7,4,y,100126,200058,woos,0.0,0.0,1.0,0.0,0.0,0.0,0.0,0.0,/home/ekim339/projects/SD3.5/experiments/glyph_encoder_per_char/results/inputs/0016_46198.png,/home/ekim339/projects/SD3.5/experiments/glyph_encoder_per_char/results/generated/mask-0p7/char-5/0016.png
425,17,24760.png,smirk,rxb4h,5.57859864622962,3020,0.0,0,r,100127,200059,rxbah,0.0,0.8,0.2,1.0,1.0,1.0,0.0,1.0,/home/ekim339/projects/SD3.5/experiments/glyph_encoder_per_char/results/inputs/0017_24760.png,/home/ekim339/projects/SD3.5/experiments/glyph_encoder_per_char/results/generated/mask-0p0/char-1/0017.png
426,17,24760.png,smirk,rxb4h,5.57859864622962,3020,0.0,1,x,100128,200059,rxbah,0.0,0.8,0.2,1.0,1.0,1.0,0.0,1.0,/home/ekim339/projects/SD3.5/experiments/glyph_encoder_per_char/results/inputs/0017_24760.png,/home/ekim339/projects/SD3.5/experiments/glyph_encoder_per_char/results/generated/mask-0p0/char-2/0017.png
427,17,24760.png,smirk,rxb4h,5.57859864622962,3020,0.0,2,b,100129,200059,rxbah,0.0,0.8,0.2,1.0,1.0,1.0,0.0,1.0,/home/ekim339/projects/SD3.5/experiments/glyph_encoder_per_char/results/inputs/0017_24760.png,/home/ekim339/projects/SD3.5/experiments/glyph_encoder_per_char/results/generated/mask-0p0/char-3/0017.png
428,17,24760.png,smirk,rxb4h,5.57859864622962,3020,0.0,3,4,100130,200059,rxbah,0.0,0.8,0.2,0.0,1.0,1.0,1.0,1.0,/home/ekim339/projects/SD3.5/experiments/glyph_encoder_per_char/results/inputs/0017_24760.png,/home/ekim339/projects/SD3.5/experiments/glyph_encoder_per_char/results/generated/mask-0p0/char-4/0017.png
429,17,24760.png,smirk,rxb4h,5.57859864622962,3020,0.0,4,h,100131,200059,rxbah,0.0,0.8,0.2,1.0,1.0,1.0,1.0,0.0,/home/ekim339/projects/SD3.5/experiments/glyph_encoder_per_char/results/inputs/0017_24760.png,/home/ekim339/projects/SD3.5/experiments/glyph_encoder_per_char/results/generated/mask-0p0/char-5/0017.png
430,17,24760.png,smirk,rxb4h,5.57859864622962,3020,0.1,0,r,100127,200059,rxbah,0.0,0.8,0.2,1.0,1.0,1.0,0.0,1.0,/home/ekim339/projects/SD3.5/experiments/glyph_encoder_per_char/results/inputs/0017_24760.png,/home/ekim339/projects/SD3.5/experiments/glyph_encoder_per_char/results/generated/mask-0p1/char-1/0017.png
431,17,24760.png,smirk,rxb4h,5.57859864622962,3020,0.1,1,x,100128,200059,rxbah,0.0,0.8,0.2,1.0,1.0,1.0,0.0,1.0,/home/ekim339/projects/SD3.5/experiments/glyph_encoder_per_char/results/inputs/0017_24760.png,/home/ekim339/projects/SD3.5/experiments/glyph_encoder_per_char/results/generated/mask-0p1/char-2/0017.png
432,17,24760.png,smirk,rxb4h,5.57859864622962,3020,0.1,2,b,100129,200059,rxbzh,0.0,0.8,0.2,1.0,1.0,1.0,0.0,1.0,/home/ekim339/projects/SD3.5/experiments/glyph_encoder_per_char/results/inputs/0017_24760.png,/home/ekim339/projects/SD3.5/experiments/glyph_encoder_per_char/results/generated/mask-0p1/char-3/0017.png
433,17,24760.png,smirk,rxb4h,5.57859864622962,3020,0.1,3,4,100130,200059,rxbah,0.0,0.8,0.2,0.0,1.0,1.0,1.0,1.0,/home/ekim339/projects/SD3.5/experiments/glyph_encoder_per_char/results/inputs/0017_24760.png,/home/ekim339/projects/SD3.5/experiments/glyph_encoder_per_char/results/generated/mask-0p1/char-4/0017.png
434,17,24760.png,smirk,rxb4h,5.57859864622962,3020,0.1,4,h,100131,200059,rxbah,0.0,0.8,0.2,1.0,1.0,1.0,1.0,0.0,/home/ekim339/projects/SD3.5/experiments/glyph_encoder_per_char/results/inputs/0017_24760.png,/home/ekim339/projects/SD3.5/experiments/glyph_encoder_per_char/results/generated/mask-0p1/char-5/0017.png
435,17,24760.png,smirk,rxb4h,5.57859864622962,3020,0.3,0,r,100127,200059,rxbrh,0.0,0.8,0.2,1.0,1.0,1.0,0.0,1.0,/home/ekim339/projects/SD3.5/experiments/glyph_encoder_per_char/results/inputs/0017_24760.png,/home/ekim339/projects/SD3.5/experiments/glyph_encoder_per_char/results/generated/mask-0p3/char-1/0017.png
436,17,24760.png,smirk,rxb4h,5.57859864622962,3020,0.3,1,x,100128,200059,rxbah,0.0,0.8,0.2,1.0,1.0,1.0,0.0,1.0,/home/ekim339/projects/SD3.5/experiments/glyph_encoder_per_char/results/inputs/0017_24760.png,/home/ekim339/projects/SD3.5/experiments/glyph_encoder_per_char/results/generated/mask-0p3/char-2/0017.png
437,17,24760.png,smirk,rxb4h,5.57859864622962,3020,0.3,2,b,100129,200059,rxbzh,0.0,0.8,0.2,1.0,1.0,1.0,0.0,1.0,/home/ekim339/projects/SD3.5/experiments/glyph_encoder_per_char/results/inputs/0017_24760.png,/home/ekim339/projects/SD3.5/experiments/glyph_encoder_per_char/results/generated/mask-0p3/char-3/0017.png
438,17,24760.png,smirk,rxb4h,5.57859864622962,3020,0.3,3,4,100130,200059,rxbph,0.0,0.8,0.2,0.0,1.0,1.0,1.0,1.0,/home/ekim339/projects/SD3.5/experiments/glyph_encoder_per_char/results/inputs/0017_24760.png,/home/ekim339/projects/SD3.5/experiments/glyph_encoder_per_char/results/generated/mask-0p3/char-4/0017.png
439,17,24760.png,smirk,rxb4h,5.57859864622962,3020,0.3,4,h,100131,200059,rxbrh,0.0,0.8,0.2,1.0,1.0,1.0,1.0,0.0,/home/ekim339/projects/SD3.5/experiments/glyph_encoder_per_char/results/inputs/0017_24760.png,/home/ekim339/projects/SD3.5/experiments/glyph_encoder_per_char/results/generated/mask-0p3/char-5/0017.png
440,17,24760.png,smirk,rxb4h,5.57859864622962,3020,0.5,0,r,100127,200059,rxbrh,0.0,0.8,0.2,1.0,1.0,1.0,0.0,1.0,/home/ekim339/projects/SD3.5/experiments/glyph_encoder_per_char/results/inputs/0017_24760.png,/home/ekim339/projects/SD3.5/experiments/glyph_encoder_per_char/results/generated/mask-0p5/char-1/0017.png
441,17,24760.png,smirk,rxb4h,5.57859864622962,3020,0.5,1,x,100128,200059,rrb2h,0.0,0.6,0.4,0.0,1.0,1.0,0.0,1.0,/home/ekim339/projects/SD3.5/experiments/glyph_encoder_per_char/results/inputs/0017_24760.png,/home/ekim339/projects/SD3.5/experiments/glyph_encoder_per_char/results/generated/mask-0p5/char-2/0017.png
442,17,24760.png,smirk,rxb4h,5.57859864622962,3020,0.5,2,b,100129,200059,rxazh,0.0,0.6,0.4,0.0,1.0,1.0,0.0,1.0,/home/ekim339/projects/SD3.5/experiments/glyph_encoder_per_char/results/inputs/0017_24760.png,/home/ekim339/projects/SD3.5/experiments/glyph_encoder_per_char/results/generated/mask-0p5/char-3/0017.png
443,17,24760.png,smirk,rxb4h,5.57859864622962,3020,0.5,3,4,100130,200059,rxbbh,0.0,0.8,0.2,0.0,1.0,1.0,1.0,1.0,/home/ekim339/projects/SD3.5/experiments/glyph_encoder_per_char/results/inputs/0017_24760.png,/home/ekim339/projects/SD3.5/experiments/glyph_encoder_per_char/results/generated/mask-0p5/char-4/0017.png
444,17,24760.png,smirk,rxb4h,5.57859864622962,3020,0.5,4,h,100131,200059,rxbrh,0.0,0.8,0.2,1.0,1.0,1.0,1.0,0.0,/home/ekim339/projects/SD3.5/experiments/glyph_encoder_per_char/results/inputs/0017_24760.png,/home/ekim339/projects/SD3.5/experiments/glyph_encoder_per_char/results/generated/mask-0p5/char-5/0017.png
445,17,24760.png,smirk,rxb4h,5.57859864622962,3020,0.7,0,r,100127,200059,rxbrh,0.0,0.8,0.2,1.0,1.0,1.0,0.0,1.0,/home/ekim339/projects/SD3.5/experiments/glyph_encoder_per_char/results/inputs/0017_24760.png,/home/ekim339/projects/SD3.5/experiments/glyph_encoder_per_char/results/generated/mask-0p7/char-1/0017.png
446,17,24760.png,smirk,rxb4h,5.57859864622962,3020,0.7,1,x,100128,200059,rrbzh,0.0,0.6,0.4,0.0,1.0,1.0,0.0,1.0,/home/ekim339/projects/SD3.5/experiments/glyph_encoder_per_char/results/inputs/0017_24760.png,/home/ekim339/projects/SD3.5/experiments/glyph_encoder_per_char/results/generated/mask-0p7/char-2/0017.png
447,17,24760.png,smirk,rxb4h,5.57859864622962,3020,0.7,2,b,100129,200059,rxxzh,0.0,0.6,0.4,0.0,1.0,1.0,0.0,1.0,/home/ekim339/projects/SD3.5/experiments/glyph_encoder_per_char/results/inputs/0017_24760.png,/home/ekim339/projects/SD3.5/experiments/glyph_encoder_per_char/results/generated/mask-0p7/char-3/0017.png
448,17,24760.png,smirk,rxb4h,5.57859864622962,3020,0.7,3,4,100130,200059,rxbiah,0.0,0.6666666666666667,0.4,0.0,1.0,1.0,1.0,0.0,/home/ekim339/projects/SD3.5/experiments/glyph_encoder_per_char/results/inputs/0017_24760.png,/home/ekim339/projects/SD3.5/experiments/glyph_encoder_per_char/results/generated/mask-0p7/char-4/0017.png
449,17,24760.png,smirk,rxb4h,5.57859864622962,3020,0.7,4,h,100131,200059,rxbrn,0.0,0.6,0.4,0.0,1.0,1.0,1.0,0.0,/home/ekim339/projects/SD3.5/experiments/glyph_encoder_per_char/results/inputs/0017_24760.png,/home/ekim339/projects/SD3.5/experiments/glyph_encoder_per_char/results/generated/mask-0p7/char-5/0017.png
450,18,34099.png,thawy,sojxw,9.292901789433703,3021,0.0,0,s,100132,200060,sojxum,0.0,0.6666666666666667,0.4,1.0,1.0,1.0,1.0,0.0,/home/ekim339/projects/SD3.5/experiments/glyph_encoder_per_char/results/inputs/0018_34099.png,/home/ekim339/projects/SD3.5/experiments/glyph_encoder_per_char/results/generated/mask-0p0/char-1/0018.png
451,18,34099.png,thawy,sojxw,9.292901789433703,3021,0.0,1,o,100133,200060,sojxum,0.0,0.6666666666666667,0.4,1.0,1.0,1.0,1.0,0.0,/home/ekim339/projects/SD3.5/experiments/glyph_encoder_per_char/results/inputs/0018_34099.png,/home/ekim339/projects/SD3.5/experiments/glyph_encoder_per_char/results/generated/mask-0p0/char-2/0018.png
452,18,34099.png,thawy,sojxw,9.292901789433703,3021,0.0,2,j,100134,200060,sojxum,0.0,0.6666666666666667,0.4,1.0,1.0,1.0,1.0,0.0,/home/ekim339/projects/SD3.5/experiments/glyph_encoder_per_char/results/inputs/0018_34099.png,/home/ekim339/projects/SD3.5/experiments/glyph_encoder_per_char/results/generated/mask-0p0/char-3/0018.png
453,18,34099.png,thawy,sojxw,9.292901789433703,3021,0.0,3,x,100135,200060,sojxum,0.0,0.6666666666666667,0.4,1.0,1.0,1.0,1.0,0.0,/home/ekim339/projects/SD3.5/experiments/glyph_encoder_per_char/results/inputs/0018_34099.png,/home/ekim339/projects/SD3.5/experiments/glyph_encoder_per_char/results/generated/mask-0p0/char-4/0018.png
454,18,34099.png,thawy,sojxw,9.292901789433703,3021,0.0,4,w,100136,200060,sojxum,0.0,0.6666666666666667,0.4,0.0,1.0,1.0,1.0,1.0,/home/ekim339/projects/SD3.5/experiments/glyph_encoder_per_char/results/inputs/0018_34099.png,/home/ekim339/projects/SD3.5/experiments/glyph_encoder_per_char/results/generated/mask-0p0/char-5/0018.png
455,18,34099.png,thawy,sojxw,9.292901789433703,3021,0.1,0,s,100132,200060,sojxwa,0.0,0.8333333333333334,0.2,1.0,1.0,1.0,1.0,1.0,/home/ekim339/projects/SD3.5/experiments/glyph_encoder_per_char/results/inputs/0018_34099.png,/home/ekim339/projects/SD3.5/experiments/glyph_encoder_per_char/results/generated/mask-0p1/char-1/0018.png
456,18,34099.png,thawy,sojxw,9.292901789433703,3021,0.1,1,o,100133,200060,sojxum,0.0,0.6666666666666667,0.4,1.0,1.0,1.0,1.0,0.0,/home/ekim339/projects/SD3.5/experiments/glyph_encoder_per_char/results/inputs/0018_34099.png,/home/ekim339/projects/SD3.5/experiments/glyph_encoder_per_char/results/generated/mask-0p1/char-2/0018.png
457,18,34099.png,thawy,sojxw,9.292901789433703,3021,0.1,2,j,100134,200060,sojxum,0.0,0.6666666666666667,0.4,1.0,1.0,1.0,1.0,0.0,/home/ekim339/projects/SD3.5/experiments/glyph_encoder_per_char/results/inputs/0018_34099.png,/home/ekim339/projects/SD3.5/experiments/glyph_encoder_per_char/results/generated/mask-0p1/char-3/0018.png
458,18,34099.png,thawy,sojxw,9.292901789433703,3021,0.1,3,x,100135,200060,sojxum,0.0,0.6666666666666667,0.4,1.0,1.0,1.0,1.0,0.0,/home/ekim339/projects/SD3.5/experiments/glyph_encoder_per_char/results/inputs/0018_34099.png,/home/ekim339/projects/SD3.5/experiments/glyph_encoder_per_char/results/generated/mask-0p1/char-4/0018.png
459,18,34099.png,thawy,sojxw,9.292901789433703,3021,0.1,4,w,100136,200060,sojxw,1.0,1.0,0.0,1.0,1.0,1.0,1.0,1.0,/home/ekim339/projects/SD3.5/experiments/glyph_encoder_per_char/results/inputs/0018_34099.png,/home/ekim339/projects/SD3.5/experiments/glyph_encoder_per_char/results/generated/mask-0p1/char-5/0018.png
460,18,34099.png,thawy,sojxw,9.292901789433703,3021,0.3,0,s,100132,200060,s0jxw,0.0,0.8,0.2,1.0,0.0,1.0,1.0,1.0,/home/ekim339/projects/SD3.5/experiments/glyph_encoder_per_char/results/inputs/0018_34099.png,/home/ekim339/projects/SD3.5/experiments/glyph_encoder_per_char/results/generated/mask-0p3/char-1/0018.png
461,18,34099.png,thawy,sojxw,9.292901789433703,3021,0.3,1,o,100133,200060,sojxul,0.0,0.6666666666666667,0.4,1.0,1.0,1.0,1.0,0.0,/home/ekim339/projects/SD3.5/experiments/glyph_encoder_per_char/results/inputs/0018_34099.png,/home/ekim339/projects/SD3.5/experiments/glyph_encoder_per_char/results/generated/mask-0p3/char-2/0018.png
462,18,34099.png,thawy,sojxw,9.292901789433703,3021,0.3,2,j,100134,200060,soosxx,0.0,0.5,0.6,0.0,1.0,1.0,0.0,0.0,/home/ekim339/projects/SD3.5/experiments/glyph_encoder_per_char/results/inputs/0018_34099.png,/home/ekim339/projects/SD3.5/experiments/glyph_encoder_per_char/results/generated/mask-0p3/char-3/0018.png
463,18,34099.png,thawy,sojxw,9.292901789433703,3021,0.3,3,x,100135,200060,sussvvii,0.0,0.125,1.4,0.0,1.0,0.0,0.0,0.0,/home/ekim339/projects/SD3.5/experiments/glyph_encoder_per_char/results/inputs/0018_34099.png,/home/ekim339/projects/SD3.5/experiments/glyph_encoder_per_char/results/generated/mask-0p3/char-4/0018.png
464,18,34099.png,thawy,sojxw,9.292901789433703,3021,0.3,4,w,100136,200060,sojxww,0.0,0.8333333333333334,0.2,1.0,1.0,1.0,1.0,1.0,/home/ekim339/projects/SD3.5/experiments/glyph_encoder_per_char/results/inputs/0018_34099.png,/home/ekim339/projects/SD3.5/experiments/glyph_encoder_per_char/results/generated/mask-0p3/char-5/0018.png
465,18,34099.png,thawy,sojxw,9.292901789433703,3021,0.5,0,s,100132,200060,00owww,0.0,0.33333333333333337,0.8,0.0,0.0,0.0,0.0,1.0,/home/ekim339/projects/SD3.5/experiments/glyph_encoder_per_char/results/inputs/0018_34099.png,/home/ekim339/projects/SD3.5/experiments/glyph_encoder_per_char/results/generated/mask-0p5/char-1/0018.png
466,18,34099.png,thawy,sojxw,9.292901789433703,3021,0.5,1,o,100133,200060,sojxum,0.0,0.6666666666666667,0.4,1.0,1.0,1.0,1.0,0.0,/home/ekim339/projects/SD3.5/experiments/glyph_encoder_per_char/results/inputs/0018_34099.png,/home/ekim339/projects/SD3.5/experiments/glyph_encoder_per_char/results/generated/mask-0p5/char-2/0018.png
467,18,34099.png,thawy,sojxw,9.292901789433703,3021,0.5,2,j,100134,200060,mossoow1,0.0,0.25,1.2,0.0,0.0,1.0,0.0,0.0,/home/ekim339/projects/SD3.5/experiments/glyph_encoder_per_char/results/inputs/0018_34099.png,/home/ekim339/projects/SD3.5/experiments/glyph_encoder_per_char/results/generated/mask-0p5/char-3/0018.png
468,18,34099.png,thawy,sojxw,9.292901789433703,3021,0.5,3,x,100135,200060,aossovve,0.0,0.25,1.2,0.0,0.0,1.0,0.0,0.0,/home/ekim339/projects/SD3.5/experiments/glyph_encoder_per_char/results/inputs/0018_34099.png,/home/ekim339/projects/SD3.5/experiments/glyph_encoder_per_char/results/generated/mask-0p5/char-4/0018.png
469,18,34099.png,thawy,sojxw,9.292901789433703,3021,0.5,4,w,100136,200060,sussexiit,0.0,0.2222222222222222,1.4,0.0,1.0,0.0,0.0,0.0,/home/ekim339/projects/SD3.5/experiments/glyph_encoder_per_char/results/inputs/0018_34099.png,/home/ekim339/projects/SD3.5/experiments/glyph_encoder_per_char/results/generated/mask-0p5/char-5/0018.png
470,18,34099.png,thawy,sojxw,9.292901789433703,3021,0.7,0,s,100132,200060,10jxww,0.0,0.5,0.6,0.0,0.0,1.0,1.0,1.0,/home/ekim339/projects/SD3.5/experiments/glyph_encoder_per_char/results/inputs/0018_34099.png,/home/ekim339/projects/SD3.5/experiments/glyph_encoder_per_char/results/generated/mask-0p7/char-1/0018.png
471,18,34099.png,thawy,sojxw,9.292901789433703,3021,0.7,1,o,100133,200060,sijwww,0.0,0.5,0.6,0.0,1.0,1.0,0.0,1.0,/home/ekim339/projects/SD3.5/experiments/glyph_encoder_per_char/results/inputs/0018_34099.png,/home/ekim339/projects/SD3.5/experiments/glyph_encoder_per_char/results/generated/mask-0p7/char-2/0018.png
472,18,34099.png,thawy,sojxw,9.292901789433703,3021,0.7,2,j,100134,200060,11111www,0.0,0.125,1.4,0.0,0.0,0.0,0.0,0.0,/home/ekim339/projects/SD3.5/experiments/glyph_encoder_per_char/results/inputs/0018_34099.png,/home/ekim339/projects/SD3.5/experiments/glyph_encoder_per_char/results/generated/mask-0p7/char-3/0018.png
473,18,34099.png,thawy,sojxw,9.292901789433703,3021,0.7,3,x,100135,200060,aossovve,0.0,0.25,1.2,0.0,0.0,1.0,0.0,0.0,/home/ekim339/projects/SD3.5/experiments/glyph_encoder_per_char/results/inputs/0018_34099.png,/home/ekim339/projects/SD3.5/experiments/glyph_encoder_per_char/results/generated/mask-0p7/char-4/0018.png
474,18,34099.png,thawy,sojxw,9.292901789433703,3021,0.7,4,w,100136,200060,sossoxxit,0.0,0.33333333333333337,1.2,0.0,1.0,1.0,0.0,0.0,/home/ekim339/projects/SD3.5/experiments/glyph_encoder_per_char/results/inputs/0018_34099.png,/home/ekim339/projects/SD3.5/experiments/glyph_encoder_per_char/results/generated/mask-0p7/char-5/0018.png
475,19,17709.png,bohea,siooh,6.675333247024196,3022,0.0,0,s,100137,200061,siooh,1.0,1.0,0.0,1.0,1.0,1.0,1.0,1.0,/home/ekim339/projects/SD3.5/experiments/glyph_encoder_per_char/results/inputs/0019_17709.png,/home/ekim339/projects/SD3.5/experiments/glyph_encoder_per_char/results/generated/mask-0p0/char-1/0019.png
476,19,17709.png,bohea,siooh,6.675333247024196,3022,0.0,1,i,100138,200061,siooh,1.0,1.0,0.0,1.0,1.0,1.0,1.0,1.0,/home/ekim339/projects/SD3.5/experiments/glyph_encoder_per_char/results/inputs/0019_17709.png,/home/ekim339/projects/SD3.5/experiments/glyph_encoder_per_char/results/generated/mask-0p0/char-2/0019.png
477,19,17709.png,bohea,siooh,6.675333247024196,3022,0.0,2,o,100139,200061,siooh,1.0,1.0,0.0,1.0,1.0,1.0,1.0,1.0,/home/ekim339/projects/SD3.5/experiments/glyph_encoder_per_char/results/inputs/0019_17709.png,/home/ekim339/projects/SD3.5/experiments/glyph_encoder_per_char/results/generated/mask-0p0/char-3/0019.png
478,19,17709.png,bohea,siooh,6.675333247024196,3022,0.0,3,o,100140,200061,siooh,1.0,1.0,0.0,1.0,1.0,1.0,1.0,1.0,/home/ekim339/projects/SD3.5/experiments/glyph_encoder_per_char/results/inputs/0019_17709.png,/home/ekim339/projects/SD3.5/experiments/glyph_encoder_per_char/results/generated/mask-0p0/char-4/0019.png
479,19,17709.png,bohea,siooh,6.675333247024196,3022,0.0,4,h,100141,200061,siooh,1.0,1.0,0.0,1.0,1.0,1.0,1.0,1.0,/home/ekim339/projects/SD3.5/experiments/glyph_encoder_per_char/results/inputs/0019_17709.png,/home/ekim339/projects/SD3.5/experiments/glyph_encoder_per_char/results/generated/mask-0p0/char-5/0019.png
480,19,17709.png,bohea,siooh,6.675333247024196,3022,0.1,0,s,100137,200061,siooh,1.0,1.0,0.0,1.0,1.0,1.0,1.0,1.0,/home/ekim339/projects/SD3.5/experiments/glyph_encoder_per_char/results/inputs/0019_17709.png,/home/ekim339/projects/SD3.5/experiments/glyph_encoder_per_char/results/generated/mask-0p1/char-1/0019.png
481,19,17709.png,bohea,siooh,6.675333247024196,3022,0.1,1,i,100138,200061,siooh,1.0,1.0,0.0,1.0,1.0,1.0,1.0,1.0,/home/ekim339/projects/SD3.5/experiments/glyph_encoder_per_char/results/inputs/0019_17709.png,/home/ekim339/projects/SD3.5/experiments/glyph_encoder_per_char/results/generated/mask-0p1/char-2/0019.png
482,19,17709.png,bohea,siooh,6.675333247024196,3022,0.1,2,o,100139,200061,siooh,1.0,1.0,0.0,1.0,1.0,1.0,1.0,1.0,/home/ekim339/projects/SD3.5/experiments/glyph_encoder_per_char/results/inputs/0019_17709.png,/home/ekim339/projects/SD3.5/experiments/glyph_encoder_per_char/results/generated/mask-0p1/char-3/0019.png
483,19,17709.png,bohea,siooh,6.675333247024196,3022,0.1,3,o,100140,200061,siooh,1.0,1.0,0.0,1.0,1.0,1.0,1.0,1.0,/home/ekim339/projects/SD3.5/experiments/glyph_encoder_per_char/results/inputs/0019_17709.png,/home/ekim339/projects/SD3.5/experiments/glyph_encoder_per_char/results/generated/mask-0p1/char-4/0019.png
484,19,17709.png,bohea,siooh,6.675333247024196,3022,0.1,4,h,100141,200061,siooh,1.0,1.0,0.0,1.0,1.0,1.0,1.0,1.0,/home/ekim339/projects/SD3.5/experiments/glyph_encoder_per_char/results/inputs/0019_17709.png,/home/ekim339/projects/SD3.5/experiments/glyph_encoder_per_char/results/generated/mask-0p1/char-5/0019.png
485,19,17709.png,bohea,siooh,6.675333247024196,3022,0.3,0,s,100137,200061,siooh,1.0,1.0,0.0,1.0,1.0,1.0,1.0,1.0,/home/ekim339/projects/SD3.5/experiments/glyph_encoder_per_char/results/inputs/0019_17709.png,/home/ekim339/projects/SD3.5/experiments/glyph_encoder_per_char/results/generated/mask-0p3/char-1/0019.png
486,19,17709.png,bohea,siooh,6.675333247024196,3022,0.3,1,i,100138,200061,siooh,1.0,1.0,0.0,1.0,1.0,1.0,1.0,1.0,/home/ekim339/projects/SD3.5/experiments/glyph_encoder_per_char/results/inputs/0019_17709.png,/home/ekim339/projects/SD3.5/experiments/glyph_encoder_per_char/results/generated/mask-0p3/char-2/0019.png
487,19,17709.png,bohea,siooh,6.675333247024196,3022,0.3,2,o,100139,200061,siooh,1.0,1.0,0.0,1.0,1.0,1.0,1.0,1.0,/home/ekim339/projects/SD3.5/experiments/glyph_encoder_per_char/results/inputs/0019_17709.png,/home/ekim339/projects/SD3.5/experiments/glyph_encoder_per_char/results/generated/mask-0p3/char-3/0019.png
488,19,17709.png,bohea,siooh,6.675333247024196,3022,0.3,3,o,100140,200061,siooh,1.0,1.0,0.0,1.0,1.0,1.0,1.0,1.0,/home/ekim339/projects/SD3.5/experiments/glyph_encoder_per_char/results/inputs/0019_17709.png,/home/ekim339/projects/SD3.5/experiments/glyph_encoder_per_char/results/generated/mask-0p3/char-4/0019.png
489,19,17709.png,bohea,siooh,6.675333247024196,3022,0.3,4,h,100141,200061,siooh,1.0,1.0,0.0,1.0,1.0,1.0,1.0,1.0,/home/ekim339/projects/SD3.5/experiments/glyph_encoder_per_char/results/inputs/0019_17709.png,/home/ekim339/projects/SD3.5/experiments/glyph_encoder_per_char/results/generated/mask-0p3/char-5/0019.png
490,19,17709.png,bohea,siooh,6.675333247024196,3022,0.5,0,s,100137,200061,siooh,1.0,1.0,0.0,1.0,1.0,1.0,1.0,1.0,/home/ekim339/projects/SD3.5/experiments/glyph_encoder_per_char/results/inputs/0019_17709.png,/home/ekim339/projects/SD3.5/experiments/glyph_encoder_per_char/results/generated/mask-0p5/char-1/0019.png
491,19,17709.png,bohea,siooh,6.675333247024196,3022,0.5,1,i,100138,200061,sooh,0.0,0.8,0.2,0.0,1.0,1.0,0.0,0.0,/home/ekim339/projects/SD3.5/experiments/glyph_encoder_per_char/results/inputs/0019_17709.png,/home/ekim339/projects/SD3.5/experiments/glyph_encoder_per_char/results/generated/mask-0p5/char-2/0019.png
492,19,17709.png,bohea,siooh,6.675333247024196,3022,0.5,2,o,100139,200061,siooh,1.0,1.0,0.0,1.0,1.0,1.0,1.0,1.0,/home/ekim339/projects/SD3.5/experiments/glyph_encoder_per_char/results/inputs/0019_17709.png,/home/ekim339/projects/SD3.5/experiments/glyph_encoder_per_char/results/generated/mask-0p5/char-3/0019.png
493,19,17709.png,bohea,siooh,6.675333247024196,3022,0.5,3,o,100140,200061,siooh,1.0,1.0,0.0,1.0,1.0,1.0,1.0,1.0,/home/ekim339/projects/SD3.5/experiments/glyph_encoder_per_char/results/inputs/0019_17709.png,/home/ekim339/projects/SD3.5/experiments/glyph_encoder_per_char/results/generated/mask-0p5/char-4/0019.png
494,19,17709.png,bohea,siooh,6.675333247024196,3022,0.5,4,h,100141,200061,siooo,0.0,0.8,0.2,0.0,1.0,1.0,1.0,1.0,/home/ekim339/projects/SD3.5/experiments/glyph_encoder_per_char/results/inputs/0019_17709.png,/home/ekim339/projects/SD3.5/experiments/glyph_encoder_per_char/results/generated/mask-0p5/char-5/0019.png
495,19,17709.png,bohea,siooh,6.675333247024196,3022,0.7,0,s,100137,200061,siooh,1.0,1.0,0.0,1.0,1.0,1.0,1.0,1.0,/home/ekim339/projects/SD3.5/experiments/glyph_encoder_per_char/results/inputs/0019_17709.png,/home/ekim339/projects/SD3.5/experiments/glyph_encoder_per_char/results/generated/mask-0p7/char-1/0019.png
496,19,17709.png,bohea,siooh,6.675333247024196,3022,0.7,1,i,100138,200061,slooh,0.0,0.8,0.2,0.0,1.0,1.0,1.0,1.0,/home/ekim339/projects/SD3.5/experiments/glyph_encoder_per_char/results/inputs/0019_17709.png,/home/ekim339/projects/SD3.5/experiments/glyph_encoder_per_char/results/generated/mask-0p7/char-2/0019.png
497,19,17709.png,bohea,siooh,6.675333247024196,3022,0.7,2,o,100139,200061,siooh,1.0,1.0,0.0,1.0,1.0,1.0,1.0,1.0,/home/ekim339/projects/SD3.5/experiments/glyph_encoder_per_char/results/inputs/0019_17709.png,/home/ekim339/projects/SD3.5/experiments/glyph_encoder_per_char/results/generated/mask-0p7/char-3/0019.png
498,19,17709.png,bohea,siooh,6.675333247024196,3022,0.7,3,o,100140,200061,siooh,1.0,1.0,0.0,1.0,1.0,1.0,1.0,1.0,/home/ekim339/projects/SD3.5/experiments/glyph_encoder_per_char/results/inputs/0019_17709.png,/home/ekim339/projects/SD3.5/experiments/glyph_encoder_per_char/results/generated/mask-0p7/char-4/0019.png
499,19,17709.png,bohea,siooh,6.675333247024196,3022,0.7,4,h,100141,200061,siooo,0.0,0.8,0.2,0.0,1.0,1.0,1.0,1.0,/home/ekim339/projects/SD3.5/experiments/glyph_encoder_per_char/results/inputs/0019_17709.png,/home/ekim339/projects/SD3.5/experiments/glyph_encoder_per_char/results/generated/mask-0p7/char-5/0019.png
500,20,12545.png,froth,xtn0p,11.401383145153838,3023,0.0,0,x,100142,200062,xtnop,0.0,0.8,0.2,1.0,1.0,1.0,0.0,1.0,/home/ekim339/projects/SD3.5/experiments/glyph_encoder_per_char/results/inputs/0020_12545.png,/home/ekim339/projects/SD3.5/experiments/glyph_encoder_per_char/results/generated/mask-0p0/char-1/0020.png
501,20,12545.png,froth,xtn0p,11.401383145153838,3023,0.0,1,t,100143,200062,xtnop,0.0,0.8,0.2,1.0,1.0,1.0,0.0,1.0,/home/ekim339/projects/SD3.5/experiments/glyph_encoder_per_char/results/inputs/0020_12545.png,/home/ekim339/projects/SD3.5/experiments/glyph_encoder_per_char/results/generated/mask-0p0/char-2/0020.png
502,20,12545.png,froth,xtn0p,11.401383145153838,3023,0.0,2,n,100144,200062,xtnop,0.0,0.8,0.2,1.0,1.0,1.0,0.0,1.0,/home/ekim339/projects/SD3.5/experiments/glyph_encoder_per_char/results/inputs/0020_12545.png,/home/ekim339/projects/SD3.5/experiments/glyph_encoder_per_char/results/generated/mask-0p0/char-3/0020.png
503,20,12545.png,froth,xtn0p,11.401383145153838,3023,0.0,3,0,100145,200062,xtnop,0.0,0.8,0.2,0.0,1.0,1.0,1.0,1.0,/home/ekim339/projects/SD3.5/experiments/glyph_encoder_per_char/results/inputs/0020_12545.png,/home/ekim339/projects/SD3.5/experiments/glyph_encoder_per_char/results/generated/mask-0p0/char-4/0020.png
504,20,12545.png,froth,xtn0p,11.401383145153838,3023,0.0,4,p,100146,200062,xtnop,0.0,0.8,0.2,1.0,1.0,1.0,1.0,0.0,/home/ekim339/projects/SD3.5/experiments/glyph_encoder_per_char/results/inputs/0020_12545.png,/home/ekim339/projects/SD3.5/experiments/glyph_encoder_per_char/results/generated/mask-0p0/char-5/0020.png
505,20,12545.png,froth,xtn0p,11.401383145153838,3023,0.1,0,x,100142,200062,xtnop,0.0,0.8,0.2,1.0,1.0,1.0,0.0,1.0,/home/ekim339/projects/SD3.5/experiments/glyph_encoder_per_char/results/inputs/0020_12545.png,/home/ekim339/projects/SD3.5/experiments/glyph_encoder_per_char/results/generated/mask-0p1/char-1/0020.png
506,20,12545.png,froth,xtn0p,11.401383145153838,3023,0.1,1,t,100143,200062,xtnop,0.0,0.8,0.2,1.0,1.0,1.0,0.0,1.0,/home/ekim339/projects/SD3.5/experiments/glyph_encoder_per_char/results/inputs/0020_12545.png,/home/ekim339/projects/SD3.5/experiments/glyph_encoder_per_char/results/generated/mask-0p1/char-2/0020.png
507,20,12545.png,froth,xtn0p,11.401383145153838,3023,0.1,2,n,100144,200062,xtnop,0.0,0.8,0.2,1.0,1.0,1.0,0.0,1.0,/home/ekim339/projects/SD3.5/experiments/glyph_encoder_per_char/results/inputs/0020_12545.png,/home/ekim339/projects/SD3.5/experiments/glyph_encoder_per_char/results/generated/mask-0p1/char-3/0020.png
508,20,12545.png,froth,xtn0p,11.401383145153838,3023,0.1,3,0,100145,200062,xtnop,0.0,0.8,0.2,0.0,1.0,1.0,1.0,1.0,/home/ekim339/projects/SD3.5/experiments/glyph_encoder_per_char/results/inputs/0020_12545.png,/home/ekim339/projects/SD3.5/experiments/glyph_encoder_per_char/results/generated/mask-0p1/char-4/0020.png
509,20,12545.png,froth,xtn0p,11.401383145153838,3023,0.1,4,p,100146,200062,xtnop,0.0,0.8,0.2,1.0,1.0,1.0,1.0,0.0,/home/ekim339/projects/SD3.5/experiments/glyph_encoder_per_char/results/inputs/0020_12545.png,/home/ekim339/projects/SD3.5/experiments/glyph_encoder_per_char/results/generated/mask-0p1/char-5/0020.png
510,20,12545.png,froth,xtn0p,11.401383145153838,3023,0.3,0,x,100142,200062,xtnop,0.0,0.8,0.2,1.0,1.0,1.0,0.0,1.0,/home/ekim339/projects/SD3.5/experiments/glyph_encoder_per_char/results/inputs/0020_12545.png,/home/ekim339/projects/SD3.5/experiments/glyph_encoder_per_char/results/generated/mask-0p3/char-1/0020.png
511,20,12545.png,froth,xtn0p,11.401383145153838,3023,0.3,1,t,100143,200062,xtnop,0.0,0.8,0.2,1.0,1.0,1.0,0.0,1.0,/home/ekim339/projects/SD3.5/experiments/glyph_encoder_per_char/results/inputs/0020_12545.png,/home/ekim339/projects/SD3.5/experiments/glyph_encoder_per_char/results/generated/mask-0p3/char-2/0020.png
512,20,12545.png,froth,xtn0p,11.401383145153838,3023,0.3,2,n,100144,200062,xtnop,0.0,0.8,0.2,1.0,1.0,1.0,0.0,1.0,/home/ekim339/projects/SD3.5/experiments/glyph_encoder_per_char/results/inputs/0020_12545.png,/home/ekim339/projects/SD3.5/experiments/glyph_encoder_per_char/results/generated/mask-0p3/char-3/0020.png
513,20,12545.png,froth,xtn0p,11.401383145153838,3023,0.3,3,0,100145,200062,xtnpp,0.0,0.8,0.2,0.0,1.0,1.0,1.0,1.0,/home/ekim339/projects/SD3.5/experiments/glyph_encoder_per_char/results/inputs/0020_12545.png,/home/ekim339/projects/SD3.5/experiments/glyph_encoder_per_char/results/generated/mask-0p3/char-4/0020.png
514,20,12545.png,froth,xtn0p,11.401383145153838,3023,0.3,4,p,100146,200062,xtnop,0.0,0.8,0.2,1.0,1.0,1.0,1.0,0.0,/home/ekim339/projects/SD3.5/experiments/glyph_encoder_per_char/results/inputs/0020_12545.png,/home/ekim339/projects/SD3.5/experiments/glyph_encoder_per_char/results/generated/mask-0p3/char-5/0020.png
515,20,12545.png,froth,xtn0p,11.401383145153838,3023,0.5,0,x,100142,200062,rtnop,0.0,0.6,0.4,0.0,1.0,1.0,0.0,1.0,/home/ekim339/projects/SD3.5/experiments/glyph_encoder_per_char/results/inputs/0020_12545.png,/home/ekim339/projects/SD3.5/experiments/glyph_encoder_per_char/results/generated/mask-0p5/char-1/0020.png
516,20,12545.png,froth,xtn0p,11.401383145153838,3023,0.5,1,t,100143,200062,xrnop,0.0,0.6,0.4,0.0,1.0,1.0,0.0,1.0,/home/ekim339/projects/SD3.5/experiments/glyph_encoder_per_char/results/inputs/0020_12545.png,/home/ekim339/projects/SD3.5/experiments/glyph_encoder_per_char/results/generated/mask-0p5/char-2/0020.png
517,20,12545.png,froth,xtn0p,11.401383145153838,3023,0.5,2,n,100144,200062,xtoop,0.0,0.6,0.4,0.0,1.0,1.0,0.0,1.0,/home/ekim339/projects/SD3.5/experiments/glyph_encoder_per_char/results/inputs/0020_12545.png,/home/ekim339/projects/SD3.5/experiments/glyph_encoder_per_char/results/generated/mask-0p5/char-3/0020.png
518,20,12545.png,froth,xtn0p,11.401383145153838,3023,0.5,3,0,100145,200062,xtrnp,0.0,0.6,0.4,0.0,1.0,1.0,0.0,1.0,/home/ekim339/projects/SD3.5/experiments/glyph_encoder_per_char/results/inputs/0020_12545.png,/home/ekim339/projects/SD3.5/experiments/glyph_encoder_per_char/results/generated/mask-0p5/char-4/0020.png
519,20,12545.png,froth,xtn0p,11.401383145153838,3023,0.5,4,p,100146,200062,xtnop,0.0,0.8,0.2,1.0,1.0,1.0,1.0,0.0,/home/ekim339/projects/SD3.5/experiments/glyph_encoder_per_char/results/inputs/0020_12545.png,/home/ekim339/projects/SD3.5/experiments/glyph_encoder_per_char/results/generated/mask-0p5/char-5/0020.png
520,20,12545.png,froth,xtn0p,11.401383145153838,3023,0.7,0,x,100142,200062,rtnop,0.0,0.6,0.4,0.0,1.0,1.0,0.0,1.0,/home/ekim339/projects/SD3.5/experiments/glyph_encoder_per_char/results/inputs/0020_12545.png,/home/ekim339/projects/SD3.5/experiments/glyph_encoder_per_char/results/generated/mask-0p7/char-1/0020.png
521,20,12545.png,froth,xtn0p,11.401383145153838,3023,0.7,1,t,100143,200062,xrnop,0.0,0.6,0.4,0.0,1.0,1.0,0.0,1.0,/home/ekim339/projects/SD3.5/experiments/glyph_encoder_per_char/results/inputs/0020_12545.png,/home/ekim339/projects/SD3.5/experiments/glyph_encoder_per_char/results/generated/mask-0p7/char-2/0020.png
522,20,12545.png,froth,xtn0p,11.401383145153838,3023,0.7,2,n,100144,200062,xtclop,0.0,0.5,0.6,0.0,1.0,1.0,0.0,0.0,/home/ekim339/projects/SD3.5/experiments/glyph_encoder_per_char/results/inputs/0020_12545.png,/home/ekim339/projects/SD3.5/experiments/glyph_encoder_per_char/results/generated/mask-0p7/char-3/0020.png
523,20,12545.png,froth,xtn0p,11.401383145153838,3023,0.7,3,0,100145,200062,xtrnp,0.0,0.6,0.4,0.0,1.0,1.0,0.0,1.0,/home/ekim339/projects/SD3.5/experiments/glyph_encoder_per_char/results/inputs/0020_12545.png,/home/ekim339/projects/SD3.5/experiments/glyph_encoder_per_char/results/generated/mask-0p7/char-4/0020.png
524,20,12545.png,froth,xtn0p,11.401383145153838,3023,0.7,4,p,100146,200062,xtnop,0.0,0.8,0.2,1.0,1.0,1.0,1.0,0.0,/home/ekim339/projects/SD3.5/experiments/glyph_encoder_per_char/results/inputs/0020_12545.png,/home/ekim339/projects/SD3.5/experiments/glyph_encoder_per_char/results/generated/mask-0p7/char-5/0020.png
525,21,42061.png,Multi,lkzp4,2.1044606276187987,3024,0.0,0,l,100147,200063,lkzpz,0.0,0.8,0.2,1.0,1.0,1.0,1.0,0.0,/home/ekim339/projects/SD3.5/experiments/glyph_encoder_per_char/results/inputs/0021_42061.png,/home/ekim339/projects/SD3.5/experiments/glyph_encoder_per_char/results/generated/mask-0p0/char-1/0021.png
526,21,42061.png,Multi,lkzp4,2.1044606276187987,3024,0.0,1,k,100148,200063,lkzpz,0.0,0.8,0.2,1.0,1.0,1.0,1.0,0.0,/home/ekim339/projects/SD3.5/experiments/glyph_encoder_per_char/results/inputs/0021_42061.png,/home/ekim339/projects/SD3.5/experiments/glyph_encoder_per_char/results/generated/mask-0p0/char-2/0021.png
527,21,42061.png,Multi,lkzp4,2.1044606276187987,3024,0.0,2,z,100149,200063,lkzpz,0.0,0.8,0.2,1.0,1.0,1.0,1.0,0.0,/home/ekim339/projects/SD3.5/experiments/glyph_encoder_per_char/results/inputs/0021_42061.png,/home/ekim339/projects/SD3.5/experiments/glyph_encoder_per_char/results/generated/mask-0p0/char-3/0021.png
528,21,42061.png,Multi,lkzp4,2.1044606276187987,3024,0.0,3,p,100150,200063,lkzpz,0.0,0.8,0.2,1.0,1.0,1.0,1.0,0.0,/home/ekim339/projects/SD3.5/experiments/glyph_encoder_per_char/results/inputs/0021_42061.png,/home/ekim339/projects/SD3.5/experiments/glyph_encoder_per_char/results/generated/mask-0p0/char-4/0021.png
529,21,42061.png,Multi,lkzp4,2.1044606276187987,3024,0.0,4,4,100151,200063,lkzpz,0.0,0.8,0.2,0.0,1.0,1.0,1.0,1.0,/home/ekim339/projects/SD3.5/experiments/glyph_encoder_per_char/results/inputs/0021_42061.png,/home/ekim339/projects/SD3.5/experiments/glyph_encoder_per_char/results/generated/mask-0p0/char-5/0021.png
530,21,42061.png,Multi,lkzp4,2.1044606276187987,3024,0.1,0,l,100147,200063,lkzpz,0.0,0.8,0.2,1.0,1.0,1.0,1.0,0.0,/home/ekim339/projects/SD3.5/experiments/glyph_encoder_per_char/results/inputs/0021_42061.png,/home/ekim339/projects/SD3.5/experiments/glyph_encoder_per_char/results/generated/mask-0p1/char-1/0021.png
531,21,42061.png,Multi,lkzp4,2.1044606276187987,3024,0.1,1,k,100148,200063,lkzpz,0.0,0.8,0.2,1.0,1.0,1.0,1.0,0.0,/home/ekim339/projects/SD3.5/experiments/glyph_encoder_per_char/results/inputs/0021_42061.png,/home/ekim339/projects/SD3.5/experiments/glyph_encoder_per_char/results/generated/mask-0p1/char-2/0021.png
532,21,42061.png,Multi,lkzp4,2.1044606276187987,3024,0.1,2,z,100149,200063,lkzpz,0.0,0.8,0.2,1.0,1.0,1.0,1.0,0.0,/home/ekim339/projects/SD3.5/experiments/glyph_encoder_per_char/results/inputs/0021_42061.png,/home/ekim339/projects/SD3.5/experiments/glyph_encoder_per_char/results/generated/mask-0p1/char-3/0021.png
533,21,42061.png,Multi,lkzp4,2.1044606276187987,3024,0.1,3,p,100150,200063,lkzpz,0.0,0.8,0.2,1.0,1.0,1.0,1.0,0.0,/home/ekim339/projects/SD3.5/experiments/glyph_encoder_per_char/results/inputs/0021_42061.png,/home/ekim339/projects/SD3.5/experiments/glyph_encoder_per_char/results/generated/mask-0p1/char-4/0021.png
534,21,42061.png,Multi,lkzp4,2.1044606276187987,3024,0.1,4,4,100151,200063,lkzpr,0.0,0.8,0.2,0.0,1.0,1.0,1.0,1.0,/home/ekim339/projects/SD3.5/experiments/glyph_encoder_per_char/results/inputs/0021_42061.png,/home/ekim339/projects/SD3.5/experiments/glyph_encoder_per_char/results/generated/mask-0p1/char-5/0021.png
535,21,42061.png,Multi,lkzp4,2.1044606276187987,3024,0.3,0,l,100147,200063,lkzpz,0.0,0.8,0.2,1.0,1.0,1.0,1.0,0.0,/home/ekim339/projects/SD3.5/experiments/glyph_encoder_per_char/results/inputs/0021_42061.png,/home/ekim339/projects/SD3.5/experiments/glyph_encoder_per_char/results/generated/mask-0p3/char-1/0021.png
536,21,42061.png,Multi,lkzp4,2.1044606276187987,3024,0.3,1,k,100148,200063,lkzpr,0.0,0.8,0.2,1.0,1.0,1.0,1.0,0.0,/home/ekim339/projects/SD3.5/experiments/glyph_encoder_per_char/results/inputs/0021_42061.png,/home/ekim339/projects/SD3.5/experiments/glyph_encoder_per_char/results/generated/mask-0p3/char-2/0021.png
537,21,42061.png,Multi,lkzp4,2.1044606276187987,3024,0.3,2,z,100149,200063,ikkppz,0.0,0.33333333333333337,0.8,0.0,0.0,1.0,1.0,0.0,/home/ekim339/projects/SD3.5/experiments/glyph_encoder_per_char/results/inputs/0021_42061.png,/home/ekim339/projects/SD3.5/experiments/glyph_encoder_per_char/results/generated/mask-0p3/char-3/0021.png
538,21,42061.png,Multi,lkzp4,2.1044606276187987,3024,0.3,3,p,100150,200063,ikzzz,0.0,0.4,0.6,0.0,0.0,1.0,1.0,0.0,/home/ekim339/projects/SD3.5/experiments/glyph_encoder_per_char/results/inputs/0021_42061.png,/home/ekim339/projects/SD3.5/experiments/glyph_encoder_per_char/results/generated/mask-0p3/char-4/0021.png
539,21,42061.png,Multi,lkzp4,2.1044606276187987,3024,0.3,4,4,100151,200063,lkzpr,0.0,0.8,0.2,0.0,1.0,1.0,1.0,1.0,/home/ekim339/projects/SD3.5/experiments/glyph_encoder_per_char/results/inputs/0021_42061.png,/home/ekim339/projects/SD3.5/experiments/glyph_encoder_per_char/results/generated/mask-0p3/char-5/0021.png
540,21,42061.png,Multi,lkzp4,2.1044606276187987,3024,0.5,0,l,100147,200063,kizpr,0.0,0.4,0.6,0.0,0.0,1.0,1.0,0.0,/home/ekim339/projects/SD3.5/experiments/glyph_encoder_per_char/results/inputs/0021_42061.png,/home/ekim339/projects/SD3.5/experiments/glyph_encoder_per_char/results/generated/mask-0p5/char-1/0021.png
541,21,42061.png,Multi,lkzp4,2.1044606276187987,3024,0.5,1,k,100148,200063,lzzpr,0.0,0.6,0.4,0.0,1.0,1.0,1.0,0.0,/home/ekim339/projects/SD3.5/experiments/glyph_encoder_per_char/results/inputs/0021_42061.png,/home/ekim339/projects/SD3.5/experiments/glyph_encoder_per_char/results/generated/mask-0p5/char-2/0021.png
542,21,42061.png,Multi,lkzp4,2.1044606276187987,3024,0.5,2,z,100149,200063,ikkuz,0.0,0.19999999999999996,0.8,0.0,0.0,1.0,0.0,0.0,/home/ekim339/projects/SD3.5/experiments/glyph_encoder_per_char/results/inputs/0021_42061.png,/home/ekim339/projects/SD3.5/experiments/glyph_encoder_per_char/results/generated/mask-0p5/char-3/0021.png
543,21,42061.png,Multi,lkzp4,2.1044606276187987,3024,0.5,3,p,100150,200063,ikzzz,0.0,0.4,0.6,0.0,0.0,1.0,1.0,0.0,/home/ekim339/projects/SD3.5/experiments/glyph_encoder_per_char/results/inputs/0021_42061.png,/home/ekim339/projects/SD3.5/experiments/glyph_encoder_per_char/results/generated/mask-0p5/char-4/0021.png
544,21,42061.png,Multi,lkzp4,2.1044606276187987,3024,0.5,4,4,100151,200063,ikzpp,0.0,0.6,0.4,0.0,0.0,1.0,1.0,1.0,/home/ekim339/projects/SD3.5/experiments/glyph_encoder_per_char/results/inputs/0021_42061.png,/home/ekim339/projects/SD3.5/experiments/glyph_encoder_per_char/results/generated/mask-0p5/char-5/0021.png
545,21,42061.png,Multi,lkzp4,2.1044606276187987,3024,0.7,0,l,100147,200063,k1zpr,0.0,0.4,0.6,0.0,0.0,1.0,1.0,0.0,/home/ekim339/projects/SD3.5/experiments/glyph_encoder_per_char/results/inputs/0021_42061.png,/home/ekim339/projects/SD3.5/experiments/glyph_encoder_per_char/results/generated/mask-0p7/char-1/0021.png
546,21,42061.png,Multi,lkzp4,2.1044606276187987,3024,0.7,1,k,100148,200063,lzzpr,0.0,0.6,0.4,0.0,1.0,1.0,1.0,0.0,/home/ekim339/projects/SD3.5/experiments/glyph_encoder_per_char/results/inputs/0021_42061.png,/home/ekim339/projects/SD3.5/experiments/glyph_encoder_per_char/results/generated/mask-0p7/char-2/0021.png
547,21,42061.png,Multi,lkzp4,2.1044606276187987,3024,0.7,2,z,100149,200063,lkkpz,0.0,0.6,0.4,0.0,1.0,1.0,1.0,0.0,/home/ekim339/projects/SD3.5/experiments/glyph_encoder_per_char/results/inputs/0021_42061.png,/home/ekim339/projects/SD3.5/experiments/glyph_encoder_per_char/results/generated/mask-0p7/char-3/0021.png
548,21,42061.png,Multi,lkzp4,2.1044606276187987,3024,0.7,3,p,100150,200063,ikzzz,0.0,0.4,0.6,0.0,0.0,1.0,1.0,0.0,/home/ekim339/projects/SD3.5/experiments/glyph_encoder_per_char/results/inputs/0021_42061.png,/home/ekim339/projects/SD3.5/experiments/glyph_encoder_per_char/results/generated/mask-0p7/char-4/0021.png
549,21,42061.png,Multi,lkzp4,2.1044606276187987,3024,0.7,4,4,100151,200063,ikzpp,0.0,0.6,0.4,0.0,0.0,1.0,1.0,1.0,/home/ekim339/projects/SD3.5/experiments/glyph_encoder_per_char/results/inputs/0021_42061.png,/home/ekim339/projects/SD3.5/experiments/glyph_encoder_per_char/results/generated/mask-0p7/char-5/0021.png
550,22,28364.png,Witty,p3wjx,9.39050488077302,3025,0.0,0,p,100152,200064,pswij,0.0,0.4,0.6,1.0,0.0,1.0,0.0,0.0,/home/ekim339/projects/SD3.5/experiments/glyph_encoder_per_char/results/inputs/0022_28364.png,/home/ekim339/projects/SD3.5/experiments/glyph_encoder_per_char/results/generated/mask-0p0/char-1/0022.png
551,22,28364.png,Witty,p3wjx,9.39050488077302,3025,0.0,1,3,100153,200064,pswij,0.0,0.4,0.6,0.0,1.0,1.0,0.0,0.0,/home/ekim339/projects/SD3.5/experiments/glyph_encoder_per_char/results/inputs/0022_28364.png,/home/ekim339/projects/SD3.5/experiments/glyph_encoder_per_char/results/generated/mask-0p0/char-2/0022.png
552,22,28364.png,Witty,p3wjx,9.39050488077302,3025,0.0,2,w,100154,200064,pswij,0.0,0.4,0.6,1.0,1.0,0.0,0.0,0.0,/home/ekim339/projects/SD3.5/experiments/glyph_encoder_per_char/results/inputs/0022_28364.png,/home/ekim339/projects/SD3.5/experiments/glyph_encoder_per_char/results/generated/mask-0p0/char-3/0022.png
553,22,28364.png,Witty,p3wjx,9.39050488077302,3025,0.0,3,j,100155,200064,pswij,0.0,0.4,0.6,0.0,1.0,0.0,1.0,0.0,/home/ekim339/projects/SD3.5/experiments/glyph_encoder_per_char/results/inputs/0022_28364.png,/home/ekim339/projects/SD3.5/experiments/glyph_encoder_per_char/results/generated/mask-0p0/char-4/0022.png
554,22,28364.png,Witty,p3wjx,9.39050488077302,3025,0.0,4,x,100156,200064,pswij,0.0,0.4,0.6,0.0,1.0,0.0,1.0,0.0,/home/ekim339/projects/SD3.5/experiments/glyph_encoder_per_char/results/inputs/0022_28364.png,/home/ekim339/projects/SD3.5/experiments/glyph_encoder_per_char/results/generated/mask-0p0/char-5/0022.png
555,22,28364.png,Witty,p3wjx,9.39050488077302,3025,0.1,0,p,100152,200064,pswjj,0.0,0.6,0.4,1.0,0.0,1.0,1.0,0.0,/home/ekim339/projects/SD3.5/experiments/glyph_encoder_per_char/results/inputs/0022_28364.png,/home/ekim339/projects/SD3.5/experiments/glyph_encoder_per_char/results/generated/mask-0p1/char-1/0022.png
556,22,28364.png,Witty,p3wjx,9.39050488077302,3025,0.1,1,3,100153,200064,pawif,0.0,0.4,0.6,0.0,1.0,1.0,0.0,0.0,/home/ekim339/projects/SD3.5/experiments/glyph_encoder_per_char/results/inputs/0022_28364.png,/home/ekim339/projects/SD3.5/experiments/glyph_encoder_per_char/results/generated/mask-0p1/char-2/0022.png
557,22,28364.png,Witty,p3wjx,9.39050488077302,3025,0.1,2,w,100154,200064,pswig,0.0,0.4,0.6,1.0,1.0,0.0,0.0,0.0,/home/ekim339/projects/SD3.5/experiments/glyph_encoder_per_char/results/inputs/0022_28364.png,/home/ekim339/projects/SD3.5/experiments/glyph_encoder_per_char/results/generated/mask-0p1/char-3/0022.png
558,22,28364.png,Witty,p3wjx,9.39050488077302,3025,0.1,3,j,100155,200064,psuvig,0.0,0.16666666666666663,1.0,0.0,1.0,0.0,0.0,0.0,/home/ekim339/projects/SD3.5/experiments/glyph_encoder_per_char/results/inputs/0022_28364.png,/home/ekim339/projects/SD3.5/experiments/glyph_encoder_per_char/results/generated/mask-0p1/char-4/0022.png
559,22,28364.png,Witty,p3wjx,9.39050488077302,3025,0.1,4,x,100156,200064,piwiif,0.0,0.33333333333333337,0.8,0.0,1.0,0.0,1.0,0.0,/home/ekim339/projects/SD3.5/experiments/glyph_encoder_per_char/results/inputs/0022_28364.png,/home/ekim339/projects/SD3.5/experiments/glyph_encoder_per_char/results/generated/mask-0p1/char-5/0022.png
560,22,28364.png,Witty,p3wjx,9.39050488077302,3025,0.3,0,p,100152,200064,pswj,0.0,0.6,0.4,1.0,0.0,1.0,1.0,0.0,/home/ekim339/projects/SD3.5/experiments/glyph_encoder_per_char/results/inputs/0022_28364.png,/home/ekim339/projects/SD3.5/experiments/glyph_encoder_per_char/results/generated/mask-0p3/char-1/0022.png
561,22,28364.png,Witty,p3wjx,9.39050488077302,3025,0.3,1,3,100153,200064,puavin,0.0,0.16666666666666663,1.0,0.0,1.0,0.0,0.0,0.0,/home/ekim339/projects/SD3.5/experiments/glyph_encoder_per_char/results/inputs/0022_28364.png,/home/ekim339/projects/SD3.5/experiments/glyph_encoder_per_char/results/generated/mask-0p3/char-2/0022.png
562,22,28364.png,Witty,p3wjx,9.39050488077302,3025,0.3,2,w,100154,200064,pswin,0.0,0.4,0.6,1.0,1.0,0.0,0.0,0.0,/home/ekim339/projects/SD3.5/experiments/glyph_encoder_per_char/results/inputs/0022_28364.png,/home/ekim339/projects/SD3.5/experiments/glyph_encoder_per_char/results/generated/mask-0p3/char-3/0022.png
563,22,28364.png,Witty,p3wjx,9.39050488077302,3025,0.3,3,j,100155,200064,pswx,0.0,0.6,0.4,0.0,1.0,0.0,1.0,0.0,/home/ekim339/projects/SD3.5/experiments/glyph_encoder_per_char/results/inputs/0022_28364.png,/home/ekim339/projects/SD3.5/experiments/glyph_encoder_per_char/results/generated/mask-0p3/char-4/0022.png
564,22,28364.png,Witty,p3wjx,9.39050488077302,3025,0.3,4,x,100156,200064,pswjj,0.0,0.6,0.4,0.0,1.0,0.0,1.0,1.0,/home/ekim339/projects/SD3.5/experiments/glyph_encoder_per_char/results/inputs/0022_28364.png,/home/ekim339/projects/SD3.5/experiments/glyph_encoder_per_char/results/generated/mask-0p3/char-5/0022.png
565,22,28364.png,Witty,p3wjx,9.39050488077302,3025,0.5,0,p,100152,200064,pswjj,0.0,0.6,0.4,1.0,0.0,1.0,1.0,0.0,/home/ekim339/projects/SD3.5/experiments/glyph_encoder_per_char/results/inputs/0022_28364.png,/home/ekim339/projects/SD3.5/experiments/glyph_encoder_per_char/results/generated/mask-0p5/char-1/0022.png
566,22,28364.png,Witty,p3wjx,9.39050488077302,3025,0.5,1,3,100153,200064,puavin,0.0,0.16666666666666663,1.0,0.0,1.0,0.0,0.0,0.0,/home/ekim339/projects/SD3.5/experiments/glyph_encoder_per_char/results/inputs/0022_28364.png,/home/ekim339/projects/SD3.5/experiments/glyph_encoder_per_char/results/generated/mask-0p5/char-2/0022.png
567,22,28364.png,Witty,p3wjx,9.39050488077302,3025,0.5,2,w,100154,200064,psiiy,0.0,0.19999999999999996,0.8,0.0,1.0,0.0,0.0,0.0,/home/ekim339/projects/SD3.5/experiments/glyph_encoder_per_char/results/inputs/0022_28364.png,/home/ekim339/projects/SD3.5/experiments/glyph_encoder_per_char/results/generated/mask-0p5/char-3/0022.png
568,22,28364.png,Witty,p3wjx,9.39050488077302,3025,0.5,3,j,100155,200064,pswx,0.0,0.6,0.4,0.0,1.0,0.0,1.0,0.0,/home/ekim339/projects/SD3.5/experiments/glyph_encoder_per_char/results/inputs/0022_28364.png,/home/ekim339/projects/SD3.5/experiments/glyph_encoder_per_char/results/generated/mask-0p5/char-4/0022.png
569,22,28364.png,Witty,p3wjx,9.39050488077302,3025,0.5,4,x,100156,200064,pswj,0.0,0.6,0.4,0.0,1.0,0.0,1.0,1.0,/home/ekim339/projects/SD3.5/experiments/glyph_encoder_per_char/results/inputs/0022_28364.png,/home/ekim339/projects/SD3.5/experiments/glyph_encoder_per_char/results/generated/mask-0p5/char-5/0022.png
570,22,28364.png,Witty,p3wjx,9.39050488077302,3025,0.7,0,p,100152,200064,xswjx,0.0,0.6,0.4,0.0,0.0,1.0,1.0,1.0,/home/ekim339/projects/SD3.5/experiments/glyph_encoder_per_char/results/inputs/0022_28364.png,/home/ekim339/projects/SD3.5/experiments/glyph_encoder_per_char/results/generated/mask-0p7/char-1/0022.png
571,22,28364.png,Witty,p3wjx,9.39050488077302,3025,0.7,1,3,100153,200064,plavin,0.0,0.16666666666666663,1.0,0.0,1.0,0.0,0.0,0.0,/home/ekim339/projects/SD3.5/experiments/glyph_encoder_per_char/results/inputs/0022_28364.png,/home/ekim339/projects/SD3.5/experiments/glyph_encoder_per_char/results/generated/mask-0p7/char-2/0022.png
572,22,28364.png,Witty,p3wjx,9.39050488077302,3025,0.7,2,w,100154,200064,psjiy,0.0,0.19999999999999996,0.8,0.0,1.0,0.0,0.0,0.0,/home/ekim339/projects/SD3.5/experiments/glyph_encoder_per_char/results/inputs/0022_28364.png,/home/ekim339/projects/SD3.5/experiments/glyph_encoder_per_char/results/generated/mask-0p7/char-3/0022.png
573,22,28364.png,Witty,p3wjx,9.39050488077302,3025,0.7,3,j,100155,200064,pswx,0.0,0.6,0.4,0.0,1.0,0.0,1.0,0.0,/home/ekim339/projects/SD3.5/experiments/glyph_encoder_per_char/results/inputs/0022_28364.png,/home/ekim339/projects/SD3.5/experiments/glyph_encoder_per_char/results/generated/mask-0p7/char-4/0022.png
574,22,28364.png,Witty,p3wjx,9.39050488077302,3025,0.7,4,x,100156,200064,pswj,0.0,0.6,0.4,0.0,1.0,0.0,1.0,1.0,/home/ekim339/projects/SD3.5/experiments/glyph_encoder_per_char/results/inputs/0022_28364.png,/home/ekim339/projects/SD3.5/experiments/glyph_encoder_per_char/results/generated/mask-0p7/char-5/0022.png
575,23,10648.png,colic,uoamk,10.610012131397497,3026,0.0,0,u,100157,200065,uoarnk,0.0,0.6666666666666667,0.4,1.0,1.0,1.0,0.0,0.0,/home/ekim339/projects/SD3.5/experiments/glyph_encoder_per_char/results/inputs/0023_10648.png,/home/ekim339/projects/SD3.5/experiments/glyph_encoder_per_char/results/generated/mask-0p0/char-1/0023.png
576,23,10648.png,colic,uoamk,10.610012131397497,3026,0.0,1,o,100158,200065,uoarnk,0.0,0.6666666666666667,0.4,1.0,1.0,1.0,0.0,0.0,/home/ekim339/projects/SD3.5/experiments/glyph_encoder_per_char/results/inputs/0023_10648.png,/home/ekim339/projects/SD3.5/experiments/glyph_encoder_per_char/results/generated/mask-0p0/char-2/0023.png
577,23,10648.png,colic,uoamk,10.610012131397497,3026,0.0,2,a,100159,200065,uoarnk,0.0,0.6666666666666667,0.4,1.0,1.0,1.0,0.0,0.0,/home/ekim339/projects/SD3.5/experiments/glyph_encoder_per_char/results/inputs/0023_10648.png,/home/ekim339/projects/SD3.5/experiments/glyph_encoder_per_char/results/generated/mask-0p0/char-3/0023.png
578,23,10648.png,colic,uoamk,10.610012131397497,3026,0.0,3,m,100160,200065,uoarnk,0.0,0.6666666666666667,0.4,0.0,1.0,1.0,1.0,0.0,/home/ekim339/projects/SD3.5/experiments/glyph_encoder_per_char/results/inputs/0023_10648.png,/home/ekim339/projects/SD3.5/experiments/glyph_encoder_per_char/results/generated/mask-0p0/char-4/0023.png
579,23,10648.png,colic,uoamk,10.610012131397497,3026,0.0,4,k,100161,200065,uoarnk,0.0,0.6666666666666667,0.4,0.0,1.0,1.0,1.0,0.0,/home/ekim339/projects/SD3.5/experiments/glyph_encoder_per_char/results/inputs/0023_10648.png,/home/ekim339/projects/SD3.5/experiments/glyph_encoder_per_char/results/generated/mask-0p0/char-5/0023.png
580,23,10648.png,colic,uoamk,10.610012131397497,3026,0.1,0,u,100157,200065,uoarnk,0.0,0.6666666666666667,0.4,1.0,1.0,1.0,0.0,0.0,/home/ekim339/projects/SD3.5/experiments/glyph_encoder_per_char/results/inputs/0023_10648.png,/home/ekim339/projects/SD3.5/experiments/glyph_encoder_per_char/results/generated/mask-0p1/char-1/0023.png
581,23,10648.png,colic,uoamk,10.610012131397497,3026,0.1,1,o,100158,200065,uoarnk,0.0,0.6666666666666667,0.4,1.0,1.0,1.0,0.0,0.0,/home/ekim339/projects/SD3.5/experiments/glyph_encoder_per_char/results/inputs/0023_10648.png,/home/ekim339/projects/SD3.5/experiments/glyph_encoder_per_char/results/generated/mask-0p1/char-2/0023.png
582,23,10648.png,colic,uoamk,10.610012131397497,3026,0.1,2,a,100159,200065,uoornk,0.0,0.5,0.6,0.0,1.0,1.0,0.0,0.0,/home/ekim339/projects/SD3.5/experiments/glyph_encoder_per_char/results/inputs/0023_10648.png,/home/ekim339/projects/SD3.5/experiments/glyph_encoder_per_char/results/generated/mask-0p1/char-3/0023.png
583,23,10648.png,colic,uoamk,10.610012131397497,3026,0.1,3,m,100160,200065,uoarmk,0.0,0.8333333333333334,0.2,0.0,1.0,1.0,1.0,0.0,/home/ekim339/projects/SD3.5/experiments/glyph_encoder_per_char/results/inputs/0023_10648.png,/home/ekim339/projects/SD3.5/experiments/glyph_encoder_per_char/results/generated/mask-0p1/char-4/0023.png
584,23,10648.png,colic,uoamk,10.610012131397497,3026,0.1,4,k,100161,200065,uoarmk,0.0,0.8333333333333334,0.2,0.0,1.0,1.0,1.0,0.0,/home/ekim339/projects/SD3.5/experiments/glyph_encoder_per_char/results/inputs/0023_10648.png,/home/ekim339/projects/SD3.5/experiments/glyph_encoder_per_char/results/generated/mask-0p1/char-5/0023.png
585,23,10648.png,colic,uoamk,10.610012131397497,3026,0.3,0,u,100157,200065,ooarnk,0.0,0.5,0.6,0.0,1.0,1.0,0.0,0.0,/home/ekim339/projects/SD3.5/experiments/glyph_encoder_per_char/results/inputs/0023_10648.png,/home/ekim339/projects/SD3.5/experiments/glyph_encoder_per_char/results/generated/mask-0p3/char-1/0023.png
586,23,10648.png,colic,uoamk,10.610012131397497,3026,0.3,1,o,100158,200065,uoarnk,0.0,0.6666666666666667,0.4,1.0,1.0,1.0,0.0,0.0,/home/ekim339/projects/SD3.5/experiments/glyph_encoder_per_char/results/inputs/0023_10648.png,/home/ekim339/projects/SD3.5/experiments/glyph_encoder_per_char/results/generated/mask-0p3/char-2/0023.png
587,23,10648.png,colic,uoamk,10.610012131397497,3026,0.3,2,a,100159,200065,uoomnk,0.0,0.6666666666666667,0.4,0.0,1.0,1.0,1.0,0.0,/home/ekim339/projects/SD3.5/experiments/glyph_encoder_per_char/results/inputs/0023_10648.png,/home/ekim339/projects/SD3.5/experiments/glyph_encoder_per_char/results/generated/mask-0p3/char-3/0023.png
588,23,10648.png,colic,uoamk,10.610012131397497,3026,0.3,3,m,100160,200065,uoaak,0.0,0.8,0.2,0.0,1.0,1.0,1.0,1.0,/home/ekim339/projects/SD3.5/experiments/glyph_encoder_per_char/results/inputs/0023_10648.png,/home/ekim339/projects/SD3.5/experiments/glyph_encoder_per_char/results/generated/mask-0p3/char-4/0023.png
589,23,10648.png,colic,uoamk,10.610012131397497,3026,0.3,4,k,100161,200065,uoarn,0.0,0.6,0.4,0.0,1.0,1.0,1.0,0.0,/home/ekim339/projects/SD3.5/experiments/glyph_encoder_per_char/results/inputs/0023_10648.png,/home/ekim339/projects/SD3.5/experiments/glyph_encoder_per_char/results/generated/mask-0p3/char-5/0023.png
590,23,10648.png,colic,uoamk,10.610012131397497,3026,0.5,0,u,100157,200065,coarnk,0.0,0.5,0.6,0.0,1.0,1.0,0.0,0.0,/home/ekim339/projects/SD3.5/experiments/glyph_encoder_per_char/results/inputs/0023_10648.png,/home/ekim339/projects/SD3.5/experiments/glyph_encoder_per_char/results/generated/mask-0p5/char-1/0023.png
591,23,10648.png,colic,uoamk,10.610012131397497,3026,0.5,1,o,100158,200065,uoarnk,0.0,0.6666666666666667,0.4,1.0,1.0,1.0,0.0,0.0,/home/ekim339/projects/SD3.5/experiments/glyph_encoder_per_char/results/inputs/0023_10648.png,/home/ekim339/projects/SD3.5/experiments/glyph_encoder_per_char/results/generated/mask-0p5/char-2/0023.png
592,23,10648.png,colic,uoamk,10.610012131397497,3026,0.5,2,a,100159,200065,uoornk,0.0,0.5,0.6,0.0,1.0,1.0,0.0,0.0,/home/ekim339/projects/SD3.5/experiments/glyph_encoder_per_char/results/inputs/0023_10648.png,/home/ekim339/projects/SD3.5/experiments/glyph_encoder_per_char/results/generated/mask-0p5/char-3/0023.png
593,23,10648.png,colic,uoamk,10.610012131397497,3026,0.5,3,m,100160,200065,uoaak,0.0,0.8,0.2,0.0,1.0,1.0,1.0,1.0,/home/ekim339/projects/SD3.5/experiments/glyph_encoder_per_char/results/inputs/0023_10648.png,/home/ekim339/projects/SD3.5/experiments/glyph_encoder_per_char/results/generated/mask-0p5/char-4/0023.png
594,23,10648.png,colic,uoamk,10.610012131397497,3026,0.5,4,k,100161,200065,uoainm,0.0,0.5,0.6,0.0,1.0,1.0,1.0,0.0,/home/ekim339/projects/SD3.5/experiments/glyph_encoder_per_char/results/inputs/0023_10648.png,/home/ekim339/projects/SD3.5/experiments/glyph_encoder_per_char/results/generated/mask-0p5/char-5/0023.png
595,23,10648.png,colic,uoamk,10.610012131397497,3026,0.7,0,u,100157,200065,coarnk,0.0,0.5,0.6,0.0,1.0,1.0,0.0,0.0,/home/ekim339/projects/SD3.5/experiments/glyph_encoder_per_char/results/inputs/0023_10648.png,/home/ekim339/projects/SD3.5/experiments/glyph_encoder_per_char/results/generated/mask-0p7/char-1/0023.png
596,23,10648.png,colic,uoamk,10.610012131397497,3026,0.7,1,o,100158,200065,uoornk,0.0,0.5,0.6,1.0,1.0,0.0,0.0,0.0,/home/ekim339/projects/SD3.5/experiments/glyph_encoder_per_char/results/inputs/0023_10648.png,/home/ekim339/projects/SD3.5/experiments/glyph_encoder_per_char/results/generated/mask-0p7/char-2/0023.png
597,23,10648.png,colic,uoamk,10.610012131397497,3026,0.7,2,a,100159,200065,uoormk,0.0,0.6666666666666667,0.4,0.0,1.0,1.0,0.0,0.0,/home/ekim339/projects/SD3.5/experiments/glyph_encoder_per_char/results/inputs/0023_10648.png,/home/ekim339/projects/SD3.5/experiments/glyph_encoder_per_char/results/generated/mask-0p7/char-3/0023.png
598,23,10648.png,colic,uoamk,10.610012131397497,3026,0.7,3,m,100160,200065,uoaak,0.0,0.8,0.2,0.0,1.0,1.0,1.0,1.0,/home/ekim339/projects/SD3.5/experiments/glyph_encoder_per_char/results/inputs/0023_10648.png,/home/ekim339/projects/SD3.5/experiments/glyph_encoder_per_char/results/generated/mask-0p7/char-4/0023.png
599,23,10648.png,colic,uoamk,10.610012131397497,3026,0.7,4,k,100161,200065,uoainm,0.0,0.5,0.6,0.0,1.0,1.0,1.0,0.0,/home/ekim339/projects/SD3.5/experiments/glyph_encoder_per_char/results/inputs/0023_10648.png,/home/ekim339/projects/SD3.5/experiments/glyph_encoder_per_char/results/generated/mask-0p7/char-5/0023.png
600,24,41038.png,Idyll,kwawy,2.4501891971464476,3027,0.0,0,k,100162,200066,kwawy,1.0,1.0,0.0,1.0,1.0,1.0,1.0,1.0,/home/ekim339/projects/SD3.5/experiments/glyph_encoder_per_char/results/inputs/0024_41038.png,/home/ekim339/projects/SD3.5/experiments/glyph_encoder_per_char/results/generated/mask-0p0/char-1/0024.png
601,24,41038.png,Idyll,kwawy,2.4501891971464476,3027,0.0,1,w,100163,200066,kwawy,1.0,1.0,0.0,1.0,1.0,1.0,1.0,1.0,/home/ekim339/projects/SD3.5/experiments/glyph_encoder_per_char/results/inputs/0024_41038.png,/home/ekim339/projects/SD3.5/experiments/glyph_encoder_per_char/results/generated/mask-0p0/char-2/0024.png
602,24,41038.png,Idyll,kwawy,2.4501891971464476,3027,0.0,2,a,100164,200066,kwawy,1.0,1.0,0.0,1.0,1.0,1.0,1.0,1.0,/home/ekim339/projects/SD3.5/experiments/glyph_encoder_per_char/results/inputs/0024_41038.png,/home/ekim339/projects/SD3.5/experiments/glyph_encoder_per_char/results/generated/mask-0p0/char-3/0024.png
603,24,41038.png,Idyll,kwawy,2.4501891971464476,3027,0.0,3,w,100165,200066,kwawy,1.0,1.0,0.0,1.0,1.0,1.0,1.0,1.0,/home/ekim339/projects/SD3.5/experiments/glyph_encoder_per_char/results/inputs/0024_41038.png,/home/ekim339/projects/SD3.5/experiments/glyph_encoder_per_char/results/generated/mask-0p0/char-4/0024.png
604,24,41038.png,Idyll,kwawy,2.4501891971464476,3027,0.0,4,y,100166,200066,kwawy,1.0,1.0,0.0,1.0,1.0,1.0,1.0,1.0,/home/ekim339/projects/SD3.5/experiments/glyph_encoder_per_char/results/inputs/0024_41038.png,/home/ekim339/projects/SD3.5/experiments/glyph_encoder_per_char/results/generated/mask-0p0/char-5/0024.png
605,24,41038.png,Idyll,kwawy,2.4501891971464476,3027,0.1,0,k,100162,200066,kwawy,1.0,1.0,0.0,1.0,1.0,1.0,1.0,1.0,/home/ekim339/projects/SD3.5/experiments/glyph_encoder_per_char/results/inputs/0024_41038.png,/home/ekim339/projects/SD3.5/experiments/glyph_encoder_per_char/results/generated/mask-0p1/char-1/0024.png
606,24,41038.png,Idyll,kwawy,2.4501891971464476,3027,0.1,1,w,100163,200066,kwawy,1.0,1.0,0.0,1.0,1.0,1.0,1.0,1.0,/home/ekim339/projects/SD3.5/experiments/glyph_encoder_per_char/results/inputs/0024_41038.png,/home/ekim339/projects/SD3.5/experiments/glyph_encoder_per_char/results/generated/mask-0p1/char-2/0024.png
607,24,41038.png,Idyll,kwawy,2.4501891971464476,3027,0.1,2,a,100164,200066,kwawy,1.0,1.0,0.0,1.0,1.0,1.0,1.0,1.0,/home/ekim339/projects/SD3.5/experiments/glyph_encoder_per_char/results/inputs/0024_41038.png,/home/ekim339/projects/SD3.5/experiments/glyph_encoder_per_char/results/generated/mask-0p1/char-3/0024.png
608,24,41038.png,Idyll,kwawy,2.4501891971464476,3027,0.1,3,w,100165,200066,kwawy,1.0,1.0,0.0,1.0,1.0,1.0,1.0,1.0,/home/ekim339/projects/SD3.5/experiments/glyph_encoder_per_char/results/inputs/0024_41038.png,/home/ekim339/projects/SD3.5/experiments/glyph_encoder_per_char/results/generated/mask-0p1/char-4/0024.png
609,24,41038.png,Idyll,kwawy,2.4501891971464476,3027,0.1,4,y,100166,200066,kwawy,1.0,1.0,0.0,1.0,1.0,1.0,1.0,1.0,/home/ekim339/projects/SD3.5/experiments/glyph_encoder_per_char/results/inputs/0024_41038.png,/home/ekim339/projects/SD3.5/experiments/glyph_encoder_per_char/results/generated/mask-0p1/char-5/0024.png
610,24,41038.png,Idyll,kwawy,2.4501891971464476,3027,0.3,0,k,100162,200066,kwawy,1.0,1.0,0.0,1.0,1.0,1.0,1.0,1.0,/home/ekim339/projects/SD3.5/experiments/glyph_encoder_per_char/results/inputs/0024_41038.png,/home/ekim339/projects/SD3.5/experiments/glyph_encoder_per_char/results/generated/mask-0p3/char-1/0024.png
611,24,41038.png,Idyll,kwawy,2.4501891971464476,3027,0.3,1,w,100163,200066,kkawy,0.0,0.8,0.2,0.0,1.0,1.0,1.0,1.0,/home/ekim339/projects/SD3.5/experiments/glyph_encoder_per_char/results/inputs/0024_41038.png,/home/ekim339/projects/SD3.5/experiments/glyph_encoder_per_char/results/generated/mask-0p3/char-2/0024.png
612,24,41038.png,Idyll,kwawy,2.4501891971464476,3027,0.3,2,a,100164,200066,kwawy,1.0,1.0,0.0,1.0,1.0,1.0,1.0,1.0,/home/ekim339/projects/SD3.5/experiments/glyph_encoder_per_char/results/inputs/0024_41038.png,/home/ekim339/projects/SD3.5/experiments/glyph_encoder_per_char/results/generated/mask-0p3/char-3/0024.png
613,24,41038.png,Idyll,kwawy,2.4501891971464476,3027,0.3,3,w,100165,200066,kwawy,1.0,1.0,0.0,1.0,1.0,1.0,1.0,1.0,/home/ekim339/projects/SD3.5/experiments/glyph_encoder_per_char/results/inputs/0024_41038.png,/home/ekim339/projects/SD3.5/experiments/glyph_encoder_per_char/results/generated/mask-0p3/char-4/0024.png
614,24,41038.png,Idyll,kwawy,2.4501891971464476,3027,0.3,4,y,100166,200066,kwawy,1.0,1.0,0.0,1.0,1.0,1.0,1.0,1.0,/home/ekim339/projects/SD3.5/experiments/glyph_encoder_per_char/results/inputs/0024_41038.png,/home/ekim339/projects/SD3.5/experiments/glyph_encoder_per_char/results/generated/mask-0p3/char-5/0024.png
615,24,41038.png,Idyll,kwawy,2.4501891971464476,3027,0.5,0,k,100162,200066,kwawy,1.0,1.0,0.0,1.0,1.0,1.0,1.0,1.0,/home/ekim339/projects/SD3.5/experiments/glyph_encoder_per_char/results/inputs/0024_41038.png,/home/ekim339/projects/SD3.5/experiments/glyph_encoder_per_char/results/generated/mask-0p5/char-1/0024.png
616,24,41038.png,Idyll,kwawy,2.4501891971464476,3027,0.5,1,w,100163,200066,kniawy,0.0,0.6666666666666667,0.4,0.0,1.0,0.0,0.0,0.0,/home/ekim339/projects/SD3.5/experiments/glyph_encoder_per_char/results/inputs/0024_41038.png,/home/ekim339/projects/SD3.5/experiments/glyph_encoder_per_char/results/generated/mask-0p5/char-2/0024.png
617,24,41038.png,Idyll,kwawy,2.4501891971464476,3027,0.5,2,a,100164,200066,kwvwy,0.0,0.8,0.2,0.0,1.0,1.0,1.0,1.0,/home/ekim339/projects/SD3.5/experiments/glyph_encoder_per_char/results/inputs/0024_41038.png,/home/ekim339/projects/SD3.5/experiments/glyph_encoder_per_char/results/generated/mask-0p5/char-3/0024.png
618,24,41038.png,Idyll,kwawy,2.4501891971464476,3027,0.5,3,w,100165,200066,kwauy,0.0,0.8,0.2,0.0,1.0,1.0,1.0,1.0,/home/ekim339/projects/SD3.5/experiments/glyph_encoder_per_char/results/inputs/0024_41038.png,/home/ekim339/projects/SD3.5/experiments/glyph_encoder_per_char/results/generated/mask-0p5/char-4/0024.png
619,24,41038.png,Idyll,kwawy,2.4501891971464476,3027,0.5,4,y,100166,200066,kwaw,0.0,0.8,0.2,0.0,1.0,1.0,1.0,1.0,/home/ekim339/projects/SD3.5/experiments/glyph_encoder_per_char/results/inputs/0024_41038.png,/home/ekim339/projects/SD3.5/experiments/glyph_encoder_per_char/results/generated/mask-0p5/char-5/0024.png
620,24,41038.png,Idyll,kwawy,2.4501891971464476,3027,0.7,0,k,100162,200066,lwawy,0.0,0.8,0.2,0.0,1.0,1.0,1.0,1.0,/home/ekim339/projects/SD3.5/experiments/glyph_encoder_per_char/results/inputs/0024_41038.png,/home/ekim339/projects/SD3.5/experiments/glyph_encoder_per_char/results/generated/mask-0p7/char-1/0024.png
621,24,41038.png,Idyll,kwawy,2.4501891971464476,3027,0.7,1,w,100163,200066,kniawy,0.0,0.6666666666666667,0.4,0.0,1.0,0.0,0.0,0.0,/home/ekim339/projects/SD3.5/experiments/glyph_encoder_per_char/results/inputs/0024_41038.png,/home/ekim339/projects/SD3.5/experiments/glyph_encoder_per_char/results/generated/mask-0p7/char-2/0024.png
622,24,41038.png,Idyll,kwawy,2.4501891971464476,3027,0.7,2,a,100164,200066,kwwwy,0.0,0.8,0.2,0.0,1.0,1.0,1.0,1.0,/home/ekim339/projects/SD3.5/experiments/glyph_encoder_per_char/results/inputs/0024_41038.png,/home/ekim339/projects/SD3.5/experiments/glyph_encoder_per_char/results/generated/mask-0p7/char-3/0024.png
623,24,41038.png,Idyll,kwawy,2.4501891971464476,3027,0.7,3,w,100165,200066,kwauy,0.0,0.8,0.2,0.0,1.0,1.0,1.0,1.0,/home/ekim339/projects/SD3.5/experiments/glyph_encoder_per_char/results/inputs/0024_41038.png,/home/ekim339/projects/SD3.5/experiments/glyph_encoder_per_char/results/generated/mask-0p7/char-4/0024.png
624,24,41038.png,Idyll,kwawy,2.4501891971464476,3027,0.7,4,y,100166,200066,kwaw,0.0,0.8,0.2,0.0,1.0,1.0,1.0,1.0,/home/ekim339/projects/SD3.5/experiments/glyph_encoder_per_char/results/inputs/0024_41038.png,/home/ekim339/projects/SD3.5/experiments/glyph_encoder_per_char/results/generated/mask-0p7/char-5/0024.png
625,25,43007.png,mains,5lxy9,10.051074535682353,3028,0.0,0,5,100167,200067,sixyo,0.0,0.4,0.6,0.0,0.0,1.0,1.0,0.0,/home/ekim339/projects/SD3.5/experiments/glyph_encoder_per_char/results/inputs/0025_43007.png,/home/ekim339/projects/SD3.5/experiments/glyph_encoder_per_char/results/generated/mask-0p0/char-1/0025.png
626,25,43007.png,mains,5lxy9,10.051074535682353,3028,0.0,1,l,100168,200067,sixyo,0.0,0.4,0.6,0.0,0.0,1.0,1.0,0.0,/home/ekim339/projects/SD3.5/experiments/glyph_encoder_per_char/results/inputs/0025_43007.png,/home/ekim339/projects/SD3.5/experiments/glyph_encoder_per_char/results/generated/mask-0p0/char-2/0025.png
627,25,43007.png,mains,5lxy9,10.051074535682353,3028,0.0,2,x,100169,200067,sixyo,0.0,0.4,0.6,1.0,0.0,0.0,1.0,0.0,/home/ekim339/projects/SD3.5/experiments/glyph_encoder_per_char/results/inputs/0025_43007.png,/home/ekim339/projects/SD3.5/experiments/glyph_encoder_per_char/results/generated/mask-0p0/char-3/0025.png
628,25,43007.png,mains,5lxy9,10.051074535682353,3028,0.0,3,y,100170,200067,sixyo,0.0,0.4,0.6,1.0,0.0,0.0,1.0,0.0,/home/ekim339/projects/SD3.5/experiments/glyph_encoder_per_char/results/inputs/0025_43007.png,/home/ekim339/projects/SD3.5/experiments/glyph_encoder_per_char/results/generated/mask-0p0/char-4/0025.png
629,25,43007.png,mains,5lxy9,10.051074535682353,3028,0.0,4,9,100171,200067,sixyo,0.0,0.4,0.6,0.0,0.0,0.0,1.0,1.0,/home/ekim339/projects/SD3.5/experiments/glyph_encoder_per_char/results/inputs/0025_43007.png,/home/ekim339/projects/SD3.5/experiments/glyph_encoder_per_char/results/generated/mask-0p0/char-5/0025.png
630,25,43007.png,mains,5lxy9,10.051074535682353,3028,0.1,0,5,100167,200067,sixyo,0.0,0.4,0.6,0.0,0.0,1.0,1.0,0.0,/home/ekim339/projects/SD3.5/experiments/glyph_encoder_per_char/results/inputs/0025_43007.png,/home/ekim339/projects/SD3.5/experiments/glyph_encoder_per_char/results/generated/mask-0p1/char-1/0025.png
631,25,43007.png,mains,5lxy9,10.051074535682353,3028,0.1,1,l,100168,200067,sixyo,0.0,0.4,0.6,0.0,0.0,1.0,1.0,0.0,/home/ekim339/projects/SD3.5/experiments/glyph_encoder_per_char/results/inputs/0025_43007.png,/home/ekim339/projects/SD3.5/experiments/glyph_encoder_per_char/results/generated/mask-0p1/char-2/0025.png
632,25,43007.png,mains,5lxy9,10.051074535682353,3028,0.1,2,x,100169,200067,sixyo,0.0,0.4,0.6,1.0,0.0,0.0,1.0,0.0,/home/ekim339/projects/SD3.5/experiments/glyph_encoder_per_char/results/inputs/0025_43007.png,/home/ekim339/projects/SD3.5/experiments/glyph_encoder_per_char/results/generated/mask-0p1/char-3/0025.png
633,25,43007.png,mains,5lxy9,10.051074535682353,3028,0.1,3,y,100170,200067,sixyo,0.0,0.4,0.6,1.0,0.0,0.0,1.0,0.0,/home/ekim339/projects/SD3.5/experiments/glyph_encoder_per_char/results/inputs/0025_43007.png,/home/ekim339/projects/SD3.5/experiments/glyph_encoder_per_char/results/generated/mask-0p1/char-4/0025.png
634,25,43007.png,mains,5lxy9,10.051074535682353,3028,0.1,4,9,100171,200067,sixyo,0.0,0.4,0.6,0.0,0.0,0.0,1.0,1.0,/home/ekim339/projects/SD3.5/experiments/glyph_encoder_per_char/results/inputs/0025_43007.png,/home/ekim339/projects/SD3.5/experiments/glyph_encoder_per_char/results/generated/mask-0p1/char-5/0025.png
635,25,43007.png,mains,5lxy9,10.051074535682353,3028,0.3,0,5,100167,200067,sixyo,0.0,0.4,0.6,0.0,0.0,1.0,1.0,0.0,/home/ekim339/projects/SD3.5/experiments/glyph_encoder_per_char/results/inputs/0025_43007.png,/home/ekim339/projects/SD3.5/experiments/glyph_encoder_per_char/results/generated/mask-0p3/char-1/0025.png
636,25,43007.png,mains,5lxy9,10.051074535682353,3028,0.3,1,l,100168,200067,sixyo,0.0,0.4,0.6,0.0,0.0,1.0,1.0,0.0,/home/ekim339/projects/SD3.5/experiments/glyph_encoder_per_char/results/inputs/0025_43007.png,/home/ekim339/projects/SD3.5/experiments/glyph_encoder_per_char/results/generated/mask-0p3/char-2/0025.png
637,25,43007.png,mains,5lxy9,10.051074535682353,3028,0.3,2,x,100169,200067,sixyo,0.0,0.4,0.6,1.0,0.0,0.0,1.0,0.0,/home/ekim339/projects/SD3.5/experiments/glyph_encoder_per_char/results/inputs/0025_43007.png,/home/ekim339/projects/SD3.5/experiments/glyph_encoder_per_char/results/generated/mask-0p3/char-3/0025.png
638,25,43007.png,mains,5lxy9,10.051074535682353,3028,0.3,3,y,100170,200067,sixy9,0.0,0.6,0.4,1.0,0.0,0.0,1.0,1.0,/home/ekim339/projects/SD3.5/experiments/glyph_encoder_per_char/results/inputs/0025_43007.png,/home/ekim339/projects/SD3.5/experiments/glyph_encoder_per_char/results/generated/mask-0p3/char-4/0025.png
639,25,43007.png,mains,5lxy9,10.051074535682353,3028,0.3,4,9,100171,200067,sixyy,0.0,0.4,0.6,0.0,0.0,0.0,1.0,1.0,/home/ekim339/projects/SD3.5/experiments/glyph_encoder_per_char/results/inputs/0025_43007.png,/home/ekim339/projects/SD3.5/experiments/glyph_encoder_per_char/results/generated/mask-0p3/char-5/0025.png
640,25,43007.png,mains,5lxy9,10.051074535682353,3028,0.5,0,5,100167,200067,sixys,0.0,0.4,0.6,0.0,0.0,1.0,1.0,0.0,/home/ekim339/projects/SD3.5/experiments/glyph_encoder_per_char/results/inputs/0025_43007.png,/home/ekim339/projects/SD3.5/experiments/glyph_encoder_per_char/results/generated/mask-0p5/char-1/0025.png
641,25,43007.png,mains,5lxy9,10.051074535682353,3028,0.5,1,l,100168,200067,sixyo,0.0,0.4,0.6,0.0,0.0,1.0,1.0,0.0,/home/ekim339/projects/SD3.5/experiments/glyph_encoder_per_char/results/inputs/0025_43007.png,/home/ekim339/projects/SD3.5/experiments/glyph_encoder_per_char/results/generated/mask-0p5/char-2/0025.png
642,25,43007.png,mains,5lxy9,10.051074535682353,3028,0.5,2,x,100169,200067,silyyo,0.0,0.33333333333333337,0.8,0.0,0.0,0.0,1.0,0.0,/home/ekim339/projects/SD3.5/experiments/glyph_encoder_per_char/results/inputs/0025_43007.png,/home/ekim339/projects/SD3.5/experiments/glyph_encoder_per_char/results/generated/mask-0p5/char-3/0025.png
643,25,43007.png,mains,5lxy9,10.051074535682353,3028,0.5,3,y,100170,200067,sixoy,0.0,0.19999999999999996,0.8,0.0,0.0,0.0,1.0,0.0,/home/ekim339/projects/SD3.5/experiments/glyph_encoder_per_char/results/inputs/0025_43007.png,/home/ekim339/projects/SD3.5/experiments/glyph_encoder_per_char/results/generated/mask-0p5/char-4/0025.png
644,25,43007.png,mains,5lxy9,10.051074535682353,3028,0.5,4,9,100171,200067,sixyy,0.0,0.4,0.6,0.0,0.0,0.0,1.0,1.0,/home/ekim339/projects/SD3.5/experiments/glyph_encoder_per_char/results/inputs/0025_43007.png,/home/ekim339/projects/SD3.5/experiments/glyph_encoder_per_char/results/generated/mask-0p5/char-5/0025.png
645,25,43007.png,mains,5lxy9,10.051074535682353,3028,0.7,0,5,100167,200067,sixys,0.0,0.4,0.6,0.0,0.0,1.0,1.0,0.0,/home/ekim339/projects/SD3.5/experiments/glyph_encoder_per_char/results/inputs/0025_43007.png,/home/ekim339/projects/SD3.5/experiments/glyph_encoder_per_char/results/generated/mask-0p7/char-1/0025.png
646,25,43007.png,mains,5lxy9,10.051074535682353,3028,0.7,1,l,100168,200067,sixyo,0.0,0.4,0.6,0.0,0.0,1.0,1.0,0.0,/home/ekim339/projects/SD3.5/experiments/glyph_encoder_per_char/results/inputs/0025_43007.png,/home/ekim339/projects/SD3.5/experiments/glyph_encoder_per_char/results/generated/mask-0p7/char-2/0025.png
647,25,43007.png,mains,5lxy9,10.051074535682353,3028,0.7,2,x,100169,200067,silyyo,0.0,0.33333333333333337,0.8,0.0,0.0,0.0,1.0,0.0,/home/ekim339/projects/SD3.5/experiments/glyph_encoder_per_char/results/inputs/0025_43007.png,/home/ekim339/projects/SD3.5/experiments/glyph_encoder_per_char/results/generated/mask-0p7/char-3/0025.png
648,25,43007.png,mains,5lxy9,10.051074535682353,3028,0.7,3,y,100170,200067,sixoy,0.0,0.19999999999999996,0.8,0.0,0.0,0.0,1.0,0.0,/home/ekim339/projects/SD3.5/experiments/glyph_encoder_per_char/results/inputs/0025_43007.png,/home/ekim339/projects/SD3.5/experiments/glyph_encoder_per_char/results/generated/mask-0p7/char-4/0025.png
649,25,43007.png,mains,5lxy9,10.051074535682353,3028,0.7,4,9,100171,200067,sixyy,0.0,0.4,0.6,0.0,0.0,0.0,1.0,1.0,/home/ekim339/projects/SD3.5/experiments/glyph_encoder_per_char/results/inputs/0025_43007.png,/home/ekim339/projects/SD3.5/experiments/glyph_encoder_per_char/results/generated/mask-0p7/char-5/0025.png
650,26,03125.png,thing,jec5u,11.3833408119417,3029,0.0,0,j,100172,200068,jecjiu,0.0,0.6666666666666667,0.4,1.0,1.0,1.0,0.0,0.0,/home/ekim339/projects/SD3.5/experiments/glyph_encoder_per_char/results/inputs/0026_03125.png,/home/ekim339/projects/SD3.5/experiments/glyph_encoder_per_char/results/generated/mask-0p0/char-1/0026.png
651,26,03125.png,thing,jec5u,11.3833408119417,3029,0.0,1,e,100173,200068,jecjiu,0.0,0.6666666666666667,0.4,1.0,1.0,1.0,0.0,0.0,/home/ekim339/projects/SD3.5/experiments/glyph_encoder_per_char/results/inputs/0026_03125.png,/home/ekim339/projects/SD3.5/experiments/glyph_encoder_per_char/results/generated/mask-0p0/char-2/0026.png
652,26,03125.png,thing,jec5u,11.3833408119417,3029,0.0,2,c,100174,200068,jecjiu,0.0,0.6666666666666667,0.4,1.0,1.0,1.0,0.0,0.0,/home/ekim339/projects/SD3.5/experiments/glyph_encoder_per_char/results/inputs/0026_03125.png,/home/ekim339/projects/SD3.5/experiments/glyph_encoder_per_char/results/generated/mask-0p0/char-3/0026.png
653,26,03125.png,thing,jec5u,11.3833408119417,3029,0.0,3,5,100175,200068,jecjiu,0.0,0.6666666666666667,0.4,0.0,1.0,1.0,1.0,0.0,/home/ekim339/projects/SD3.5/experiments/glyph_encoder_per_char/results/inputs/0026_03125.png,/home/ekim339/projects/SD3.5/experiments/glyph_encoder_per_char/results/generated/mask-0p0/char-4/0026.png
654,26,03125.png,thing,jec5u,11.3833408119417,3029,0.0,4,u,100176,200068,jecjiu,0.0,0.6666666666666667,0.4,0.0,1.0,1.0,1.0,0.0,/home/ekim339/projects/SD3.5/experiments/glyph_encoder_per_char/results/inputs/0026_03125.png,/home/ekim339/projects/SD3.5/experiments/glyph_encoder_per_char/results/generated/mask-0p0/char-5/0026.png
655,26,03125.png,thing,jec5u,11.3833408119417,3029,0.1,0,j,100172,200068,jecju,0.0,0.8,0.2,1.0,1.0,1.0,0.0,1.0,/home/ekim339/projects/SD3.5/experiments/glyph_encoder_per_char/results/inputs/0026_03125.png,/home/ekim339/projects/SD3.5/experiments/glyph_encoder_per_char/results/generated/mask-0p1/char-1/0026.png
656,26,03125.png,thing,jec5u,11.3833408119417,3029,0.1,1,e,100173,200068,jeciiu,0.0,0.6666666666666667,0.4,1.0,1.0,1.0,0.0,0.0,/home/ekim339/projects/SD3.5/experiments/glyph_encoder_per_char/results/inputs/0026_03125.png,/home/ekim339/projects/SD3.5/experiments/glyph_encoder_per_char/results/generated/mask-0p1/char-2/0026.png
657,26,03125.png,thing,jec5u,11.3833408119417,3029,0.1,2,c,100174,200068,jecju,0.0,0.8,0.2,1.0,1.0,1.0,0.0,1.0,/home/ekim339/projects/SD3.5/experiments/glyph_encoder_per_char/results/inputs/0026_03125.png,/home/ekim339/projects/SD3.5/experiments/glyph_encoder_per_char/results/generated/mask-0p1/char-3/0026.png
658,26,03125.png,thing,jec5u,11.3833408119417,3029,0.1,3,5,100175,200068,jecju,0.0,0.8,0.2,0.0,1.0,1.0,1.0,1.0,/home/ekim339/projects/SD3.5/experiments/glyph_encoder_per_char/results/inputs/0026_03125.png,/home/ekim339/projects/SD3.5/experiments/glyph_encoder_per_char/results/generated/mask-0p1/char-4/0026.png
659,26,03125.png,thing,jec5u,11.3833408119417,3029,0.1,4,u,100176,200068,jecjiu,0.0,0.6666666666666667,0.4,0.0,1.0,1.0,1.0,0.0,/home/ekim339/projects/SD3.5/experiments/glyph_encoder_per_char/results/inputs/0026_03125.png,/home/ekim339/projects/SD3.5/experiments/glyph_encoder_per_char/results/generated/mask-0p1/char-5/0026.png
660,26,03125.png,thing,jec5u,11.3833408119417,3029,0.3,0,j,100172,200068,jecju,0.0,0.8,0.2,1.0,1.0,1.0,0.0,1.0,/home/ekim339/projects/SD3.5/experiments/glyph_encoder_per_char/results/inputs/0026_03125.png,/home/ekim339/projects/SD3.5/experiments/glyph_encoder_per_char/results/generated/mask-0p3/char-1/0026.png
661,26,03125.png,thing,jec5u,11.3833408119417,3029,0.3,1,e,100173,200068,jaciiu,0.0,0.5,0.6,0.0,1.0,1.0,0.0,0.0,/home/ekim339/projects/SD3.5/experiments/glyph_encoder_per_char/results/inputs/0026_03125.png,/home/ekim339/projects/SD3.5/experiments/glyph_encoder_per_char/results/generated/mask-0p3/char-2/0026.png
662,26,03125.png,thing,jec5u,11.3833408119417,3029,0.3,2,c,100174,200068,jecru,0.0,0.8,0.2,1.0,1.0,1.0,0.0,1.0,/home/ekim339/projects/SD3.5/experiments/glyph_encoder_per_char/results/inputs/0026_03125.png,/home/ekim339/projects/SD3.5/experiments/glyph_encoder_per_char/results/generated/mask-0p3/char-3/0026.png
663,26,03125.png,thing,jec5u,11.3833408119417,3029,0.3,3,5,100175,200068,jecru,0.0,0.8,0.2,0.0,1.0,1.0,1.0,1.0,/home/ekim339/projects/SD3.5/experiments/glyph_encoder_per_char/results/inputs/0026_03125.png,/home/ekim339/projects/SD3.5/experiments/glyph_encoder_per_char/results/generated/mask-0p3/char-4/0026.png
664,26,03125.png,thing,jec5u,11.3833408119417,3029,0.3,4,u,100176,200068,jecpu,0.0,0.8,0.2,1.0,1.0,1.0,1.0,0.0,/home/ekim339/projects/SD3.5/experiments/glyph_encoder_per_char/results/inputs/0026_03125.png,/home/ekim339/projects/SD3.5/experiments/glyph_encoder_per_char/results/generated/mask-0p3/char-5/0026.png
665,26,03125.png,thing,jec5u,11.3833408119417,3029,0.5,0,j,100172,200068,jeeju,0.0,0.6,0.4,1.0,1.0,0.0,0.0,1.0,/home/ekim339/projects/SD3.5/experiments/glyph_encoder_per_char/results/inputs/0026_03125.png,/home/ekim339/projects/SD3.5/experiments/glyph_encoder_per_char/results/generated/mask-0p5/char-1/0026.png
666,26,03125.png,thing,jec5u,11.3833408119417,3029,0.5,1,e,100173,200068,jaciiu,0.0,0.5,0.6,0.0,1.0,1.0,0.0,0.0,/home/ekim339/projects/SD3.5/experiments/glyph_encoder_per_char/results/inputs/0026_03125.png,/home/ekim339/projects/SD3.5/experiments/glyph_encoder_per_char/results/generated/mask-0p5/char-2/0026.png
667,26,03125.png,thing,jec5u,11.3833408119417,3029,0.5,2,c,100174,200068,jeslu,0.0,0.6,0.4,0.0,1.0,1.0,0.0,1.0,/home/ekim339/projects/SD3.5/experiments/glyph_encoder_per_char/results/inputs/0026_03125.png,/home/ekim339/projects/SD3.5/experiments/glyph_encoder_per_char/results/generated/mask-0p5/char-3/0026.png
668,26,03125.png,thing,jec5u,11.3833408119417,3029,0.5,3,5,100175,200068,jecuu,0.0,0.8,0.2,0.0,1.0,1.0,1.0,1.0,/home/ekim339/projects/SD3.5/experiments/glyph_encoder_per_char/results/inputs/0026_03125.png,/home/ekim339/projects/SD3.5/experiments/glyph_encoder_per_char/results/generated/mask-0p5/char-4/0026.png
669,26,03125.png,thing,jec5u,11.3833408119417,3029,0.5,4,u,100176,200068,jecpu,0.0,0.8,0.2,1.0,1.0,1.0,1.0,0.0,/home/ekim339/projects/SD3.5/experiments/glyph_encoder_per_char/results/inputs/0026_03125.png,/home/ekim339/projects/SD3.5/experiments/glyph_encoder_per_char/results/generated/mask-0p5/char-5/0026.png
670,26,03125.png,thing,jec5u,11.3833408119417,3029,0.7,0,j,100172,200068,becju,0.0,0.6,0.4,0.0,1.0,1.0,0.0,1.0,/home/ekim339/projects/SD3.5/experiments/glyph_encoder_per_char/results/inputs/0026_03125.png,/home/ekim339/projects/SD3.5/experiments/glyph_encoder_per_char/results/generated/mask-0p7/char-1/0026.png
671,26,03125.png,thing,jec5u,11.3833408119417,3029,0.7,1,e,100173,200068,jacnu,0.0,0.6,0.4,0.0,1.0,1.0,0.0,1.0,/home/ekim339/projects/SD3.5/experiments/glyph_encoder_per_char/results/inputs/0026_03125.png,/home/ekim339/projects/SD3.5/experiments/glyph_encoder_per_char/results/generated/mask-0p7/char-2/0026.png
672,26,03125.png,thing,jec5u,11.3833408119417,3029,0.7,2,c,100174,200068,jeslu,0.0,0.6,0.4,0.0,1.0,1.0,0.0,1.0,/home/ekim339/projects/SD3.5/experiments/glyph_encoder_per_char/results/inputs/0026_03125.png,/home/ekim339/projects/SD3.5/experiments/glyph_encoder_per_char/results/generated/mask-0p7/char-3/0026.png
673,26,03125.png,thing,jec5u,11.3833408119417,3029,0.7,3,5,100175,200068,jecuu,0.0,0.8,0.2,0.0,1.0,1.0,1.0,1.0,/home/ekim339/projects/SD3.5/experiments/glyph_encoder_per_char/results/inputs/0026_03125.png,/home/ekim339/projects/SD3.5/experiments/glyph_encoder_per_char/results/generated/mask-0p7/char-4/0026.png
674,26,03125.png,thing,jec5u,11.3833408119417,3029,0.7,4,u,100176,200068,jecpt,0.0,0.6,0.4,0.0,1.0,1.0,1.0,0.0,/home/ekim339/projects/SD3.5/experiments/glyph_encoder_per_char/results/inputs/0026_03125.png,/home/ekim339/projects/SD3.5/experiments/glyph_encoder_per_char/results/generated/mask-0p7/char-5/0026.png
675,27,02009.png,works,n3b1r,7.42758327038832,3030,0.0,0,n,100177,200069,nsbir,0.0,0.6,0.4,1.0,0.0,1.0,0.0,1.0,/home/ekim339/projects/SD3.5/experiments/glyph_encoder_per_char/results/inputs/0027_02009.png,/home/ekim339/projects/SD3.5/experiments/glyph_encoder_per_char/results/generated/mask-0p0/char-1/0027.png
676,27,02009.png,works,n3b1r,7.42758327038832,3030,0.0,1,3,100178,200069,nsbir,0.0,0.6,0.4,0.0,1.0,1.0,0.0,1.0,/home/ekim339/projects/SD3.5/experiments/glyph_encoder_per_char/results/inputs/0027_02009.png,/home/ekim339/projects/SD3.5/experiments/glyph_encoder_per_char/results/generated/mask-0p0/char-2/0027.png
677,27,02009.png,works,n3b1r,7.42758327038832,3030,0.0,2,b,100179,200069,nsbir,0.0,0.6,0.4,1.0,1.0,0.0,0.0,1.0,/home/ekim339/projects/SD3.5/experiments/glyph_encoder_per_char/results/inputs/0027_02009.png,/home/ekim339/projects/SD3.5/experiments/glyph_encoder_per_char/results/generated/mask-0p0/char-3/0027.png
678,27,02009.png,works,n3b1r,7.42758327038832,3030,0.0,3,1,100180,200069,nsbir,0.0,0.6,0.4,0.0,1.0,0.0,1.0,1.0,/home/ekim339/projects/SD3.5/experiments/glyph_encoder_per_char/results/inputs/0027_02009.png,/home/ekim339/projects/SD3.5/experiments/glyph_encoder_per_char/results/generated/mask-0p0/char-4/0027.png
679,27,02009.png,works,n3b1r,7.42758327038832,3030,0.0,4,r,100181,200069,nsbir,0.0,0.6,0.4,1.0,1.0,0.0,1.0,0.0,/home/ekim339/projects/SD3.5/experiments/glyph_encoder_per_char/results/inputs/0027_02009.png,/home/ekim339/projects/SD3.5/experiments/glyph_encoder_per_char/results/generated/mask-0p0/char-5/0027.png
680,27,02009.png,works,n3b1r,7.42758327038832,3030,0.1,0,n,100177,200069,nsbir,0.0,0.6,0.4,1.0,0.0,1.0,0.0,1.0,/home/ekim339/projects/SD3.5/experiments/glyph_encoder_per_char/results/inputs/0027_02009.png,/home/ekim339/projects/SD3.5/experiments/glyph_encoder_per_char/results/generated/mask-0p1/char-1/0027.png
681,27,02009.png,works,n3b1r,7.42758327038832,3030,0.1,1,3,100178,200069,nsbir,0.0,0.6,0.4,0.0,1.0,1.0,0.0,1.0,/home/ekim339/projects/SD3.5/experiments/glyph_encoder_per_char/results/inputs/0027_02009.png,/home/ekim339/projects/SD3.5/experiments/glyph_encoder_per_char/results/generated/mask-0p1/char-2/0027.png
682,27,02009.png,works,n3b1r,7.42758327038832,3030,0.1,2,b,100179,200069,nsbir,0.0,0.6,0.4,1.0,1.0,0.0,0.0,1.0,/home/ekim339/projects/SD3.5/experiments/glyph_encoder_per_char/results/inputs/0027_02009.png,/home/ekim339/projects/SD3.5/experiments/glyph_encoder_per_char/results/generated/mask-0p1/char-3/0027.png
683,27,02009.png,works,n3b1r,7.42758327038832,3030,0.1,3,1,100180,200069,nsbir,0.0,0.6,0.4,0.0,1.0,0.0,1.0,1.0,/home/ekim339/projects/SD3.5/experiments/glyph_encoder_per_char/results/inputs/0027_02009.png,/home/ekim339/projects/SD3.5/experiments/glyph_encoder_per_char/results/generated/mask-0p1/char-4/0027.png
684,27,02009.png,works,n3b1r,7.42758327038832,3030,0.1,4,r,100181,200069,nsbir,0.0,0.6,0.4,1.0,1.0,0.0,1.0,0.0,/home/ekim339/projects/SD3.5/experiments/glyph_encoder_per_char/results/inputs/0027_02009.png,/home/ekim339/projects/SD3.5/experiments/glyph_encoder_per_char/results/generated/mask-0p1/char-5/0027.png
685,27,02009.png,works,n3b1r,7.42758327038832,3030,0.3,0,n,100177,200069,nsbir,0.0,0.6,0.4,1.0,0.0,1.0,0.0,1.0,/home/ekim339/projects/SD3.5/experiments/glyph_encoder_per_char/results/inputs/0027_02009.png,/home/ekim339/projects/SD3.5/experiments/glyph_encoder_per_char/results/generated/mask-0p3/char-1/0027.png
686,27,02009.png,works,n3b1r,7.42758327038832,3030,0.3,1,3,100178,200069,nbbr,0.0,0.6,0.4,0.0,1.0,1.0,0.0,0.0,/home/ekim339/projects/SD3.5/experiments/glyph_encoder_per_char/results/inputs/0027_02009.png,/home/ekim339/projects/SD3.5/experiments/glyph_encoder_per_char/results/generated/mask-0p3/char-2/0027.png
687,27,02009.png,works,n3b1r,7.42758327038832,3030,0.3,2,b,100179,200069,nsbir,0.0,0.6,0.4,1.0,1.0,0.0,0.0,1.0,/home/ekim339/projects/SD3.5/experiments/glyph_encoder_per_char/results/inputs/0027_02009.png,/home/ekim339/projects/SD3.5/experiments/glyph_encoder_per_char/results/generated/mask-0p3/char-3/0027.png
688,27,02009.png,works,n3b1r,7.42758327038832,3030,0.3,3,1,100180,200069,nsbbr,0.0,0.6,0.4,0.0,1.0,0.0,1.0,1.0,/home/ekim339/projects/SD3.5/experiments/glyph_encoder_per_char/results/inputs/0027_02009.png,/home/ekim339/projects/SD3.5/experiments/glyph_encoder_per_char/results/generated/mask-0p3/char-4/0027.png
689,27,02009.png,works,n3b1r,7.42758327038832,3030,0.3,4,r,100181,200069,nbb,0.0,0.4,0.6,0.0,1.0,0.0,1.0,0.0,/home/ekim339/projects/SD3.5/experiments/glyph_encoder_per_char/results/inputs/0027_02009.png,/home/ekim339/projects/SD3.5/experiments/glyph_encoder_per_char/results/generated/mask-0p3/char-5/0027.png
690,27,02009.png,works,n3b1r,7.42758327038832,3030,0.5,0,n,100177,200069,isblr,0.0,0.4,0.6,0.0,0.0,1.0,0.0,1.0,/home/ekim339/projects/SD3.5/experiments/glyph_encoder_per_char/results/inputs/0027_02009.png,/home/ekim339/projects/SD3.5/experiments/glyph_encoder_per_char/results/generated/mask-0p5/char-1/0027.png
691,27,02009.png,works,n3b1r,7.42758327038832,3030,0.5,1,3,100178,200069,nbbr,0.0,0.6,0.4,0.0,1.0,1.0,0.0,0.0,/home/ekim339/projects/SD3.5/experiments/glyph_encoder_per_char/results/inputs/0027_02009.png,/home/ekim339/projects/SD3.5/experiments/glyph_encoder_per_char/results/generated/mask-0p5/char-2/0027.png
692,27,02009.png,works,n3b1r,7.42758327038832,3030,0.5,2,b,100179,200069,nblr,0.0,0.6,0.4,0.0,1.0,0.0,0.0,0.0,/home/ekim339/projects/SD3.5/experiments/glyph_encoder_per_char/results/inputs/0027_02009.png,/home/ekim339/projects/SD3.5/experiments/glyph_encoder_per_char/results/generated/mask-0p5/char-3/0027.png
693,27,02009.png,works,n3b1r,7.42758327038832,3030,0.5,3,1,100180,200069,nsbbr,0.0,0.6,0.4,0.0,1.0,0.0,1.0,1.0,/home/ekim339/projects/SD3.5/experiments/glyph_encoder_per_char/results/inputs/0027_02009.png,/home/ekim339/projects/SD3.5/experiments/glyph_encoder_per_char/results/generated/mask-0p5/char-4/0027.png
694,27,02009.png,works,n3b1r,7.42758327038832,3030,0.5,4,r,100181,200069,nbbl,0.0,0.4,0.6,0.0,1.0,0.0,1.0,0.0,/home/ekim339/projects/SD3.5/experiments/glyph_encoder_per_char/results/inputs/0027_02009.png,/home/ekim339/projects/SD3.5/experiments/glyph_encoder_per_char/results/generated/mask-0p5/char-5/0027.png
695,27,02009.png,works,n3b1r,7.42758327038832,3030,0.7,0,n,100177,200069,rsblr,0.0,0.4,0.6,0.0,0.0,1.0,0.0,1.0,/home/ekim339/projects/SD3.5/experiments/glyph_encoder_per_char/results/inputs/0027_02009.png,/home/ekim339/projects/SD3.5/experiments/glyph_encoder_per_char/results/generated/mask-0p7/char-1/0027.png
696,27,02009.png,works,n3b1r,7.42758327038832,3030,0.7,1,3,100178,200069,nbbr,0.0,0.6,0.4,0.0,1.0,1.0,0.0,0.0,/home/ekim339/projects/SD3.5/experiments/glyph_encoder_per_char/results/inputs/0027_02009.png,/home/ekim339/projects/SD3.5/experiments/glyph_encoder_per_char/results/generated/mask-0p7/char-2/0027.png
697,27,02009.png,works,n3b1r,7.42758327038832,3030,0.7,2,b,100179,200069,nbil,0.0,0.4,0.6,0.0,1.0,0.0,0.0,0.0,/home/ekim339/projects/SD3.5/experiments/glyph_encoder_per_char/results/inputs/0027_02009.png,/home/ekim339/projects/SD3.5/experiments/glyph_encoder_per_char/results/generated/mask-0p7/char-3/0027.png
698,27,02009.png,works,n3b1r,7.42758327038832,3030,0.7,3,1,100180,200069,nsbbr,0.0,0.6,0.4,0.0,1.0,0.0,1.0,1.0,/home/ekim339/projects/SD3.5/experiments/glyph_encoder_per_char/results/inputs/0027_02009.png,/home/ekim339/projects/SD3.5/experiments/glyph_encoder_per_char/results/generated/mask-0p7/char-4/0027.png
699,27,02009.png,works,n3b1r,7.42758327038832,3030,0.7,4,r,100181,200069,nbbl,0.0,0.4,0.6,0.0,1.0,0.0,1.0,0.0,/home/ekim339/projects/SD3.5/experiments/glyph_encoder_per_char/results/inputs/0027_02009.png,/home/ekim339/projects/SD3.5/experiments/glyph_encoder_per_char/results/generated/mask-0p7/char-5/0027.png
700,28,11868.png,lobar,ajtti,9.051829196169319,3031,0.0,0,a,100182,200070,ajtti,1.0,1.0,0.0,1.0,1.0,1.0,1.0,1.0,/home/ekim339/projects/SD3.5/experiments/glyph_encoder_per_char/results/inputs/0028_11868.png,/home/ekim339/projects/SD3.5/experiments/glyph_encoder_per_char/results/generated/mask-0p0/char-1/0028.png
701,28,11868.png,lobar,ajtti,9.051829196169319,3031,0.0,1,j,100183,200070,ajtti,1.0,1.0,0.0,1.0,1.0,1.0,1.0,1.0,/home/ekim339/projects/SD3.5/experiments/glyph_encoder_per_char/results/inputs/0028_11868.png,/home/ekim339/projects/SD3.5/experiments/glyph_encoder_per_char/results/generated/mask-0p0/char-2/0028.png
702,28,11868.png,lobar,ajtti,9.051829196169319,3031,0.0,2,t,100184,200070,ajtti,1.0,1.0,0.0,1.0,1.0,1.0,1.0,1.0,/home/ekim339/projects/SD3.5/experiments/glyph_encoder_per_char/results/inputs/0028_11868.png,/home/ekim339/projects/SD3.5/experiments/glyph_encoder_per_char/results/generated/mask-0p0/char-3/0028.png
703,28,11868.png,lobar,ajtti,9.051829196169319,3031,0.0,3,t,100185,200070,ajtti,1.0,1.0,0.0,1.0,1.0,1.0,1.0,1.0,/home/ekim339/projects/SD3.5/experiments/glyph_encoder_per_char/results/inputs/0028_11868.png,/home/ekim339/projects/SD3.5/experiments/glyph_encoder_per_char/results/generated/mask-0p0/char-4/0028.png
704,28,11868.png,lobar,ajtti,9.051829196169319,3031,0.0,4,i,100186,200070,ajtti,1.0,1.0,0.0,1.0,1.0,1.0,1.0,1.0,/home/ekim339/projects/SD3.5/experiments/glyph_encoder_per_char/results/inputs/0028_11868.png,/home/ekim339/projects/SD3.5/experiments/glyph_encoder_per_char/results/generated/mask-0p0/char-5/0028.png
705,28,11868.png,lobar,ajtti,9.051829196169319,3031,0.1,0,a,100182,200070,ajtti,1.0,1.0,0.0,1.0,1.0,1.0,1.0,1.0,/home/ekim339/projects/SD3.5/experiments/glyph_encoder_per_char/results/inputs/0028_11868.png,/home/ekim339/projects/SD3.5/experiments/glyph_encoder_per_char/results/generated/mask-0p1/char-1/0028.png
706,28,11868.png,lobar,ajtti,9.051829196169319,3031,0.1,1,j,100183,200070,ajtti,1.0,1.0,0.0,1.0,1.0,1.0,1.0,1.0,/home/ekim339/projects/SD3.5/experiments/glyph_encoder_per_char/results/inputs/0028_11868.png,/home/ekim339/projects/SD3.5/experiments/glyph_encoder_per_char/results/generated/mask-0p1/char-2/0028.png
707,28,11868.png,lobar,ajtti,9.051829196169319,3031,0.1,2,t,100184,200070,ajtti,1.0,1.0,0.0,1.0,1.0,1.0,1.0,1.0,/home/ekim339/projects/SD3.5/experiments/glyph_encoder_per_char/results/inputs/0028_11868.png,/home/ekim339/projects/SD3.5/experiments/glyph_encoder_per_char/results/generated/mask-0p1/char-3/0028.png
708,28,11868.png,lobar,ajtti,9.051829196169319,3031,0.1,3,t,100185,200070,ajtti,1.0,1.0,0.0,1.0,1.0,1.0,1.0,1.0,/home/ekim339/projects/SD3.5/experiments/glyph_encoder_per_char/results/inputs/0028_11868.png,/home/ekim339/projects/SD3.5/experiments/glyph_encoder_per_char/results/generated/mask-0p1/char-4/0028.png
709,28,11868.png,lobar,ajtti,9.051829196169319,3031,0.1,4,i,100186,200070,ajtti,1.0,1.0,0.0,1.0,1.0,1.0,1.0,1.0,/home/ekim339/projects/SD3.5/experiments/glyph_encoder_per_char/results/inputs/0028_11868.png,/home/ekim339/projects/SD3.5/experiments/glyph_encoder_per_char/results/generated/mask-0p1/char-5/0028.png
710,28,11868.png,lobar,ajtti,9.051829196169319,3031,0.3,0,a,100182,200070,ajtti,1.0,1.0,0.0,1.0,1.0,1.0,1.0,1.0,/home/ekim339/projects/SD3.5/experiments/glyph_encoder_per_char/results/inputs/0028_11868.png,/home/ekim339/projects/SD3.5/experiments/glyph_encoder_per_char/results/generated/mask-0p3/char-1/0028.png
711,28,11868.png,lobar,ajtti,9.051829196169319,3031,0.3,1,j,100183,200070,ajtt,0.0,0.8,0.2,1.0,1.0,1.0,1.0,0.0,/home/ekim339/projects/SD3.5/experiments/glyph_encoder_per_char/results/inputs/0028_11868.png,/home/ekim339/projects/SD3.5/experiments/glyph_encoder_per_char/results/generated/mask-0p3/char-2/0028.png
712,28,11868.png,lobar,ajtti,9.051829196169319,3031,0.3,2,t,100184,200070,ajtti,1.0,1.0,0.0,1.0,1.0,1.0,1.0,1.0,/home/ekim339/projects/SD3.5/experiments/glyph_encoder_per_char/results/inputs/0028_11868.png,/home/ekim339/projects/SD3.5/experiments/glyph_encoder_per_char/results/generated/mask-0p3/char-3/0028.png
713,28,11868.png,lobar,ajtti,9.051829196169319,3031,0.3,3,t,100185,200070,ajttii,0.0,0.8333333333333334,0.2,1.0,1.0,1.0,1.0,1.0,/home/ekim339/projects/SD3.5/experiments/glyph_encoder_per_char/results/inputs/0028_11868.png,/home/ekim339/projects/SD3.5/experiments/glyph_encoder_per_char/results/generated/mask-0p3/char-4/0028.png
714,28,11868.png,lobar,ajtti,9.051829196169319,3031,0.3,4,i,100186,200070,ajtti,1.0,1.0,0.0,1.0,1.0,1.0,1.0,1.0,/home/ekim339/projects/SD3.5/experiments/glyph_encoder_per_char/results/inputs/0028_11868.png,/home/ekim339/projects/SD3.5/experiments/glyph_encoder_per_char/results/generated/mask-0p3/char-5/0028.png
715,28,11868.png,lobar,ajtti,9.051829196169319,3031,0.5,0,a,100182,200070,gjtti,0.0,0.8,0.2,0.0,1.0,1.0,1.0,1.0,/home/ekim339/projects/SD3.5/experiments/glyph_encoder_per_char/results/inputs/0028_11868.png,/home/ekim339/projects/SD3.5/experiments/glyph_encoder_per_char/results/generated/mask-0p5/char-1/0028.png
716,28,11868.png,lobar,ajtti,9.051829196169319,3031,0.5,1,j,100183,200070,ajitti,0.0,0.8333333333333334,0.2,1.0,1.0,0.0,1.0,0.0,/home/ekim339/projects/SD3.5/experiments/glyph_encoder_per_char/results/inputs/0028_11868.png,/home/ekim339/projects/SD3.5/experiments/glyph_encoder_per_char/results/generated/mask-0p5/char-2/0028.png
717,28,11868.png,lobar,ajtti,9.051829196169319,3031,0.5,2,t,100184,200070,ajtti,1.0,1.0,0.0,1.0,1.0,1.0,1.0,1.0,/home/ekim339/projects/SD3.5/experiments/glyph_encoder_per_char/results/inputs/0028_11868.png,/home/ekim339/projects/SD3.5/experiments/glyph_encoder_per_char/results/generated/mask-0p5/char-3/0028.png
718,28,11868.png,lobar,ajtti,9.051829196169319,3031,0.5,3,t,100185,200070,ajttii,0.0,0.8333333333333334,0.2,1.0,1.0,1.0,1.0,1.0,/home/ekim339/projects/SD3.5/experiments/glyph_encoder_per_char/results/inputs/0028_11868.png,/home/ekim339/projects/SD3.5/experiments/glyph_encoder_per_char/results/generated/mask-0p5/char-4/0028.png
719,28,11868.png,lobar,ajtti,9.051829196169319,3031,0.5,4,i,100186,200070,gjtt,0.0,0.6,0.4,0.0,0.0,1.0,1.0,1.0,/home/ekim339/projects/SD3.5/experiments/glyph_encoder_per_char/results/inputs/0028_11868.png,/home/ekim339/projects/SD3.5/experiments/glyph_encoder_per_char/results/generated/mask-0p5/char-5/0028.png
720,28,11868.png,lobar,ajtti,9.051829196169319,3031,0.7,0,a,100182,200070,gjtti,0.0,0.8,0.2,0.0,1.0,1.0,1.0,1.0,/home/ekim339/projects/SD3.5/experiments/glyph_encoder_per_char/results/inputs/0028_11868.png,/home/ekim339/projects/SD3.5/experiments/glyph_encoder_per_char/results/generated/mask-0p7/char-1/0028.png
721,28,11868.png,lobar,ajtti,9.051829196169319,3031,0.7,1,j,100183,200070,aliti,0.0,0.6,0.4,0.0,1.0,0.0,1.0,1.0,/home/ekim339/projects/SD3.5/experiments/glyph_encoder_per_char/results/inputs/0028_11868.png,/home/ekim339/projects/SD3.5/experiments/glyph_encoder_per_char/results/generated/mask-0p7/char-2/0028.png
722,28,11868.png,lobar,ajtti,9.051829196169319,3031,0.7,2,t,100184,200070,ajitt,0.0,0.6,0.4,0.0,1.0,1.0,1.0,0.0,/home/ekim339/projects/SD3.5/experiments/glyph_encoder_per_char/results/inputs/0028_11868.png,/home/ekim339/projects/SD3.5/experiments/glyph_encoder_per_char/results/generated/mask-0p7/char-3/0028.png
723,28,11868.png,lobar,ajtti,9.051829196169319,3031,0.7,3,t,100185,200070,ajttii,0.0,0.8333333333333334,0.2,1.0,1.0,1.0,1.0,1.0,/home/ekim339/projects/SD3.5/experiments/glyph_encoder_per_char/results/inputs/0028_11868.png,/home/ekim339/projects/SD3.5/experiments/glyph_encoder_per_char/results/generated/mask-0p7/char-4/0028.png
724,28,11868.png,lobar,ajtti,9.051829196169319,3031,0.7,4,i,100186,200070,gjtt,0.0,0.6,0.4,0.0,0.0,1.0,1.0,1.0,/home/ekim339/projects/SD3.5/experiments/glyph_encoder_per_char/results/inputs/0028_11868.png,/home/ekim339/projects/SD3.5/experiments/glyph_encoder_per_char/results/generated/mask-0p7/char-5/0028.png
725,29,47964.png,allyl,xunrs,3.3754354515597766,3032,0.0,0,x,100187,200071,xunrs,1.0,1.0,0.0,1.0,1.0,1.0,1.0,1.0,/home/ekim339/projects/SD3.5/experiments/glyph_encoder_per_char/results/inputs/0029_47964.png,/home/ekim339/projects/SD3.5/experiments/glyph_encoder_per_char/results/generated/mask-0p0/char-1/0029.png
726,29,47964.png,allyl,xunrs,3.3754354515597766,3032,0.0,1,u,100188,200071,xunrs,1.0,1.0,0.0,1.0,1.0,1.0,1.0,1.0,/home/ekim339/projects/SD3.5/experiments/glyph_encoder_per_char/results/inputs/0029_47964.png,/home/ekim339/projects/SD3.5/experiments/glyph_encoder_per_char/results/generated/mask-0p0/char-2/0029.png
727,29,47964.png,allyl,xunrs,3.3754354515597766,3032,0.0,2,n,100189,200071,xunrs,1.0,1.0,0.0,1.0,1.0,1.0,1.0,1.0,/home/ekim339/projects/SD3.5/experiments/glyph_encoder_per_char/results/inputs/0029_47964.png,/home/ekim339/projects/SD3.5/experiments/glyph_encoder_per_char/results/generated/mask-0p0/char-3/0029.png
728,29,47964.png,allyl,xunrs,3.3754354515597766,3032,0.0,3,r,100190,200071,xunrs,1.0,1.0,0.0,1.0,1.0,1.0,1.0,1.0,/home/ekim339/projects/SD3.5/experiments/glyph_encoder_per_char/results/inputs/0029_47964.png,/home/ekim339/projects/SD3.5/experiments/glyph_encoder_per_char/results/generated/mask-0p0/char-4/0029.png
729,29,47964.png,allyl,xunrs,3.3754354515597766,3032,0.0,4,s,100191,200071,xunrs,1.0,1.0,0.0,1.0,1.0,1.0,1.0,1.0,/home/ekim339/projects/SD3.5/experiments/glyph_encoder_per_char/results/inputs/0029_47964.png,/home/ekim339/projects/SD3.5/experiments/glyph_encoder_per_char/results/generated/mask-0p0/char-5/0029.png
730,29,47964.png,allyl,xunrs,3.3754354515597766,3032,0.1,0,x,100187,200071,xunrs,1.0,1.0,0.0,1.0,1.0,1.0,1.0,1.0,/home/ekim339/projects/SD3.5/experiments/glyph_encoder_per_char/results/inputs/0029_47964.png,/home/ekim339/projects/SD3.5/experiments/glyph_encoder_per_char/results/generated/mask-0p1/char-1/0029.png
731,29,47964.png,allyl,xunrs,3.3754354515597766,3032,0.1,1,u,100188,200071,xunrs,1.0,1.0,0.0,1.0,1.0,1.0,1.0,1.0,/home/ekim339/projects/SD3.5/experiments/glyph_encoder_per_char/results/inputs/0029_47964.png,/home/ekim339/projects/SD3.5/experiments/glyph_encoder_per_char/results/generated/mask-0p1/char-2/0029.png
732,29,47964.png,allyl,xunrs,3.3754354515597766,3032,0.1,2,n,100189,200071,xunrs,1.0,1.0,0.0,1.0,1.0,1.0,1.0,1.0,/home/ekim339/projects/SD3.5/experiments/glyph_encoder_per_char/results/inputs/0029_47964.png,/home/ekim339/projects/SD3.5/experiments/glyph_encoder_per_char/results/generated/mask-0p1/char-3/0029.png
733,29,47964.png,allyl,xunrs,3.3754354515597766,3032,0.1,3,r,100190,200071,xunrs,1.0,1.0,0.0,1.0,1.0,1.0,1.0,1.0,/home/ekim339/projects/SD3.5/experiments/glyph_encoder_per_char/results/inputs/0029_47964.png,/home/ekim339/projects/SD3.5/experiments/glyph_encoder_per_char/results/generated/mask-0p1/char-4/0029.png
734,29,47964.png,allyl,xunrs,3.3754354515597766,3032,0.1,4,s,100191,200071,xunrs,1.0,1.0,0.0,1.0,1.0,1.0,1.0,1.0,/home/ekim339/projects/SD3.5/experiments/glyph_encoder_per_char/results/inputs/0029_47964.png,/home/ekim339/projects/SD3.5/experiments/glyph_encoder_per_char/results/generated/mask-0p1/char-5/0029.png
735,29,47964.png,allyl,xunrs,3.3754354515597766,3032,0.3,0,x,100187,200071,uunrs,0.0,0.8,0.2,0.0,1.0,1.0,1.0,1.0,/home/ekim339/projects/SD3.5/experiments/glyph_encoder_per_char/results/inputs/0029_47964.png,/home/ekim339/projects/SD3.5/experiments/glyph_encoder_per_char/results/generated/mask-0p3/char-1/0029.png
736,29,47964.png,allyl,xunrs,3.3754354515597766,3032,0.3,1,u,100188,200071,xunrs,1.0,1.0,0.0,1.0,1.0,1.0,1.0,1.0,/home/ekim339/projects/SD3.5/experiments/glyph_encoder_per_char/results/inputs/0029_47964.png,/home/ekim339/projects/SD3.5/experiments/glyph_encoder_per_char/results/generated/mask-0p3/char-2/0029.png
737,29,47964.png,allyl,xunrs,3.3754354515597766,3032,0.3,2,n,100189,200071,xulirs,0.0,0.6666666666666667,0.4,0.0,1.0,1.0,0.0,0.0,/home/ekim339/projects/SD3.5/experiments/glyph_encoder_per_char/results/inputs/0029_47964.png,/home/ekim339/projects/SD3.5/experiments/glyph_encoder_per_char/results/generated/mask-0p3/char-3/0029.png
738,29,47964.png,allyl,xunrs,3.3754354515597766,3032,0.3,3,r,100190,200071,xunrs,1.0,1.0,0.0,1.0,1.0,1.0,1.0,1.0,/home/ekim339/projects/SD3.5/experiments/glyph_encoder_per_char/results/inputs/0029_47964.png,/home/ekim339/projects/SD3.5/experiments/glyph_encoder_per_char/results/generated/mask-0p3/char-4/0029.png
739,29,47964.png,allyl,xunrs,3.3754354515597766,3032,0.3,4,s,100191,200071,xunr,0.0,0.8,0.2,0.0,1.0,1.0,1.0,1.0,/home/ekim339/projects/SD3.5/experiments/glyph_encoder_per_char/results/inputs/0029_47964.png,/home/ekim339/projects/SD3.5/experiments/glyph_encoder_per_char/results/generated/mask-0p3/char-5/0029.png
740,29,47964.png,allyl,xunrs,3.3754354515597766,3032,0.5,0,x,100187,200071,uunrs,0.0,0.8,0.2,0.0,1.0,1.0,1.0,1.0,/home/ekim339/projects/SD3.5/experiments/glyph_encoder_per_char/results/inputs/0029_47964.png,/home/ekim339/projects/SD3.5/experiments/glyph_encoder_per_char/results/generated/mask-0p5/char-1/0029.png
741,29,47964.png,allyl,xunrs,3.3754354515597766,3032,0.5,1,u,100188,200071,xunrs,1.0,1.0,0.0,1.0,1.0,1.0,1.0,1.0,/home/ekim339/projects/SD3.5/experiments/glyph_encoder_per_char/results/inputs/0029_47964.png,/home/ekim339/projects/SD3.5/experiments/glyph_encoder_per_char/results/generated/mask-0p5/char-2/0029.png
742,29,47964.png,allyl,xunrs,3.3754354515597766,3032,0.5,2,n,100189,200071,xurrs,0.0,0.8,0.2,0.0,1.0,1.0,1.0,1.0,/home/ekim339/projects/SD3.5/experiments/glyph_encoder_per_char/results/inputs/0029_47964.png,/home/ekim339/projects/SD3.5/experiments/glyph_encoder_per_char/results/generated/mask-0p5/char-3/0029.png
743,29,47964.png,allyl,xunrs,3.3754354515597766,3032,0.5,3,r,100190,200071,yuns,0.0,0.6,0.4,0.0,0.0,1.0,1.0,0.0,/home/ekim339/projects/SD3.5/experiments/glyph_encoder_per_char/results/inputs/0029_47964.png,/home/ekim339/projects/SD3.5/experiments/glyph_encoder_per_char/results/generated/mask-0p5/char-4/0029.png
744,29,47964.png,allyl,xunrs,3.3754354515597766,3032,0.5,4,s,100191,200071,xunr,0.0,0.8,0.2,0.0,1.0,1.0,1.0,1.0,/home/ekim339/projects/SD3.5/experiments/glyph_encoder_per_char/results/inputs/0029_47964.png,/home/ekim339/projects/SD3.5/experiments/glyph_encoder_per_char/results/generated/mask-0p5/char-5/0029.png
745,29,47964.png,allyl,xunrs,3.3754354515597766,3032,0.7,0,x,100187,200071,uunrs,0.0,0.8,0.2,0.0,1.0,1.0,1.0,1.0,/home/ekim339/projects/SD3.5/experiments/glyph_encoder_per_char/results/inputs/0029_47964.png,/home/ekim339/projects/SD3.5/experiments/glyph_encoder_per_char/results/generated/mask-0p7/char-1/0029.png
746,29,47964.png,allyl,xunrs,3.3754354515597766,3032,0.7,1,u,100188,200071,xunrs,1.0,1.0,0.0,1.0,1.0,1.0,1.0,1.0,/home/ekim339/projects/SD3.5/experiments/glyph_encoder_per_char/results/inputs/0029_47964.png,/home/ekim339/projects/SD3.5/experiments/glyph_encoder_per_char/results/generated/mask-0p7/char-2/0029.png
747,29,47964.png,allyl,xunrs,3.3754354515597766,3032,0.7,2,n,100189,200071,xurrs,0.0,0.8,0.2,0.0,1.0,1.0,1.0,1.0,/home/ekim339/projects/SD3.5/experiments/glyph_encoder_per_char/results/inputs/0029_47964.png,/home/ekim339/projects/SD3.5/experiments/glyph_encoder_per_char/results/generated/mask-0p7/char-3/0029.png
748,29,47964.png,allyl,xunrs,3.3754354515597766,3032,0.7,3,r,100190,200071,xuns,0.0,0.8,0.2,0.0,1.0,1.0,1.0,0.0,/home/ekim339/projects/SD3.5/experiments/glyph_encoder_per_char/results/inputs/0029_47964.png,/home/ekim339/projects/SD3.5/experiments/glyph_encoder_per_char/results/generated/mask-0p7/char-4/0029.png
749,29,47964.png,allyl,xunrs,3.3754354515597766,3032,0.7,4,s,100191,200071,xunr,0.0,0.8,0.2,0.0,1.0,1.0,1.0,1.0,/home/ekim339/projects/SD3.5/experiments/glyph_encoder_per_char/results/inputs/0029_47964.png,/home/ekim339/projects/SD3.5/experiments/glyph_encoder_per_char/results/generated/mask-0p7/char-5/0029.png
750,30,24051.png,chise,8rc3k,4.156712222064414,3033,0.0,0,8,100192,200072,breok,0.0,0.4,0.6,0.0,1.0,0.0,0.0,1.0,/home/ekim339/projects/SD3.5/experiments/glyph_encoder_per_char/results/inputs/0030_24051.png,/home/ekim339/projects/SD3.5/experiments/glyph_encoder_per_char/results/generated/mask-0p0/char-1/0030.png
751,30,24051.png,chise,8rc3k,4.156712222064414,3033,0.0,1,r,100193,200072,breok,0.0,0.4,0.6,1.0,0.0,0.0,0.0,1.0,/home/ekim339/projects/SD3.5/experiments/glyph_encoder_per_char/results/inputs/0030_24051.png,/home/ekim339/projects/SD3.5/experiments/glyph_encoder_per_char/results/generated/mask-0p0/char-2/0030.png
752,30,24051.png,chise,8rc3k,4.156712222064414,3033,0.0,2,c,100194,200072,breok,0.0,0.4,0.6,0.0,0.0,1.0,0.0,1.0,/home/ekim339/projects/SD3.5/experiments/glyph_encoder_per_char/results/inputs/0030_24051.png,/home/ekim339/projects/SD3.5/experiments/glyph_encoder_per_char/results/generated/mask-0p0/char-3/0030.png
753,30,24051.png,chise,8rc3k,4.156712222064414,3033,0.0,3,3,100195,200072,breok,0.0,0.4,0.6,0.0,0.0,1.0,0.0,1.0,/home/ekim339/projects/SD3.5/experiments/glyph_encoder_per_char/results/inputs/0030_24051.png,/home/ekim339/projects/SD3.5/experiments/glyph_encoder_per_char/results/generated/mask-0p0/char-4/0030.png
754,30,24051.png,chise,8rc3k,4.156712222064414,3033,0.0,4,k,100196,200072,breok,0.0,0.4,0.6,1.0,0.0,1.0,0.0,0.0,/home/ekim339/projects/SD3.5/experiments/glyph_encoder_per_char/results/inputs/0030_24051.png,/home/ekim339/projects/SD3.5/experiments/glyph_encoder_per_char/results/generated/mask-0p0/char-5/0030.png
755,30,24051.png,chise,8rc3k,4.156712222064414,3033,0.1,0,8,100192,200072,srcsk,0.0,0.6,0.4,0.0,1.0,1.0,0.0,1.0,/home/ekim339/projects/SD3.5/experiments/glyph_encoder_per_char/results/inputs/0030_24051.png,/home/ekim339/projects/SD3.5/experiments/glyph_encoder_per_char/results/generated/mask-0p1/char-1/0030.png
756,30,24051.png,chise,8rc3k,4.156712222064414,3033,0.1,1,r,100193,200072,8rcsk,0.0,0.8,0.2,1.0,1.0,1.0,0.0,1.0,/home/ekim339/projects/SD3.5/experiments/glyph_encoder_per_char/results/inputs/0030_24051.png,/home/ekim339/projects/SD3.5/experiments/glyph_encoder_per_char/results/generated/mask-0p1/char-2/0030.png
757,30,24051.png,chise,8rc3k,4.156712222064414,3033,0.1,2,c,100194,200072,srcsk,0.0,0.6,0.4,1.0,0.0,1.0,0.0,1.0,/home/ekim339/projects/SD3.5/experiments/glyph_encoder_per_char/results/inputs/0030_24051.png,/home/ekim339/projects/SD3.5/experiments/glyph_encoder_per_char/results/generated/mask-0p1/char-3/0030.png
758,30,24051.png,chise,8rc3k,4.156712222064414,3033,0.1,3,3,100195,200072,sreak,0.0,0.4,0.6,0.0,0.0,1.0,0.0,1.0,/home/ekim339/projects/SD3.5/experiments/glyph_encoder_per_char/results/inputs/0030_24051.png,/home/ekim339/projects/SD3.5/experiments/glyph_encoder_per_char/results/generated/mask-0p1/char-4/0030.png
759,30,24051.png,chise,8rc3k,4.156712222064414,3033,0.1,4,k,100196,200072,srenk,0.0,0.4,0.6,1.0,0.0,1.0,0.0,0.0,/home/ekim339/projects/SD3.5/experiments/glyph_encoder_per_char/results/inputs/0030_24051.png,/home/ekim339/projects/SD3.5/experiments/glyph_encoder_per_char/results/generated/mask-0p1/char-5/0030.png
760,30,24051.png,chise,8rc3k,4.156712222064414,3033,0.3,0,8,100192,200072,sreok,0.0,0.4,0.6,0.0,1.0,0.0,0.0,1.0,/home/ekim339/projects/SD3.5/experiments/glyph_encoder_per_char/results/inputs/0030_24051.png,/home/ekim339/projects/SD3.5/experiments/glyph_encoder_per_char/results/generated/mask-0p3/char-1/0030.png
761,30,24051.png,chise,8rc3k,4.156712222064414,3033,0.3,1,r,100193,200072,srcsk,0.0,0.6,0.4,1.0,0.0,1.0,0.0,1.0,/home/ekim339/projects/SD3.5/experiments/glyph_encoder_per_char/results/inputs/0030_24051.png,/home/ekim339/projects/SD3.5/experiments/glyph_encoder_per_char/results/generated/mask-0p3/char-2/0030.png
762,30,24051.png,chise,8rc3k,4.156712222064414,3033,0.3,2,c,100194,200072,srcsk,0.0,0.6,0.4,1.0,0.0,1.0,0.0,1.0,/home/ekim339/projects/SD3.5/experiments/glyph_encoder_per_char/results/inputs/0030_24051.png,/home/ekim339/projects/SD3.5/experiments/glyph_encoder_per_char/results/generated/mask-0p3/char-3/0030.png
763,30,24051.png,chise,8rc3k,4.156712222064414,3033,0.3,3,3,100195,200072,breck,0.0,0.4,0.6,0.0,0.0,1.0,0.0,1.0,/home/ekim339/projects/SD3.5/experiments/glyph_encoder_per_char/results/inputs/0030_24051.png,/home/ekim339/projects/SD3.5/experiments/glyph_encoder_per_char/results/generated/mask-0p3/char-4/0030.png
764,30,24051.png,chise,8rc3k,4.156712222064414,3033,0.3,4,k,100196,200072,stcnk,0.0,0.4,0.6,1.0,0.0,0.0,1.0,0.0,/home/ekim339/projects/SD3.5/experiments/glyph_encoder_per_char/results/inputs/0030_24051.png,/home/ekim339/projects/SD3.5/experiments/glyph_encoder_per_char/results/generated/mask-0p3/char-5/0030.png
765,30,24051.png,chise,8rc3k,4.156712222064414,3033,0.5,0,8,100192,200072,rrcok,0.0,0.6,0.4,0.0,1.0,1.0,0.0,1.0,/home/ekim339/projects/SD3.5/experiments/glyph_encoder_per_char/results/inputs/0030_24051.png,/home/ekim339/projects/SD3.5/experiments/glyph_encoder_per_char/results/generated/mask-0p5/char-1/0030.png
766,30,24051.png,chise,8rc3k,4.156712222064414,3033,0.5,1,r,100193,200072,srcsk,0.0,0.6,0.4,1.0,0.0,1.0,0.0,1.0,/home/ekim339/projects/SD3.5/experiments/glyph_encoder_per_char/results/inputs/0030_24051.png,/home/ekim339/projects/SD3.5/experiments/glyph_encoder_per_char/results/generated/mask-0p5/char-2/0030.png
767,30,24051.png,chise,8rc3k,4.156712222064414,3033,0.5,2,c,100194,200072,srusk,0.0,0.4,0.6,0.0,0.0,1.0,0.0,1.0,/home/ekim339/projects/SD3.5/experiments/glyph_encoder_per_char/results/inputs/0030_24051.png,/home/ekim339/projects/SD3.5/experiments/glyph_encoder_per_char/results/generated/mask-0p5/char-3/0030.png
768,30,24051.png,chise,8rc3k,4.156712222064414,3033,0.5,3,3,100195,200072,sreck,0.0,0.4,0.6,0.0,0.0,1.0,0.0,1.0,/home/ekim339/projects/SD3.5/experiments/glyph_encoder_per_char/results/inputs/0030_24051.png,/home/ekim339/projects/SD3.5/experiments/glyph_encoder_per_char/results/generated/mask-0p5/char-4/0030.png
769,30,24051.png,chise,8rc3k,4.156712222064414,3033,0.5,4,k,100196,200072,srcb,0.0,0.4,0.6,0.0,0.0,1.0,1.0,0.0,/home/ekim339/projects/SD3.5/experiments/glyph_encoder_per_char/results/inputs/0030_24051.png,/home/ekim339/projects/SD3.5/experiments/glyph_encoder_per_char/results/generated/mask-0p5/char-5/0030.png
770,30,24051.png,chise,8rc3k,4.156712222064414,3033,0.7,0,8,100192,200072,rrcok,0.0,0.6,0.4,0.0,1.0,1.0,0.0,1.0,/home/ekim339/projects/SD3.5/experiments/glyph_encoder_per_char/results/inputs/0030_24051.png,/home/ekim339/projects/SD3.5/experiments/glyph_encoder_per_char/results/generated/mask-0p7/char-1/0030.png
771,30,24051.png,chise,8rc3k,4.156712222064414,3033,0.7,1,r,100193,200072,sncsk,0.0,0.4,0.6,0.0,0.0,1.0,0.0,1.0,/home/ekim339/projects/SD3.5/experiments/glyph_encoder_per_char/results/inputs/0030_24051.png,/home/ekim339/projects/SD3.5/experiments/glyph_encoder_per_char/results/generated/mask-0p7/char-2/0030.png
772,30,24051.png,chise,8rc3k,4.156712222064414,3033,0.7,2,c,100194,200072,brrsk,0.0,0.4,0.6,0.0,0.0,1.0,0.0,1.0,/home/ekim339/projects/SD3.5/experiments/glyph_encoder_per_char/results/inputs/0030_24051.png,/home/ekim339/projects/SD3.5/experiments/glyph_encoder_per_char/results/generated/mask-0p7/char-3/0030.png
773,30,24051.png,chise,8rc3k,4.156712222064414,3033,0.7,3,3,100195,200072,sreck,0.0,0.4,0.6,0.0,0.0,1.0,0.0,1.0,/home/ekim339/projects/SD3.5/experiments/glyph_encoder_per_char/results/inputs/0030_24051.png,/home/ekim339/projects/SD3.5/experiments/glyph_encoder_per_char/results/generated/mask-0p7/char-4/0030.png
774,30,24051.png,chise,8rc3k,4.156712222064414,3033,0.7,4,k,100196,200072,srch,0.0,0.4,0.6,0.0,0.0,1.0,1.0,0.0,/home/ekim339/projects/SD3.5/experiments/glyph_encoder_per_char/results/inputs/0030_24051.png,/home/ekim339/projects/SD3.5/experiments/glyph_encoder_per_char/results/generated/mask-0p7/char-5/0030.png
775,31,19612.png,flict,ze0a5,7.650956648185359,3034,0.0,0,z,100197,200073,zeoas,0.0,0.6,0.4,1.0,1.0,0.0,1.0,0.0,/home/ekim339/projects/SD3.5/experiments/glyph_encoder_per_char/results/inputs/0031_19612.png,/home/ekim339/projects/SD3.5/experiments/glyph_encoder_per_char/results/generated/mask-0p0/char-1/0031.png
776,31,19612.png,flict,ze0a5,7.650956648185359,3034,0.0,1,e,100198,200073,zeoas,0.0,0.6,0.4,1.0,1.0,0.0,1.0,0.0,/home/ekim339/projects/SD3.5/experiments/glyph_encoder_per_char/results/inputs/0031_19612.png,/home/ekim339/projects/SD3.5/experiments/glyph_encoder_per_char/results/generated/mask-0p0/char-2/0031.png
777,31,19612.png,flict,ze0a5,7.650956648185359,3034,0.0,2,0,100199,200073,zeoas,0.0,0.6,0.4,0.0,1.0,1.0,1.0,0.0,/home/ekim339/projects/SD3.5/experiments/glyph_encoder_per_char/results/inputs/0031_19612.png,/home/ekim339/projects/SD3.5/experiments/glyph_encoder_per_char/results/generated/mask-0p0/char-3/0031.png
778,31,19612.png,flict,ze0a5,7.650956648185359,3034,0.0,3,a,100200,200073,zeoas,0.0,0.6,0.4,1.0,1.0,1.0,0.0,0.0,/home/ekim339/projects/SD3.5/experiments/glyph_encoder_per_char/results/inputs/0031_19612.png,/home/ekim339/projects/SD3.5/experiments/glyph_encoder_per_char/results/generated/mask-0p0/char-4/0031.png
779,31,19612.png,flict,ze0a5,7.650956648185359,3034,0.0,4,5,100201,200073,zeoas,0.0,0.6,0.4,0.0,1.0,1.0,0.0,1.0,/home/ekim339/projects/SD3.5/experiments/glyph_encoder_per_char/results/inputs/0031_19612.png,/home/ekim339/projects/SD3.5/experiments/glyph_encoder_per_char/results/generated/mask-0p0/char-5/0031.png
780,31,19612.png,flict,ze0a5,7.650956648185359,3034,0.1,0,z,100197,200073,zeoas,0.0,0.6,0.4,1.0,1.0,0.0,1.0,0.0,/home/ekim339/projects/SD3.5/experiments/glyph_encoder_per_char/results/inputs/0031_19612.png,/home/ekim339/projects/SD3.5/experiments/glyph_encoder_per_char/results/generated/mask-0p1/char-1/0031.png
781,31,19612.png,flict,ze0a5,7.650956648185359,3034,0.1,1,e,100198,200073,zeoas,0.0,0.6,0.4,1.0,1.0,0.0,1.0,0.0,/home/ekim339/projects/SD3.5/experiments/glyph_encoder_per_char/results/inputs/0031_19612.png,/home/ekim339/projects/SD3.5/experiments/glyph_encoder_per_char/results/generated/mask-0p1/char-2/0031.png
782,31,19612.png,flict,ze0a5,7.650956648185359,3034,0.1,2,0,100199,200073,zeoas,0.0,0.6,0.4,0.0,1.0,1.0,1.0,0.0,/home/ekim339/projects/SD3.5/experiments/glyph_encoder_per_char/results/inputs/0031_19612.png,/home/ekim339/projects/SD3.5/experiments/glyph_encoder_per_char/results/generated/mask-0p1/char-3/0031.png
783,31,19612.png,flict,ze0a5,7.650956648185359,3034,0.1,3,a,100200,200073,zeoas,0.0,0.6,0.4,1.0,1.0,1.0,0.0,0.0,/home/ekim339/projects/SD3.5/experiments/glyph_encoder_per_char/results/inputs/0031_19612.png,/home/ekim339/projects/SD3.5/experiments/glyph_encoder_per_char/results/generated/mask-0p1/char-4/0031.png
784,31,19612.png,flict,ze0a5,7.650956648185359,3034,0.1,4,5,100201,200073,zeoas,0.0,0.6,0.4,0.0,1.0,1.0,0.0,1.0,/home/ekim339/projects/SD3.5/experiments/glyph_encoder_per_char/results/inputs/0031_19612.png,/home/ekim339/projects/SD3.5/experiments/glyph_encoder_per_char/results/generated/mask-0p1/char-5/0031.png
785,31,19612.png,flict,ze0a5,7.650956648185359,3034,0.3,0,z,100197,200073,zeoas,0.0,0.6,0.4,1.0,1.0,0.0,1.0,0.0,/home/ekim339/projects/SD3.5/experiments/glyph_encoder_per_char/results/inputs/0031_19612.png,/home/ekim339/projects/SD3.5/experiments/glyph_encoder_per_char/results/generated/mask-0p3/char-1/0031.png
786,31,19612.png,flict,ze0a5,7.650956648185359,3034,0.3,1,e,100198,200073,zeoas,0.0,0.6,0.4,1.0,1.0,0.0,1.0,0.0,/home/ekim339/projects/SD3.5/experiments/glyph_encoder_per_char/results/inputs/0031_19612.png,/home/ekim339/projects/SD3.5/experiments/glyph_encoder_per_char/results/generated/mask-0p3/char-2/0031.png
787,31,19612.png,flict,ze0a5,7.650956648185359,3034,0.3,2,0,100199,200073,zeaas,0.0,0.6,0.4,0.0,1.0,1.0,1.0,0.0,/home/ekim339/projects/SD3.5/experiments/glyph_encoder_per_char/results/inputs/0031_19612.png,/home/ekim339/projects/SD3.5/experiments/glyph_encoder_per_char/results/generated/mask-0p3/char-3/0031.png
788,31,19612.png,flict,ze0a5,7.650956648185359,3034,0.3,3,a,100200,200073,zeans,0.0,0.4,0.6,0.0,1.0,1.0,0.0,0.0,/home/ekim339/projects/SD3.5/experiments/glyph_encoder_per_char/results/inputs/0031_19612.png,/home/ekim339/projects/SD3.5/experiments/glyph_encoder_per_char/results/generated/mask-0p3/char-4/0031.png
789,31,19612.png,flict,ze0a5,7.650956648185359,3034,0.3,4,5,100201,200073,zeoas,0.0,0.6,0.4,0.0,1.0,1.0,0.0,1.0,/home/ekim339/projects/SD3.5/experiments/glyph_encoder_per_char/results/inputs/0031_19612.png,/home/ekim339/projects/SD3.5/experiments/glyph_encoder_per_char/results/generated/mask-0p3/char-5/0031.png
790,31,19612.png,flict,ze0a5,7.650956648185359,3034,0.5,0,z,100197,200073,zeoas,0.0,0.6,0.4,1.0,1.0,0.0,1.0,0.0,/home/ekim339/projects/SD3.5/experiments/glyph_encoder_per_char/results/inputs/0031_19612.png,/home/ekim339/projects/SD3.5/experiments/glyph_encoder_per_char/results/generated/mask-0p5/char-1/0031.png
791,31,19612.png,flict,ze0a5,7.650956648185359,3034,0.5,1,e,100198,200073,zeoas,0.0,0.6,0.4,1.0,1.0,0.0,1.0,0.0,/home/ekim339/projects/SD3.5/experiments/glyph_encoder_per_char/results/inputs/0031_19612.png,/home/ekim339/projects/SD3.5/experiments/glyph_encoder_per_char/results/generated/mask-0p5/char-2/0031.png
792,31,19612.png,flict,ze0a5,7.650956648185359,3034,0.5,2,0,100199,200073,zeaas,0.0,0.6,0.4,0.0,1.0,1.0,1.0,0.0,/home/ekim339/projects/SD3.5/experiments/glyph_encoder_per_char/results/inputs/0031_19612.png,/home/ekim339/projects/SD3.5/experiments/glyph_encoder_per_char/results/generated/mask-0p5/char-3/0031.png
793,31,19612.png,flict,ze0a5,7.650956648185359,3034,0.5,3,a,100200,200073,zeats,0.0,0.4,0.6,0.0,1.0,1.0,0.0,0.0,/home/ekim339/projects/SD3.5/experiments/glyph_encoder_per_char/results/inputs/0031_19612.png,/home/ekim339/projects/SD3.5/experiments/glyph_encoder_per_char/results/generated/mask-0p5/char-4/0031.png
794,31,19612.png,flict,ze0a5,7.650956648185359,3034,0.5,4,5,100201,200073,zeoas,0.0,0.6,0.4,0.0,1.0,1.0,0.0,1.0,/home/ekim339/projects/SD3.5/experiments/glyph_encoder_per_char/results/inputs/0031_19612.png,/home/ekim339/projects/SD3.5/experiments/glyph_encoder_per_char/results/generated/mask-0p5/char-5/0031.png
795,31,19612.png,flict,ze0a5,7.650956648185359,3034,0.7,0,z,100197,200073,zeoas,0.0,0.6,0.4,1.0,1.0,0.0,1.0,0.0,/home/ekim339/projects/SD3.5/experiments/glyph_encoder_per_char/results/inputs/0031_19612.png,/home/ekim339/projects/SD3.5/experiments/glyph_encoder_per_char/results/generated/mask-0p7/char-1/0031.png
796,31,19612.png,flict,ze0a5,7.650956648185359,3034,0.7,1,e,100198,200073,zroas,0.0,0.4,0.6,0.0,1.0,0.0,1.0,0.0,/home/ekim339/projects/SD3.5/experiments/glyph_encoder_per_char/results/inputs/0031_19612.png,/home/ekim339/projects/SD3.5/experiments/glyph_encoder_per_char/results/generated/mask-0p7/char-2/0031.png
797,31,19612.png,flict,ze0a5,7.650956648185359,3034,0.7,2,0,100199,200073,zeaas,0.0,0.6,0.4,0.0,1.0,1.0,1.0,0.0,/home/ekim339/projects/SD3.5/experiments/glyph_encoder_per_char/results/inputs/0031_19612.png,/home/ekim339/projects/SD3.5/experiments/glyph_encoder_per_char/results/generated/mask-0p7/char-3/0031.png
798,31,19612.png,flict,ze0a5,7.650956648185359,3034,0.7,3,a,100200,200073,zeats,0.0,0.4,0.6,0.0,1.0,1.0,0.0,0.0,/home/ekim339/projects/SD3.5/experiments/glyph_encoder_per_char/results/inputs/0031_19612.png,/home/ekim339/projects/SD3.5/experiments/glyph_encoder_per_char/results/generated/mask-0p7/char-4/0031.png
799,31,19612.png,flict,ze0a5,7.650956648185359,3034,0.7,4,5,100201,200073,zeoas,0.0,0.6,0.4,0.0,1.0,1.0,0.0,1.0,/home/ekim339/projects/SD3.5/experiments/glyph_encoder_per_char/results/inputs/0031_19612.png,/home/ekim339/projects/SD3.5/experiments/glyph_encoder_per_char/results/generated/mask-0p7/char-5/0031.png
800,32,41118.png,oxter,bldpf,2.251488411069799,3035,0.0,0,b,100202,200074,bldpf,1.0,1.0,0.0,1.0,1.0,1.0,1.0,1.0,/home/ekim339/projects/SD3.5/experiments/glyph_encoder_per_char/results/inputs/0032_41118.png,/home/ekim339/projects/SD3.5/experiments/glyph_encoder_per_char/results/generated/mask-0p0/char-1/0032.png
801,32,41118.png,oxter,bldpf,2.251488411069799,3035,0.0,1,l,100203,200074,bldpf,1.0,1.0,0.0,1.0,1.0,1.0,1.0,1.0,/home/ekim339/projects/SD3.5/experiments/glyph_encoder_per_char/results/inputs/0032_41118.png,/home/ekim339/projects/SD3.5/experiments/glyph_encoder_per_char/results/generated/mask-0p0/char-2/0032.png
802,32,41118.png,oxter,bldpf,2.251488411069799,3035,0.0,2,d,100204,200074,bldpf,1.0,1.0,0.0,1.0,1.0,1.0,1.0,1.0,/home/ekim339/projects/SD3.5/experiments/glyph_encoder_per_char/results/inputs/0032_41118.png,/home/ekim339/projects/SD3.5/experiments/glyph_encoder_per_char/results/generated/mask-0p0/char-3/0032.png
803,32,41118.png,oxter,bldpf,2.251488411069799,3035,0.0,3,p,100205,200074,bldpf,1.0,1.0,0.0,1.0,1.0,1.0,1.0,1.0,/home/ekim339/projects/SD3.5/experiments/glyph_encoder_per_char/results/inputs/0032_41118.png,/home/ekim339/projects/SD3.5/experiments/glyph_encoder_per_char/results/generated/mask-0p0/char-4/0032.png
804,32,41118.png,oxter,bldpf,2.251488411069799,3035,0.0,4,f,100206,200074,bldpf,1.0,1.0,0.0,1.0,1.0,1.0,1.0,1.0,/home/ekim339/projects/SD3.5/experiments/glyph_encoder_per_char/results/inputs/0032_41118.png,/home/ekim339/projects/SD3.5/experiments/glyph_encoder_per_char/results/generated/mask-0p0/char-5/0032.png
805,32,41118.png,oxter,bldpf,2.251488411069799,3035,0.1,0,b,100202,200074,bldpf,1.0,1.0,0.0,1.0,1.0,1.0,1.0,1.0,/home/ekim339/projects/SD3.5/experiments/glyph_encoder_per_char/results/inputs/0032_41118.png,/home/ekim339/projects/SD3.5/experiments/glyph_encoder_per_char/results/generated/mask-0p1/char-1/0032.png
806,32,41118.png,oxter,bldpf,2.251488411069799,3035,0.1,1,l,100203,200074,bldpf,1.0,1.0,0.0,1.0,1.0,1.0,1.0,1.0,/home/ekim339/projects/SD3.5/experiments/glyph_encoder_per_char/results/inputs/0032_41118.png,/home/ekim339/projects/SD3.5/experiments/glyph_encoder_per_char/results/generated/mask-0p1/char-2/0032.png
807,32,41118.png,oxter,bldpf,2.251488411069799,3035,0.1,2,d,100204,200074,bldpf,1.0,1.0,0.0,1.0,1.0,1.0,1.0,1.0,/home/ekim339/projects/SD3.5/experiments/glyph_encoder_per_char/results/inputs/0032_41118.png,/home/ekim339/projects/SD3.5/experiments/glyph_encoder_per_char/results/generated/mask-0p1/char-3/0032.png
808,32,41118.png,oxter,bldpf,2.251488411069799,3035,0.1,3,p,100205,200074,bldpf,1.0,1.0,0.0,1.0,1.0,1.0,1.0,1.0,/home/ekim339/projects/SD3.5/experiments/glyph_encoder_per_char/results/inputs/0032_41118.png,/home/ekim339/projects/SD3.5/experiments/glyph_encoder_per_char/results/generated/mask-0p1/char-4/0032.png
809,32,41118.png,oxter,bldpf,2.251488411069799,3035,0.1,4,f,100206,200074,bldpf,1.0,1.0,0.0,1.0,1.0,1.0,1.0,1.0,/home/ekim339/projects/SD3.5/experiments/glyph_encoder_per_char/results/inputs/0032_41118.png,/home/ekim339/projects/SD3.5/experiments/glyph_encoder_per_char/results/generated/mask-0p1/char-5/0032.png
810,32,41118.png,oxter,bldpf,2.251488411069799,3035,0.3,0,b,100202,200074,bldpf,1.0,1.0,0.0,1.0,1.0,1.0,1.0,1.0,/home/ekim339/projects/SD3.5/experiments/glyph_encoder_per_char/results/inputs/0032_41118.png,/home/ekim339/projects/SD3.5/experiments/glyph_encoder_per_char/results/generated/mask-0p3/char-1/0032.png
811,32,41118.png,oxter,bldpf,2.251488411069799,3035,0.3,1,l,100203,200074,bldpf,1.0,1.0,0.0,1.0,1.0,1.0,1.0,1.0,/home/ekim339/projects/SD3.5/experiments/glyph_encoder_per_char/results/inputs/0032_41118.png,/home/ekim339/projects/SD3.5/experiments/glyph_encoder_per_char/results/generated/mask-0p3/char-2/0032.png
812,32,41118.png,oxter,bldpf,2.251488411069799,3035,0.3,2,d,100204,200074,bldpf,1.0,1.0,0.0,1.0,1.0,1.0,1.0,1.0,/home/ekim339/projects/SD3.5/experiments/glyph_encoder_per_char/results/inputs/0032_41118.png,/home/ekim339/projects/SD3.5/experiments/glyph_encoder_per_char/results/generated/mask-0p3/char-3/0032.png
813,32,41118.png,oxter,bldpf,2.251488411069799,3035,0.3,3,p,100205,200074,bldbf,0.0,0.8,0.2,0.0,1.0,1.0,1.0,1.0,/home/ekim339/projects/SD3.5/experiments/glyph_encoder_per_char/results/inputs/0032_41118.png,/home/ekim339/projects/SD3.5/experiments/glyph_encoder_per_char/results/generated/mask-0p3/char-4/0032.png
814,32,41118.png,oxter,bldpf,2.251488411069799,3035,0.3,4,f,100206,200074,bldpf,1.0,1.0,0.0,1.0,1.0,1.0,1.0,1.0,/home/ekim339/projects/SD3.5/experiments/glyph_encoder_per_char/results/inputs/0032_41118.png,/home/ekim339/projects/SD3.5/experiments/glyph_encoder_per_char/results/generated/mask-0p3/char-5/0032.png
815,32,41118.png,oxter,bldpf,2.251488411069799,3035,0.5,0,b,100202,200074,bldpf,1.0,1.0,0.0,1.0,1.0,1.0,1.0,1.0,/home/ekim339/projects/SD3.5/experiments/glyph_encoder_per_char/results/inputs/0032_41118.png,/home/ekim339/projects/SD3.5/experiments/glyph_encoder_per_char/results/generated/mask-0p5/char-1/0032.png
816,32,41118.png,oxter,bldpf,2.251488411069799,3035,0.5,1,l,100203,200074,bldpf,1.0,1.0,0.0,1.0,1.0,1.0,1.0,1.0,/home/ekim339/projects/SD3.5/experiments/glyph_encoder_per_char/results/inputs/0032_41118.png,/home/ekim339/projects/SD3.5/experiments/glyph_encoder_per_char/results/generated/mask-0p5/char-2/0032.png
817,32,41118.png,oxter,bldpf,2.251488411069799,3035,0.5,2,d,100204,200074,blppf,0.0,0.8,0.2,0.0,1.0,1.0,1.0,1.0,/home/ekim339/projects/SD3.5/experiments/glyph_encoder_per_char/results/inputs/0032_41118.png,/home/ekim339/projects/SD3.5/experiments/glyph_encoder_per_char/results/generated/mask-0p5/char-3/0032.png
818,32,41118.png,oxter,bldpf,2.251488411069799,3035,0.5,3,p,100205,200074,bldbf,0.0,0.8,0.2,0.0,1.0,1.0,1.0,1.0,/home/ekim339/projects/SD3.5/experiments/glyph_encoder_per_char/results/inputs/0032_41118.png,/home/ekim339/projects/SD3.5/experiments/glyph_encoder_per_char/results/generated/mask-0p5/char-4/0032.png
819,32,41118.png,oxter,bldpf,2.251488411069799,3035,0.5,4,f,100206,200074,bldpp,0.0,0.8,0.2,0.0,1.0,1.0,1.0,1.0,/home/ekim339/projects/SD3.5/experiments/glyph_encoder_per_char/results/inputs/0032_41118.png,/home/ekim339/projects/SD3.5/experiments/glyph_encoder_per_char/results/generated/mask-0p5/char-5/0032.png
820,32,41118.png,oxter,bldpf,2.251488411069799,3035,0.7,0,b,100202,200074,bldpf,1.0,1.0,0.0,1.0,1.0,1.0,1.0,1.0,/home/ekim339/projects/SD3.5/experiments/glyph_encoder_per_char/results/inputs/0032_41118.png,/home/ekim339/projects/SD3.5/experiments/glyph_encoder_per_char/results/generated/mask-0p7/char-1/0032.png
821,32,41118.png,oxter,bldpf,2.251488411069799,3035,0.7,1,l,100203,200074,bldpf,1.0,1.0,0.0,1.0,1.0,1.0,1.0,1.0,/home/ekim339/projects/SD3.5/experiments/glyph_encoder_per_char/results/inputs/0032_41118.png,/home/ekim339/projects/SD3.5/experiments/glyph_encoder_per_char/results/generated/mask-0p7/char-2/0032.png
822,32,41118.png,oxter,bldpf,2.251488411069799,3035,0.7,2,d,100204,200074,bippf,0.0,0.6,0.4,0.0,1.0,0.0,1.0,1.0,/home/ekim339/projects/SD3.5/experiments/glyph_encoder_per_char/results/inputs/0032_41118.png,/home/ekim339/projects/SD3.5/experiments/glyph_encoder_per_char/results/generated/mask-0p7/char-3/0032.png
823,32,41118.png,oxter,bldpf,2.251488411069799,3035,0.7,3,p,100205,200074,bldbf,0.0,0.8,0.2,0.0,1.0,1.0,1.0,1.0,/home/ekim339/projects/SD3.5/experiments/glyph_encoder_per_char/results/inputs/0032_41118.png,/home/ekim339/projects/SD3.5/experiments/glyph_encoder_per_char/results/generated/mask-0p7/char-4/0032.png
824,32,41118.png,oxter,bldpf,2.251488411069799,3035,0.7,4,f,100206,200074,bldpp,0.0,0.8,0.2,0.0,1.0,1.0,1.0,1.0,/home/ekim339/projects/SD3.5/experiments/glyph_encoder_per_char/results/inputs/0032_41118.png,/home/ekim339/projects/SD3.5/experiments/glyph_encoder_per_char/results/generated/mask-0p7/char-5/0032.png
825,33,02358.png,wired,wfqki,8.219652134680675,3036,0.0,0,w,100207,200075,wfqki,1.0,1.0,0.0,1.0,1.0,1.0,1.0,1.0,/home/ekim339/projects/SD3.5/experiments/glyph_encoder_per_char/results/inputs/0033_02358.png,/home/ekim339/projects/SD3.5/experiments/glyph_encoder_per_char/results/generated/mask-0p0/char-1/0033.png
826,33,02358.png,wired,wfqki,8.219652134680675,3036,0.0,1,f,100208,200075,wfqki,1.0,1.0,0.0,1.0,1.0,1.0,1.0,1.0,/home/ekim339/projects/SD3.5/experiments/glyph_encoder_per_char/results/inputs/0033_02358.png,/home/ekim339/projects/SD3.5/experiments/glyph_encoder_per_char/results/generated/mask-0p0/char-2/0033.png
827,33,02358.png,wired,wfqki,8.219652134680675,3036,0.0,2,q,100209,200075,wfqki,1.0,1.0,0.0,1.0,1.0,1.0,1.0,1.0,/home/ekim339/projects/SD3.5/experiments/glyph_encoder_per_char/results/inputs/0033_02358.png,/home/ekim339/projects/SD3.5/experiments/glyph_encoder_per_char/results/generated/mask-0p0/char-3/0033.png
828,33,02358.png,wired,wfqki,8.219652134680675,3036,0.0,3,k,100210,200075,wfqki,1.0,1.0,0.0,1.0,1.0,1.0,1.0,1.0,/home/ekim339/projects/SD3.5/experiments/glyph_encoder_per_char/results/inputs/0033_02358.png,/home/ekim339/projects/SD3.5/experiments/glyph_encoder_per_char/results/generated/mask-0p0/char-4/0033.png
829,33,02358.png,wired,wfqki,8.219652134680675,3036,0.0,4,i,100211,200075,wfqki,1.0,1.0,0.0,1.0,1.0,1.0,1.0,1.0,/home/ekim339/projects/SD3.5/experiments/glyph_encoder_per_char/results/inputs/0033_02358.png,/home/ekim339/projects/SD3.5/experiments/glyph_encoder_per_char/results/generated/mask-0p0/char-5/0033.png
830,33,02358.png,wired,wfqki,8.219652134680675,3036,0.1,0,w,100207,200075,wfqki,1.0,1.0,0.0,1.0,1.0,1.0,1.0,1.0,/home/ekim339/projects/SD3.5/experiments/glyph_encoder_per_char/results/inputs/0033_02358.png,/home/ekim339/projects/SD3.5/experiments/glyph_encoder_per_char/results/generated/mask-0p1/char-1/0033.png
831,33,02358.png,wired,wfqki,8.219652134680675,3036,0.1,1,f,100208,200075,wfqki,1.0,1.0,0.0,1.0,1.0,1.0,1.0,1.0,/home/ekim339/projects/SD3.5/experiments/glyph_encoder_per_char/results/inputs/0033_02358.png,/home/ekim339/projects/SD3.5/experiments/glyph_encoder_per_char/results/generated/mask-0p1/char-2/0033.png
832,33,02358.png,wired,wfqki,8.219652134680675,3036,0.1,2,q,100209,200075,wfqki,1.0,1.0,0.0,1.0,1.0,1.0,1.0,1.0,/home/ekim339/projects/SD3.5/experiments/glyph_encoder_per_char/results/inputs/0033_02358.png,/home/ekim339/projects/SD3.5/experiments/glyph_encoder_per_char/results/generated/mask-0p1/char-3/0033.png
833,33,02358.png,wired,wfqki,8.219652134680675,3036,0.1,3,k,100210,200075,wfqki,1.0,1.0,0.0,1.0,1.0,1.0,1.0,1.0,/home/ekim339/projects/SD3.5/experiments/glyph_encoder_per_char/results/inputs/0033_02358.png,/home/ekim339/projects/SD3.5/experiments/glyph_encoder_per_char/results/generated/mask-0p1/char-4/0033.png
834,33,02358.png,wired,wfqki,8.219652134680675,3036,0.1,4,i,100211,200075,wfqki,1.0,1.0,0.0,1.0,1.0,1.0,1.0,1.0,/home/ekim339/projects/SD3.5/experiments/glyph_encoder_per_char/results/inputs/0033_02358.png,/home/ekim339/projects/SD3.5/experiments/glyph_encoder_per_char/results/generated/mask-0p1/char-5/0033.png
835,33,02358.png,wired,wfqki,8.219652134680675,3036,0.3,0,w,100207,200075,wfqki,1.0,1.0,0.0,1.0,1.0,1.0,1.0,1.0,/home/ekim339/projects/SD3.5/experiments/glyph_encoder_per_char/results/inputs/0033_02358.png,/home/ekim339/projects/SD3.5/experiments/glyph_encoder_per_char/results/generated/mask-0p3/char-1/0033.png
836,33,02358.png,wired,wfqki,8.219652134680675,3036,0.3,1,f,100208,200075,w1qki,0.0,0.8,0.2,0.0,1.0,1.0,1.0,1.0,/home/ekim339/projects/SD3.5/experiments/glyph_encoder_per_char/results/inputs/0033_02358.png,/home/ekim339/projects/SD3.5/experiments/glyph_encoder_per_char/results/generated/mask-0p3/char-2/0033.png
837,33,02358.png,wired,wfqki,8.219652134680675,3036,0.3,2,q,100209,200075,wfaki,0.0,0.8,0.2,0.0,1.0,1.0,1.0,1.0,/home/ekim339/projects/SD3.5/experiments/glyph_encoder_per_char/results/inputs/0033_02358.png,/home/ekim339/projects/SD3.5/experiments/glyph_encoder_per_char/results/generated/mask-0p3/char-3/0033.png
838,33,02358.png,wired,wfqki,8.219652134680675,3036,0.3,3,k,100210,200075,wfqki,1.0,1.0,0.0,1.0,1.0,1.0,1.0,1.0,/home/ekim339/projects/SD3.5/experiments/glyph_encoder_per_char/results/inputs/0033_02358.png,/home/ekim339/projects/SD3.5/experiments/glyph_encoder_per_char/results/generated/mask-0p3/char-4/0033.png
839,33,02358.png,wired,wfqki,8.219652134680675,3036,0.3,4,i,100211,200075,wfqk,0.0,0.8,0.2,0.0,1.0,1.0,1.0,1.0,/home/ekim339/projects/SD3.5/experiments/glyph_encoder_per_char/results/inputs/0033_02358.png,/home/ekim339/projects/SD3.5/experiments/glyph_encoder_per_char/results/generated/mask-0p3/char-5/0033.png
840,33,02358.png,wired,wfqki,8.219652134680675,3036,0.5,0,w,100207,200075,wfqki,1.0,1.0,0.0,1.0,1.0,1.0,1.0,1.0,/home/ekim339/projects/SD3.5/experiments/glyph_encoder_per_char/results/inputs/0033_02358.png,/home/ekim339/projects/SD3.5/experiments/glyph_encoder_per_char/results/generated/mask-0p5/char-1/0033.png
841,33,02358.png,wired,wfqki,8.219652134680675,3036,0.5,1,f,100208,200075,w1qki,0.0,0.8,0.2,0.0,1.0,1.0,1.0,1.0,/home/ekim339/projects/SD3.5/experiments/glyph_encoder_per_char/results/inputs/0033_02358.png,/home/ekim339/projects/SD3.5/experiments/glyph_encoder_per_char/results/generated/mask-0p5/char-2/0033.png
842,33,02358.png,wired,wfqki,8.219652134680675,3036,0.5,2,q,100209,200075,wflki,0.0,0.8,0.2,0.0,1.0,1.0,1.0,1.0,/home/ekim339/projects/SD3.5/experiments/glyph_encoder_per_char/results/inputs/0033_02358.png,/home/ekim339/projects/SD3.5/experiments/glyph_encoder_per_char/results/generated/mask-0p5/char-3/0033.png
843,33,02358.png,wired,wfqki,8.219652134680675,3036,0.5,3,k,100210,200075,wfqp,0.0,0.6,0.4,0.0,1.0,1.0,1.0,0.0,/home/ekim339/projects/SD3.5/experiments/glyph_encoder_per_char/results/inputs/0033_02358.png,/home/ekim339/projects/SD3.5/experiments/glyph_encoder_per_char/results/generated/mask-0p5/char-4/0033.png
844,33,02358.png,wired,wfqki,8.219652134680675,3036,0.5,4,i,100211,200075,wfqk,0.0,0.8,0.2,0.0,1.0,1.0,1.0,1.0,/home/ekim339/projects/SD3.5/experiments/glyph_encoder_per_char/results/inputs/0033_02358.png,/home/ekim339/projects/SD3.5/experiments/glyph_encoder_per_char/results/generated/mask-0p5/char-5/0033.png
845,33,02358.png,wired,wfqki,8.219652134680675,3036,0.7,0,w,100207,200075,wfaki,0.0,0.8,0.2,1.0,1.0,0.0,1.0,1.0,/home/ekim339/projects/SD3.5/experiments/glyph_encoder_per_char/results/inputs/0033_02358.png,/home/ekim339/projects/SD3.5/experiments/glyph_encoder_per_char/results/generated/mask-0p7/char-1/0033.png
846,33,02358.png,wired,wfqki,8.219652134680675,3036,0.7,1,f,100208,200075,w1qki,0.0,0.8,0.2,0.0,1.0,1.0,1.0,1.0,/home/ekim339/projects/SD3.5/experiments/glyph_encoder_per_char/results/inputs/0033_02358.png,/home/ekim339/projects/SD3.5/experiments/glyph_encoder_per_char/results/generated/mask-0p7/char-2/0033.png
847,33,02358.png,wired,wfqki,8.219652134680675,3036,0.7,2,q,100209,200075,wflki,0.0,0.8,0.2,0.0,1.0,1.0,1.0,1.0,/home/ekim339/projects/SD3.5/experiments/glyph_encoder_per_char/results/inputs/0033_02358.png,/home/ekim339/projects/SD3.5/experiments/glyph_encoder_per_char/results/generated/mask-0p7/char-3/0033.png
848,33,02358.png,wired,wfqki,8.219652134680675,3036,0.7,3,k,100210,200075,wfari,0.0,0.6,0.4,0.0,1.0,1.0,0.0,1.0,/home/ekim339/projects/SD3.5/experiments/glyph_encoder_per_char/results/inputs/0033_02358.png,/home/ekim339/projects/SD3.5/experiments/glyph_encoder_per_char/results/generated/mask-0p7/char-4/0033.png
849,33,02358.png,wired,wfqki,8.219652134680675,3036,0.7,4,i,100211,200075,wfqk,0.0,0.8,0.2,0.0,1.0,1.0,1.0,1.0,/home/ekim339/projects/SD3.5/experiments/glyph_encoder_per_char/results/inputs/0033_02358.png,/home/ekim339/projects/SD3.5/experiments/glyph_encoder_per_char/results/generated/mask-0p7/char-5/0033.png
850,34,20949.png,doven,wb2mx,7.689124531715429,3037,0.0,0,w,100212,200076,wlozmx,0.0,0.5,0.6,1.0,0.0,0.0,0.0,0.0,/home/ekim339/projects/SD3.5/experiments/glyph_encoder_per_char/results/inputs/0034_20949.png,/home/ekim339/projects/SD3.5/experiments/glyph_encoder_per_char/results/generated/mask-0p0/char-1/0034.png
851,34,20949.png,doven,wb2mx,7.689124531715429,3037,0.0,1,b,100213,200076,wlozmx,0.0,0.5,0.6,0.0,1.0,0.0,0.0,0.0,/home/ekim339/projects/SD3.5/experiments/glyph_encoder_per_char/results/inputs/0034_20949.png,/home/ekim339/projects/SD3.5/experiments/glyph_encoder_per_char/results/generated/mask-0p0/char-2/0034.png
852,34,20949.png,doven,wb2mx,7.689124531715429,3037,0.0,2,2,100214,200076,wlozmx,0.0,0.5,0.6,0.0,1.0,0.0,0.0,0.0,/home/ekim339/projects/SD3.5/experiments/glyph_encoder_per_char/results/inputs/0034_20949.png,/home/ekim339/projects/SD3.5/experiments/glyph_encoder_per_char/results/generated/mask-0p0/char-3/0034.png
853,34,20949.png,doven,wb2mx,7.689124531715429,3037,0.0,3,m,100215,200076,wlozmx,0.0,0.5,0.6,0.0,1.0,0.0,0.0,0.0,/home/ekim339/projects/SD3.5/experiments/glyph_encoder_per_char/results/inputs/0034_20949.png,/home/ekim339/projects/SD3.5/experiments/glyph_encoder_per_char/results/generated/mask-0p0/char-4/0034.png
854,34,20949.png,doven,wb2mx,7.689124531715429,3037,0.0,4,x,100216,200076,wlozmx,0.0,0.5,0.6,0.0,1.0,0.0,0.0,0.0,/home/ekim339/projects/SD3.5/experiments/glyph_encoder_per_char/results/inputs/0034_20949.png,/home/ekim339/projects/SD3.5/experiments/glyph_encoder_per_char/results/generated/mask-0p0/char-5/0034.png
855,34,20949.png,doven,wb2mx,7.689124531715429,3037,0.1,0,w,100212,200076,wlozmx,0.0,0.5,0.6,1.0,0.0,0.0,0.0,0.0,/home/ekim339/projects/SD3.5/experiments/glyph_encoder_per_char/results/inputs/0034_20949.png,/home/ekim339/projects/SD3.5/experiments/glyph_encoder_per_char/results/generated/mask-0p1/char-1/0034.png
856,34,20949.png,doven,wb2mx,7.689124531715429,3037,0.1,1,b,100213,200076,wibzmx,0.0,0.6666666666666667,0.4,0.0,1.0,0.0,0.0,0.0,/home/ekim339/projects/SD3.5/experiments/glyph_encoder_per_char/results/inputs/0034_20949.png,/home/ekim339/projects/SD3.5/experiments/glyph_encoder_per_char/results/generated/mask-0p1/char-2/0034.png
857,34,20949.png,doven,wb2mx,7.689124531715429,3037,0.1,2,2,100214,200076,wbomx,0.0,0.8,0.2,0.0,1.0,1.0,1.0,1.0,/home/ekim339/projects/SD3.5/experiments/glyph_encoder_per_char/results/inputs/0034_20949.png,/home/ekim339/projects/SD3.5/experiments/glyph_encoder_per_char/results/generated/mask-0p1/char-3/0034.png
858,34,20949.png,doven,wb2mx,7.689124531715429,3037,0.1,3,m,100215,200076,wibzmx,0.0,0.6666666666666667,0.4,0.0,1.0,0.0,0.0,0.0,/home/ekim339/projects/SD3.5/experiments/glyph_encoder_per_char/results/inputs/0034_20949.png,/home/ekim339/projects/SD3.5/experiments/glyph_encoder_per_char/results/generated/mask-0p1/char-4/0034.png
859,34,20949.png,doven,wb2mx,7.689124531715429,3037,0.1,4,x,100216,200076,witzmx,0.0,0.5,0.6,0.0,1.0,0.0,0.0,0.0,/home/ekim339/projects/SD3.5/experiments/glyph_encoder_per_char/results/inputs/0034_20949.png,/home/ekim339/projects/SD3.5/experiments/glyph_encoder_per_char/results/generated/mask-0p1/char-5/0034.png
860,34,20949.png,doven,wb2mx,7.689124531715429,3037,0.3,0,w,100212,200076,mlzzx,0.0,0.19999999999999996,0.8,0.0,0.0,0.0,0.0,1.0,/home/ekim339/projects/SD3.5/experiments/glyph_encoder_per_char/results/inputs/0034_20949.png,/home/ekim339/projects/SD3.5/experiments/glyph_encoder_per_char/results/generated/mask-0p3/char-1/0034.png
861,34,20949.png,doven,wb2mx,7.689124531715429,3037,0.3,1,b,100213,200076,wibzmx,0.0,0.6666666666666667,0.4,0.0,1.0,0.0,0.0,0.0,/home/ekim339/projects/SD3.5/experiments/glyph_encoder_per_char/results/inputs/0034_20949.png,/home/ekim339/projects/SD3.5/experiments/glyph_encoder_per_char/results/generated/mask-0p3/char-2/0034.png
862,34,20949.png,doven,wb2mx,7.689124531715429,3037,0.3,2,2,100214,200076,wbanix,0.0,0.5,0.6,0.0,1.0,1.0,0.0,0.0,/home/ekim339/projects/SD3.5/experiments/glyph_encoder_per_char/results/inputs/0034_20949.png,/home/ekim339/projects/SD3.5/experiments/glyph_encoder_per_char/results/generated/mask-0p3/char-3/0034.png
863,34,20949.png,doven,wb2mx,7.689124531715429,3037,0.3,3,m,100215,200076,wibzarx,0.0,0.4285714285714286,0.8,0.0,1.0,0.0,0.0,0.0,/home/ekim339/projects/SD3.5/experiments/glyph_encoder_per_char/results/inputs/0034_20949.png,/home/ekim339/projects/SD3.5/experiments/glyph_encoder_per_char/results/generated/mask-0p3/char-4/0034.png
864,34,20949.png,doven,wb2mx,7.689124531715429,3037,0.3,4,x,100216,200076,wbznnx,0.0,0.5,0.6,0.0,1.0,1.0,0.0,0.0,/home/ekim339/projects/SD3.5/experiments/glyph_encoder_per_char/results/inputs/0034_20949.png,/home/ekim339/projects/SD3.5/experiments/glyph_encoder_per_char/results/generated/mask-0p3/char-5/0034.png
865,34,20949.png,doven,wb2mx,7.689124531715429,3037,0.5,0,w,100212,200076,vbznix,0.0,0.33333333333333337,0.8,0.0,1.0,0.0,0.0,0.0,/home/ekim339/projects/SD3.5/experiments/glyph_encoder_per_char/results/inputs/0034_20949.png,/home/ekim339/projects/SD3.5/experiments/glyph_encoder_per_char/results/generated/mask-0p5/char-1/0034.png
866,34,20949.png,doven,wb2mx,7.689124531715429,3037,0.5,1,b,100213,200076,widzmx,0.0,0.5,0.6,0.0,1.0,0.0,0.0,0.0,/home/ekim339/projects/SD3.5/experiments/glyph_encoder_per_char/results/inputs/0034_20949.png,/home/ekim339/projects/SD3.5/experiments/glyph_encoder_per_char/results/generated/mask-0p5/char-2/0034.png
867,34,20949.png,doven,wb2mx,7.689124531715429,3037,0.5,2,2,100214,200076,wbnnix,0.0,0.5,0.6,0.0,1.0,1.0,0.0,0.0,/home/ekim339/projects/SD3.5/experiments/glyph_encoder_per_char/results/inputs/0034_20949.png,/home/ekim339/projects/SD3.5/experiments/glyph_encoder_per_char/results/generated/mask-0p5/char-3/0034.png
868,34,20949.png,doven,wb2mx,7.689124531715429,3037,0.5,3,m,100215,200076,wbzxx,0.0,0.6,0.4,0.0,1.0,1.0,0.0,1.0,/home/ekim339/projects/SD3.5/experiments/glyph_encoder_per_char/results/inputs/0034_20949.png,/home/ekim339/projects/SD3.5/experiments/glyph_encoder_per_char/results/generated/mask-0p5/char-4/0034.png
869,34,20949.png,doven,wb2mx,7.689124531715429,3037,0.5,4,x,100216,200076,wbznmx,0.0,0.6666666666666667,0.4,0.0,1.0,1.0,0.0,0.0,/home/ekim339/projects/SD3.5/experiments/glyph_encoder_per_char/results/inputs/0034_20949.png,/home/ekim339/projects/SD3.5/experiments/glyph_encoder_per_char/results/generated/mask-0p5/char-5/0034.png
870,34,20949.png,doven,wb2mx,7.689124531715429,3037,0.7,0,w,100212,200076,bibnii,0.0,0.16666666666666663,1.0,0.0,0.0,0.0,0.0,0.0,/home/ekim339/projects/SD3.5/experiments/glyph_encoder_per_char/results/inputs/0034_20949.png,/home/ekim339/projects/SD3.5/experiments/glyph_encoder_per_char/results/generated/mask-0p7/char-1/0034.png
871,34,20949.png,doven,wb2mx,7.689124531715429,3037,0.7,1,b,100213,200076,widzmx,0.0,0.5,0.6,0.0,1.0,0.0,0.0,0.0,/home/ekim339/projects/SD3.5/experiments/glyph_encoder_per_char/results/inputs/0034_20949.png,/home/ekim339/projects/SD3.5/experiments/glyph_encoder_per_char/results/generated/mask-0p7/char-2/0034.png
872,34,20949.png,doven,wb2mx,7.689124531715429,3037,0.7,2,2,100214,200076,winnnix,0.0,0.2857142857142857,1.0,0.0,1.0,0.0,0.0,0.0,/home/ekim339/projects/SD3.5/experiments/glyph_encoder_per_char/results/inputs/0034_20949.png,/home/ekim339/projects/SD3.5/experiments/glyph_encoder_per_char/results/generated/mask-0p7/char-3/0034.png
873,34,20949.png,doven,wb2mx,7.689124531715429,3037,0.7,3,m,100215,200076,wbzxx,0.0,0.6,0.4,0.0,1.0,1.0,0.0,1.0,/home/ekim339/projects/SD3.5/experiments/glyph_encoder_per_char/results/inputs/0034_20949.png,/home/ekim339/projects/SD3.5/experiments/glyph_encoder_per_char/results/generated/mask-0p7/char-4/0034.png
874,34,20949.png,doven,wb2mx,7.689124531715429,3037,0.7,4,x,100216,200076,wbznm,0.0,0.4,0.6,0.0,1.0,1.0,0.0,0.0,/home/ekim339/projects/SD3.5/experiments/glyph_encoder_per_char/results/inputs/0034_20949.png,/home/ekim339/projects/SD3.5/experiments/glyph_encoder_per_char/results/generated/mask-0p7/char-5/0034.png
875,35,22476.png,edion,6tapr,4.9913518673210735,3038,0.0,0,6,100217,200077,btap,0.0,0.6,0.4,0.0,1.0,1.0,1.0,0.0,/home/ekim339/projects/SD3.5/experiments/glyph_encoder_per_char/results/inputs/0035_22476.png,/home/ekim339/projects/SD3.5/experiments/glyph_encoder_per_char/results/generated/mask-0p0/char-1/0035.png
876,35,22476.png,edion,6tapr,4.9913518673210735,3038,0.0,1,t,100218,200077,btap,0.0,0.6,0.4,1.0,0.0,1.0,1.0,0.0,/home/ekim339/projects/SD3.5/experiments/glyph_encoder_per_char/results/inputs/0035_22476.png,/home/ekim339/projects/SD3.5/experiments/glyph_encoder_per_char/results/generated/mask-0p0/char-2/0035.png
877,35,22476.png,edion,6tapr,4.9913518673210735,3038,0.0,2,a,100219,200077,btap,0.0,0.6,0.4,1.0,0.0,1.0,1.0,0.0,/home/ekim339/projects/SD3.5/experiments/glyph_encoder_per_char/results/inputs/0035_22476.png,/home/ekim339/projects/SD3.5/experiments/glyph_encoder_per_char/results/generated/mask-0p0/char-3/0035.png
878,35,22476.png,edion,6tapr,4.9913518673210735,3038,0.0,3,p,100220,200077,btap,0.0,0.6,0.4,1.0,0.0,1.0,1.0,0.0,/home/ekim339/projects/SD3.5/experiments/glyph_encoder_per_char/results/inputs/0035_22476.png,/home/ekim339/projects/SD3.5/experiments/glyph_encoder_per_char/results/generated/mask-0p0/char-4/0035.png
879,35,22476.png,edion,6tapr,4.9913518673210735,3038,0.0,4,r,100221,200077,btap,0.0,0.6,0.4,0.0,0.0,1.0,1.0,1.0,/home/ekim339/projects/SD3.5/experiments/glyph_encoder_per_char/results/inputs/0035_22476.png,/home/ekim339/projects/SD3.5/experiments/glyph_encoder_per_char/results/generated/mask-0p0/char-5/0035.png
880,35,22476.png,edion,6tapr,4.9913518673210735,3038,0.1,0,6,100217,200077,btap,0.0,0.6,0.4,0.0,1.0,1.0,1.0,0.0,/home/ekim339/projects/SD3.5/experiments/glyph_encoder_per_char/results/inputs/0035_22476.png,/home/ekim339/projects/SD3.5/experiments/glyph_encoder_per_char/results/generated/mask-0p1/char-1/0035.png
881,35,22476.png,edion,6tapr,4.9913518673210735,3038,0.1,1,t,100218,200077,btap,0.0,0.6,0.4,1.0,0.0,1.0,1.0,0.0,/home/ekim339/projects/SD3.5/experiments/glyph_encoder_per_char/results/inputs/0035_22476.png,/home/ekim339/projects/SD3.5/experiments/glyph_encoder_per_char/results/generated/mask-0p1/char-2/0035.png
882,35,22476.png,edion,6tapr,4.9913518673210735,3038,0.1,2,a,100219,200077,btap,0.0,0.6,0.4,1.0,0.0,1.0,1.0,0.0,/home/ekim339/projects/SD3.5/experiments/glyph_encoder_per_char/results/inputs/0035_22476.png,/home/ekim339/projects/SD3.5/experiments/glyph_encoder_per_char/results/generated/mask-0p1/char-3/0035.png
883,35,22476.png,edion,6tapr,4.9913518673210735,3038,0.1,3,p,100220,200077,btap,0.0,0.6,0.4,1.0,0.0,1.0,1.0,0.0,/home/ekim339/projects/SD3.5/experiments/glyph_encoder_per_char/results/inputs/0035_22476.png,/home/ekim339/projects/SD3.5/experiments/glyph_encoder_per_char/results/generated/mask-0p1/char-4/0035.png
884,35,22476.png,edion,6tapr,4.9913518673210735,3038,0.1,4,r,100221,200077,btap,0.0,0.6,0.4,0.0,0.0,1.0,1.0,1.0,/home/ekim339/projects/SD3.5/experiments/glyph_encoder_per_char/results/inputs/0035_22476.png,/home/ekim339/projects/SD3.5/experiments/glyph_encoder_per_char/results/generated/mask-0p1/char-5/0035.png
885,35,22476.png,edion,6tapr,4.9913518673210735,3038,0.3,0,6,100217,200077,ptapr,0.0,0.8,0.2,0.0,1.0,1.0,1.0,1.0,/home/ekim339/projects/SD3.5/experiments/glyph_encoder_per_char/results/inputs/0035_22476.png,/home/ekim339/projects/SD3.5/experiments/glyph_encoder_per_char/results/generated/mask-0p3/char-1/0035.png
886,35,22476.png,edion,6tapr,4.9913518673210735,3038,0.3,1,t,100218,200077,btap,0.0,0.6,0.4,1.0,0.0,1.0,1.0,0.0,/home/ekim339/projects/SD3.5/experiments/glyph_encoder_per_char/results/inputs/0035_22476.png,/home/ekim339/projects/SD3.5/experiments/glyph_encoder_per_char/results/generated/mask-0p3/char-2/0035.png
887,35,22476.png,edion,6tapr,4.9913518673210735,3038,0.3,2,a,100219,200077,otapr,0.0,0.8,0.2,1.0,0.0,1.0,1.0,1.0,/home/ekim339/projects/SD3.5/experiments/glyph_encoder_per_char/results/inputs/0035_22476.png,/home/ekim339/projects/SD3.5/experiments/glyph_encoder_per_char/results/generated/mask-0p3/char-3/0035.png
888,35,22476.png,edion,6tapr,4.9913518673210735,3038,0.3,3,p,100220,200077,btap,0.0,0.6,0.4,1.0,0.0,1.0,1.0,0.0,/home/ekim339/projects/SD3.5/experiments/glyph_encoder_per_char/results/inputs/0035_22476.png,/home/ekim339/projects/SD3.5/experiments/glyph_encoder_per_char/results/generated/mask-0p3/char-4/0035.png
889,35,22476.png,edion,6tapr,4.9913518673210735,3038,0.3,4,r,100221,200077,stapp,0.0,0.6,0.4,0.0,0.0,1.0,1.0,1.0,/home/ekim339/projects/SD3.5/experiments/glyph_encoder_per_char/results/inputs/0035_22476.png,/home/ekim339/projects/SD3.5/experiments/glyph_encoder_per_char/results/generated/mask-0p3/char-5/0035.png
890,35,22476.png,edion,6tapr,4.9913518673210735,3038,0.5,0,6,100217,200077,ctapr,0.0,0.8,0.2,0.0,1.0,1.0,1.0,1.0,/home/ekim339/projects/SD3.5/experiments/glyph_encoder_per_char/results/inputs/0035_22476.png,/home/ekim339/projects/SD3.5/experiments/glyph_encoder_per_char/results/generated/mask-0p5/char-1/0035.png
891,35,22476.png,edion,6tapr,4.9913518673210735,3038,0.5,1,t,100218,200077,brap,0.0,0.4,0.6,0.0,0.0,1.0,1.0,0.0,/home/ekim339/projects/SD3.5/experiments/glyph_encoder_per_char/results/inputs/0035_22476.png,/home/ekim339/projects/SD3.5/experiments/glyph_encoder_per_char/results/generated/mask-0p5/char-2/0035.png
892,35,22476.png,edion,6tapr,4.9913518673210735,3038,0.5,2,a,100219,200077,ctapir,0.0,0.6666666666666667,0.4,1.0,0.0,1.0,1.0,0.0,/home/ekim339/projects/SD3.5/experiments/glyph_encoder_per_char/results/inputs/0035_22476.png,/home/ekim339/projects/SD3.5/experiments/glyph_encoder_per_char/results/generated/mask-0p5/char-3/0035.png
893,35,22476.png,edion,6tapr,4.9913518673210735,3038,0.5,3,p,100220,200077,btaar,0.0,0.6,0.4,0.0,0.0,1.0,1.0,1.0,/home/ekim339/projects/SD3.5/experiments/glyph_encoder_per_char/results/inputs/0035_22476.png,/home/ekim339/projects/SD3.5/experiments/glyph_encoder_per_char/results/generated/mask-0p5/char-4/0035.png
894,35,22476.png,edion,6tapr,4.9913518673210735,3038,0.5,4,r,100221,200077,ctapp,0.0,0.6,0.4,0.0,0.0,1.0,1.0,1.0,/home/ekim339/projects/SD3.5/experiments/glyph_encoder_per_char/results/inputs/0035_22476.png,/home/ekim339/projects/SD3.5/experiments/glyph_encoder_per_char/results/generated/mask-0p5/char-5/0035.png
895,35,22476.png,edion,6tapr,4.9913518673210735,3038,0.7,0,6,100217,200077,rtap,0.0,0.6,0.4,0.0,1.0,1.0,1.0,0.0,/home/ekim339/projects/SD3.5/experiments/glyph_encoder_per_char/results/inputs/0035_22476.png,/home/ekim339/projects/SD3.5/experiments/glyph_encoder_per_char/results/generated/mask-0p7/char-1/0035.png
896,35,22476.png,edion,6tapr,4.9913518673210735,3038,0.7,1,t,100218,200077,brap,0.0,0.4,0.6,0.0,0.0,1.0,1.0,0.0,/home/ekim339/projects/SD3.5/experiments/glyph_encoder_per_char/results/inputs/0035_22476.png,/home/ekim339/projects/SD3.5/experiments/glyph_encoder_per_char/results/generated/mask-0p7/char-2/0035.png
897,35,22476.png,edion,6tapr,4.9913518673210735,3038,0.7,2,a,100219,200077,atrp,0.0,0.4,0.6,0.0,0.0,1.0,1.0,0.0,/home/ekim339/projects/SD3.5/experiments/glyph_encoder_per_char/results/inputs/0035_22476.png,/home/ekim339/projects/SD3.5/experiments/glyph_encoder_per_char/results/generated/mask-0p7/char-3/0035.png
898,35,22476.png,edion,6tapr,4.9913518673210735,3038,0.7,3,p,100220,200077,btaarr,0.0,0.5,0.6,0.0,0.0,1.0,1.0,1.0,/home/ekim339/projects/SD3.5/experiments/glyph_encoder_per_char/results/inputs/0035_22476.png,/home/ekim339/projects/SD3.5/experiments/glyph_encoder_per_char/results/generated/mask-0p7/char-4/0035.png
899,35,22476.png,edion,6tapr,4.9913518673210735,3038,0.7,4,r,100221,200077,ctapp,0.0,0.6,0.4,0.0,0.0,1.0,1.0,1.0,/home/ekim339/projects/SD3.5/experiments/glyph_encoder_per_char/results/inputs/0035_22476.png,/home/ekim339/projects/SD3.5/experiments/glyph_encoder_per_char/results/generated/mask-0p7/char-5/0035.png
900,36,00629.png,gated,rdjlc,7.265536461369086,3039,0.0,0,r,100222,200078,rdjlc,1.0,1.0,0.0,1.0,1.0,1.0,1.0,1.0,/home/ekim339/projects/SD3.5/experiments/glyph_encoder_per_char/results/inputs/0036_00629.png,/home/ekim339/projects/SD3.5/experiments/glyph_encoder_per_char/results/generated/mask-0p0/char-1/0036.png
901,36,00629.png,gated,rdjlc,7.265536461369086,3039,0.0,1,d,100223,200078,rdjlc,1.0,1.0,0.0,1.0,1.0,1.0,1.0,1.0,/home/ekim339/projects/SD3.5/experiments/glyph_encoder_per_char/results/inputs/0036_00629.png,/home/ekim339/projects/SD3.5/experiments/glyph_encoder_per_char/results/generated/mask-0p0/char-2/0036.png
902,36,00629.png,gated,rdjlc,7.265536461369086,3039,0.0,2,j,100224,200078,rdjlc,1.0,1.0,0.0,1.0,1.0,1.0,1.0,1.0,/home/ekim339/projects/SD3.5/experiments/glyph_encoder_per_char/results/inputs/0036_00629.png,/home/ekim339/projects/SD3.5/experiments/glyph_encoder_per_char/results/generated/mask-0p0/char-3/0036.png
903,36,00629.png,gated,rdjlc,7.265536461369086,3039,0.0,3,l,100225,200078,rdjlc,1.0,1.0,0.0,1.0,1.0,1.0,1.0,1.0,/home/ekim339/projects/SD3.5/experiments/glyph_encoder_per_char/results/inputs/0036_00629.png,/home/ekim339/projects/SD3.5/experiments/glyph_encoder_per_char/results/generated/mask-0p0/char-4/0036.png
904,36,00629.png,gated,rdjlc,7.265536461369086,3039,0.0,4,c,100226,200078,rdjlc,1.0,1.0,0.0,1.0,1.0,1.0,1.0,1.0,/home/ekim339/projects/SD3.5/experiments/glyph_encoder_per_char/results/inputs/0036_00629.png,/home/ekim339/projects/SD3.5/experiments/glyph_encoder_per_char/results/generated/mask-0p0/char-5/0036.png
905,36,00629.png,gated,rdjlc,7.265536461369086,3039,0.1,0,r,100222,200078,rdjlc,1.0,1.0,0.0,1.0,1.0,1.0,1.0,1.0,/home/ekim339/projects/SD3.5/experiments/glyph_encoder_per_char/results/inputs/0036_00629.png,/home/ekim339/projects/SD3.5/experiments/glyph_encoder_per_char/results/generated/mask-0p1/char-1/0036.png
906,36,00629.png,gated,rdjlc,7.265536461369086,3039,0.1,1,d,100223,200078,rdjlc,1.0,1.0,0.0,1.0,1.0,1.0,1.0,1.0,/home/ekim339/projects/SD3.5/experiments/glyph_encoder_per_char/results/inputs/0036_00629.png,/home/ekim339/projects/SD3.5/experiments/glyph_encoder_per_char/results/generated/mask-0p1/char-2/0036.png
907,36,00629.png,gated,rdjlc,7.265536461369086,3039,0.1,2,j,100224,200078,rdjlc,1.0,1.0,0.0,1.0,1.0,1.0,1.0,1.0,/home/ekim339/projects/SD3.5/experiments/glyph_encoder_per_char/results/inputs/0036_00629.png,/home/ekim339/projects/SD3.5/experiments/glyph_encoder_per_char/results/generated/mask-0p1/char-3/0036.png
908,36,00629.png,gated,rdjlc,7.265536461369086,3039,0.1,3,l,100225,200078,rdjlc,1.0,1.0,0.0,1.0,1.0,1.0,1.0,1.0,/home/ekim339/projects/SD3.5/experiments/glyph_encoder_per_char/results/inputs/0036_00629.png,/home/ekim339/projects/SD3.5/experiments/glyph_encoder_per_char/results/generated/mask-0p1/char-4/0036.png
909,36,00629.png,gated,rdjlc,7.265536461369086,3039,0.1,4,c,100226,200078,rdjlc,1.0,1.0,0.0,1.0,1.0,1.0,1.0,1.0,/home/ekim339/projects/SD3.5/experiments/glyph_encoder_per_char/results/inputs/0036_00629.png,/home/ekim339/projects/SD3.5/experiments/glyph_encoder_per_char/results/generated/mask-0p1/char-5/0036.png
910,36,00629.png,gated,rdjlc,7.265536461369086,3039,0.3,0,r,100222,200078,rdjlc,1.0,1.0,0.0,1.0,1.0,1.0,1.0,1.0,/home/ekim339/projects/SD3.5/experiments/glyph_encoder_per_char/results/inputs/0036_00629.png,/home/ekim339/projects/SD3.5/experiments/glyph_encoder_per_char/results/generated/mask-0p3/char-1/0036.png
911,36,00629.png,gated,rdjlc,7.265536461369086,3039,0.3,1,d,100223,200078,rdjlc,1.0,1.0,0.0,1.0,1.0,1.0,1.0,1.0,/home/ekim339/projects/SD3.5/experiments/glyph_encoder_per_char/results/inputs/0036_00629.png,/home/ekim339/projects/SD3.5/experiments/glyph_encoder_per_char/results/generated/mask-0p3/char-2/0036.png
912,36,00629.png,gated,rdjlc,7.265536461369086,3039,0.3,2,j,100224,200078,rdjlc,1.0,1.0,0.0,1.0,1.0,1.0,1.0,1.0,/home/ekim339/projects/SD3.5/experiments/glyph_encoder_per_char/results/inputs/0036_00629.png,/home/ekim339/projects/SD3.5/experiments/glyph_encoder_per_char/results/generated/mask-0p3/char-3/0036.png
913,36,00629.png,gated,rdjlc,7.265536461369086,3039,0.3,3,l,100225,200078,rdjjc,0.0,0.8,0.2,0.0,1.0,1.0,1.0,1.0,/home/ekim339/projects/SD3.5/experiments/glyph_encoder_per_char/results/inputs/0036_00629.png,/home/ekim339/projects/SD3.5/experiments/glyph_encoder_per_char/results/generated/mask-0p3/char-4/0036.png
914,36,00629.png,gated,rdjlc,7.265536461369086,3039,0.3,4,c,100226,200078,rdjlc,1.0,1.0,0.0,1.0,1.0,1.0,1.0,1.0,/home/ekim339/projects/SD3.5/experiments/glyph_encoder_per_char/results/inputs/0036_00629.png,/home/ekim339/projects/SD3.5/experiments/glyph_encoder_per_char/results/generated/mask-0p3/char-5/0036.png
915,36,00629.png,gated,rdjlc,7.265536461369086,3039,0.5,0,r,100222,200078,djjlc,0.0,0.6,0.4,0.0,0.0,1.0,1.0,1.0,/home/ekim339/projects/SD3.5/experiments/glyph_encoder_per_char/results/inputs/0036_00629.png,/home/ekim339/projects/SD3.5/experiments/glyph_encoder_per_char/results/generated/mask-0p5/char-1/0036.png
916,36,00629.png,gated,rdjlc,7.265536461369086,3039,0.5,1,d,100223,200078,rajlc,0.0,0.8,0.2,0.0,1.0,1.0,1.0,1.0,/home/ekim339/projects/SD3.5/experiments/glyph_encoder_per_char/results/inputs/0036_00629.png,/home/ekim339/projects/SD3.5/experiments/glyph_encoder_per_char/results/generated/mask-0p5/char-2/0036.png
917,36,00629.png,gated,rdjlc,7.265536461369086,3039,0.5,2,j,100224,200078,rdjlc,1.0,1.0,0.0,1.0,1.0,1.0,1.0,1.0,/home/ekim339/projects/SD3.5/experiments/glyph_encoder_per_char/results/inputs/0036_00629.png,/home/ekim339/projects/SD3.5/experiments/glyph_encoder_per_char/results/generated/mask-0p5/char-3/0036.png
918,36,00629.png,gated,rdjlc,7.265536461369086,3039,0.5,3,l,100225,200078,rdjlc,1.0,1.0,0.0,1.0,1.0,1.0,1.0,1.0,/home/ekim339/projects/SD3.5/experiments/glyph_encoder_per_char/results/inputs/0036_00629.png,/home/ekim339/projects/SD3.5/experiments/glyph_encoder_per_char/results/generated/mask-0p5/char-4/0036.png
919,36,00629.png,gated,rdjlc,7.265536461369086,3039,0.5,4,c,100226,200078,rjjl,0.0,0.6,0.4,0.0,1.0,0.0,1.0,1.0,/home/ekim339/projects/SD3.5/experiments/glyph_encoder_per_char/results/inputs/0036_00629.png,/home/ekim339/projects/SD3.5/experiments/glyph_encoder_per_char/results/generated/mask-0p5/char-5/0036.png
920,36,00629.png,gated,rdjlc,7.265536461369086,3039,0.7,0,r,100222,200078,djjlc,0.0,0.6,0.4,0.0,0.0,1.0,1.0,1.0,/home/ekim339/projects/SD3.5/experiments/glyph_encoder_per_char/results/inputs/0036_00629.png,/home/ekim339/projects/SD3.5/experiments/glyph_encoder_per_char/results/generated/mask-0p7/char-1/0036.png
921,36,00629.png,gated,rdjlc,7.265536461369086,3039,0.7,1,d,100223,200078,rrjjlc,0.0,0.6666666666666667,0.4,0.0,1.0,1.0,0.0,0.0,/home/ekim339/projects/SD3.5/experiments/glyph_encoder_per_char/results/inputs/0036_00629.png,/home/ekim339/projects/SD3.5/experiments/glyph_encoder_per_char/results/generated/mask-0p7/char-2/0036.png
922,36,00629.png,gated,rdjlc,7.265536461369086,3039,0.7,2,j,100224,200078,rdilc,0.0,0.8,0.2,0.0,1.0,1.0,1.0,1.0,/home/ekim339/projects/SD3.5/experiments/glyph_encoder_per_char/results/inputs/0036_00629.png,/home/ekim339/projects/SD3.5/experiments/glyph_encoder_per_char/results/generated/mask-0p7/char-3/0036.png
923,36,00629.png,gated,rdjlc,7.265536461369086,3039,0.7,3,l,100225,200078,rdjlc,1.0,1.0,0.0,1.0,1.0,1.0,1.0,1.0,/home/ekim339/projects/SD3.5/experiments/glyph_encoder_per_char/results/inputs/0036_00629.png,/home/ekim339/projects/SD3.5/experiments/glyph_encoder_per_char/results/generated/mask-0p7/char-4/0036.png
924,36,00629.png,gated,rdjlc,7.265536461369086,3039,0.7,4,c,100226,200078,rjjl,0.0,0.6,0.4,0.0,1.0,0.0,1.0,1.0,/home/ekim339/projects/SD3.5/experiments/glyph_encoder_per_char/results/inputs/0036_00629.png,/home/ekim339/projects/SD3.5/experiments/glyph_encoder_per_char/results/generated/mask-0p7/char-5/0036.png
925,37,11519.png,Keyed,okah3,3.177378729040748,3040,0.0,0,o,100227,200079,okahp,0.0,0.8,0.2,1.0,1.0,1.0,1.0,0.0,/home/ekim339/projects/SD3.5/experiments/glyph_encoder_per_char/results/inputs/0037_11519.png,/home/ekim339/projects/SD3.5/experiments/glyph_encoder_per_char/results/generated/mask-0p0/char-1/0037.png
926,37,11519.png,Keyed,okah3,3.177378729040748,3040,0.0,1,k,100228,200079,okahp,0.0,0.8,0.2,1.0,1.0,1.0,1.0,0.0,/home/ekim339/projects/SD3.5/experiments/glyph_encoder_per_char/results/inputs/0037_11519.png,/home/ekim339/projects/SD3.5/experiments/glyph_encoder_per_char/results/generated/mask-0p0/char-2/0037.png
927,37,11519.png,Keyed,okah3,3.177378729040748,3040,0.0,2,a,100229,200079,okahp,0.0,0.8,0.2,1.0,1.0,1.0,1.0,0.0,/home/ekim339/projects/SD3.5/experiments/glyph_encoder_per_char/results/inputs/0037_11519.png,/home/ekim339/projects/SD3.5/experiments/glyph_encoder_per_char/results/generated/mask-0p0/char-3/0037.png
928,37,11519.png,Keyed,okah3,3.177378729040748,3040,0.0,3,h,100230,200079,okahp,0.0,0.8,0.2,1.0,1.0,1.0,1.0,0.0,/home/ekim339/projects/SD3.5/experiments/glyph_encoder_per_char/results/inputs/0037_11519.png,/home/ekim339/projects/SD3.5/experiments/glyph_encoder_per_char/results/generated/mask-0p0/char-4/0037.png
929,37,11519.png,Keyed,okah3,3.177378729040748,3040,0.0,4,3,100231,200079,okahp,0.0,0.8,0.2,0.0,1.0,1.0,1.0,1.0,/home/ekim339/projects/SD3.5/experiments/glyph_encoder_per_char/results/inputs/0037_11519.png,/home/ekim339/projects/SD3.5/experiments/glyph_encoder_per_char/results/generated/mask-0p0/char-5/0037.png
930,37,11519.png,Keyed,okah3,3.177378729040748,3040,0.1,0,o,100227,200079,okahp,0.0,0.8,0.2,1.0,1.0,1.0,1.0,0.0,/home/ekim339/projects/SD3.5/experiments/glyph_encoder_per_char/results/inputs/0037_11519.png,/home/ekim339/projects/SD3.5/experiments/glyph_encoder_per_char/results/generated/mask-0p1/char-1/0037.png
931,37,11519.png,Keyed,okah3,3.177378729040748,3040,0.1,1,k,100228,200079,okahp,0.0,0.8,0.2,1.0,1.0,1.0,1.0,0.0,/home/ekim339/projects/SD3.5/experiments/glyph_encoder_per_char/results/inputs/0037_11519.png,/home/ekim339/projects/SD3.5/experiments/glyph_encoder_per_char/results/generated/mask-0p1/char-2/0037.png
932,37,11519.png,Keyed,okah3,3.177378729040748,3040,0.1,2,a,100229,200079,okahp,0.0,0.8,0.2,1.0,1.0,1.0,1.0,0.0,/home/ekim339/projects/SD3.5/experiments/glyph_encoder_per_char/results/inputs/0037_11519.png,/home/ekim339/projects/SD3.5/experiments/glyph_encoder_per_char/results/generated/mask-0p1/char-3/0037.png
933,37,11519.png,Keyed,okah3,3.177378729040748,3040,0.1,3,h,100230,200079,okahp,0.0,0.8,0.2,1.0,1.0,1.0,1.0,0.0,/home/ekim339/projects/SD3.5/experiments/glyph_encoder_per_char/results/inputs/0037_11519.png,/home/ekim339/projects/SD3.5/experiments/glyph_encoder_per_char/results/generated/mask-0p1/char-4/0037.png
934,37,11519.png,Keyed,okah3,3.177378729040748,3040,0.1,4,3,100231,200079,okahn,0.0,0.8,0.2,0.0,1.0,1.0,1.0,1.0,/home/ekim339/projects/SD3.5/experiments/glyph_encoder_per_char/results/inputs/0037_11519.png,/home/ekim339/projects/SD3.5/experiments/glyph_encoder_per_char/results/generated/mask-0p1/char-5/0037.png
935,37,11519.png,Keyed,okah3,3.177378729040748,3040,0.3,0,o,100227,200079,okahp,0.0,0.8,0.2,1.0,1.0,1.0,1.0,0.0,/home/ekim339/projects/SD3.5/experiments/glyph_encoder_per_char/results/inputs/0037_11519.png,/home/ekim339/projects/SD3.5/experiments/glyph_encoder_per_char/results/generated/mask-0p3/char-1/0037.png
936,37,11519.png,Keyed,okah3,3.177378729040748,3040,0.3,1,k,100228,200079,okahp,0.0,0.8,0.2,1.0,1.0,1.0,1.0,0.0,/home/ekim339/projects/SD3.5/experiments/glyph_encoder_per_char/results/inputs/0037_11519.png,/home/ekim339/projects/SD3.5/experiments/glyph_encoder_per_char/results/generated/mask-0p3/char-2/0037.png
937,37,11519.png,Keyed,okah3,3.177378729040748,3040,0.3,2,a,100229,200079,okahp,0.0,0.8,0.2,1.0,1.0,1.0,1.0,0.0,/home/ekim339/projects/SD3.5/experiments/glyph_encoder_per_char/results/inputs/0037_11519.png,/home/ekim339/projects/SD3.5/experiments/glyph_encoder_per_char/results/generated/mask-0p3/char-3/0037.png
938,37,11519.png,Keyed,okah3,3.177378729040748,3040,0.3,3,h,100230,200079,okahp,0.0,0.8,0.2,1.0,1.0,1.0,1.0,0.0,/home/ekim339/projects/SD3.5/experiments/glyph_encoder_per_char/results/inputs/0037_11519.png,/home/ekim339/projects/SD3.5/experiments/glyph_encoder_per_char/results/generated/mask-0p3/char-4/0037.png
939,37,11519.png,Keyed,okah3,3.177378729040748,3040,0.3,4,3,100231,200079,okahh,0.0,0.8,0.2,0.0,1.0,1.0,1.0,1.0,/home/ekim339/projects/SD3.5/experiments/glyph_encoder_per_char/results/inputs/0037_11519.png,/home/ekim339/projects/SD3.5/experiments/glyph_encoder_per_char/results/generated/mask-0p3/char-5/0037.png
940,37,11519.png,Keyed,okah3,3.177378729040748,3040,0.5,0,o,100227,200079,ikaho,0.0,0.6,0.4,0.0,1.0,1.0,1.0,0.0,/home/ekim339/projects/SD3.5/experiments/glyph_encoder_per_char/results/inputs/0037_11519.png,/home/ekim339/projects/SD3.5/experiments/glyph_encoder_per_char/results/generated/mask-0p5/char-1/0037.png
941,37,11519.png,Keyed,okah3,3.177378729040748,3040,0.5,1,k,100228,200079,ohahp,0.0,0.6,0.4,0.0,1.0,1.0,1.0,0.0,/home/ekim339/projects/SD3.5/experiments/glyph_encoder_per_char/results/inputs/0037_11519.png,/home/ekim339/projects/SD3.5/experiments/glyph_encoder_per_char/results/generated/mask-0p5/char-2/0037.png
942,37,11519.png,Keyed,okah3,3.177378729040748,3040,0.5,2,a,100229,200079,okhhp,0.0,0.6,0.4,0.0,1.0,1.0,1.0,0.0,/home/ekim339/projects/SD3.5/experiments/glyph_encoder_per_char/results/inputs/0037_11519.png,/home/ekim339/projects/SD3.5/experiments/glyph_encoder_per_char/results/generated/mask-0p5/char-3/0037.png
943,37,11519.png,Keyed,okah3,3.177378729040748,3040,0.5,3,h,100230,200079,okal,0.0,0.6,0.4,0.0,1.0,1.0,1.0,0.0,/home/ekim339/projects/SD3.5/experiments/glyph_encoder_per_char/results/inputs/0037_11519.png,/home/ekim339/projects/SD3.5/experiments/glyph_encoder_per_char/results/generated/mask-0p5/char-4/0037.png
944,37,11519.png,Keyed,okah3,3.177378729040748,3040,0.5,4,3,100231,200079,okahh,0.0,0.8,0.2,0.0,1.0,1.0,1.0,1.0,/home/ekim339/projects/SD3.5/experiments/glyph_encoder_per_char/results/inputs/0037_11519.png,/home/ekim339/projects/SD3.5/experiments/glyph_encoder_per_char/results/generated/mask-0p5/char-5/0037.png
945,37,11519.png,Keyed,okah3,3.177378729040748,3040,0.7,0,o,100227,200079,ikahp,0.0,0.6,0.4,0.0,1.0,1.0,1.0,0.0,/home/ekim339/projects/SD3.5/experiments/glyph_encoder_per_char/results/inputs/0037_11519.png,/home/ekim339/projects/SD3.5/experiments/glyph_encoder_per_char/results/generated/mask-0p7/char-1/0037.png
946,37,11519.png,Keyed,okah3,3.177378729040748,3040,0.7,1,k,100228,200079,oaahp,0.0,0.6,0.4,0.0,1.0,1.0,1.0,0.0,/home/ekim339/projects/SD3.5/experiments/glyph_encoder_per_char/results/inputs/0037_11519.png,/home/ekim339/projects/SD3.5/experiments/glyph_encoder_per_char/results/generated/mask-0p7/char-2/0037.png
947,37,11519.png,Keyed,okah3,3.177378729040748,3040,0.7,2,a,100229,200079,okhho,0.0,0.6,0.4,0.0,1.0,1.0,1.0,0.0,/home/ekim339/projects/SD3.5/experiments/glyph_encoder_per_char/results/inputs/0037_11519.png,/home/ekim339/projects/SD3.5/experiments/glyph_encoder_per_char/results/generated/mask-0p7/char-3/0037.png
948,37,11519.png,Keyed,okah3,3.177378729040748,3040,0.7,3,h,100230,200079,okal,0.0,0.6,0.4,0.0,1.0,1.0,1.0,0.0,/home/ekim339/projects/SD3.5/experiments/glyph_encoder_per_char/results/inputs/0037_11519.png,/home/ekim339/projects/SD3.5/experiments/glyph_encoder_per_char/results/generated/mask-0p7/char-4/0037.png
949,37,11519.png,Keyed,okah3,3.177378729040748,3040,0.7,4,3,100231,200079,okahh,0.0,0.8,0.2,0.0,1.0,1.0,1.0,1.0,/home/ekim339/projects/SD3.5/experiments/glyph_encoder_per_char/results/inputs/0037_11519.png,/home/ekim339/projects/SD3.5/experiments/glyph_encoder_per_char/results/generated/mask-0p7/char-5/0037.png
950,38,09508.png,passe,0or7f,8.50024243618734,3041,0.0,0,0,100232,200080,oorzf,0.0,0.6,0.4,0.0,1.0,1.0,0.0,1.0,/home/ekim339/projects/SD3.5/experiments/glyph_encoder_per_char/results/inputs/0038_09508.png,/home/ekim339/projects/SD3.5/experiments/glyph_encoder_per_char/results/generated/mask-0p0/char-1/0038.png
951,38,09508.png,passe,0or7f,8.50024243618734,3041,0.0,1,o,100233,200080,oorzf,0.0,0.6,0.4,1.0,0.0,1.0,0.0,1.0,/home/ekim339/projects/SD3.5/experiments/glyph_encoder_per_char/results/inputs/0038_09508.png,/home/ekim339/projects/SD3.5/experiments/glyph_encoder_per_char/results/generated/mask-0p0/char-2/0038.png
952,38,09508.png,passe,0or7f,8.50024243618734,3041,0.0,2,r,100234,200080,oorzf,0.0,0.6,0.4,1.0,0.0,1.0,0.0,1.0,/home/ekim339/projects/SD3.5/experiments/glyph_encoder_per_char/results/inputs/0038_09508.png,/home/ekim339/projects/SD3.5/experiments/glyph_encoder_per_char/results/generated/mask-0p0/char-3/0038.png
953,38,09508.png,passe,0or7f,8.50024243618734,3041,0.0,3,7,100235,200080,oorzf,0.0,0.6,0.4,0.0,0.0,1.0,1.0,1.0,/home/ekim339/projects/SD3.5/experiments/glyph_encoder_per_char/results/inputs/0038_09508.png,/home/ekim339/projects/SD3.5/experiments/glyph_encoder_per_char/results/generated/mask-0p0/char-4/0038.png
954,38,09508.png,passe,0or7f,8.50024243618734,3041,0.0,4,f,100236,200080,oorzf,0.0,0.6,0.4,1.0,0.0,1.0,1.0,0.0,/home/ekim339/projects/SD3.5/experiments/glyph_encoder_per_char/results/inputs/0038_09508.png,/home/ekim339/projects/SD3.5/experiments/glyph_encoder_per_char/results/generated/mask-0p0/char-5/0038.png
955,38,09508.png,passe,0or7f,8.50024243618734,3041,0.1,0,0,100232,200080,oorzf,0.0,0.6,0.4,0.0,1.0,1.0,0.0,1.0,/home/ekim339/projects/SD3.5/experiments/glyph_encoder_per_char/results/inputs/0038_09508.png,/home/ekim339/projects/SD3.5/experiments/glyph_encoder_per_char/results/generated/mask-0p1/char-1/0038.png
956,38,09508.png,passe,0or7f,8.50024243618734,3041,0.1,1,o,100233,200080,oorzf,0.0,0.6,0.4,1.0,0.0,1.0,0.0,1.0,/home/ekim339/projects/SD3.5/experiments/glyph_encoder_per_char/results/inputs/0038_09508.png,/home/ekim339/projects/SD3.5/experiments/glyph_encoder_per_char/results/generated/mask-0p1/char-2/0038.png
957,38,09508.png,passe,0or7f,8.50024243618734,3041,0.1,2,r,100234,200080,oorzf,0.0,0.6,0.4,1.0,0.0,1.0,0.0,1.0,/home/ekim339/projects/SD3.5/experiments/glyph_encoder_per_char/results/inputs/0038_09508.png,/home/ekim339/projects/SD3.5/experiments/glyph_encoder_per_char/results/generated/mask-0p1/char-3/0038.png
958,38,09508.png,passe,0or7f,8.50024243618734,3041,0.1,3,7,100235,200080,oorzf,0.0,0.6,0.4,0.0,0.0,1.0,1.0,1.0,/home/ekim339/projects/SD3.5/experiments/glyph_encoder_per_char/results/inputs/0038_09508.png,/home/ekim339/projects/SD3.5/experiments/glyph_encoder_per_char/results/generated/mask-0p1/char-4/0038.png
959,38,09508.png,passe,0or7f,8.50024243618734,3041,0.1,4,f,100236,200080,oorzf,0.0,0.6,0.4,1.0,0.0,1.0,1.0,0.0,/home/ekim339/projects/SD3.5/experiments/glyph_encoder_per_char/results/inputs/0038_09508.png,/home/ekim339/projects/SD3.5/experiments/glyph_encoder_per_char/results/generated/mask-0p1/char-5/0038.png
960,38,09508.png,passe,0or7f,8.50024243618734,3041,0.3,0,0,100232,200080,oorzf,0.0,0.6,0.4,0.0,1.0,1.0,0.0,1.0,/home/ekim339/projects/SD3.5/experiments/glyph_encoder_per_char/results/inputs/0038_09508.png,/home/ekim339/projects/SD3.5/experiments/glyph_encoder_per_char/results/generated/mask-0p3/char-1/0038.png
961,38,09508.png,passe,0or7f,8.50024243618734,3041,0.3,1,o,100233,200080,oorzf,0.0,0.6,0.4,1.0,0.0,1.0,0.0,1.0,/home/ekim339/projects/SD3.5/experiments/glyph_encoder_per_char/results/inputs/0038_09508.png,/home/ekim339/projects/SD3.5/experiments/glyph_encoder_per_char/results/generated/mask-0p3/char-2/0038.png
962,38,09508.png,passe,0or7f,8.50024243618734,3041,0.3,2,r,100234,200080,oorzf,0.0,0.6,0.4,1.0,0.0,1.0,0.0,1.0,/home/ekim339/projects/SD3.5/experiments/glyph_encoder_per_char/results/inputs/0038_09508.png,/home/ekim339/projects/SD3.5/experiments/glyph_encoder_per_char/results/generated/mask-0p3/char-3/0038.png
963,38,09508.png,passe,0or7f,8.50024243618734,3041,0.3,3,7,100235,200080,oorrf,0.0,0.6,0.4,0.0,0.0,1.0,1.0,1.0,/home/ekim339/projects/SD3.5/experiments/glyph_encoder_per_char/results/inputs/0038_09508.png,/home/ekim339/projects/SD3.5/experiments/glyph_encoder_per_char/results/generated/mask-0p3/char-4/0038.png
964,38,09508.png,passe,0or7f,8.50024243618734,3041,0.3,4,f,100236,200080,oorff,0.0,0.6,0.4,1.0,0.0,1.0,1.0,0.0,/home/ekim339/projects/SD3.5/experiments/glyph_encoder_per_char/results/inputs/0038_09508.png,/home/ekim339/projects/SD3.5/experiments/glyph_encoder_per_char/results/generated/mask-0p3/char-5/0038.png
965,38,09508.png,passe,0or7f,8.50024243618734,3041,0.5,0,0,100232,200080,dorzf,0.0,0.6,0.4,0.0,1.0,1.0,0.0,1.0,/home/ekim339/projects/SD3.5/experiments/glyph_encoder_per_char/results/inputs/0038_09508.png,/home/ekim339/projects/SD3.5/experiments/glyph_encoder_per_char/results/generated/mask-0p5/char-1/0038.png
966,38,09508.png,passe,0or7f,8.50024243618734,3041,0.5,1,o,100233,200080,oorzf,0.0,0.6,0.4,1.0,0.0,1.0,0.0,1.0,/home/ekim339/projects/SD3.5/experiments/glyph_encoder_per_char/results/inputs/0038_09508.png,/home/ekim339/projects/SD3.5/experiments/glyph_encoder_per_char/results/generated/mask-0p5/char-2/0038.png
967,38,09508.png,passe,0or7f,8.50024243618734,3041,0.5,2,r,100234,200080,ooozf,0.0,0.4,0.6,0.0,0.0,1.0,0.0,1.0,/home/ekim339/projects/SD3.5/experiments/glyph_encoder_per_char/results/inputs/0038_09508.png,/home/ekim339/projects/SD3.5/experiments/glyph_encoder_per_char/results/generated/mask-0p5/char-3/0038.png
968,38,09508.png,passe,0or7f,8.50024243618734,3041,0.5,3,7,100235,200080,oorrf,0.0,0.6,0.4,0.0,0.0,1.0,1.0,1.0,/home/ekim339/projects/SD3.5/experiments/glyph_encoder_per_char/results/inputs/0038_09508.png,/home/ekim339/projects/SD3.5/experiments/glyph_encoder_per_char/results/generated/mask-0p5/char-4/0038.png
969,38,09508.png,passe,0or7f,8.50024243618734,3041,0.5,4,f,100236,200080,oorff,0.0,0.6,0.4,1.0,0.0,1.0,1.0,0.0,/home/ekim339/projects/SD3.5/experiments/glyph_encoder_per_char/results/inputs/0038_09508.png,/home/ekim339/projects/SD3.5/experiments/glyph_encoder_per_char/results/generated/mask-0p5/char-5/0038.png
970,38,09508.png,passe,0or7f,8.50024243618734,3041,0.7,0,0,100232,200080,dorzf,0.0,0.6,0.4,0.0,1.0,1.0,0.0,1.0,/home/ekim339/projects/SD3.5/experiments/glyph_encoder_per_char/results/inputs/0038_09508.png,/home/ekim339/projects/SD3.5/experiments/glyph_encoder_per_char/results/generated/mask-0p7/char-1/0038.png
971,38,09508.png,passe,0or7f,8.50024243618734,3041,0.7,1,o,100233,200080,oorzf,0.0,0.6,0.4,1.0,0.0,1.0,0.0,1.0,/home/ekim339/projects/SD3.5/experiments/glyph_encoder_per_char/results/inputs/0038_09508.png,/home/ekim339/projects/SD3.5/experiments/glyph_encoder_per_char/results/generated/mask-0p7/char-2/0038.png
972,38,09508.png,passe,0or7f,8.50024243618734,3041,0.7,2,r,100234,200080,ooozf,0.0,0.4,0.6,0.0,0.0,1.0,0.0,1.0,/home/ekim339/projects/SD3.5/experiments/glyph_encoder_per_char/results/inputs/0038_09508.png,/home/ekim339/projects/SD3.5/experiments/glyph_encoder_per_char/results/generated/mask-0p7/char-3/0038.png
973,38,09508.png,passe,0or7f,8.50024243618734,3041,0.7,3,7,100235,200080,oorrf,0.0,0.6,0.4,0.0,0.0,1.0,1.0,1.0,/home/ekim339/projects/SD3.5/experiments/glyph_encoder_per_char/results/inputs/0038_09508.png,/home/ekim339/projects/SD3.5/experiments/glyph_encoder_per_char/results/generated/mask-0p7/char-4/0038.png
974,38,09508.png,passe,0or7f,8.50024243618734,3041,0.7,4,f,100236,200080,oorff,0.0,0.6,0.4,1.0,0.0,1.0,1.0,0.0,/home/ekim339/projects/SD3.5/experiments/glyph_encoder_per_char/results/inputs/0038_09508.png,/home/ekim339/projects/SD3.5/experiments/glyph_encoder_per_char/results/generated/mask-0p7/char-5/0038.png
975,39,16118.png,asway,faj3x,8.946722943943175,3042,0.0,0,f,100237,200081,fifaaso,0.0,0.2857142857142857,1.0,1.0,0.0,0.0,0.0,0.0,/home/ekim339/projects/SD3.5/experiments/glyph_encoder_per_char/results/inputs/0039_16118.png,/home/ekim339/projects/SD3.5/experiments/glyph_encoder_per_char/results/generated/mask-0p0/char-1/0039.png
976,39,16118.png,asway,faj3x,8.946722943943175,3042,0.0,1,a,100238,200081,fifaaso,0.0,0.2857142857142857,1.0,0.0,1.0,0.0,0.0,0.0,/home/ekim339/projects/SD3.5/experiments/glyph_encoder_per_char/results/inputs/0039_16118.png,/home/ekim339/projects/SD3.5/experiments/glyph_encoder_per_char/results/generated/mask-0p0/char-2/0039.png
977,39,16118.png,asway,faj3x,8.946722943943175,3042,0.0,2,j,100239,200081,fifaaso,0.0,0.2857142857142857,1.0,0.0,1.0,0.0,0.0,0.0,/home/ekim339/projects/SD3.5/experiments/glyph_encoder_per_char/results/inputs/0039_16118.png,/home/ekim339/projects/SD3.5/experiments/glyph_encoder_per_char/results/generated/mask-0p0/char-3/0039.png
978,39,16118.png,asway,faj3x,8.946722943943175,3042,0.0,3,3,100240,200081,fifaaso,0.0,0.2857142857142857,1.0,0.0,1.0,0.0,0.0,0.0,/home/ekim339/projects/SD3.5/experiments/glyph_encoder_per_char/results/inputs/0039_16118.png,/home/ekim339/projects/SD3.5/experiments/glyph_encoder_per_char/results/generated/mask-0p0/char-4/0039.png
979,39,16118.png,asway,faj3x,8.946722943943175,3042,0.0,4,x,100241,200081,fifaaso,0.0,0.2857142857142857,1.0,0.0,1.0,0.0,0.0,0.0,/home/ekim339/projects/SD3.5/experiments/glyph_encoder_per_char/results/inputs/0039_16118.png,/home/ekim339/projects/SD3.5/experiments/glyph_encoder_per_char/results/generated/mask-0p0/char-5/0039.png
980,39,16118.png,asway,faj3x,8.946722943943175,3042,0.1,0,f,100237,200081,flayjoxx,0.0,0.5,0.8,1.0,0.0,0.0,0.0,0.0,/home/ekim339/projects/SD3.5/experiments/glyph_encoder_per_char/results/inputs/0039_16118.png,/home/ekim339/projects/SD3.5/experiments/glyph_encoder_per_char/results/generated/mask-0p1/char-1/0039.png
981,39,16118.png,asway,faj3x,8.946722943943175,3042,0.1,1,a,100238,200081,faffoox,0.0,0.4285714285714286,0.8,1.0,1.0,0.0,0.0,0.0,/home/ekim339/projects/SD3.5/experiments/glyph_encoder_per_char/results/inputs/0039_16118.png,/home/ekim339/projects/SD3.5/experiments/glyph_encoder_per_char/results/generated/mask-0p1/char-2/0039.png
982,39,16118.png,asway,faj3x,8.946722943943175,3042,0.1,2,j,100239,200081,ifffajox,0.0,0.5,0.8,0.0,0.0,0.0,0.0,0.0,/home/ekim339/projects/SD3.5/experiments/glyph_encoder_per_char/results/inputs/0039_16118.png,/home/ekim339/projects/SD3.5/experiments/glyph_encoder_per_char/results/generated/mask-0p1/char-3/0039.png
983,39,16118.png,asway,faj3x,8.946722943943175,3042,0.1,3,3,100240,200081,iflajjoxx,0.0,0.4444444444444444,1.0,0.0,0.0,0.0,0.0,0.0,/home/ekim339/projects/SD3.5/experiments/glyph_encoder_per_char/results/inputs/0039_16118.png,/home/ekim339/projects/SD3.5/experiments/glyph_encoder_per_char/results/generated/mask-0p1/char-4/0039.png
984,39,16118.png,asway,faj3x,8.946722943943175,3042,0.1,4,x,100241,200081,ifffassx,0.0,0.375,1.0,0.0,0.0,0.0,0.0,0.0,/home/ekim339/projects/SD3.5/experiments/glyph_encoder_per_char/results/inputs/0039_16118.png,/home/ekim339/projects/SD3.5/experiments/glyph_encoder_per_char/results/generated/mask-0p1/char-5/0039.png
985,39,16118.png,asway,faj3x,8.946722943943175,3042,0.3,0,f,100237,200081,fiiiajjxxx,0.0,0.4,1.2,1.0,0.0,0.0,0.0,0.0,/home/ekim339/projects/SD3.5/experiments/glyph_encoder_per_char/results/inputs/0039_16118.png,/home/ekim339/projects/SD3.5/experiments/glyph_encoder_per_char/results/generated/mask-0p3/char-1/0039.png
986,39,16118.png,asway,faj3x,8.946722943943175,3042,0.3,1,a,100238,200081,fajoxx,0.0,0.6666666666666667,0.4,1.0,1.0,1.0,0.0,1.0,/home/ekim339/projects/SD3.5/experiments/glyph_encoder_per_char/results/inputs/0039_16118.png,/home/ekim339/projects/SD3.5/experiments/glyph_encoder_per_char/results/generated/mask-0p3/char-2/0039.png
987,39,16118.png,asway,faj3x,8.946722943943175,3042,0.3,2,j,100239,200081,ifffaoxx,0.0,0.375,1.0,0.0,0.0,0.0,0.0,0.0,/home/ekim339/projects/SD3.5/experiments/glyph_encoder_per_char/results/inputs/0039_16118.png,/home/ekim339/projects/SD3.5/experiments/glyph_encoder_per_char/results/generated/mask-0p3/char-3/0039.png
988,39,16118.png,asway,faj3x,8.946722943943175,3042,0.3,3,3,100240,200081,faajjox,0.0,0.5714285714285714,0.6,0.0,1.0,1.0,0.0,0.0,/home/ekim339/projects/SD3.5/experiments/glyph_encoder_per_char/results/inputs/0039_16118.png,/home/ekim339/projects/SD3.5/experiments/glyph_encoder_per_char/results/generated/mask-0p3/char-4/0039.png
989,39,16118.png,asway,faj3x,8.946722943943175,3042,0.3,4,x,100241,200081,fiffaoox,0.0,0.375,1.0,0.0,1.0,0.0,0.0,0.0,/home/ekim339/projects/SD3.5/experiments/glyph_encoder_per_char/results/inputs/0039_16118.png,/home/ekim339/projects/SD3.5/experiments/glyph_encoder_per_char/results/generated/mask-0p3/char-5/0039.png
990,39,16118.png,asway,faj3x,8.946722943943175,3042,0.5,0,f,100237,200081,liraajsxx,0.0,0.33333333333333337,1.2,0.0,0.0,0.0,0.0,0.0,/home/ekim339/projects/SD3.5/experiments/glyph_encoder_per_char/results/inputs/0039_16118.png,/home/ekim339/projects/SD3.5/experiments/glyph_encoder_per_char/results/generated/mask-0p5/char-1/0039.png
991,39,16118.png,asway,faj3x,8.946722943943175,3042,0.5,1,a,100238,200081,fajox,0.0,0.8,0.2,1.0,1.0,1.0,0.0,1.0,/home/ekim339/projects/SD3.5/experiments/glyph_encoder_per_char/results/inputs/0039_16118.png,/home/ekim339/projects/SD3.5/experiments/glyph_encoder_per_char/results/generated/mask-0p5/char-2/0039.png
992,39,16118.png,asway,faj3x,8.946722943943175,3042,0.5,2,j,100239,200081,fayoxe,0.0,0.5,0.6,0.0,1.0,1.0,0.0,1.0,/home/ekim339/projects/SD3.5/experiments/glyph_encoder_per_char/results/inputs/0039_16118.png,/home/ekim339/projects/SD3.5/experiments/glyph_encoder_per_char/results/generated/mask-0p5/char-3/0039.png
993,39,16118.png,asway,faj3x,8.946722943943175,3042,0.5,3,3,100240,200081,fifajox,0.0,0.5714285714285714,0.6,0.0,1.0,0.0,0.0,0.0,/home/ekim339/projects/SD3.5/experiments/glyph_encoder_per_char/results/inputs/0039_16118.png,/home/ekim339/projects/SD3.5/experiments/glyph_encoder_per_char/results/generated/mask-0p5/char-4/0039.png
994,39,16118.png,asway,faj3x,8.946722943943175,3042,0.5,4,x,100241,200081,fiffajox,0.0,0.5,0.8,0.0,1.0,0.0,0.0,0.0,/home/ekim339/projects/SD3.5/experiments/glyph_encoder_per_char/results/inputs/0039_16118.png,/home/ekim339/projects/SD3.5/experiments/glyph_encoder_per_char/results/generated/mask-0p5/char-5/0039.png
995,39,16118.png,asway,faj3x,8.946722943943175,3042,0.7,0,f,100237,200081,uraajsxx,0.0,0.375,1.0,0.0,0.0,0.0,0.0,0.0,/home/ekim339/projects/SD3.5/experiments/glyph_encoder_per_char/results/inputs/0039_16118.png,/home/ekim339/projects/SD3.5/experiments/glyph_encoder_per_char/results/generated/mask-0p7/char-1/0039.png
996,39,16118.png,asway,faj3x,8.946722943943175,3042,0.7,1,a,100238,200081,fifyjox,0.0,0.4285714285714286,0.8,0.0,1.0,0.0,0.0,0.0,/home/ekim339/projects/SD3.5/experiments/glyph_encoder_per_char/results/inputs/0039_16118.png,/home/ekim339/projects/SD3.5/experiments/glyph_encoder_per_char/results/generated/mask-0p7/char-2/0039.png
997,39,16118.png,asway,faj3x,8.946722943943175,3042,0.7,2,j,100239,200081,faoooo,0.0,0.33333333333333337,0.8,0.0,1.0,1.0,0.0,0.0,/home/ekim339/projects/SD3.5/experiments/glyph_encoder_per_char/results/inputs/0039_16118.png,/home/ekim339/projects/SD3.5/experiments/glyph_encoder_per_char/results/generated/mask-0p7/char-3/0039.png
998,39,16118.png,asway,faj3x,8.946722943943175,3042,0.7,3,3,100240,200081,fafajcx,0.0,0.5714285714285714,0.6,0.0,1.0,1.0,0.0,0.0,/home/ekim339/projects/SD3.5/experiments/glyph_encoder_per_char/results/inputs/0039_16118.png,/home/ekim339/projects/SD3.5/experiments/glyph_encoder_per_char/results/generated/mask-0p7/char-4/0039.png
999,39,16118.png,asway,faj3x,8.946722943943175,3042,0.7,4,x,100241,200081,finffooxx,0.0,0.2222222222222222,1.4,0.0,1.0,0.0,0.0,0.0,/home/ekim339/projects/SD3.5/experiments/glyph_encoder_per_char/results/inputs/0039_16118.png,/home/ekim339/projects/SD3.5/experiments/glyph_encoder_per_char/results/generated/mask-0p7/char-5/0039.png
1000,40,34188.png,scove,izdim,8.319127339241941,3043,0.0,0,i,100242,200082,izdim,1.0,1.0,0.0,1.0,1.0,1.0,1.0,1.0,/home/ekim339/projects/SD3.5/experiments/glyph_encoder_per_char/results/inputs/0040_34188.png,/home/ekim339/projects/SD3.5/experiments/glyph_encoder_per_char/results/generated/mask-0p0/char-1/0040.png
1001,40,34188.png,scove,izdim,8.319127339241941,3043,0.0,1,z,100243,200082,izdim,1.0,1.0,0.0,1.0,1.0,1.0,1.0,1.0,/home/ekim339/projects/SD3.5/experiments/glyph_encoder_per_char/results/inputs/0040_34188.png,/home/ekim339/projects/SD3.5/experiments/glyph_encoder_per_char/results/generated/mask-0p0/char-2/0040.png
1002,40,34188.png,scove,izdim,8.319127339241941,3043,0.0,2,d,100244,200082,izdim,1.0,1.0,0.0,1.0,1.0,1.0,1.0,1.0,/home/ekim339/projects/SD3.5/experiments/glyph_encoder_per_char/results/inputs/0040_34188.png,/home/ekim339/projects/SD3.5/experiments/glyph_encoder_per_char/results/generated/mask-0p0/char-3/0040.png
1003,40,34188.png,scove,izdim,8.319127339241941,3043,0.0,3,i,100245,200082,izdim,1.0,1.0,0.0,1.0,1.0,1.0,1.0,1.0,/home/ekim339/projects/SD3.5/experiments/glyph_encoder_per_char/results/inputs/0040_34188.png,/home/ekim339/projects/SD3.5/experiments/glyph_encoder_per_char/results/generated/mask-0p0/char-4/0040.png
1004,40,34188.png,scove,izdim,8.319127339241941,3043,0.0,4,m,100246,200082,izdim,1.0,1.0,0.0,1.0,1.0,1.0,1.0,1.0,/home/ekim339/projects/SD3.5/experiments/glyph_encoder_per_char/results/inputs/0040_34188.png,/home/ekim339/projects/SD3.5/experiments/glyph_encoder_per_char/results/generated/mask-0p0/char-5/0040.png
1005,40,34188.png,scove,izdim,8.319127339241941,3043,0.1,0,i,100242,200082,izdim,1.0,1.0,0.0,1.0,1.0,1.0,1.0,1.0,/home/ekim339/projects/SD3.5/experiments/glyph_encoder_per_char/results/inputs/0040_34188.png,/home/ekim339/projects/SD3.5/experiments/glyph_encoder_per_char/results/generated/mask-0p1/char-1/0040.png
1006,40,34188.png,scove,izdim,8.319127339241941,3043,0.1,1,z,100243,200082,izdim,1.0,1.0,0.0,1.0,1.0,1.0,1.0,1.0,/home/ekim339/projects/SD3.5/experiments/glyph_encoder_per_char/results/inputs/0040_34188.png,/home/ekim339/projects/SD3.5/experiments/glyph_encoder_per_char/results/generated/mask-0p1/char-2/0040.png
1007,40,34188.png,scove,izdim,8.319127339241941,3043,0.1,2,d,100244,200082,izdim,1.0,1.0,0.0,1.0,1.0,1.0,1.0,1.0,/home/ekim339/projects/SD3.5/experiments/glyph_encoder_per_char/results/inputs/0040_34188.png,/home/ekim339/projects/SD3.5/experiments/glyph_encoder_per_char/results/generated/mask-0p1/char-3/0040.png
1008,40,34188.png,scove,izdim,8.319127339241941,3043,0.1,3,i,100245,200082,izdim,1.0,1.0,0.0,1.0,1.0,1.0,1.0,1.0,/home/ekim339/projects/SD3.5/experiments/glyph_encoder_per_char/results/inputs/0040_34188.png,/home/ekim339/projects/SD3.5/experiments/glyph_encoder_per_char/results/generated/mask-0p1/char-4/0040.png
1009,40,34188.png,scove,izdim,8.319127339241941,3043,0.1,4,m,100246,200082,izdim,1.0,1.0,0.0,1.0,1.0,1.0,1.0,1.0,/home/ekim339/projects/SD3.5/experiments/glyph_encoder_per_char/results/inputs/0040_34188.png,/home/ekim339/projects/SD3.5/experiments/glyph_encoder_per_char/results/generated/mask-0p1/char-5/0040.png
1010,40,34188.png,scove,izdim,8.319127339241941,3043,0.3,0,i,100242,200082,izdim,1.0,1.0,0.0,1.0,1.0,1.0,1.0,1.0,/home/ekim339/projects/SD3.5/experiments/glyph_encoder_per_char/results/inputs/0040_34188.png,/home/ekim339/projects/SD3.5/experiments/glyph_encoder_per_char/results/generated/mask-0p3/char-1/0040.png
1011,40,34188.png,scove,izdim,8.319127339241941,3043,0.3,1,z,100243,200082,izdim,1.0,1.0,0.0,1.0,1.0,1.0,1.0,1.0,/home/ekim339/projects/SD3.5/experiments/glyph_encoder_per_char/results/inputs/0040_34188.png,/home/ekim339/projects/SD3.5/experiments/glyph_encoder_per_char/results/generated/mask-0p3/char-2/0040.png
1012,40,34188.png,scove,izdim,8.319127339241941,3043,0.3,2,d,100244,200082,izdim,1.0,1.0,0.0,1.0,1.0,1.0,1.0,1.0,/home/ekim339/projects/SD3.5/experiments/glyph_encoder_per_char/results/inputs/0040_34188.png,/home/ekim339/projects/SD3.5/experiments/glyph_encoder_per_char/results/generated/mask-0p3/char-3/0040.png
1013,40,34188.png,scove,izdim,8.319127339241941,3043,0.3,3,i,100245,200082,izdim,1.0,1.0,0.0,1.0,1.0,1.0,1.0,1.0,/home/ekim339/projects/SD3.5/experiments/glyph_encoder_per_char/results/inputs/0040_34188.png,/home/ekim339/projects/SD3.5/experiments/glyph_encoder_per_char/results/generated/mask-0p3/char-4/0040.png
1014,40,34188.png,scove,izdim,8.319127339241941,3043,0.3,4,m,100246,200082,izdim,1.0,1.0,0.0,1.0,1.0,1.0,1.0,1.0,/home/ekim339/projects/SD3.5/experiments/glyph_encoder_per_char/results/inputs/0040_34188.png,/home/ekim339/projects/SD3.5/experiments/glyph_encoder_per_char/results/generated/mask-0p3/char-5/0040.png
1015,40,34188.png,scove,izdim,8.319127339241941,3043,0.5,0,i,100242,200082,izdim,1.0,1.0,0.0,1.0,1.0,1.0,1.0,1.0,/home/ekim339/projects/SD3.5/experiments/glyph_encoder_per_char/results/inputs/0040_34188.png,/home/ekim339/projects/SD3.5/experiments/glyph_encoder_per_char/results/generated/mask-0p5/char-1/0040.png
1016,40,34188.png,scove,izdim,8.319127339241941,3043,0.5,1,z,100243,200082,incdim,0.0,0.6666666666666667,0.4,0.0,1.0,0.0,0.0,0.0,/home/ekim339/projects/SD3.5/experiments/glyph_encoder_per_char/results/inputs/0040_34188.png,/home/ekim339/projects/SD3.5/experiments/glyph_encoder_per_char/results/generated/mask-0p5/char-2/0040.png
1017,40,34188.png,scove,izdim,8.319127339241941,3043,0.5,2,d,100244,200082,iziir,0.0,0.6,0.4,0.0,1.0,1.0,1.0,0.0,/home/ekim339/projects/SD3.5/experiments/glyph_encoder_per_char/results/inputs/0040_34188.png,/home/ekim339/projects/SD3.5/experiments/glyph_encoder_per_char/results/generated/mask-0p5/char-3/0040.png
1018,40,34188.png,scove,izdim,8.319127339241941,3043,0.5,3,i,100245,200082,izdim,1.0,1.0,0.0,1.0,1.0,1.0,1.0,1.0,/home/ekim339/projects/SD3.5/experiments/glyph_encoder_per_char/results/inputs/0040_34188.png,/home/ekim339/projects/SD3.5/experiments/glyph_encoder_per_char/results/generated/mask-0p5/char-4/0040.png
1019,40,34188.png,scove,izdim,8.319127339241941,3043,0.5,4,m,100246,200082,izdin,0.0,0.8,0.2,0.0,1.0,1.0,1.0,1.0,/home/ekim339/projects/SD3.5/experiments/glyph_encoder_per_char/results/inputs/0040_34188.png,/home/ekim339/projects/SD3.5/experiments/glyph_encoder_per_char/results/generated/mask-0p5/char-5/0040.png
1020,40,34188.png,scove,izdim,8.319127339241941,3043,0.7,0,i,100242,200082,izdim,1.0,1.0,0.0,1.0,1.0,1.0,1.0,1.0,/home/ekim339/projects/SD3.5/experiments/glyph_encoder_per_char/results/inputs/0040_34188.png,/home/ekim339/projects/SD3.5/experiments/glyph_encoder_per_char/results/generated/mask-0p7/char-1/0040.png
1021,40,34188.png,scove,izdim,8.319127339241941,3043,0.7,1,z,100243,200082,ilcdim,0.0,0.6666666666666667,0.4,0.0,1.0,0.0,0.0,0.0,/home/ekim339/projects/SD3.5/experiments/glyph_encoder_per_char/results/inputs/0040_34188.png,/home/ekim339/projects/SD3.5/experiments/glyph_encoder_per_char/results/generated/mask-0p7/char-2/0040.png
1022,40,34188.png,scove,izdim,8.319127339241941,3043,0.7,2,d,100244,200082,iziim,0.0,0.8,0.2,0.0,1.0,1.0,1.0,1.0,/home/ekim339/projects/SD3.5/experiments/glyph_encoder_per_char/results/inputs/0040_34188.png,/home/ekim339/projects/SD3.5/experiments/glyph_encoder_per_char/results/generated/mask-0p7/char-3/0040.png
1023,40,34188.png,scove,izdim,8.319127339241941,3043,0.7,3,i,100245,200082,izdim,1.0,1.0,0.0,1.0,1.0,1.0,1.0,1.0,/home/ekim339/projects/SD3.5/experiments/glyph_encoder_per_char/results/inputs/0040_34188.png,/home/ekim339/projects/SD3.5/experiments/glyph_encoder_per_char/results/generated/mask-0p7/char-4/0040.png
1024,40,34188.png,scove,izdim,8.319127339241941,3043,0.7,4,m,100246,200082,izdii,0.0,0.8,0.2,0.0,1.0,1.0,1.0,1.0,/home/ekim339/projects/SD3.5/experiments/glyph_encoder_per_char/results/inputs/0040_34188.png,/home/ekim339/projects/SD3.5/experiments/glyph_encoder_per_char/results/generated/mask-0p7/char-5/0040.png
1025,41,12720.png,ranid,jphfz,10.613449097276018,3044,0.0,0,j,100247,200083,jphfz,1.0,1.0,0.0,1.0,1.0,1.0,1.0,1.0,/home/ekim339/projects/SD3.5/experiments/glyph_encoder_per_char/results/inputs/0041_12720.png,/home/ekim339/projects/SD3.5/experiments/glyph_encoder_per_char/results/generated/mask-0p0/char-1/0041.png
1026,41,12720.png,ranid,jphfz,10.613449097276018,3044,0.0,1,p,100248,200083,jphfz,1.0,1.0,0.0,1.0,1.0,1.0,1.0,1.0,/home/ekim339/projects/SD3.5/experiments/glyph_encoder_per_char/results/inputs/0041_12720.png,/home/ekim339/projects/SD3.5/experiments/glyph_encoder_per_char/results/generated/mask-0p0/char-2/0041.png
1027,41,12720.png,ranid,jphfz,10.613449097276018,3044,0.0,2,h,100249,200083,jphfz,1.0,1.0,0.0,1.0,1.0,1.0,1.0,1.0,/home/ekim339/projects/SD3.5/experiments/glyph_encoder_per_char/results/inputs/0041_12720.png,/home/ekim339/projects/SD3.5/experiments/glyph_encoder_per_char/results/generated/mask-0p0/char-3/0041.png
1028,41,12720.png,ranid,jphfz,10.613449097276018,3044,0.0,3,f,100250,200083,jphfz,1.0,1.0,0.0,1.0,1.0,1.0,1.0,1.0,/home/ekim339/projects/SD3.5/experiments/glyph_encoder_per_char/results/inputs/0041_12720.png,/home/ekim339/projects/SD3.5/experiments/glyph_encoder_per_char/results/generated/mask-0p0/char-4/0041.png
1029,41,12720.png,ranid,jphfz,10.613449097276018,3044,0.0,4,z,100251,200083,jphfz,1.0,1.0,0.0,1.0,1.0,1.0,1.0,1.0,/home/ekim339/projects/SD3.5/experiments/glyph_encoder_per_char/results/inputs/0041_12720.png,/home/ekim339/projects/SD3.5/experiments/glyph_encoder_per_char/results/generated/mask-0p0/char-5/0041.png
1030,41,12720.png,ranid,jphfz,10.613449097276018,3044,0.1,0,j,100247,200083,jphfz,1.0,1.0,0.0,1.0,1.0,1.0,1.0,1.0,/home/ekim339/projects/SD3.5/experiments/glyph_encoder_per_char/results/inputs/0041_12720.png,/home/ekim339/projects/SD3.5/experiments/glyph_encoder_per_char/results/generated/mask-0p1/char-1/0041.png
1031,41,12720.png,ranid,jphfz,10.613449097276018,3044,0.1,1,p,100248,200083,jphfz,1.0,1.0,0.0,1.0,1.0,1.0,1.0,1.0,/home/ekim339/projects/SD3.5/experiments/glyph_encoder_per_char/results/inputs/0041_12720.png,/home/ekim339/projects/SD3.5/experiments/glyph_encoder_per_char/results/generated/mask-0p1/char-2/0041.png
1032,41,12720.png,ranid,jphfz,10.613449097276018,3044,0.1,2,h,100249,200083,jphfz,1.0,1.0,0.0,1.0,1.0,1.0,1.0,1.0,/home/ekim339/projects/SD3.5/experiments/glyph_encoder_per_char/results/inputs/0041_12720.png,/home/ekim339/projects/SD3.5/experiments/glyph_encoder_per_char/results/generated/mask-0p1/char-3/0041.png
1033,41,12720.png,ranid,jphfz,10.613449097276018,3044,0.1,3,f,100250,200083,jphfz,1.0,1.0,0.0,1.0,1.0,1.0,1.0,1.0,/home/ekim339/projects/SD3.5/experiments/glyph_encoder_per_char/results/inputs/0041_12720.png,/home/ekim339/projects/SD3.5/experiments/glyph_encoder_per_char/results/generated/mask-0p1/char-4/0041.png
1034,41,12720.png,ranid,jphfz,10.613449097276018,3044,0.1,4,z,100251,200083,jphfz,1.0,1.0,0.0,1.0,1.0,1.0,1.0,1.0,/home/ekim339/projects/SD3.5/experiments/glyph_encoder_per_char/results/inputs/0041_12720.png,/home/ekim339/projects/SD3.5/experiments/glyph_encoder_per_char/results/generated/mask-0p1/char-5/0041.png
1035,41,12720.png,ranid,jphfz,10.613449097276018,3044,0.3,0,j,100247,200083,jphfz,1.0,1.0,0.0,1.0,1.0,1.0,1.0,1.0,/home/ekim339/projects/SD3.5/experiments/glyph_encoder_per_char/results/inputs/0041_12720.png,/home/ekim339/projects/SD3.5/experiments/glyph_encoder_per_char/results/generated/mask-0p3/char-1/0041.png
1036,41,12720.png,ranid,jphfz,10.613449097276018,3044,0.3,1,p,100248,200083,jnhfz,0.0,0.8,0.2,0.0,1.0,1.0,1.0,1.0,/home/ekim339/projects/SD3.5/experiments/glyph_encoder_per_char/results/inputs/0041_12720.png,/home/ekim339/projects/SD3.5/experiments/glyph_encoder_per_char/results/generated/mask-0p3/char-2/0041.png
1037,41,12720.png,ranid,jphfz,10.613449097276018,3044,0.3,2,h,100249,200083,jphfz,1.0,1.0,0.0,1.0,1.0,1.0,1.0,1.0,/home/ekim339/projects/SD3.5/experiments/glyph_encoder_per_char/results/inputs/0041_12720.png,/home/ekim339/projects/SD3.5/experiments/glyph_encoder_per_char/results/generated/mask-0p3/char-3/0041.png
1038,41,12720.png,ranid,jphfz,10.613449097276018,3044,0.3,3,f,100250,200083,jphhz,0.0,0.8,0.2,0.0,1.0,1.0,1.0,1.0,/home/ekim339/projects/SD3.5/experiments/glyph_encoder_per_char/results/inputs/0041_12720.png,/home/ekim339/projects/SD3.5/experiments/glyph_encoder_per_char/results/generated/mask-0p3/char-4/0041.png
1039,41,12720.png,ranid,jphfz,10.613449097276018,3044,0.3,4,z,100251,200083,jphfz,1.0,1.0,0.0,1.0,1.0,1.0,1.0,1.0,/home/ekim339/projects/SD3.5/experiments/glyph_encoder_per_char/results/inputs/0041_12720.png,/home/ekim339/projects/SD3.5/experiments/glyph_encoder_per_char/results/generated/mask-0p3/char-5/0041.png
1040,41,12720.png,ranid,jphfz,10.613449097276018,3044,0.5,0,j,100247,200083,1phfz,0.0,0.8,0.2,0.0,1.0,1.0,1.0,1.0,/home/ekim339/projects/SD3.5/experiments/glyph_encoder_per_char/results/inputs/0041_12720.png,/home/ekim339/projects/SD3.5/experiments/glyph_encoder_per_char/results/generated/mask-0p5/char-1/0041.png
1041,41,12720.png,ranid,jphfz,10.613449097276018,3044,0.5,1,p,100248,200083,jihfz,0.0,0.8,0.2,0.0,1.0,1.0,1.0,1.0,/home/ekim339/projects/SD3.5/experiments/glyph_encoder_per_char/results/inputs/0041_12720.png,/home/ekim339/projects/SD3.5/experiments/glyph_encoder_per_char/results/generated/mask-0p5/char-2/0041.png
1042,41,12720.png,ranid,jphfz,10.613449097276018,3044,0.5,2,h,100249,200083,jpifz,0.0,0.8,0.2,0.0,1.0,1.0,1.0,1.0,/home/ekim339/projects/SD3.5/experiments/glyph_encoder_per_char/results/inputs/0041_12720.png,/home/ekim339/projects/SD3.5/experiments/glyph_encoder_per_char/results/generated/mask-0p5/char-3/0041.png
1043,41,12720.png,ranid,jphfz,10.613449097276018,3044,0.5,3,f,100250,200083,jphhz,0.0,0.8,0.2,0.0,1.0,1.0,1.0,1.0,/home/ekim339/projects/SD3.5/experiments/glyph_encoder_per_char/results/inputs/0041_12720.png,/home/ekim339/projects/SD3.5/experiments/glyph_encoder_per_char/results/generated/mask-0p5/char-4/0041.png
1044,41,12720.png,ranid,jphfz,10.613449097276018,3044,0.5,4,z,100251,200083,jphfi,0.0,0.8,0.2,0.0,1.0,1.0,1.0,1.0,/home/ekim339/projects/SD3.5/experiments/glyph_encoder_per_char/results/inputs/0041_12720.png,/home/ekim339/projects/SD3.5/experiments/glyph_encoder_per_char/results/generated/mask-0p5/char-5/0041.png
1045,41,12720.png,ranid,jphfz,10.613449097276018,3044,0.7,0,j,100247,200083,pphfz,0.0,0.8,0.2,0.0,1.0,1.0,1.0,1.0,/home/ekim339/projects/SD3.5/experiments/glyph_encoder_per_char/results/inputs/0041_12720.png,/home/ekim339/projects/SD3.5/experiments/glyph_encoder_per_char/results/generated/mask-0p7/char-1/0041.png
1046,41,12720.png,ranid,jphfz,10.613449097276018,3044,0.7,1,p,100248,200083,jihfz,0.0,0.8,0.2,0.0,1.0,1.0,1.0,1.0,/home/ekim339/projects/SD3.5/experiments/glyph_encoder_per_char/results/inputs/0041_12720.png,/home/ekim339/projects/SD3.5/experiments/glyph_encoder_per_char/results/generated/mask-0p7/char-2/0041.png
1047,41,12720.png,ranid,jphfz,10.613449097276018,3044,0.7,2,h,100249,200083,jprfz,0.0,0.8,0.2,0.0,1.0,1.0,1.0,1.0,/home/ekim339/projects/SD3.5/experiments/glyph_encoder_per_char/results/inputs/0041_12720.png,/home/ekim339/projects/SD3.5/experiments/glyph_encoder_per_char/results/generated/mask-0p7/char-3/0041.png
1048,41,12720.png,ranid,jphfz,10.613449097276018,3044,0.7,3,f,100250,200083,jphhz,0.0,0.8,0.2,0.0,1.0,1.0,1.0,1.0,/home/ekim339/projects/SD3.5/experiments/glyph_encoder_per_char/results/inputs/0041_12720.png,/home/ekim339/projects/SD3.5/experiments/glyph_encoder_per_char/results/generated/mask-0p7/char-4/0041.png
1049,41,12720.png,ranid,jphfz,10.613449097276018,3044,0.7,4,z,100251,200083,jphfi,0.0,0.8,0.2,0.0,1.0,1.0,1.0,1.0,/home/ekim339/projects/SD3.5/experiments/glyph_encoder_per_char/results/inputs/0041_12720.png,/home/ekim339/projects/SD3.5/experiments/glyph_encoder_per_char/results/generated/mask-0p7/char-5/0041.png
1050,42,44115.png,males,47wke,6.502801920176993,3045,0.0,0,4,100252,200084,zfwke,0.0,0.6,0.4,0.0,0.0,1.0,1.0,1.0,/home/ekim339/projects/SD3.5/experiments/glyph_encoder_per_char/results/inputs/0042_44115.png,/home/ekim339/projects/SD3.5/experiments/glyph_encoder_per_char/results/generated/mask-0p0/char-1/0042.png
1051,42,44115.png,males,47wke,6.502801920176993,3045,0.0,1,7,100253,200084,zfwke,0.0,0.6,0.4,0.0,0.0,1.0,1.0,1.0,/home/ekim339/projects/SD3.5/experiments/glyph_encoder_per_char/results/inputs/0042_44115.png,/home/ekim339/projects/SD3.5/experiments/glyph_encoder_per_char/results/generated/mask-0p0/char-2/0042.png
1052,42,44115.png,males,47wke,6.502801920176993,3045,0.0,2,w,100254,200084,zfwke,0.0,0.6,0.4,1.0,0.0,0.0,1.0,1.0,/home/ekim339/projects/SD3.5/experiments/glyph_encoder_per_char/results/inputs/0042_44115.png,/home/ekim339/projects/SD3.5/experiments/glyph_encoder_per_char/results/generated/mask-0p0/char-3/0042.png
1053,42,44115.png,males,47wke,6.502801920176993,3045,0.0,3,k,100255,200084,zfwke,0.0,0.6,0.4,1.0,0.0,0.0,1.0,1.0,/home/ekim339/projects/SD3.5/experiments/glyph_encoder_per_char/results/inputs/0042_44115.png,/home/ekim339/projects/SD3.5/experiments/glyph_encoder_per_char/results/generated/mask-0p0/char-4/0042.png
1054,42,44115.png,males,47wke,6.502801920176993,3045,0.0,4,e,100256,200084,zfwke,0.0,0.6,0.4,1.0,0.0,0.0,1.0,1.0,/home/ekim339/projects/SD3.5/experiments/glyph_encoder_per_char/results/inputs/0042_44115.png,/home/ekim339/projects/SD3.5/experiments/glyph_encoder_per_char/results/generated/mask-0p0/char-5/0042.png
1055,42,44115.png,males,47wke,6.502801920176993,3045,0.1,0,4,100252,200084,zifwke,0.0,0.5,0.6,0.0,0.0,0.0,0.0,0.0,/home/ekim339/projects/SD3.5/experiments/glyph_encoder_per_char/results/inputs/0042_44115.png,/home/ekim339/projects/SD3.5/experiments/glyph_encoder_per_char/results/generated/mask-0p1/char-1/0042.png
1056,42,44115.png,males,47wke,6.502801920176993,3045,0.1,1,7,100253,200084,zfwke,0.0,0.6,0.4,0.0,0.0,1.0,1.0,1.0,/home/ekim339/projects/SD3.5/experiments/glyph_encoder_per_char/results/inputs/0042_44115.png,/home/ekim339/projects/SD3.5/experiments/glyph_encoder_per_char/results/generated/mask-0p1/char-2/0042.png
1057,42,44115.png,males,47wke,6.502801920176993,3045,0.1,2,w,100254,200084,zfwke,0.0,0.6,0.4,1.0,0.0,0.0,1.0,1.0,/home/ekim339/projects/SD3.5/experiments/glyph_encoder_per_char/results/inputs/0042_44115.png,/home/ekim339/projects/SD3.5/experiments/glyph_encoder_per_char/results/generated/mask-0p1/char-3/0042.png
1058,42,44115.png,males,47wke,6.502801920176993,3045,0.1,3,k,100255,200084,zfwke,0.0,0.6,0.4,1.0,0.0,0.0,1.0,1.0,/home/ekim339/projects/SD3.5/experiments/glyph_encoder_per_char/results/inputs/0042_44115.png,/home/ekim339/projects/SD3.5/experiments/glyph_encoder_per_char/results/generated/mask-0p1/char-4/0042.png
1059,42,44115.png,males,47wke,6.502801920176993,3045,0.1,4,e,100256,200084,zfwke,0.0,0.6,0.4,1.0,0.0,0.0,1.0,1.0,/home/ekim339/projects/SD3.5/experiments/glyph_encoder_per_char/results/inputs/0042_44115.png,/home/ekim339/projects/SD3.5/experiments/glyph_encoder_per_char/results/generated/mask-0p1/char-5/0042.png
1060,42,44115.png,males,47wke,6.502801920176993,3045,0.3,0,4,100252,200084,nfwke,0.0,0.6,0.4,0.0,0.0,1.0,1.0,1.0,/home/ekim339/projects/SD3.5/experiments/glyph_encoder_per_char/results/inputs/0042_44115.png,/home/ekim339/projects/SD3.5/experiments/glyph_encoder_per_char/results/generated/mask-0p3/char-1/0042.png
1061,42,44115.png,males,47wke,6.502801920176993,3045,0.3,1,7,100253,200084,zhwke,0.0,0.6,0.4,0.0,0.0,1.0,1.0,1.0,/home/ekim339/projects/SD3.5/experiments/glyph_encoder_per_char/results/inputs/0042_44115.png,/home/ekim339/projects/SD3.5/experiments/glyph_encoder_per_char/results/generated/mask-0p3/char-2/0042.png
1062,42,44115.png,males,47wke,6.502801920176993,3045,0.3,2,w,100254,200084,zifwkk,0.0,0.33333333333333337,0.8,0.0,0.0,0.0,0.0,0.0,/home/ekim339/projects/SD3.5/experiments/glyph_encoder_per_char/results/inputs/0042_44115.png,/home/ekim339/projects/SD3.5/experiments/glyph_encoder_per_char/results/generated/mask-0p3/char-3/0042.png
1063,42,44115.png,males,47wke,6.502801920176993,3045,0.3,3,k,100255,200084,zfwire,0.0,0.33333333333333337,0.8,0.0,0.0,0.0,1.0,0.0,/home/ekim339/projects/SD3.5/experiments/glyph_encoder_per_char/results/inputs/0042_44115.png,/home/ekim339/projects/SD3.5/experiments/glyph_encoder_per_char/results/generated/mask-0p3/char-4/0042.png
1064,42,44115.png,males,47wke,6.502801920176993,3045,0.3,4,e,100256,200084,zfwke,0.0,0.6,0.4,1.0,0.0,0.0,1.0,1.0,/home/ekim339/projects/SD3.5/experiments/glyph_encoder_per_char/results/inputs/0042_44115.png,/home/ekim339/projects/SD3.5/experiments/glyph_encoder_per_char/results/generated/mask-0p3/char-5/0042.png
1065,42,44115.png,males,47wke,6.502801920176993,3045,0.5,0,4,100252,200084,clwwke,0.0,0.5,0.6,0.0,0.0,1.0,0.0,0.0,/home/ekim339/projects/SD3.5/experiments/glyph_encoder_per_char/results/inputs/0042_44115.png,/home/ekim339/projects/SD3.5/experiments/glyph_encoder_per_char/results/generated/mask-0p5/char-1/0042.png
1066,42,44115.png,males,47wke,6.502801920176993,3045,0.5,1,7,100253,200084,zhwke,0.0,0.6,0.4,0.0,0.0,1.0,1.0,1.0,/home/ekim339/projects/SD3.5/experiments/glyph_encoder_per_char/results/inputs/0042_44115.png,/home/ekim339/projects/SD3.5/experiments/glyph_encoder_per_char/results/generated/mask-0p5/char-2/0042.png
1067,42,44115.png,males,47wke,6.502801920176993,3045,0.5,2,w,100254,200084,atvikke,0.0,0.2857142857142857,1.0,0.0,0.0,0.0,0.0,0.0,/home/ekim339/projects/SD3.5/experiments/glyph_encoder_per_char/results/inputs/0042_44115.png,/home/ekim339/projects/SD3.5/experiments/glyph_encoder_per_char/results/generated/mask-0p5/char-3/0042.png
1068,42,44115.png,males,47wke,6.502801920176993,3045,0.5,3,k,100255,200084,zfwwe,0.0,0.4,0.6,0.0,0.0,0.0,1.0,1.0,/home/ekim339/projects/SD3.5/experiments/glyph_encoder_per_char/results/inputs/0042_44115.png,/home/ekim339/projects/SD3.5/experiments/glyph_encoder_per_char/results/generated/mask-0p5/char-4/0042.png
1069,42,44115.png,males,47wke,6.502801920176993,3045,0.5,4,e,100256,200084,zfwke,0.0,0.6,0.4,1.0,0.0,0.0,1.0,1.0,/home/ekim339/projects/SD3.5/experiments/glyph_encoder_per_char/results/inputs/0042_44115.png,/home/ekim339/projects/SD3.5/experiments/glyph_encoder_per_char/results/generated/mask-0p5/char-5/0042.png
1070,42,44115.png,males,47wke,6.502801920176993,3045,0.7,0,4,100252,200084,afwke,0.0,0.6,0.4,0.0,0.0,1.0,1.0,1.0,/home/ekim339/projects/SD3.5/experiments/glyph_encoder_per_char/results/inputs/0042_44115.png,/home/ekim339/projects/SD3.5/experiments/glyph_encoder_per_char/results/generated/mask-0p7/char-1/0042.png
1071,42,44115.png,males,47wke,6.502801920176993,3045,0.7,1,7,100253,200084,znwke,0.0,0.6,0.4,0.0,0.0,1.0,1.0,1.0,/home/ekim339/projects/SD3.5/experiments/glyph_encoder_per_char/results/inputs/0042_44115.png,/home/ekim339/projects/SD3.5/experiments/glyph_encoder_per_char/results/generated/mask-0p7/char-2/0042.png
1072,42,44115.png,males,47wke,6.502801920176993,3045,0.7,2,w,100254,200084,atvikke,0.0,0.2857142857142857,1.0,0.0,0.0,0.0,0.0,0.0,/home/ekim339/projects/SD3.5/experiments/glyph_encoder_per_char/results/inputs/0042_44115.png,/home/ekim339/projects/SD3.5/experiments/glyph_encoder_per_char/results/generated/mask-0p7/char-3/0042.png
1073,42,44115.png,males,47wke,6.502801920176993,3045,0.7,3,k,100255,200084,zfwwe,0.0,0.4,0.6,0.0,0.0,0.0,1.0,1.0,/home/ekim339/projects/SD3.5/experiments/glyph_encoder_per_char/results/inputs/0042_44115.png,/home/ekim339/projects/SD3.5/experiments/glyph_encoder_per_char/results/generated/mask-0p7/char-4/0042.png
1074,42,44115.png,males,47wke,6.502801920176993,3045,0.7,4,e,100256,200084,zfwkk,0.0,0.4,0.6,0.0,0.0,0.0,1.0,1.0,/home/ekim339/projects/SD3.5/experiments/glyph_encoder_per_char/results/inputs/0042_44115.png,/home/ekim339/projects/SD3.5/experiments/glyph_encoder_per_char/results/generated/mask-0p7/char-5/0042.png
1075,43,37472.png,toile,sd00d,3.17530122014023,3046,0.0,0,s,100257,200085,sdood,0.0,0.6,0.4,1.0,1.0,0.0,0.0,1.0,/home/ekim339/projects/SD3.5/experiments/glyph_encoder_per_char/results/inputs/0043_37472.png,/home/ekim339/projects/SD3.5/experiments/glyph_encoder_per_char/results/generated/mask-0p0/char-1/0043.png
1076,43,37472.png,toile,sd00d,3.17530122014023,3046,0.0,1,d,100258,200085,sdood,0.0,0.6,0.4,1.0,1.0,0.0,0.0,1.0,/home/ekim339/projects/SD3.5/experiments/glyph_encoder_per_char/results/inputs/0043_37472.png,/home/ekim339/projects/SD3.5/experiments/glyph_encoder_per_char/results/generated/mask-0p0/char-2/0043.png
1077,43,37472.png,toile,sd00d,3.17530122014023,3046,0.0,2,0,100259,200085,sdood,0.0,0.6,0.4,0.0,1.0,1.0,0.0,1.0,/home/ekim339/projects/SD3.5/experiments/glyph_encoder_per_char/results/inputs/0043_37472.png,/home/ekim339/projects/SD3.5/experiments/glyph_encoder_per_char/results/generated/mask-0p0/char-3/0043.png
1078,43,37472.png,toile,sd00d,3.17530122014023,3046,0.0,3,0,100260,200085,sdood,0.0,0.6,0.4,0.0,1.0,1.0,0.0,1.0,/home/ekim339/projects/SD3.5/experiments/glyph_encoder_per_char/results/inputs/0043_37472.png,/home/ekim339/projects/SD3.5/experiments/glyph_encoder_per_char/results/generated/mask-0p0/char-4/0043.png
1079,43,37472.png,toile,sd00d,3.17530122014023,3046,0.0,4,d,100261,200085,sdood,0.0,0.6,0.4,1.0,1.0,1.0,0.0,0.0,/home/ekim339/projects/SD3.5/experiments/glyph_encoder_per_char/results/inputs/0043_37472.png,/home/ekim339/projects/SD3.5/experiments/glyph_encoder_per_char/results/generated/mask-0p0/char-5/0043.png
1080,43,37472.png,toile,sd00d,3.17530122014023,3046,0.1,0,s,100257,200085,sdood,0.0,0.6,0.4,1.0,1.0,0.0,0.0,1.0,/home/ekim339/projects/SD3.5/experiments/glyph_encoder_per_char/results/inputs/0043_37472.png,/home/ekim339/projects/SD3.5/experiments/glyph_encoder_per_char/results/generated/mask-0p1/char-1/0043.png
1081,43,37472.png,toile,sd00d,3.17530122014023,3046,0.1,1,d,100258,200085,sdood,0.0,0.6,0.4,1.0,1.0,0.0,0.0,1.0,/home/ekim339/projects/SD3.5/experiments/glyph_encoder_per_char/results/inputs/0043_37472.png,/home/ekim339/projects/SD3.5/experiments/glyph_encoder_per_char/results/generated/mask-0p1/char-2/0043.png
1082,43,37472.png,toile,sd00d,3.17530122014023,3046,0.1,2,0,100259,200085,sdood,0.0,0.6,0.4,0.0,1.0,1.0,0.0,1.0,/home/ekim339/projects/SD3.5/experiments/glyph_encoder_per_char/results/inputs/0043_37472.png,/home/ekim339/projects/SD3.5/experiments/glyph_encoder_per_char/results/generated/mask-0p1/char-3/0043.png
1083,43,37472.png,toile,sd00d,3.17530122014023,3046,0.1,3,0,100260,200085,sdood,0.0,0.6,0.4,0.0,1.0,1.0,0.0,1.0,/home/ekim339/projects/SD3.5/experiments/glyph_encoder_per_char/results/inputs/0043_37472.png,/home/ekim339/projects/SD3.5/experiments/glyph_encoder_per_char/results/generated/mask-0p1/char-4/0043.png
1084,43,37472.png,toile,sd00d,3.17530122014023,3046,0.1,4,d,100261,200085,sdood,0.0,0.6,0.4,1.0,1.0,1.0,0.0,0.0,/home/ekim339/projects/SD3.5/experiments/glyph_encoder_per_char/results/inputs/0043_37472.png,/home/ekim339/projects/SD3.5/experiments/glyph_encoder_per_char/results/generated/mask-0p1/char-5/0043.png
1085,43,37472.png,toile,sd00d,3.17530122014023,3046,0.3,0,s,100257,200085,sdood,0.0,0.6,0.4,1.0,1.0,0.0,0.0,1.0,/home/ekim339/projects/SD3.5/experiments/glyph_encoder_per_char/results/inputs/0043_37472.png,/home/ekim339/projects/SD3.5/experiments/glyph_encoder_per_char/results/generated/mask-0p3/char-1/0043.png
1086,43,37472.png,toile,sd00d,3.17530122014023,3046,0.3,1,d,100258,200085,sdood,0.0,0.6,0.4,1.0,1.0,0.0,0.0,1.0,/home/ekim339/projects/SD3.5/experiments/glyph_encoder_per_char/results/inputs/0043_37472.png,/home/ekim339/projects/SD3.5/experiments/glyph_encoder_per_char/results/generated/mask-0p3/char-2/0043.png
1087,43,37472.png,toile,sd00d,3.17530122014023,3046,0.3,2,0,100259,200085,sdood,0.0,0.6,0.4,0.0,1.0,1.0,0.0,1.0,/home/ekim339/projects/SD3.5/experiments/glyph_encoder_per_char/results/inputs/0043_37472.png,/home/ekim339/projects/SD3.5/experiments/glyph_encoder_per_char/results/generated/mask-0p3/char-3/0043.png
1088,43,37472.png,toile,sd00d,3.17530122014023,3046,0.3,3,0,100260,200085,sdodd,0.0,0.6,0.4,0.0,1.0,1.0,0.0,1.0,/home/ekim339/projects/SD3.5/experiments/glyph_encoder_per_char/results/inputs/0043_37472.png,/home/ekim339/projects/SD3.5/experiments/glyph_encoder_per_char/results/generated/mask-0p3/char-4/0043.png
1089,43,37472.png,toile,sd00d,3.17530122014023,3046,0.3,4,d,100261,200085,sdood,0.0,0.6,0.4,1.0,1.0,1.0,0.0,0.0,/home/ekim339/projects/SD3.5/experiments/glyph_encoder_per_char/results/inputs/0043_37472.png,/home/ekim339/projects/SD3.5/experiments/glyph_encoder_per_char/results/generated/mask-0p3/char-5/0043.png
1090,43,37472.png,toile,sd00d,3.17530122014023,3046,0.5,0,s,100257,200085,sdood,0.0,0.6,0.4,1.0,1.0,0.0,0.0,1.0,/home/ekim339/projects/SD3.5/experiments/glyph_encoder_per_char/results/inputs/0043_37472.png,/home/ekim339/projects/SD3.5/experiments/glyph_encoder_per_char/results/generated/mask-0p5/char-1/0043.png
1091,43,37472.png,toile,sd00d,3.17530122014023,3046,0.5,1,d,100258,200085,sdood,0.0,0.6,0.4,1.0,1.0,0.0,0.0,1.0,/home/ekim339/projects/SD3.5/experiments/glyph_encoder_per_char/results/inputs/0043_37472.png,/home/ekim339/projects/SD3.5/experiments/glyph_encoder_per_char/results/generated/mask-0p5/char-2/0043.png
1092,43,37472.png,toile,sd00d,3.17530122014023,3046,0.5,2,0,100259,200085,sdood,0.0,0.6,0.4,0.0,1.0,1.0,0.0,1.0,/home/ekim339/projects/SD3.5/experiments/glyph_encoder_per_char/results/inputs/0043_37472.png,/home/ekim339/projects/SD3.5/experiments/glyph_encoder_per_char/results/generated/mask-0p5/char-3/0043.png
1093,43,37472.png,toile,sd00d,3.17530122014023,3046,0.5,3,0,100260,200085,sdodd,0.0,0.6,0.4,0.0,1.0,1.0,0.0,1.0,/home/ekim339/projects/SD3.5/experiments/glyph_encoder_per_char/results/inputs/0043_37472.png,/home/ekim339/projects/SD3.5/experiments/glyph_encoder_per_char/results/generated/mask-0p5/char-4/0043.png
1094,43,37472.png,toile,sd00d,3.17530122014023,3046,0.5,4,d,100261,200085,sdood,0.0,0.6,0.4,1.0,1.0,1.0,0.0,0.0,/home/ekim339/projects/SD3.5/experiments/glyph_encoder_per_char/results/inputs/0043_37472.png,/home/ekim339/projects/SD3.5/experiments/glyph_encoder_per_char/results/generated/mask-0p5/char-5/0043.png
1095,43,37472.png,toile,sd00d,3.17530122014023,3046,0.7,0,s,100257,200085,rdood,0.0,0.4,0.6,0.0,1.0,0.0,0.0,1.0,/home/ekim339/projects/SD3.5/experiments/glyph_encoder_per_char/results/inputs/0043_37472.png,/home/ekim339/projects/SD3.5/experiments/glyph_encoder_per_char/results/generated/mask-0p7/char-1/0043.png
1096,43,37472.png,toile,sd00d,3.17530122014023,3046,0.7,1,d,100258,200085,soood,0.0,0.4,0.6,0.0,1.0,0.0,0.0,1.0,/home/ekim339/projects/SD3.5/experiments/glyph_encoder_per_char/results/inputs/0043_37472.png,/home/ekim339/projects/SD3.5/experiments/glyph_encoder_per_char/results/generated/mask-0p7/char-2/0043.png
1097,43,37472.png,toile,sd00d,3.17530122014023,3046,0.7,2,0,100259,200085,sdood,0.0,0.6,0.4,0.0,1.0,1.0,0.0,1.0,/home/ekim339/projects/SD3.5/experiments/glyph_encoder_per_char/results/inputs/0043_37472.png,/home/ekim339/projects/SD3.5/experiments/glyph_encoder_per_char/results/generated/mask-0p7/char-3/0043.png
1098,43,37472.png,toile,sd00d,3.17530122014023,3046,0.7,3,0,100260,200085,sdodd,0.0,0.6,0.4,0.0,1.0,1.0,0.0,1.0,/home/ekim339/projects/SD3.5/experiments/glyph_encoder_per_char/results/inputs/0043_37472.png,/home/ekim339/projects/SD3.5/experiments/glyph_encoder_per_char/results/generated/mask-0p7/char-4/0043.png
1099,43,37472.png,toile,sd00d,3.17530122014023,3046,0.7,4,d,100261,200085,sdooo,0.0,0.4,0.6,0.0,1.0,1.0,0.0,0.0,/home/ekim339/projects/SD3.5/experiments/glyph_encoder_per_char/results/inputs/0043_37472.png,/home/ekim339/projects/SD3.5/experiments/glyph_encoder_per_char/results/generated/mask-0p7/char-5/0043.png
1100,44,21926.png,actic,0h21y,3.437590727788496,3047,0.0,0,0,100262,200086,ohzly,0.0,0.4,0.6,0.0,1.0,0.0,0.0,1.0,/home/ekim339/projects/SD3.5/experiments/glyph_encoder_per_char/results/inputs/0044_21926.png,/home/ekim339/projects/SD3.5/experiments/glyph_encoder_per_char/results/generated/mask-0p0/char-1/0044.png
1101,44,21926.png,actic,0h21y,3.437590727788496,3047,0.0,1,h,100263,200086,ohzly,0.0,0.4,0.6,1.0,0.0,0.0,0.0,1.0,/home/ekim339/projects/SD3.5/experiments/glyph_encoder_per_char/results/inputs/0044_21926.png,/home/ekim339/projects/SD3.5/experiments/glyph_encoder_per_char/results/generated/mask-0p0/char-2/0044.png
1102,44,21926.png,actic,0h21y,3.437590727788496,3047,0.0,2,2,100264,200086,ohzly,0.0,0.4,0.6,0.0,0.0,1.0,0.0,1.0,/home/ekim339/projects/SD3.5/experiments/glyph_encoder_per_char/results/inputs/0044_21926.png,/home/ekim339/projects/SD3.5/experiments/glyph_encoder_per_char/results/generated/mask-0p0/char-3/0044.png
1103,44,21926.png,actic,0h21y,3.437590727788496,3047,0.0,3,1,100265,200086,ohzly,0.0,0.4,0.6,0.0,0.0,1.0,0.0,1.0,/home/ekim339/projects/SD3.5/experiments/glyph_encoder_per_char/results/inputs/0044_21926.png,/home/ekim339/projects/SD3.5/experiments/glyph_encoder_per_char/results/generated/mask-0p0/char-4/0044.png
1104,44,21926.png,actic,0h21y,3.437590727788496,3047,0.0,4,y,100266,200086,ohzly,0.0,0.4,0.6,1.0,0.0,1.0,0.0,0.0,/home/ekim339/projects/SD3.5/experiments/glyph_encoder_per_char/results/inputs/0044_21926.png,/home/ekim339/projects/SD3.5/experiments/glyph_encoder_per_char/results/generated/mask-0p0/char-5/0044.png
1105,44,21926.png,actic,0h21y,3.437590727788496,3047,0.1,0,0,100262,200086,ohzly,0.0,0.4,0.6,0.0,1.0,0.0,0.0,1.0,/home/ekim339/projects/SD3.5/experiments/glyph_encoder_per_char/results/inputs/0044_21926.png,/home/ekim339/projects/SD3.5/experiments/glyph_encoder_per_char/results/generated/mask-0p1/char-1/0044.png
1106,44,21926.png,actic,0h21y,3.437590727788496,3047,0.1,1,h,100263,200086,ohzly,0.0,0.4,0.6,1.0,0.0,0.0,0.0,1.0,/home/ekim339/projects/SD3.5/experiments/glyph_encoder_per_char/results/inputs/0044_21926.png,/home/ekim339/projects/SD3.5/experiments/glyph_encoder_per_char/results/generated/mask-0p1/char-2/0044.png
1107,44,21926.png,actic,0h21y,3.437590727788496,3047,0.1,2,2,100264,200086,ohzly,0.0,0.4,0.6,0.0,0.0,1.0,0.0,1.0,/home/ekim339/projects/SD3.5/experiments/glyph_encoder_per_char/results/inputs/0044_21926.png,/home/ekim339/projects/SD3.5/experiments/glyph_encoder_per_char/results/generated/mask-0p1/char-3/0044.png
1108,44,21926.png,actic,0h21y,3.437590727788496,3047,0.1,3,1,100265,200086,ohzly,0.0,0.4,0.6,0.0,0.0,1.0,0.0,1.0,/home/ekim339/projects/SD3.5/experiments/glyph_encoder_per_char/results/inputs/0044_21926.png,/home/ekim339/projects/SD3.5/experiments/glyph_encoder_per_char/results/generated/mask-0p1/char-4/0044.png
1109,44,21926.png,actic,0h21y,3.437590727788496,3047,0.1,4,y,100266,200086,ohzly,0.0,0.4,0.6,1.0,0.0,1.0,0.0,0.0,/home/ekim339/projects/SD3.5/experiments/glyph_encoder_per_char/results/inputs/0044_21926.png,/home/ekim339/projects/SD3.5/experiments/glyph_encoder_per_char/results/generated/mask-0p1/char-5/0044.png
1110,44,21926.png,actic,0h21y,3.437590727788496,3047,0.3,0,0,100262,200086,ohzly,0.0,0.4,0.6,0.0,1.0,0.0,0.0,1.0,/home/ekim339/projects/SD3.5/experiments/glyph_encoder_per_char/results/inputs/0044_21926.png,/home/ekim339/projects/SD3.5/experiments/glyph_encoder_per_char/results/generated/mask-0p3/char-1/0044.png
1111,44,21926.png,actic,0h21y,3.437590727788496,3047,0.3,1,h,100263,200086,ohzly,0.0,0.4,0.6,1.0,0.0,0.0,0.0,1.0,/home/ekim339/projects/SD3.5/experiments/glyph_encoder_per_char/results/inputs/0044_21926.png,/home/ekim339/projects/SD3.5/experiments/glyph_encoder_per_char/results/generated/mask-0p3/char-2/0044.png
1112,44,21926.png,actic,0h21y,3.437590727788496,3047,0.3,2,2,100264,200086,oh2ly,0.0,0.6,0.4,1.0,0.0,1.0,0.0,1.0,/home/ekim339/projects/SD3.5/experiments/glyph_encoder_per_char/results/inputs/0044_21926.png,/home/ekim339/projects/SD3.5/experiments/glyph_encoder_per_char/results/generated/mask-0p3/char-3/0044.png
1113,44,21926.png,actic,0h21y,3.437590727788496,3047,0.3,3,1,100265,200086,ohz1y,0.0,0.6,0.4,1.0,0.0,1.0,0.0,1.0,/home/ekim339/projects/SD3.5/experiments/glyph_encoder_per_char/results/inputs/0044_21926.png,/home/ekim339/projects/SD3.5/experiments/glyph_encoder_per_char/results/generated/mask-0p3/char-4/0044.png
1114,44,21926.png,actic,0h21y,3.437590727788496,3047,0.3,4,y,100266,200086,ohzly,0.0,0.4,0.6,1.0,0.0,1.0,0.0,0.0,/home/ekim339/projects/SD3.5/experiments/glyph_encoder_per_char/results/inputs/0044_21926.png,/home/ekim339/projects/SD3.5/experiments/glyph_encoder_per_char/results/generated/mask-0p3/char-5/0044.png
1115,44,21926.png,actic,0h21y,3.437590727788496,3047,0.5,0,0,100262,200086,ohzly,0.0,0.4,0.6,0.0,1.0,0.0,0.0,1.0,/home/ekim339/projects/SD3.5/experiments/glyph_encoder_per_char/results/inputs/0044_21926.png,/home/ekim339/projects/SD3.5/experiments/glyph_encoder_per_char/results/generated/mask-0p5/char-1/0044.png
1116,44,21926.png,actic,0h21y,3.437590727788496,3047,0.5,1,h,100263,200086,oolzly,0.0,0.16666666666666663,1.0,0.0,0.0,0.0,0.0,0.0,/home/ekim339/projects/SD3.5/experiments/glyph_encoder_per_char/results/inputs/0044_21926.png,/home/ekim339/projects/SD3.5/experiments/glyph_encoder_per_char/results/generated/mask-0p5/char-2/0044.png
1117,44,21926.png,actic,0h21y,3.437590727788496,3047,0.5,2,2,100264,200086,ohnly,0.0,0.4,0.6,0.0,0.0,1.0,0.0,1.0,/home/ekim339/projects/SD3.5/experiments/glyph_encoder_per_char/results/inputs/0044_21926.png,/home/ekim339/projects/SD3.5/experiments/glyph_encoder_per_char/results/generated/mask-0p5/char-3/0044.png
1118,44,21926.png,actic,0h21y,3.437590727788496,3047,0.5,3,1,100265,200086,ohzzy,0.0,0.4,0.6,0.0,0.0,1.0,0.0,1.0,/home/ekim339/projects/SD3.5/experiments/glyph_encoder_per_char/results/inputs/0044_21926.png,/home/ekim339/projects/SD3.5/experiments/glyph_encoder_per_char/results/generated/mask-0p5/char-4/0044.png
1119,44,21926.png,actic,0h21y,3.437590727788496,3047,0.5,4,y,100266,200086,oohzzlv,0.0,0.1428571428571429,1.2,0.0,0.0,0.0,0.0,0.0,/home/ekim339/projects/SD3.5/experiments/glyph_encoder_per_char/results/inputs/0044_21926.png,/home/ekim339/projects/SD3.5/experiments/glyph_encoder_per_char/results/generated/mask-0p5/char-5/0044.png
1120,44,21926.png,actic,0h21y,3.437590727788496,3047,0.7,0,0,100262,200086,ohzly,0.0,0.4,0.6,0.0,1.0,0.0,0.0,1.0,/home/ekim339/projects/SD3.5/experiments/glyph_encoder_per_char/results/inputs/0044_21926.png,/home/ekim339/projects/SD3.5/experiments/glyph_encoder_per_char/results/generated/mask-0p7/char-1/0044.png
1121,44,21926.png,actic,0h21y,3.437590727788496,3047,0.7,1,h,100263,200086,oovzly,0.0,0.16666666666666663,1.0,0.0,0.0,0.0,0.0,0.0,/home/ekim339/projects/SD3.5/experiments/glyph_encoder_per_char/results/inputs/0044_21926.png,/home/ekim339/projects/SD3.5/experiments/glyph_encoder_per_char/results/generated/mask-0p7/char-2/0044.png
1122,44,21926.png,actic,0h21y,3.437590727788496,3047,0.7,2,2,100264,200086,ohnly,0.0,0.4,0.6,0.0,0.0,1.0,0.0,1.0,/home/ekim339/projects/SD3.5/experiments/glyph_encoder_per_char/results/inputs/0044_21926.png,/home/ekim339/projects/SD3.5/experiments/glyph_encoder_per_char/results/generated/mask-0p7/char-3/0044.png
1123,44,21926.png,actic,0h21y,3.437590727788496,3047,0.7,3,1,100265,200086,ohzzy,0.0,0.4,0.6,0.0,0.0,1.0,0.0,1.0,/home/ekim339/projects/SD3.5/experiments/glyph_encoder_per_char/results/inputs/0044_21926.png,/home/ekim339/projects/SD3.5/experiments/glyph_encoder_per_char/results/generated/mask-0p7/char-4/0044.png
1124,44,21926.png,actic,0h21y,3.437590727788496,3047,0.7,4,y,100266,200086,oohzzl,0.0,0.16666666666666663,1.0,0.0,0.0,0.0,0.0,0.0,/home/ekim339/projects/SD3.5/experiments/glyph_encoder_per_char/results/inputs/0044_21926.png,/home/ekim339/projects/SD3.5/experiments/glyph_encoder_per_char/results/generated/mask-0p7/char-5/0044.png
1125,45,06288.png,holon,u65ie,5.2621649689389365,3048,0.0,0,u,100267,200087,jussie,0.0,0.5,0.6,0.0,0.0,0.0,0.0,0.0,/home/ekim339/projects/SD3.5/experiments/glyph_encoder_per_char/results/inputs/0045_06288.png,/home/ekim339/projects/SD3.5/experiments/glyph_encoder_per_char/results/generated/mask-0p0/char-1/0045.png
1126,45,06288.png,holon,u65ie,5.2621649689389365,3048,0.0,1,6,100268,200087,jussie,0.0,0.5,0.6,0.0,0.0,0.0,0.0,0.0,/home/ekim339/projects/SD3.5/experiments/glyph_encoder_per_char/results/inputs/0045_06288.png,/home/ekim339/projects/SD3.5/experiments/glyph_encoder_per_char/results/generated/mask-0p0/char-2/0045.png
1127,45,06288.png,holon,u65ie,5.2621649689389365,3048,0.0,2,5,100269,200087,jussie,0.0,0.5,0.6,0.0,0.0,0.0,0.0,0.0,/home/ekim339/projects/SD3.5/experiments/glyph_encoder_per_char/results/inputs/0045_06288.png,/home/ekim339/projects/SD3.5/experiments/glyph_encoder_per_char/results/generated/mask-0p0/char-3/0045.png
1128,45,06288.png,holon,u65ie,5.2621649689389365,3048,0.0,3,i,100270,200087,jussie,0.0,0.5,0.6,0.0,0.0,0.0,0.0,0.0,/home/ekim339/projects/SD3.5/experiments/glyph_encoder_per_char/results/inputs/0045_06288.png,/home/ekim339/projects/SD3.5/experiments/glyph_encoder_per_char/results/generated/mask-0p0/char-4/0045.png
1129,45,06288.png,holon,u65ie,5.2621649689389365,3048,0.0,4,e,100271,200087,jussie,0.0,0.5,0.6,0.0,0.0,0.0,0.0,0.0,/home/ekim339/projects/SD3.5/experiments/glyph_encoder_per_char/results/inputs/0045_06288.png,/home/ekim339/projects/SD3.5/experiments/glyph_encoder_per_char/results/generated/mask-0p0/char-5/0045.png
1130,45,06288.png,holon,u65ie,5.2621649689389365,3048,0.1,0,u,100267,200087,jussier,0.0,0.4285714285714286,0.8,0.0,0.0,0.0,0.0,0.0,/home/ekim339/projects/SD3.5/experiments/glyph_encoder_per_char/results/inputs/0045_06288.png,/home/ekim339/projects/SD3.5/experiments/glyph_encoder_per_char/results/generated/mask-0p1/char-1/0045.png
1131,45,06288.png,holon,u65ie,5.2621649689389365,3048,0.1,1,6,100268,200087,jussier,0.0,0.4285714285714286,0.8,0.0,0.0,0.0,0.0,0.0,/home/ekim339/projects/SD3.5/experiments/glyph_encoder_per_char/results/inputs/0045_06288.png,/home/ekim339/projects/SD3.5/experiments/glyph_encoder_per_char/results/generated/mask-0p1/char-2/0045.png
1132,45,06288.png,holon,u65ie,5.2621649689389365,3048,0.1,2,5,100269,200087,jussier,0.0,0.4285714285714286,0.8,0.0,0.0,0.0,0.0,0.0,/home/ekim339/projects/SD3.5/experiments/glyph_encoder_per_char/results/inputs/0045_06288.png,/home/ekim339/projects/SD3.5/experiments/glyph_encoder_per_char/results/generated/mask-0p1/char-3/0045.png
1133,45,06288.png,holon,u65ie,5.2621649689389365,3048,0.1,3,i,100270,200087,jussie,0.0,0.5,0.6,0.0,0.0,0.0,0.0,0.0,/home/ekim339/projects/SD3.5/experiments/glyph_encoder_per_char/results/inputs/0045_06288.png,/home/ekim339/projects/SD3.5/experiments/glyph_encoder_per_char/results/generated/mask-0p1/char-4/0045.png
1134,45,06288.png,holon,u65ie,5.2621649689389365,3048,0.1,4,e,100271,200087,jussie,0.0,0.5,0.6,0.0,0.0,0.0,0.0,0.0,/home/ekim339/projects/SD3.5/experiments/glyph_encoder_per_char/results/inputs/0045_06288.png,/home/ekim339/projects/SD3.5/experiments/glyph_encoder_per_char/results/generated/mask-0p1/char-5/0045.png
1135,45,06288.png,holon,u65ie,5.2621649689389365,3048,0.3,0,u,100267,200087,jussie,0.0,0.5,0.6,0.0,0.0,0.0,0.0,0.0,/home/ekim339/projects/SD3.5/experiments/glyph_encoder_per_char/results/inputs/0045_06288.png,/home/ekim339/projects/SD3.5/experiments/glyph_encoder_per_char/results/generated/mask-0p3/char-1/0045.png
1136,45,06288.png,holon,u65ie,5.2621649689389365,3048,0.3,1,6,100268,200087,jussie,0.0,0.5,0.6,0.0,0.0,0.0,0.0,0.0,/home/ekim339/projects/SD3.5/experiments/glyph_encoder_per_char/results/inputs/0045_06288.png,/home/ekim339/projects/SD3.5/experiments/glyph_encoder_per_char/results/generated/mask-0p3/char-2/0045.png
1137,45,06288.png,holon,u65ie,5.2621649689389365,3048,0.3,2,5,100269,200087,justie,0.0,0.5,0.6,0.0,0.0,0.0,0.0,0.0,/home/ekim339/projects/SD3.5/experiments/glyph_encoder_per_char/results/inputs/0045_06288.png,/home/ekim339/projects/SD3.5/experiments/glyph_encoder_per_char/results/generated/mask-0p3/char-3/0045.png
1138,45,06288.png,holon,u65ie,5.2621649689389365,3048,0.3,3,i,100270,200087,jusse,0.0,0.19999999999999996,0.8,0.0,0.0,0.0,0.0,1.0,/home/ekim339/projects/SD3.5/experiments/glyph_encoder_per_char/results/inputs/0045_06288.png,/home/ekim339/projects/SD3.5/experiments/glyph_encoder_per_char/results/generated/mask-0p3/char-4/0045.png
1139,45,06288.png,holon,u65ie,5.2621649689389365,3048,0.3,4,e,100271,200087,jussi,0.0,0.19999999999999996,0.8,0.0,0.0,0.0,0.0,0.0,/home/ekim339/projects/SD3.5/experiments/glyph_encoder_per_char/results/inputs/0045_06288.png,/home/ekim339/projects/SD3.5/experiments/glyph_encoder_per_char/results/generated/mask-0p3/char-5/0045.png
1140,45,06288.png,holon,u65ie,5.2621649689389365,3048,0.5,0,u,100267,200087,jasse,0.0,0.19999999999999996,0.8,0.0,0.0,0.0,0.0,1.0,/home/ekim339/projects/SD3.5/experiments/glyph_encoder_per_char/results/inputs/0045_06288.png,/home/ekim339/projects/SD3.5/experiments/glyph_encoder_per_char/results/generated/mask-0p5/char-1/0045.png
1141,45,06288.png,holon,u65ie,5.2621649689389365,3048,0.5,1,6,100268,200087,jussie,0.0,0.5,0.6,0.0,0.0,0.0,0.0,0.0,/home/ekim339/projects/SD3.5/experiments/glyph_encoder_per_char/results/inputs/0045_06288.png,/home/ekim339/projects/SD3.5/experiments/glyph_encoder_per_char/results/generated/mask-0p5/char-2/0045.png
1142,45,06288.png,holon,u65ie,5.2621649689389365,3048,0.5,2,5,100269,200087,juccie,0.0,0.5,0.6,0.0,0.0,0.0,0.0,0.0,/home/ekim339/projects/SD3.5/experiments/glyph_encoder_per_char/results/inputs/0045_06288.png,/home/ekim339/projects/SD3.5/experiments/glyph_encoder_per_char/results/generated/mask-0p5/char-3/0045.png
1143,45,06288.png,holon,u65ie,5.2621649689389365,3048,0.5,3,i,100270,200087,jusse,0.0,0.19999999999999996,0.8,0.0,0.0,0.0,0.0,1.0,/home/ekim339/projects/SD3.5/experiments/glyph_encoder_per_char/results/inputs/0045_06288.png,/home/ekim339/projects/SD3.5/experiments/glyph_encoder_per_char/results/generated/mask-0p5/char-4/0045.png
1144,45,06288.png,holon,u65ie,5.2621649689389365,3048,0.5,4,e,100271,200087,jucsi,0.0,0.19999999999999996,0.8,0.0,0.0,0.0,0.0,0.0,/home/ekim339/projects/SD3.5/experiments/glyph_encoder_per_char/results/inputs/0045_06288.png,/home/ekim339/projects/SD3.5/experiments/glyph_encoder_per_char/results/generated/mask-0p5/char-5/0045.png
1145,45,06288.png,holon,u65ie,5.2621649689389365,3048,0.7,0,u,100267,200087,joise,0.0,0.19999999999999996,0.8,0.0,0.0,0.0,0.0,1.0,/home/ekim339/projects/SD3.5/experiments/glyph_encoder_per_char/results/inputs/0045_06288.png,/home/ekim339/projects/SD3.5/experiments/glyph_encoder_per_char/results/generated/mask-0p7/char-1/0045.png
1146,45,06288.png,holon,u65ie,5.2621649689389365,3048,0.7,1,6,100268,200087,jussie,0.0,0.5,0.6,0.0,0.0,0.0,0.0,0.0,/home/ekim339/projects/SD3.5/experiments/glyph_encoder_per_char/results/inputs/0045_06288.png,/home/ekim339/projects/SD3.5/experiments/glyph_encoder_per_char/results/generated/mask-0p7/char-2/0045.png
1147,45,06288.png,holon,u65ie,5.2621649689389365,3048,0.7,2,5,100269,200087,fuddle,0.0,0.33333333333333337,0.8,0.0,0.0,0.0,0.0,0.0,/home/ekim339/projects/SD3.5/experiments/glyph_encoder_per_char/results/inputs/0045_06288.png,/home/ekim339/projects/SD3.5/experiments/glyph_encoder_per_char/results/generated/mask-0p7/char-3/0045.png
1148,45,06288.png,holon,u65ie,5.2621649689389365,3048,0.7,3,i,100270,200087,jusse,0.0,0.19999999999999996,0.8,0.0,0.0,0.0,0.0,1.0,/home/ekim339/projects/SD3.5/experiments/glyph_encoder_per_char/results/inputs/0045_06288.png,/home/ekim339/projects/SD3.5/experiments/glyph_encoder_per_char/results/generated/mask-0p7/char-4/0045.png
1149,45,06288.png,holon,u65ie,5.2621649689389365,3048,0.7,4,e,100271,200087,jucsi,0.0,0.19999999999999996,0.8,0.0,0.0,0.0,0.0,0.0,/home/ekim339/projects/SD3.5/experiments/glyph_encoder_per_char/results/inputs/0045_06288.png,/home/ekim339/projects/SD3.5/experiments/glyph_encoder_per_char/results/generated/mask-0p7/char-5/0045.png
1150,46,44947.png,pricy,uumly,10.784218379955963,3049,0.0,0,u,100272,200088,uumnly,0.0,0.8333333333333334,0.2,1.0,1.0,1.0,0.0,0.0,/home/ekim339/projects/SD3.5/experiments/glyph_encoder_per_char/results/inputs/0046_44947.png,/home/ekim339/projects/SD3.5/experiments/glyph_encoder_per_char/results/generated/mask-0p0/char-1/0046.png
1151,46,44947.png,pricy,uumly,10.784218379955963,3049,0.0,1,u,100273,200088,uumnly,0.0,0.8333333333333334,0.2,1.0,1.0,1.0,0.0,0.0,/home/ekim339/projects/SD3.5/experiments/glyph_encoder_per_char/results/inputs/0046_44947.png,/home/ekim339/projects/SD3.5/experiments/glyph_encoder_per_char/results/generated/mask-0p0/char-2/0046.png
1152,46,44947.png,pricy,uumly,10.784218379955963,3049,0.0,2,m,100274,200088,uumnly,0.0,0.8333333333333334,0.2,1.0,1.0,1.0,0.0,0.0,/home/ekim339/projects/SD3.5/experiments/glyph_encoder_per_char/results/inputs/0046_44947.png,/home/ekim339/projects/SD3.5/experiments/glyph_encoder_per_char/results/generated/mask-0p0/char-3/0046.png
1153,46,44947.png,pricy,uumly,10.784218379955963,3049,0.0,3,l,100275,200088,uumnly,0.0,0.8333333333333334,0.2,0.0,1.0,1.0,1.0,0.0,/home/ekim339/projects/SD3.5/experiments/glyph_encoder_per_char/results/inputs/0046_44947.png,/home/ekim339/projects/SD3.5/experiments/glyph_encoder_per_char/results/generated/mask-0p0/char-4/0046.png
1154,46,44947.png,pricy,uumly,10.784218379955963,3049,0.0,4,y,100276,200088,uumnly,0.0,0.8333333333333334,0.2,0.0,1.0,1.0,1.0,0.0,/home/ekim339/projects/SD3.5/experiments/glyph_encoder_per_char/results/inputs/0046_44947.png,/home/ekim339/projects/SD3.5/experiments/glyph_encoder_per_char/results/generated/mask-0p0/char-5/0046.png
1155,46,44947.png,pricy,uumly,10.784218379955963,3049,0.1,0,u,100272,200088,uurnly,0.0,0.6666666666666667,0.4,1.0,1.0,0.0,0.0,0.0,/home/ekim339/projects/SD3.5/experiments/glyph_encoder_per_char/results/inputs/0046_44947.png,/home/ekim339/projects/SD3.5/experiments/glyph_encoder_per_char/results/generated/mask-0p1/char-1/0046.png
1156,46,44947.png,pricy,uumly,10.784218379955963,3049,0.1,1,u,100273,200088,uumnly,0.0,0.8333333333333334,0.2,1.0,1.0,1.0,0.0,0.0,/home/ekim339/projects/SD3.5/experiments/glyph_encoder_per_char/results/inputs/0046_44947.png,/home/ekim339/projects/SD3.5/experiments/glyph_encoder_per_char/results/generated/mask-0p1/char-2/0046.png
1157,46,44947.png,pricy,uumly,10.784218379955963,3049,0.1,2,m,100274,200088,uurll,0.0,0.6,0.4,0.0,1.0,1.0,1.0,0.0,/home/ekim339/projects/SD3.5/experiments/glyph_encoder_per_char/results/inputs/0046_44947.png,/home/ekim339/projects/SD3.5/experiments/glyph_encoder_per_char/results/generated/mask-0p1/char-3/0046.png
1158,46,44947.png,pricy,uumly,10.784218379955963,3049,0.1,3,l,100275,200088,uurll,0.0,0.6,0.4,1.0,1.0,1.0,0.0,0.0,/home/ekim339/projects/SD3.5/experiments/glyph_encoder_per_char/results/inputs/0046_44947.png,/home/ekim339/projects/SD3.5/experiments/glyph_encoder_per_char/results/generated/mask-0p1/char-4/0046.png
1159,46,44947.png,pricy,uumly,10.784218379955963,3049,0.1,4,y,100276,200088,uurnl,0.0,0.4,0.6,0.0,1.0,1.0,0.0,0.0,/home/ekim339/projects/SD3.5/experiments/glyph_encoder_per_char/results/inputs/0046_44947.png,/home/ekim339/projects/SD3.5/experiments/glyph_encoder_per_char/results/generated/mask-0p1/char-5/0046.png
1160,46,44947.png,pricy,uumly,10.784218379955963,3049,0.3,0,u,100272,200088,uumnly,0.0,0.8333333333333334,0.2,1.0,1.0,1.0,0.0,0.0,/home/ekim339/projects/SD3.5/experiments/glyph_encoder_per_char/results/inputs/0046_44947.png,/home/ekim339/projects/SD3.5/experiments/glyph_encoder_per_char/results/generated/mask-0p3/char-1/0046.png
1161,46,44947.png,pricy,uumly,10.784218379955963,3049,0.3,1,u,100273,200088,uummly,0.0,0.8333333333333334,0.2,1.0,1.0,1.0,0.0,0.0,/home/ekim339/projects/SD3.5/experiments/glyph_encoder_per_char/results/inputs/0046_44947.png,/home/ekim339/projects/SD3.5/experiments/glyph_encoder_per_char/results/generated/mask-0p3/char-2/0046.png
1162,46,44947.png,pricy,uumly,10.784218379955963,3049,0.3,2,m,100274,200088,uuirly,0.0,0.6666666666666667,0.4,0.0,1.0,1.0,0.0,0.0,/home/ekim339/projects/SD3.5/experiments/glyph_encoder_per_char/results/inputs/0046_44947.png,/home/ekim339/projects/SD3.5/experiments/glyph_encoder_per_char/results/generated/mask-0p3/char-3/0046.png
1163,46,44947.png,pricy,uumly,10.784218379955963,3049,0.3,3,l,100275,200088,uummly,0.0,0.8333333333333334,0.2,0.0,1.0,1.0,1.0,0.0,/home/ekim339/projects/SD3.5/experiments/glyph_encoder_per_char/results/inputs/0046_44947.png,/home/ekim339/projects/SD3.5/experiments/glyph_encoder_per_char/results/generated/mask-0p3/char-4/0046.png
1164,46,44947.png,pricy,uumly,10.784218379955963,3049,0.3,4,y,100276,200088,uurlyy,0.0,0.6666666666666667,0.4,1.0,1.0,1.0,0.0,1.0,/home/ekim339/projects/SD3.5/experiments/glyph_encoder_per_char/results/inputs/0046_44947.png,/home/ekim339/projects/SD3.5/experiments/glyph_encoder_per_char/results/generated/mask-0p3/char-5/0046.png
1165,46,44947.png,pricy,uumly,10.784218379955963,3049,0.5,0,u,100272,200088,lurmly,0.0,0.6666666666666667,0.4,0.0,1.0,0.0,0.0,0.0,/home/ekim339/projects/SD3.5/experiments/glyph_encoder_per_char/results/inputs/0046_44947.png,/home/ekim339/projects/SD3.5/experiments/glyph_encoder_per_char/results/generated/mask-0p5/char-1/0046.png
1166,46,44947.png,pricy,uumly,10.784218379955963,3049,0.5,1,u,100273,200088,uummly,0.0,0.8333333333333334,0.2,1.0,1.0,1.0,0.0,0.0,/home/ekim339/projects/SD3.5/experiments/glyph_encoder_per_char/results/inputs/0046_44947.png,/home/ekim339/projects/SD3.5/experiments/glyph_encoder_per_char/results/generated/mask-0p5/char-2/0046.png
1167,46,44947.png,pricy,uumly,10.784218379955963,3049,0.5,2,m,100274,200088,uwlly,0.0,0.6,0.4,0.0,1.0,0.0,1.0,1.0,/home/ekim339/projects/SD3.5/experiments/glyph_encoder_per_char/results/inputs/0046_44947.png,/home/ekim339/projects/SD3.5/experiments/glyph_encoder_per_char/results/generated/mask-0p5/char-3/0046.png
1168,46,44947.png,pricy,uumly,10.784218379955963,3049,0.5,3,l,100275,200088,uumryy,0.0,0.6666666666666667,0.4,0.0,1.0,1.0,1.0,1.0,/home/ekim339/projects/SD3.5/experiments/glyph_encoder_per_char/results/inputs/0046_44947.png,/home/ekim339/projects/SD3.5/experiments/glyph_encoder_per_char/results/generated/mask-0p5/char-4/0046.png
1169,46,44947.png,pricy,uumly,10.784218379955963,3049,0.5,4,y,100276,200088,uurly,0.0,0.8,0.2,1.0,1.0,1.0,0.0,1.0,/home/ekim339/projects/SD3.5/experiments/glyph_encoder_per_char/results/inputs/0046_44947.png,/home/ekim339/projects/SD3.5/experiments/glyph_encoder_per_char/results/generated/mask-0p5/char-5/0046.png
1170,46,44947.png,pricy,uumly,10.784218379955963,3049,0.7,0,u,100272,200088,lurmly,0.0,0.6666666666666667,0.4,0.0,1.0,0.0,0.0,0.0,/home/ekim339/projects/SD3.5/experiments/glyph_encoder_per_char/results/inputs/0046_44947.png,/home/ekim339/projects/SD3.5/experiments/glyph_encoder_per_char/results/generated/mask-0p7/char-1/0046.png
1171,46,44947.png,pricy,uumly,10.784218379955963,3049,0.7,1,u,100273,200088,uummly,0.0,0.8333333333333334,0.2,1.0,1.0,1.0,0.0,0.0,/home/ekim339/projects/SD3.5/experiments/glyph_encoder_per_char/results/inputs/0046_44947.png,/home/ekim339/projects/SD3.5/experiments/glyph_encoder_per_char/results/generated/mask-0p7/char-2/0046.png
1172,46,44947.png,pricy,uumly,10.784218379955963,3049,0.7,2,m,100274,200088,uwlly,0.0,0.6,0.4,0.0,1.0,0.0,1.0,1.0,/home/ekim339/projects/SD3.5/experiments/glyph_encoder_per_char/results/inputs/0046_44947.png,/home/ekim339/projects/SD3.5/experiments/glyph_encoder_per_char/results/generated/mask-0p7/char-3/0046.png
1173,46,44947.png,pricy,uumly,10.784218379955963,3049,0.7,3,l,100275,200088,uumryy,0.0,0.6666666666666667,0.4,0.0,1.0,1.0,1.0,1.0,/home/ekim339/projects/SD3.5/experiments/glyph_encoder_per_char/results/inputs/0046_44947.png,/home/ekim339/projects/SD3.5/experiments/glyph_encoder_per_char/results/generated/mask-0p7/char-4/0046.png
1174,46,44947.png,pricy,uumly,10.784218379955963,3049,0.7,4,y,100276,200088,uurly,0.0,0.8,0.2,1.0,1.0,1.0,0.0,1.0,/home/ekim339/projects/SD3.5/experiments/glyph_encoder_per_char/results/inputs/0046_44947.png,/home/ekim339/projects/SD3.5/experiments/glyph_encoder_per_char/results/generated/mask-0p7/char-5/0046.png
1175,47,07154.png,cashe,cmk1x,2.254365678670303,3050,0.0,0,c,100277,200089,cempeii,0.0,0.2857142857142857,1.0,1.0,0.0,0.0,0.0,0.0,/home/ekim339/projects/SD3.5/experiments/glyph_encoder_per_char/results/inputs/0047_07154.png,/home/ekim339/projects/SD3.5/experiments/glyph_encoder_per_char/results/generated/mask-0p0/char-1/0047.png
1176,47,07154.png,cashe,cmk1x,2.254365678670303,3050,0.0,1,m,100278,200089,cempeii,0.0,0.2857142857142857,1.0,0.0,1.0,0.0,0.0,0.0,/home/ekim339/projects/SD3.5/experiments/glyph_encoder_per_char/results/inputs/0047_07154.png,/home/ekim339/projects/SD3.5/experiments/glyph_encoder_per_char/results/generated/mask-0p0/char-2/0047.png
1177,47,07154.png,cashe,cmk1x,2.254365678670303,3050,0.0,2,k,100279,200089,cempeii,0.0,0.2857142857142857,1.0,0.0,1.0,0.0,0.0,0.0,/home/ekim339/projects/SD3.5/experiments/glyph_encoder_per_char/results/inputs/0047_07154.png,/home/ekim339/projects/SD3.5/experiments/glyph_encoder_per_char/results/generated/mask-0p0/char-3/0047.png
1178,47,07154.png,cashe,cmk1x,2.254365678670303,3050,0.0,3,1,100280,200089,cempeii,0.0,0.2857142857142857,1.0,0.0,1.0,0.0,0.0,0.0,/home/ekim339/projects/SD3.5/experiments/glyph_encoder_per_char/results/inputs/0047_07154.png,/home/ekim339/projects/SD3.5/experiments/glyph_encoder_per_char/results/generated/mask-0p0/char-4/0047.png
1179,47,07154.png,cashe,cmk1x,2.254365678670303,3050,0.0,4,x,100281,200089,cempeii,0.0,0.2857142857142857,1.0,0.0,1.0,0.0,0.0,0.0,/home/ekim339/projects/SD3.5/experiments/glyph_encoder_per_char/results/inputs/0047_07154.png,/home/ekim339/projects/SD3.5/experiments/glyph_encoder_per_char/results/generated/mask-0p0/char-5/0047.png
1180,47,07154.png,cashe,cmk1x,2.254365678670303,3050,0.1,0,c,100277,200089,cempiii,0.0,0.2857142857142857,1.0,1.0,0.0,0.0,0.0,0.0,/home/ekim339/projects/SD3.5/experiments/glyph_encoder_per_char/results/inputs/0047_07154.png,/home/ekim339/projects/SD3.5/experiments/glyph_encoder_per_char/results/generated/mask-0p1/char-1/0047.png
1181,47,07154.png,cashe,cmk1x,2.254365678670303,3050,0.1,1,m,100278,200089,commiie,0.0,0.2857142857142857,1.0,0.0,1.0,0.0,0.0,0.0,/home/ekim339/projects/SD3.5/experiments/glyph_encoder_per_char/results/inputs/0047_07154.png,/home/ekim339/projects/SD3.5/experiments/glyph_encoder_per_char/results/generated/mask-0p1/char-2/0047.png
1182,47,07154.png,cashe,cmk1x,2.254365678670303,3050,0.1,2,k,100279,200089,cemneeei,0.0,0.25,1.2,0.0,1.0,0.0,0.0,0.0,/home/ekim339/projects/SD3.5/experiments/glyph_encoder_per_char/results/inputs/0047_07154.png,/home/ekim339/projects/SD3.5/experiments/glyph_encoder_per_char/results/generated/mask-0p1/char-3/0047.png
1183,47,07154.png,cashe,cmk1x,2.254365678670303,3050,0.1,3,1,100280,200089,cemmett,0.0,0.2857142857142857,1.0,0.0,1.0,0.0,0.0,0.0,/home/ekim339/projects/SD3.5/experiments/glyph_encoder_per_char/results/inputs/0047_07154.png,/home/ekim339/projects/SD3.5/experiments/glyph_encoder_per_char/results/generated/mask-0p1/char-4/0047.png
1184,47,07154.png,cashe,cmk1x,2.254365678670303,3050,0.1,4,x,100281,200089,compitt,0.0,0.2857142857142857,1.0,0.0,1.0,0.0,0.0,0.0,/home/ekim339/projects/SD3.5/experiments/glyph_encoder_per_char/results/inputs/0047_07154.png,/home/ekim339/projects/SD3.5/experiments/glyph_encoder_per_char/results/generated/mask-0p1/char-5/0047.png
1185,47,07154.png,cashe,cmk1x,2.254365678670303,3050,0.3,0,c,100277,200089,compiii,0.0,0.2857142857142857,1.0,1.0,0.0,0.0,0.0,0.0,/home/ekim339/projects/SD3.5/experiments/glyph_encoder_per_char/results/inputs/0047_07154.png,/home/ekim339/projects/SD3.5/experiments/glyph_encoder_per_char/results/generated/mask-0p3/char-1/0047.png
1186,47,07154.png,cashe,cmk1x,2.254365678670303,3050,0.3,1,m,100278,200089,cmcceee,0.0,0.2857142857142857,1.0,1.0,1.0,0.0,0.0,0.0,/home/ekim339/projects/SD3.5/experiments/glyph_encoder_per_char/results/inputs/0047_07154.png,/home/ekim339/projects/SD3.5/experiments/glyph_encoder_per_char/results/generated/mask-0p3/char-2/0047.png
1187,47,07154.png,cashe,cmk1x,2.254365678670303,3050,0.3,2,k,100279,200089,meceageii,0.0,0.11111111111111116,1.6,0.0,0.0,0.0,0.0,0.0,/home/ekim339/projects/SD3.5/experiments/glyph_encoder_per_char/results/inputs/0047_07154.png,/home/ekim339/projects/SD3.5/experiments/glyph_encoder_per_char/results/generated/mask-0p3/char-3/0047.png
1188,47,07154.png,cashe,cmk1x,2.254365678670303,3050,0.3,3,1,100280,200089,somiiee,0.0,0.1428571428571429,1.2,0.0,0.0,0.0,0.0,0.0,/home/ekim339/projects/SD3.5/experiments/glyph_encoder_per_char/results/inputs/0047_07154.png,/home/ekim339/projects/SD3.5/experiments/glyph_encoder_per_char/results/generated/mask-0p3/char-4/0047.png
1189,47,07154.png,cashe,cmk1x,2.254365678670303,3050,0.3,4,x,100281,200089,comiice,0.0,0.2857142857142857,1.0,0.0,1.0,0.0,0.0,0.0,/home/ekim339/projects/SD3.5/experiments/glyph_encoder_per_char/results/inputs/0047_07154.png,/home/ekim339/projects/SD3.5/experiments/glyph_encoder_per_char/results/generated/mask-0p3/char-5/0047.png
1190,47,07154.png,cashe,cmk1x,2.254365678670303,3050,0.5,0,c,100277,200089,commiii,0.0,0.2857142857142857,1.0,1.0,0.0,0.0,0.0,0.0,/home/ekim339/projects/SD3.5/experiments/glyph_encoder_per_char/results/inputs/0047_07154.png,/home/ekim339/projects/SD3.5/experiments/glyph_encoder_per_char/results/generated/mask-0p5/char-1/0047.png
1191,47,07154.png,cashe,cmk1x,2.254365678670303,3050,0.5,1,m,100278,200089,cemiiii,0.0,0.2857142857142857,1.0,0.0,1.0,0.0,0.0,0.0,/home/ekim339/projects/SD3.5/experiments/glyph_encoder_per_char/results/inputs/0047_07154.png,/home/ekim339/projects/SD3.5/experiments/glyph_encoder_per_char/results/generated/mask-0p5/char-2/0047.png
1192,47,07154.png,cashe,cmk1x,2.254365678670303,3050,0.5,2,k,100279,200089,meceaseii,0.0,0.11111111111111116,1.6,0.0,0.0,0.0,0.0,0.0,/home/ekim339/projects/SD3.5/experiments/glyph_encoder_per_char/results/inputs/0047_07154.png,/home/ekim339/projects/SD3.5/experiments/glyph_encoder_per_char/results/generated/mask-0p5/char-3/0047.png
1193,47,07154.png,cashe,cmk1x,2.254365678670303,3050,0.5,3,1,100280,200089,semiiie,0.0,0.1428571428571429,1.2,0.0,0.0,0.0,0.0,0.0,/home/ekim339/projects/SD3.5/experiments/glyph_encoder_per_char/results/inputs/0047_07154.png,/home/ekim339/projects/SD3.5/experiments/glyph_encoder_per_char/results/generated/mask-0p5/char-4/0047.png
1194,47,07154.png,cashe,cmk1x,2.254365678670303,3050,0.5,4,x,100281,200089,conkcti,0.0,0.2857142857142857,1.0,0.0,1.0,0.0,0.0,0.0,/home/ekim339/projects/SD3.5/experiments/glyph_encoder_per_char/results/inputs/0047_07154.png,/home/ekim339/projects/SD3.5/experiments/glyph_encoder_per_char/results/generated/mask-0p5/char-5/0047.png
1195,47,07154.png,cashe,cmk1x,2.254365678670303,3050,0.7,0,c,100277,200089,cemmiii,0.0,0.2857142857142857,1.0,1.0,0.0,0.0,0.0,0.0,/home/ekim339/projects/SD3.5/experiments/glyph_encoder_per_char/results/inputs/0047_07154.png,/home/ekim339/projects/SD3.5/experiments/glyph_encoder_per_char/results/generated/mask-0p7/char-1/0047.png
1196,47,07154.png,cashe,cmk1x,2.254365678670303,3050,0.7,1,m,100278,200089,comtit,0.0,0.33333333333333337,0.8,0.0,1.0,0.0,0.0,0.0,/home/ekim339/projects/SD3.5/experiments/glyph_encoder_per_char/results/inputs/0047_07154.png,/home/ekim339/projects/SD3.5/experiments/glyph_encoder_per_char/results/generated/mask-0p7/char-2/0047.png
1197,47,07154.png,cashe,cmk1x,2.254365678670303,3050,0.7,2,k,100279,200089,mecmmseii,0.0,0.2222222222222222,1.4,0.0,0.0,0.0,0.0,0.0,/home/ekim339/projects/SD3.5/experiments/glyph_encoder_per_char/results/inputs/0047_07154.png,/home/ekim339/projects/SD3.5/experiments/glyph_encoder_per_char/results/generated/mask-0p7/char-3/0047.png
1198,47,07154.png,cashe,cmk1x,2.254365678670303,3050,0.7,3,1,100280,200089,somiiee,0.0,0.1428571428571429,1.2,0.0,0.0,0.0,0.0,0.0,/home/ekim339/projects/SD3.5/experiments/glyph_encoder_per_char/results/inputs/0047_07154.png,/home/ekim339/projects/SD3.5/experiments/glyph_encoder_per_char/results/generated/mask-0p7/char-4/0047.png
1199,47,07154.png,cashe,cmk1x,2.254365678670303,3050,0.7,4,x,100281,200089,conkctt,0.0,0.2857142857142857,1.0,0.0,1.0,0.0,0.0,0.0,/home/ekim339/projects/SD3.5/experiments/glyph_encoder_per_char/results/inputs/0047_07154.png,/home/ekim339/projects/SD3.5/experiments/glyph_encoder_per_char/results/generated/mask-0p7/char-5/0047.png
1200,48,40980.png,legio,gojck,9.644806018902699,3051,0.0,0,g,100282,200090,gojck,1.0,1.0,0.0,1.0,1.0,1.0,1.0,1.0,/home/ekim339/projects/SD3.5/experiments/glyph_encoder_per_char/results/inputs/0048_40980.png,/home/ekim339/projects/SD3.5/experiments/glyph_encoder_per_char/results/generated/mask-0p0/char-1/0048.png
1201,48,40980.png,legio,gojck,9.644806018902699,3051,0.0,1,o,100283,200090,gojck,1.0,1.0,0.0,1.0,1.0,1.0,1.0,1.0,/home/ekim339/projects/SD3.5/experiments/glyph_encoder_per_char/results/inputs/0048_40980.png,/home/ekim339/projects/SD3.5/experiments/glyph_encoder_per_char/results/generated/mask-0p0/char-2/0048.png
1202,48,40980.png,legio,gojck,9.644806018902699,3051,0.0,2,j,100284,200090,gojck,1.0,1.0,0.0,1.0,1.0,1.0,1.0,1.0,/home/ekim339/projects/SD3.5/experiments/glyph_encoder_per_char/results/inputs/0048_40980.png,/home/ekim339/projects/SD3.5/experiments/glyph_encoder_per_char/results/generated/mask-0p0/char-3/0048.png
1203,48,40980.png,legio,gojck,9.644806018902699,3051,0.0,3,c,100285,200090,gojck,1.0,1.0,0.0,1.0,1.0,1.0,1.0,1.0,/home/ekim339/projects/SD3.5/experiments/glyph_encoder_per_char/results/inputs/0048_40980.png,/home/ekim339/projects/SD3.5/experiments/glyph_encoder_per_char/results/generated/mask-0p0/char-4/0048.png
1204,48,40980.png,legio,gojck,9.644806018902699,3051,0.0,4,k,100286,200090,gojck,1.0,1.0,0.0,1.0,1.0,1.0,1.0,1.0,/home/ekim339/projects/SD3.5/experiments/glyph_encoder_per_char/results/inputs/0048_40980.png,/home/ekim339/projects/SD3.5/experiments/glyph_encoder_per_char/results/generated/mask-0p0/char-5/0048.png
1205,48,40980.png,legio,gojck,9.644806018902699,3051,0.1,0,g,100282,200090,gojck,1.0,1.0,0.0,1.0,1.0,1.0,1.0,1.0,/home/ekim339/projects/SD3.5/experiments/glyph_encoder_per_char/results/inputs/0048_40980.png,/home/ekim339/projects/SD3.5/experiments/glyph_encoder_per_char/results/generated/mask-0p1/char-1/0048.png
1206,48,40980.png,legio,gojck,9.644806018902699,3051,0.1,1,o,100283,200090,gojck,1.0,1.0,0.0,1.0,1.0,1.0,1.0,1.0,/home/ekim339/projects/SD3.5/experiments/glyph_encoder_per_char/results/inputs/0048_40980.png,/home/ekim339/projects/SD3.5/experiments/glyph_encoder_per_char/results/generated/mask-0p1/char-2/0048.png
1207,48,40980.png,legio,gojck,9.644806018902699,3051,0.1,2,j,100284,200090,gojck,1.0,1.0,0.0,1.0,1.0,1.0,1.0,1.0,/home/ekim339/projects/SD3.5/experiments/glyph_encoder_per_char/results/inputs/0048_40980.png,/home/ekim339/projects/SD3.5/experiments/glyph_encoder_per_char/results/generated/mask-0p1/char-3/0048.png
1208,48,40980.png,legio,gojck,9.644806018902699,3051,0.1,3,c,100285,200090,gojck,1.0,1.0,0.0,1.0,1.0,1.0,1.0,1.0,/home/ekim339/projects/SD3.5/experiments/glyph_encoder_per_char/results/inputs/0048_40980.png,/home/ekim339/projects/SD3.5/experiments/glyph_encoder_per_char/results/generated/mask-0p1/char-4/0048.png
1209,48,40980.png,legio,gojck,9.644806018902699,3051,0.1,4,k,100286,200090,gojck,1.0,1.0,0.0,1.0,1.0,1.0,1.0,1.0,/home/ekim339/projects/SD3.5/experiments/glyph_encoder_per_char/results/inputs/0048_40980.png,/home/ekim339/projects/SD3.5/experiments/glyph_encoder_per_char/results/generated/mask-0p1/char-5/0048.png
1210,48,40980.png,legio,gojck,9.644806018902699,3051,0.3,0,g,100282,200090,gojck,1.0,1.0,0.0,1.0,1.0,1.0,1.0,1.0,/home/ekim339/projects/SD3.5/experiments/glyph_encoder_per_char/results/inputs/0048_40980.png,/home/ekim339/projects/SD3.5/experiments/glyph_encoder_per_char/results/generated/mask-0p3/char-1/0048.png
1211,48,40980.png,legio,gojck,9.644806018902699,3051,0.3,1,o,100283,200090,gojck,1.0,1.0,0.0,1.0,1.0,1.0,1.0,1.0,/home/ekim339/projects/SD3.5/experiments/glyph_encoder_per_char/results/inputs/0048_40980.png,/home/ekim339/projects/SD3.5/experiments/glyph_encoder_per_char/results/generated/mask-0p3/char-2/0048.png
1212,48,40980.png,legio,gojck,9.644806018902699,3051,0.3,2,j,100284,200090,goick,0.0,0.8,0.2,0.0,1.0,1.0,1.0,1.0,/home/ekim339/projects/SD3.5/experiments/glyph_encoder_per_char/results/inputs/0048_40980.png,/home/ekim339/projects/SD3.5/experiments/glyph_encoder_per_char/results/generated/mask-0p3/char-3/0048.png
1213,48,40980.png,legio,gojck,9.644806018902699,3051,0.3,3,c,100285,200090,gojck,1.0,1.0,0.0,1.0,1.0,1.0,1.0,1.0,/home/ekim339/projects/SD3.5/experiments/glyph_encoder_per_char/results/inputs/0048_40980.png,/home/ekim339/projects/SD3.5/experiments/glyph_encoder_per_char/results/generated/mask-0p3/char-4/0048.png
1214,48,40980.png,legio,gojck,9.644806018902699,3051,0.3,4,k,100286,200090,gojck,1.0,1.0,0.0,1.0,1.0,1.0,1.0,1.0,/home/ekim339/projects/SD3.5/experiments/glyph_encoder_per_char/results/inputs/0048_40980.png,/home/ekim339/projects/SD3.5/experiments/glyph_encoder_per_char/results/generated/mask-0p3/char-5/0048.png
1215,48,40980.png,legio,gojck,9.644806018902699,3051,0.5,0,g,100282,200090,pojck,0.0,0.8,0.2,0.0,1.0,1.0,1.0,1.0,/home/ekim339/projects/SD3.5/experiments/glyph_encoder_per_char/results/inputs/0048_40980.png,/home/ekim339/projects/SD3.5/experiments/glyph_encoder_per_char/results/generated/mask-0p5/char-1/0048.png
1216,48,40980.png,legio,gojck,9.644806018902699,3051,0.5,1,o,100283,200090,gcick,0.0,0.6,0.4,0.0,1.0,0.0,1.0,1.0,/home/ekim339/projects/SD3.5/experiments/glyph_encoder_per_char/results/inputs/0048_40980.png,/home/ekim339/projects/SD3.5/experiments/glyph_encoder_per_char/results/generated/mask-0p5/char-2/0048.png
1217,48,40980.png,legio,gojck,9.644806018902699,3051,0.5,2,j,100284,200090,goock,0.0,0.8,0.2,0.0,1.0,1.0,1.0,1.0,/home/ekim339/projects/SD3.5/experiments/glyph_encoder_per_char/results/inputs/0048_40980.png,/home/ekim339/projects/SD3.5/experiments/glyph_encoder_per_char/results/generated/mask-0p5/char-3/0048.png
1218,48,40980.png,legio,gojck,9.644806018902699,3051,0.5,3,c,100285,200090,gojik,0.0,0.8,0.2,0.0,1.0,1.0,1.0,1.0,/home/ekim339/projects/SD3.5/experiments/glyph_encoder_per_char/results/inputs/0048_40980.png,/home/ekim339/projects/SD3.5/experiments/glyph_encoder_per_char/results/generated/mask-0p5/char-4/0048.png
1219,48,40980.png,legio,gojck,9.644806018902699,3051,0.5,4,k,100286,200090,gojcci,0.0,0.6666666666666667,0.4,0.0,1.0,1.0,1.0,1.0,/home/ekim339/projects/SD3.5/experiments/glyph_encoder_per_char/results/inputs/0048_40980.png,/home/ekim339/projects/SD3.5/experiments/glyph_encoder_per_char/results/generated/mask-0p5/char-5/0048.png
1220,48,40980.png,legio,gojck,9.644806018902699,3051,0.7,0,g,100282,200090,nojck,0.0,0.8,0.2,0.0,1.0,1.0,1.0,1.0,/home/ekim339/projects/SD3.5/experiments/glyph_encoder_per_char/results/inputs/0048_40980.png,/home/ekim339/projects/SD3.5/experiments/glyph_encoder_per_char/results/generated/mask-0p7/char-1/0048.png
1221,48,40980.png,legio,gojck,9.644806018902699,3051,0.7,1,o,100283,200090,gcick,0.0,0.6,0.4,0.0,1.0,0.0,1.0,1.0,/home/ekim339/projects/SD3.5/experiments/glyph_encoder_per_char/results/inputs/0048_40980.png,/home/ekim339/projects/SD3.5/experiments/glyph_encoder_per_char/results/generated/mask-0p7/char-2/0048.png
1222,48,40980.png,legio,gojck,9.644806018902699,3051,0.7,2,j,100284,200090,goock,0.0,0.8,0.2,0.0,1.0,1.0,1.0,1.0,/home/ekim339/projects/SD3.5/experiments/glyph_encoder_per_char/results/inputs/0048_40980.png,/home/ekim339/projects/SD3.5/experiments/glyph_encoder_per_char/results/generated/mask-0p7/char-3/0048.png
1223,48,40980.png,legio,gojck,9.644806018902699,3051,0.7,3,c,100285,200090,gojik,0.0,0.8,0.2,0.0,1.0,1.0,1.0,1.0,/home/ekim339/projects/SD3.5/experiments/glyph_encoder_per_char/results/inputs/0048_40980.png,/home/ekim339/projects/SD3.5/experiments/glyph_encoder_per_char/results/generated/mask-0p7/char-4/0048.png
1224,48,40980.png,legio,gojck,9.644806018902699,3051,0.7,4,k,100286,200090,gojcci,0.0,0.6666666666666667,0.4,0.0,1.0,1.0,1.0,1.0,/home/ekim339/projects/SD3.5/experiments/glyph_encoder_per_char/results/inputs/0048_40980.png,/home/ekim339/projects/SD3.5/experiments/glyph_encoder_per_char/results/generated/mask-0p7/char-5/0048.png
1225,49,23904.png,DUHAT,62w7g,2.1201717168656002,3052,0.0,0,6,100287,200091,ozwzg,0.0,0.4,0.6,0.0,0.0,1.0,0.0,1.0,/home/ekim339/projects/SD3.5/experiments/glyph_encoder_per_char/results/inputs/0049_23904.png,/home/ekim339/projects/SD3.5/experiments/glyph_encoder_per_char/results/generated/mask-0p0/char-1/0049.png
1226,49,23904.png,DUHAT,62w7g,2.1201717168656002,3052,0.0,1,2,100288,200091,ozwzg,0.0,0.4,0.6,0.0,0.0,1.0,0.0,1.0,/home/ekim339/projects/SD3.5/experiments/glyph_encoder_per_char/results/inputs/0049_23904.png,/home/ekim339/projects/SD3.5/experiments/glyph_encoder_per_char/results/generated/mask-0p0/char-2/0049.png
1227,49,23904.png,DUHAT,62w7g,2.1201717168656002,3052,0.0,2,w,100289,200091,ozwzg,0.0,0.4,0.6,1.0,0.0,0.0,0.0,1.0,/home/ekim339/projects/SD3.5/experiments/glyph_encoder_per_char/results/inputs/0049_23904.png,/home/ekim339/projects/SD3.5/experiments/glyph_encoder_per_char/results/generated/mask-0p0/char-3/0049.png
1228,49,23904.png,DUHAT,62w7g,2.1201717168656002,3052,0.0,3,7,100290,200091,ozwzg,0.0,0.4,0.6,0.0,0.0,0.0,1.0,1.0,/home/ekim339/projects/SD3.5/experiments/glyph_encoder_per_char/results/inputs/0049_23904.png,/home/ekim339/projects/SD3.5/experiments/glyph_encoder_per_char/results/generated/mask-0p0/char-4/0049.png
1229,49,23904.png,DUHAT,62w7g,2.1201717168656002,3052,0.0,4,g,100291,200091,ozwzg,0.0,0.4,0.6,1.0,0.0,0.0,1.0,0.0,/home/ekim339/projects/SD3.5/experiments/glyph_encoder_per_char/results/inputs/0049_23904.png,/home/ekim339/projects/SD3.5/experiments/glyph_encoder_per_char/results/generated/mask-0p0/char-5/0049.png
1230,49,23904.png,DUHAT,62w7g,2.1201717168656002,3052,0.1,0,6,100287,200091,azwzg,0.0,0.4,0.6,0.0,0.0,1.0,0.0,1.0,/home/ekim339/projects/SD3.5/experiments/glyph_encoder_per_char/results/inputs/0049_23904.png,/home/ekim339/projects/SD3.5/experiments/glyph_encoder_per_char/results/generated/mask-0p1/char-1/0049.png
1231,49,23904.png,DUHAT,62w7g,2.1201717168656002,3052,0.1,1,2,100288,200091,azwzg,0.0,0.4,0.6,0.0,0.0,1.0,0.0,1.0,/home/ekim339/projects/SD3.5/experiments/glyph_encoder_per_char/results/inputs/0049_23904.png,/home/ekim339/projects/SD3.5/experiments/glyph_encoder_per_char/results/generated/mask-0p1/char-2/0049.png
1232,49,23904.png,DUHAT,62w7g,2.1201717168656002,3052,0.1,2,w,100289,200091,azwzg,0.0,0.4,0.6,1.0,0.0,0.0,0.0,1.0,/home/ekim339/projects/SD3.5/experiments/glyph_encoder_per_char/results/inputs/0049_23904.png,/home/ekim339/projects/SD3.5/experiments/glyph_encoder_per_char/results/generated/mask-0p1/char-3/0049.png
1233,49,23904.png,DUHAT,62w7g,2.1201717168656002,3052,0.1,3,7,100290,200091,ozwzg,0.0,0.4,0.6,0.0,0.0,0.0,1.0,1.0,/home/ekim339/projects/SD3.5/experiments/glyph_encoder_per_char/results/inputs/0049_23904.png,/home/ekim339/projects/SD3.5/experiments/glyph_encoder_per_char/results/generated/mask-0p1/char-4/0049.png
1234,49,23904.png,DUHAT,62w7g,2.1201717168656002,3052,0.1,4,g,100291,200091,ozwzz,0.0,0.19999999999999996,0.8,0.0,0.0,0.0,1.0,0.0,/home/ekim339/projects/SD3.5/experiments/glyph_encoder_per_char/results/inputs/0049_23904.png,/home/ekim339/projects/SD3.5/experiments/glyph_encoder_per_char/results/generated/mask-0p1/char-5/0049.png
1235,49,23904.png,DUHAT,62w7g,2.1201717168656002,3052,0.3,0,6,100287,200091,zzwzg,0.0,0.4,0.6,0.0,0.0,1.0,0.0,1.0,/home/ekim339/projects/SD3.5/experiments/glyph_encoder_per_char/results/inputs/0049_23904.png,/home/ekim339/projects/SD3.5/experiments/glyph_encoder_per_char/results/generated/mask-0p3/char-1/0049.png
1236,49,23904.png,DUHAT,62w7g,2.1201717168656002,3052,0.3,1,2,100288,200091,qcwzg,0.0,0.4,0.6,0.0,0.0,1.0,0.0,1.0,/home/ekim339/projects/SD3.5/experiments/glyph_encoder_per_char/results/inputs/0049_23904.png,/home/ekim339/projects/SD3.5/experiments/glyph_encoder_per_char/results/generated/mask-0p3/char-2/0049.png
1237,49,23904.png,DUHAT,62w7g,2.1201717168656002,3052,0.3,2,w,100289,200091,ozwzg,0.0,0.4,0.6,1.0,0.0,0.0,0.0,1.0,/home/ekim339/projects/SD3.5/experiments/glyph_encoder_per_char/results/inputs/0049_23904.png,/home/ekim339/projects/SD3.5/experiments/glyph_encoder_per_char/results/generated/mask-0p3/char-3/0049.png
1238,49,23904.png,DUHAT,62w7g,2.1201717168656002,3052,0.3,3,7,100290,200091,ozwvg,0.0,0.4,0.6,0.0,0.0,0.0,1.0,1.0,/home/ekim339/projects/SD3.5/experiments/glyph_encoder_per_char/results/inputs/0049_23904.png,/home/ekim339/projects/SD3.5/experiments/glyph_encoder_per_char/results/generated/mask-0p3/char-4/0049.png
1239,49,23904.png,DUHAT,62w7g,2.1201717168656002,3052,0.3,4,g,100291,200091,uzwzz,0.0,0.19999999999999996,0.8,0.0,0.0,0.0,1.0,0.0,/home/ekim339/projects/SD3.5/experiments/glyph_encoder_per_char/results/inputs/0049_23904.png,/home/ekim339/projects/SD3.5/experiments/glyph_encoder_per_char/results/generated/mask-0p3/char-5/0049.png
1240,49,23904.png,DUHAT,62w7g,2.1201717168656002,3052,0.5,0,6,100287,200091,zzwzg,0.0,0.4,0.6,0.0,0.0,1.0,0.0,1.0,/home/ekim339/projects/SD3.5/experiments/glyph_encoder_per_char/results/inputs/0049_23904.png,/home/ekim339/projects/SD3.5/experiments/glyph_encoder_per_char/results/generated/mask-0p5/char-1/0049.png
1241,49,23904.png,DUHAT,62w7g,2.1201717168656002,3052,0.5,1,2,100288,200091,qawzg,0.0,0.4,0.6,0.0,0.0,1.0,0.0,1.0,/home/ekim339/projects/SD3.5/experiments/glyph_encoder_per_char/results/inputs/0049_23904.png,/home/ekim339/projects/SD3.5/experiments/glyph_encoder_per_char/results/generated/mask-0p5/char-2/0049.png
1242,49,23904.png,DUHAT,62w7g,2.1201717168656002,3052,0.5,2,w,100289,200091,ozzzg,0.0,0.19999999999999996,0.8,0.0,0.0,0.0,0.0,1.0,/home/ekim339/projects/SD3.5/experiments/glyph_encoder_per_char/results/inputs/0049_23904.png,/home/ekim339/projects/SD3.5/experiments/glyph_encoder_per_char/results/generated/mask-0p5/char-3/0049.png
1243,49,23904.png,DUHAT,62w7g,2.1201717168656002,3052,0.5,3,7,100290,200091,ozwug,0.0,0.4,0.6,0.0,0.0,0.0,1.0,1.0,/home/ekim339/projects/SD3.5/experiments/glyph_encoder_per_char/results/inputs/0049_23904.png,/home/ekim339/projects/SD3.5/experiments/glyph_encoder_per_char/results/generated/mask-0p5/char-4/0049.png
1244,49,23904.png,DUHAT,62w7g,2.1201717168656002,3052,0.5,4,g,100291,200091,atwi,0.0,0.19999999999999996,0.8,0.0,0.0,0.0,1.0,0.0,/home/ekim339/projects/SD3.5/experiments/glyph_encoder_per_char/results/inputs/0049_23904.png,/home/ekim339/projects/SD3.5/experiments/glyph_encoder_per_char/results/generated/mask-0p5/char-5/0049.png
1245,49,23904.png,DUHAT,62w7g,2.1201717168656002,3052,0.7,0,6,100287,200091,zzwzg,0.0,0.4,0.6,0.0,0.0,1.0,0.0,1.0,/home/ekim339/projects/SD3.5/experiments/glyph_encoder_per_char/results/inputs/0049_23904.png,/home/ekim339/projects/SD3.5/experiments/glyph_encoder_per_char/results/generated/mask-0p7/char-1/0049.png
1246,49,23904.png,DUHAT,62w7g,2.1201717168656002,3052,0.7,1,2,100288,200091,qawzg,0.0,0.4,0.6,0.0,0.0,1.0,0.0,1.0,/home/ekim339/projects/SD3.5/experiments/glyph_encoder_per_char/results/inputs/0049_23904.png,/home/ekim339/projects/SD3.5/experiments/glyph_encoder_per_char/results/generated/mask-0p7/char-2/0049.png
1247,49,23904.png,DUHAT,62w7g,2.1201717168656002,3052,0.7,2,w,100289,200091,ozzzg,0.0,0.19999999999999996,0.8,0.0,0.0,0.0,0.0,1.0,/home/ekim339/projects/SD3.5/experiments/glyph_encoder_per_char/results/inputs/0049_23904.png,/home/ekim339/projects/SD3.5/experiments/glyph_encoder_per_char/results/generated/mask-0p7/char-3/0049.png
1248,49,23904.png,DUHAT,62w7g,2.1201717168656002,3052,0.7,3,7,100290,200091,czwvg,0.0,0.4,0.6,0.0,0.0,0.0,1.0,1.0,/home/ekim339/projects/SD3.5/experiments/glyph_encoder_per_char/results/inputs/0049_23904.png,/home/ekim339/projects/SD3.5/experiments/glyph_encoder_per_char/results/generated/mask-0p7/char-4/0049.png
1249,49,23904.png,DUHAT,62w7g,2.1201717168656002,3052,0.7,4,g,100291,200091,utwz,0.0,0.19999999999999996,0.8,0.0,0.0,0.0,1.0,0.0,/home/ekim339/projects/SD3.5/experiments/glyph_encoder_per_char/results/inputs/0049_23904.png,/home/ekim339/projects/SD3.5/experiments/glyph_encoder_per_char/results/generated/mask-0p7/char-5/0049.png
